Date,ARKK,IJR,QUAL,SPHB,SPHQ,SPLV,SPY,SPYG,SPYV
2000-01-03,,,,,,,91.13276672363281,,
2000-01-04,,,,,,,87.56888580322266,,
2000-01-05,,,,,,,87.72551727294922,,
2000-01-06,,,,,,,86.315673828125,,
2000-01-07,,,,,,,91.32861328125,,
2000-01-10,,,,,,,91.641845703125,,
2000-01-11,,,,,,,90.54529571533203,,
2000-01-12,,,,,,,89.64453125,,
2000-01-13,,,,,,,90.85855865478516,,
2000-01-14,,,,,,,92.09223937988281,,
2000-01-18,,,,,,,91.36775207519531,,
2000-01-19,,,,,,,92.11184692382812,,
2000-01-20,,,,,,,90.70195770263672,,
2000-01-21,,,,,,,90.50613403320312,,
2000-01-24,,,,,,,87.94094848632812,,
2000-01-25,,,,,,,88.93961334228516,,
2000-01-26,,,,,,,88.23467254638672,,
2000-01-27,,,,,,,87.88220977783203,,
2000-01-28,,,,,,,85.14079284667969,,
2000-01-31,,,,,,,87.45143127441406,,
2000-02-01,,,,,,,88.31295776367188,,
2000-02-02,,,,,,,88.39131164550781,,
2000-02-03,,,,,,,89.7228775024414,,
2000-02-04,,,,,,,89.35081481933594,,
2000-02-07,,,,,,,89.21378326416016,,
2000-02-08,,,,,,,90.42778778076172,,
2000-02-09,,,,,,,88.52842712402344,,
2000-02-10,,,,,,,88.70462036132812,,
2000-02-11,,,,,,,86.90312194824219,,
2000-02-14,,,,,,,87.41224670410156,,
2000-02-15,,,,,,,88.40110778808594,,
2000-02-16,,,,,,,87.09895324707031,,
2000-02-17,,,,,,,86.64855194091797,,
2000-02-18,,,,,,,84.78832244873047,,
2000-02-22,,,,,,,84.57292175292969,,
2000-02-23,,,,,,,85.57157897949219,,
2000-02-24,,,,,,,83.84840393066406,,
2000-02-25,,,,,,,83.5448989868164,,
2000-02-28,,,,,,,85.29745483398438,,
2000-02-29,,,,,,,86.11983489990234,,
2000-03-01,,,,,,,86.74649810791016,,
2000-03-02,,,,,,,86.80521392822266,,
2000-03-03,,,,,,,88.4304428100586,,
2000-03-06,,,,,,,87.56888580322266,,
2000-03-07,,,,,,,85.8750228881836,,
2000-03-08,,,,,,,85.76741790771484,,
2000-03-09,,,,,,,88.27384185791016,,
2000-03-10,,,,,,,87.80388641357422,,
2000-03-13,,,,,,,86.84439849853516,,
2000-03-14,,,,,,,85.61075592041016,,
2000-03-15,,,,,,,87.60806274414062,,
2000-03-16,,,,,,,91.70062255859375,,
2000-03-17,,,,,,,92.3066635131836,,
2000-03-20,,,,,,,91.83551025390625,,
2000-03-21,,,,,,,93.72013092041016,,
2000-03-22,,,,,,,94.28942108154297,,
2000-03-23,,,,,,,95.89920043945312,,
2000-03-24,,,,,,,96.46846771240234,,
2000-03-27,,,,,,,95.4476547241211,,
2000-03-28,,,,,,,94.89802551269531,,
2000-03-29,,,,,,,94.9961929321289,,
2000-03-30,,,,,,,93.40604400634766,,
2000-03-31,,,,,,,94.46614837646484,,
2000-04-03,,,,,,,95.01581573486328,,
2000-04-04,,,,,,,94.30907440185547,,
2000-04-05,,,,,,,93.72013092041016,,
2000-04-06,,,,,,,94.53485107421875,,
2000-04-07,,,,,,,95.13359069824219,,
2000-04-10,,,,,,,94.76058197021484,,
2000-04-11,,,,,,,94.48578643798828,,
2000-04-12,,,,,,,91.89441680908203,,
2000-04-13,,,,,,,90.6183853149414,,
2000-04-14,,,,,,,85.43567657470703,,
2000-04-17,,,,,,,88.419677734375,,
2000-04-18,,,,,,,90.75579071044922,,
2000-04-19,,,,,,,89.91166687011719,,
2000-04-20,,,,,,,90.34358978271484,,
2000-04-24,,,,,,,89.36194610595703,,
2000-04-25,,,,,,,93.07230377197266,,
2000-04-26,,,,,,,92.02200317382812,,
2000-04-27,,,,,,,91.7177505493164,,
2000-04-28,,,,,,,91.14846801757812,,
2000-05-01,,,,,,,92.38518524169922,,
2000-05-02,,,,,,,90.53987884521484,,
2000-05-03,,,,,,,88.419677734375,,
2000-05-04,,,,,,,89.08710479736328,,
2000-05-05,,,,,,,90.16686248779297,,
2000-05-08,,,,,,,89.48957061767578,,
2000-05-09,,,,,,,88.77301788330078,,
2000-05-10,,,,,,,86.77066040039062,,
2000-05-11,,,,,,,88.75338745117188,,
2000-05-12,,,,,,,89.71534729003906,,
2000-05-15,,,,,,,91.26618194580078,,
2000-05-16,,,,,,,92.14964294433594,,
2000-05-17,,,,,,,91.18769073486328,,
2000-05-18,,,,,,,90.06868743896484,,
2000-05-19,,,,,,,88.65521240234375,,
2000-05-22,,,,,,,87.9877700805664,,
2000-05-23,,,,,,,86.69210815429688,,
2000-05-24,,,,,,,88.10557556152344,,
2000-05-25,,,,,,,86.59394073486328,,
2000-05-26,,11.550358772277832,,,,,86.69210815429688,,
2000-05-30,,11.780462265014648,,,,,89.51904296875,,
2000-05-31,,12.01055908203125,,,,,89.71534729003906,,
2000-06-01,,12.28969955444336,,,,,91.28582763671875,,
2000-06-02,,12.64051342010498,,,,,92.87598419189453,,
2000-06-05,,12.683893203735352,,,,,92.4244384765625,,
2000-06-06,,12.566954612731934,,,,,92.01219177246094,,
2000-06-07,,12.565068244934082,,,,,92.65019989013672,,
2000-06-08,,12.561294555664062,,,,,92.28699493408203,,
2000-06-09,,12.629199981689453,,,,,92.09073638916016,,
2000-06-12,,12.516033172607422,,,,,91.01100158691406,,
2000-06-13,,12.508482933044434,,,,,92.71895599365234,,
2000-06-14,,12.615996360778809,,,,,92.87598419189453,,
2000-06-15,,12.553752899169922,,,,,93.07230377197266,,
2000-06-16,,12.523573875427246,,,,,92.30756378173828,,
2000-06-19,,12.682008743286133,,,,,93.48820495605469,,
2000-06-20,,12.685783386230469,,,,,93.15367889404297,,
2000-06-21,,12.694746971130371,,,,,93.11430358886719,,
2000-06-22,,12.630594253540039,,,,,91.6975326538086,,
2000-06-23,,12.4268159866333,,,,,90.91045379638672,,
2000-06-26,,12.413602828979492,,,,,92.08124542236328,,
2000-06-27,,12.521154403686523,,,,,91.40240478515625,,
2000-06-28,,12.868337631225586,,,,,91.65815734863281,,
2000-06-29,,12.74002742767334,,,,,90.79237365722656,,
2000-06-30,,12.717390060424805,,,,,91.48107147216797,,
2000-07-03,,12.847575187683105,,,,,92.74046325683594,,
2000-07-05,,12.7777681350708,,,,,91.06782531738281,,
2000-07-06,,12.838142395019531,,,,,91.77627563476562,,
2000-07-07,,13.024941444396973,,,,,93.25210571289062,,
2000-07-10,,13.121177673339844,,,,,93.09465789794922,,
2000-07-11,,13.102300643920898,,,,,93.29144287109375,,
2000-07-12,,13.255143165588379,,,,,93.90145111083984,,
2000-07-13,,13.274004936218262,,,,,94.31468200683594,,
2000-07-14,,13.275898933410645,,,,,95.23951721191406,,
2000-07-17,,13.362695693969727,,,,,95.08212280273438,,
2000-07-18,,13.2608003616333,,,,,94.30484008789062,,
2000-07-19,,12.987207412719727,,,,,93.54727935791016,,
2000-07-20,,13.041921615600586,,,,,94.845947265625,,
2000-07-21,,12.800408363342285,,,,,92.99626922607422,,
2000-07-24,,12.664558410644531,,,,,92.46498107910156,,
2000-07-25,,12.679648399353027,,,,,92.7601547241211,,
2000-07-26,,12.598517417907715,,,,,91.85498046875,,
2000-07-27,,12.496626853942871,,,,,91.5401382446289,,
2000-07-28,,12.190953254699707,,,,,89.47393035888672,,
2000-07-31,,12.358885765075684,,,,,90.04461669921875,,
2000-08-01,,12.38907241821289,,,,,90.59561157226562,,
2000-08-02,,12.513605117797852,,,,,91.04817199707031,,
2000-08-03,,12.423035621643066,,,,,91.67786407470703,,
2000-08-04,,12.472095489501953,,,,,92.16983795166016,,
2000-08-07,,12.651348114013672,,,,,93.27173614501953,,
2000-08-08,,12.653240203857422,,,,,93.62596130371094,,
2000-08-09,,12.61738395690918,,,,,92.83882141113281,,
2000-08-10,,12.611727714538574,,,,,92.38623046875,,
2000-08-11,,12.679648399353027,,,,,92.81914520263672,,
2000-08-14,,12.849466323852539,,,,,93.99981689453125,,
2000-08-15,,12.76833724975586,,,,,93.92112731933594,,
2000-08-16,,12.800408363342285,,,,,93.58660888671875,,
2000-08-17,,12.807957649230957,,,,,94.57047271728516,,
2000-08-18,,12.947583198547363,,,,,94.25565338134766,,
2000-08-21,,12.9513578414917,,,,,94.7672348022461,,
2000-08-22,,12.983430862426758,,,,,94.60982513427734,,
2000-08-23,,13.002304077148438,,,,,94.98368835449219,,
2000-08-24,,13.117405891418457,,,,,95.27883911132812,,
2000-08-25,,13.223066329956055,,,,,95.23951721191406,,
2000-08-28,,13.202315330505371,,,,,95.56416320800781,,
2000-08-29,,13.328730583190918,,,,,95.58390808105469,,
2000-08-30,,13.366460800170898,,,,,94.66883087158203,,
2000-08-31,,13.509857177734375,,,,,95.9281997680664,,
2000-09-01,,13.558932304382324,,,,,96.026611328125,,
2000-09-05,,13.443827629089355,,,,,95.25918579101562,,
2000-09-06,,13.400423049926758,,,,,94.17694091796875,,
2000-09-07,,13.619303703308105,,,,,94.98368835449219,,
2000-09-08,,13.479676246643066,,,,,94.3343505859375,,
2000-09-11,,13.389105796813965,,,,,94.19660186767578,,
2000-09-12,,13.438167572021484,,,,,93.50785064697266,,
2000-09-13,,13.377784729003906,,,,,93.75381469726562,,
2000-09-14,,13.553262710571289,,,,,94.22611999511719,,
2000-09-15,,13.407978057861328,,,,,92.16465759277344,,
2000-09-18,,13.09476375579834,,,,,91.31636047363281,,
2000-09-19,,13.130610466003418,,,,,92.14491271972656,,
2000-09-20,,13.157869338989258,,,,,91.4643325805664,,
2000-09-21,,12.93505573272705,,,,,90.07360076904297,,
2000-09-22,,13.09744930267334,,,,,91.71088409423828,,
2000-09-25,,12.978479385375977,,,,,91.05994415283203,,
2000-09-26,,12.878411293029785,,,,,89.89602661132812,,
2000-09-27,,12.855746269226074,,,,,90.36949157714844,,
2000-09-28,,13.23340892791748,,,,,91.53333282470703,,
2000-09-29,,13.129549980163574,,,,,90.66537475585938,,
2000-10-02,,12.99170207977295,,,,,90.8034896850586,18.30473518371582,8.80405330657959
2000-10-03,,12.78021240234375,,,,,89.95521545410156,18.091068267822266,8.854022979736328
2000-10-04,,12.904836654663086,,,,,90.70480346679688,18.091068267822266,8.87275505065918
2000-10-05,,12.800983428955078,,,,,91.02045440673828,17.87739372253418,8.87275505065918
2000-10-06,,12.495070457458496,,,,,89.04776763916016,17.87739372253418,8.759294509887695
2000-10-09,,12.478076934814453,,,,,88.37702941894531,17.87739372253418,8.727028846740723
2000-10-10,,12.3213472366333,,,,,86.91725158691406,17.87739372253418,8.727028846740723
2000-10-11,,12.236370086669922,,,,,86.18734741210938,17.87739372253418,8.539664268493652
2000-10-12,,12.021101951599121,,,,,84.03710174560547,16.108642578125,8.539664268493652
2000-10-13,,12.39121150970459,,,,,86.83830261230469,16.108642578125,8.51884651184082
2000-10-16,,12.474295616149902,,,,,87.23285675048828,16.90398597717285,8.496991157531738
2000-10-17,,12.202380180358887,,,,,85.06291961669922,16.90398597717285,8.496991157531738
2000-10-18,,12.066421508789062,,,,,84.747314453125,16.90398597717285,8.496991157531738
2000-10-19,,12.483749389648438,,,,,87.94307708740234,16.90398597717285,8.496991157531738
2000-10-20,,12.651803016662598,,,,,88.31787872314453,16.90398597717285,8.496991157531738
2000-10-23,,12.742453575134277,,,,,88.71240997314453,16.90398597717285,8.592748641967773
2000-10-24,,12.75377368927002,,,,,88.12062072753906,16.90398597717285,8.592748641967773
2000-10-25,,12.383665084838867,,,,,86.04927062988281,16.70218276977539,8.592748641967773
2000-10-26,,12.549832344055176,,,,,86.28598022460938,16.26296615600586,8.642712593078613
2000-10-27,,12.5630521774292,,,,,87.92333984375,16.26296615600586,8.642712593078613
2000-10-30,,12.629151344299316,,,,,88.71240997314453,16.26296615600586,8.642712593078613
2000-10-31,,13.199419021606445,,,,,90.24124145507812,16.26296615600586,8.642712593078613
2000-11-01,,13.067235946655273,,,,,89.93547058105469,16.26296615600586,8.642712593078613
2000-11-02,,13.299503326416016,,,,,90.08343505859375,16.26296615600586,8.642712593078613
2000-11-03,,13.35426139831543,,,,,90.13275909423828,16.26296615600586,8.931048393249512
2000-11-06,,13.23340892791748,,,,,90.7640380859375,16.26296615600586,8.981012344360352
2000-11-07,,13.303274154663086,,,,,90.74425506591797,16.26296615600586,9.008074760437012
2000-11-08,,13.027582168579102,,,,,88.73214721679688,16.26296615600586,9.008074760437012
2000-11-09,,12.980374336242676,,,,,88.39677429199219,16.34606170654297,9.032017707824707
2000-11-10,,12.689570426940918,,,,,86.24656677246094,16.34606170654297,9.032017707824707
2000-11-13,,12.629151344299316,,,,,85.5758056640625,15.099626541137695,8.897736549377441
2000-11-14,,12.891624450683594,,,,,87.82470703125,15.906846046447754,8.926885604858398
2000-11-15,,13.048347473144531,,,,,88.10086059570312,16.44102668762207,8.879005432128906
2000-11-16,,12.772649765014648,,,,,86.71998596191406,16.29857635498047,8.879005432128906
2000-11-17,,12.874626159667969,,,,,86.25643920898438,16.29857635498047,8.78323745727539
2000-11-20,,12.546053886413574,,,,,85.02346801757812,15.277684211730957,8.78323745727539
2000-11-21,,12.432757377624512,,,,,85.45744323730469,15.277684211730957,8.743681907653809
2000-11-22,,12.264693260192871,,,,,83.41571807861328,15.15898609161377,8.743681907653809
2000-11-24,,12.561164855957031,,,,,85.12210083007812,15.15898609161377,8.743681907653809
2000-11-27,,12.634804725646973,,,,,85.8717269897461,15.621940612792969,8.743681907653809
2000-11-28,,12.200493812561035,,,,,84.39220428466797,15.075889587402344,8.829034805297852
2000-11-29,,12.047536849975586,,,,,84.23436737060547,15.075889587402344,8.897736549377441
2000-11-30,,11.873810768127441,,,,,83.50447845458984,14.624804496765137,8.77699089050293
2000-12-01,,12.175945281982422,,,,,83.46501159667969,14.506092071533203,8.781153678894043
2000-12-04,,12.136283874511719,,,,,84.17522430419922,14.74350357055664,8.87275505065918
2000-12-05,,12.608375549316406,,,,,86.9369888305664,15.515108108520508,8.968520164489746
2000-12-06,,12.421424865722656,,,,,85.54625701904297,15.515108108520508,8.968520164489746
2000-12-07,,12.445976257324219,,,,,84.37246704101562,15.170851707458496,8.928970336914062
2000-12-08,,12.629151344299316,,,,,84.56976318359375,15.170851707458496,8.968520164489746
2000-12-11,,13.123884201049805,,,,,87.50910186767578,15.93057918548584,9.014321327209473
2000-12-12,,12.946382522583008,,,,,87.13423156738281,15.859354019165039,8.999748229980469
2000-12-13,,12.735946655273438,,,,,85.9407958984375,15.420136451721191,9.064289093017578
2000-12-14,,12.541122436523438,,,,,84.84591674804688,15.277684211730957,8.981012344360352
2000-12-15,,12.50101375579834,,,,,82.9295425415039,14.48667049407959,8.86469841003418
2000-12-18,,12.632801055908203,,,,,84.03762817382812,14.462924003601074,8.966103553771973
2000-12-19,,12.48000431060791,,,,,82.32601928710938,14.094818115234375,8.983869552612305
2000-12-20,,12.134291648864746,,,,,79.94160461425781,13.311119079589844,8.835428237915039
2000-12-21,,12.21642780303955,,,,,80.49565887451172,13.512970924377441,8.820794105529785
2000-12-22,,12.636631965637207,,,,,82.90972900390625,13.655467987060547,8.856335639953613
2000-12-26,,12.8085298538208,,,,,83.80017852783203,13.726716995239258,8.856335639953613
2000-12-27,,13.033905982971191,,,,,84.41364288330078,14.071073532104492,9.1260404586792
2000-12-28,,13.564891815185547,,,,,84.67086029052734,13.987948417663574,9.17831039428711
2000-12-29,,13.213445663452148,,,,,83.06804656982422,13.89295768737793,9.135444641113281
2001-01-02,,12.753135681152344,,,,,81.56417083740234,12.848020553588867,9.057045936584473
2001-01-03,,13.23254680633545,,,,,85.48211669921875,14.451050758361816,9.151127815246582
2001-01-04,,13.064462661743164,,,,,84.56204223632812,14.48667049407959,9.027775764465332
2001-01-05,,12.739766120910645,,,,,81.80162811279297,14.011693000793457,8.952507019042969
2001-01-08,,12.777963638305664,,,,,82.43482971191406,13.311119079589844,8.927420616149902
2001-01-09,,12.743584632873535,,,,,82.21720123291016,13.619845390319824,8.948328971862793
2001-01-10,,13.098844528198242,,,,,83.66168975830078,13.904823303222656,8.929515838623047
2001-01-11,,13.2898530960083,,,,,83.7408447265625,14.546038627624512,8.965058326721191
2001-01-12,,13.36242961883545,,,,,83.58248901367188,14.367923736572266,8.85842514038086
2001-01-16,,13.46174430847168,,,,,84.11678314208984,14.261059761047363,8.85842514038086
2001-01-17,,13.530508041381836,,,,,84.50260925292969,14.641036033630371,8.902331352233887
2001-01-18,,13.545791625976562,,,,,85.34358978271484,15.092264175415039,8.939967155456543
2001-01-19,,13.339509010314941,,,,,84.85881042480469,15.258500099182129,8.939967155456543
2001-01-22,,13.450295448303223,,,,,85.42276763916016,15.258500099182129,8.866788864135742
2001-01-23,,13.706230163574219,,,,,86.09555053710938,15.210999488830566,8.866788864135742
2001-01-24,,13.706230163574219,,,,,86.35273742675781,15.246628761291504,8.866788864135742
2001-01-25,,13.660394668579102,,,,,86.1351089477539,15.19913101196289,8.973419189453125
2001-01-26,,13.679492950439453,,,,,86.03619384765625,14.783529281616211,8.990142822265625
2001-01-29,,13.87798023223877,,,,,86.49526977539062,15.04523754119873,9.00854206085205
2001-01-30,,13.910987854003906,,,,,87.25508117675781,15.14022445678711,9.023927688598633
2001-01-31,,13.841310501098633,,,,,86.76118469238281,14.876147270202637,9.064736366271973
2001-02-01,,13.92565631866455,,,,,87.33740234375,14.845746994018555,9.072097778320312
2001-02-02,,13.739843368530273,,,,,85.3554916381836,14.845746994018555,9.072097778320312
2001-02-05,,13.78874683380127,,,,,85.98235321044922,14.220685005187988,9.072097778320312
2001-02-06,,13.928094863891602,,,,,85.72907257080078,14.543668746948242,9.137662887573242
2001-02-07,,14.001443862915039,,,,,85.28584289550781,14.247283935546875,9.13900089263916
2001-02-08,,13.794855117797852,,,,,84.29171752929688,13.916703224182129,9.13900089263916
2001-02-09,,13.690947532653809,,,,,83.481201171875,13.411322593688965,9.075445175170898
2001-02-12,,14.025885581970215,,,,,84.43736267089844,13.512024879455566,9.075445175170898
2001-02-13,,13.891420364379883,,,,,83.74713897705078,13.489228248596191,9.128963470458984
2001-02-14,,14.04422378540039,,,,,83.62052154541016,13.352436065673828,9.128963470458984
2001-02-15,,14.057670593261719,,,,,84.43098449707031,13.848302841186523,8.981781005859375
2001-02-16,,13.782639503479004,,,,,82.56938934326172,13.390435218811035,8.971742630004883
2001-02-20,,13.580937385559082,,,,,81.29667663574219,13.109245300292969,8.90283489227295
2001-02-21,,13.352343559265137,,,,,79.54267120361328,12.89075756072998,8.837936401367188
2001-02-22,,13.184871673583984,,,,,79.66299438476562,12.89075756072998,8.740925788879395
2001-02-23,,13.21054458618164,,,,,79.12480163574219,12.016813278198242,8.706137657165527
2001-02-26,,13.507591247558594,,,,,80.80912780761719,12.016813278198242,8.847973823547363
2001-02-27,,13.194648742675781,,,,,80.06193542480469,12.368291854858398,8.85934829711914
2001-02-28,,13.018630027770996,,,,,78.48526000976562,12.368291854858398,8.805154800415039
2001-03-01,,13.080965042114258,,,,,78.89684295654297,11.712830543518066,8.740925788879395
2001-03-02,,13.143316268920898,,,,,78.26996612548828,12.144103050231934,8.740925788879395
2001-03-05,,13.146978378295898,,,,,78.98548889160156,12.051011085510254,8.740925788879395
2001-03-06,,13.299777030944824,,,,,79.8339614868164,12.415792465209961,8.740925788879395
2001-03-07,,13.379237174987793,,,,,80.40386962890625,12.254295349121094,8.78575325012207
2001-03-08,,13.305886268615723,,,,,80.49252319335938,12.254295349121094,8.858009338378906
2001-03-09,,13.058966636657715,,,,,78.11165618896484,12.254295349121094,8.811178207397461
2001-03-12,,12.695501327514648,,,,,74.76837921142578,10.831275939941406,8.704132080078125
2001-03-13,,12.82767391204834,,,,,75.99676513671875,10.831275939941406,8.495394706726074
2001-03-14,,12.513165473937988,,,,,74.49613189697266,10.831275939941406,8.495394706726074
2001-03-15,,12.472774505615234,,,,,74.51509857177734,11.182758331298828,8.495394706726074
2001-03-16,,12.187636375427246,,,,,73.02053833007812,10.753896713256836,8.495054244995117
2001-03-19,,12.500924110412598,,,,,74.50619506835938,10.725382804870605,8.266514778137207
2001-03-20,,12.262288093566895,,,,,72.50626373291016,11.208233833312988,8.247692108154297
2001-03-21,,12.072599411010742,,,,,71.2745132446289,11.208233833312988,8.13341999053955
2001-03-22,,11.931867599487305,,,,,70.55072784423828,10.617025375366211,7.8074116706848145
2001-03-23,,12.280643463134766,,,,,72.68405151367188,10.883161544799805,7.8074116706848145
2001-03-26,,12.378549575805664,,,,,73.61102294921875,10.900269508361816,8.195258140563965
2001-03-27,,12.56822681427002,,,,,75.11570739746094,11.158809661865234,8.264496803283691
2001-03-28,,12.219452857971191,,,,,73.03956604003906,10.696866989135742,8.308189392089844
2001-03-29,,12.133787155151367,,,,,73.31893157958984,10.643638610839844,8.301468849182129
2001-03-30,,12.421381950378418,,,,,74.08715057373047,10.622723579406738,8.434557914733887
2001-04-02,,12.072599411010742,,,,,72.50626373291016,10.299558639526367,8.459427833557129
2001-04-03,,11.690777778625488,,,,,70.0872573852539,10.299558639526367,8.306839942932129
2001-04-04,,11.685887336730957,,,,,70.37930297851562,9.54106616973877,8.160309791564941
2001-04-05,,12.285539627075195,,,,,73.04591369628906,10.314769744873047,8.348518371582031
2001-04-06,,11.964905738830566,,,,,71.934814453125,10.314769744873047,8.257773399353027
2001-04-09,,12.219452857971191,,,,,72.73480987548828,10.314769744873047,8.351876258850098
2001-04-10,,12.503372192382812,,,,,74.061767578125,10.660746574401855,8.536730766296387
2001-04-11,,12.396895408630371,,,,,74.11253356933594,10.947798728942871,8.536730766296387
2001-04-12,,12.574344635009766,,,,,75.45854949951172,10.759599685668945,8.412382125854492
2001-04-16,,12.340609550476074,,,,,74.66493225097656,10.98771858215332,8.412382125854492
2001-04-17,,12.60494613647461,,,,,75.7188491821289,10.963006973266602,8.52328872680664
2001-04-18,,12.879074096679688,,,,,78.72834777832031,11.852666854858398,8.80560302734375
2001-04-19,,13.033265113830566,,,,,79.77587890625,12.303204536437988,8.788800239562988
2001-04-20,,12.825224876403809,,,,,79.04576110839844,12.345026969909668,8.708137512207031
2001-04-23,,12.690606117248535,,,,,77.61090850830078,11.890690803527832,8.681249618530273
2001-04-24,,12.689385414123535,,,,,77.1918716430664,11.890690803527832,8.620753288269043
2001-04-25,,13.02103328704834,,,,,78.20136260986328,11.776627540588379,8.707466125488281
2001-04-26,,13.19725227355957,,,,,78.550537109375,11.776627540588379,8.80157470703125
2001-04-27,,13.379592895507812,,,,,79.85846710205078,11.865974426269531,8.80157470703125
2001-04-30,,13.396730422973633,,,,,80.41716003417969,12.120713233947754,8.842575073242188
2001-05-01,,13.52032470703125,,,,,80.66478729248047,12.120713233947754,8.87618350982666
2001-05-02,,13.484845161437988,,,,,80.51875305175781,12.375439643859863,8.909791946411133
2001-05-03,,13.330649375915527,,,,,79.4965591430664,12.059873580932617,8.798884391784668
2001-05-04,,13.49708366394043,,,,,80.84891510009766,12.130216598510742,8.798884391784668
2001-05-07,,13.394286155700684,,,,,80.15050506591797,12.464786529541016,8.95751667022705
2001-05-08,,13.509313583374023,,,,,80.11239624023438,12.394451141357422,8.892987251281738
2001-05-09,,13.455473899841309,,,,,79.77587890625,12.26137924194336,8.852660179138184
2001-05-10,,13.486064910888672,,,,,80.0108642578125,12.324111938476562,8.909791946411133
2001-05-11,,13.390617370605469,,,,,79.45843505859375,12.088391304016113,8.798884391784668
2001-05-14,,13.419976234436035,,,,,79.61719512939453,11.938214302062988,8.798884391784668
2001-05-15,,13.547257423400879,,,,,79.98541259765625,12.137812614440918,8.896349906921387
2001-05-16,,13.798130989074707,,,,,81.87109375,12.426767349243164,9.13161563873291
2001-05-17,,13.962114334106445,,,,,81.998046875,12.6605863571167,9.1148042678833
2001-05-18,,14.041656494140625,,,,,82.37271118164062,12.50281047821045,9.08052921295166
2001-05-21,,14.302327156066895,,,,,83.5853271484375,12.896309852600098,9.161863327026367
2001-05-22,,14.416141510009766,,,,,83.4774169921875,12.993269920349121,9.148417472839355
2001-05-23,,14.029424667358398,,,,,82.06158447265625,12.763243675231934,9.084559440612793
2001-05-24,,14.039217948913574,,,,,82.30284881591797,12.729029655456543,9.064399719238281
2001-05-25,,14.012289047241211,,,,,81.3314208984375,12.447675704956055,9.064399719238281
2001-05-29,,13.822599411010742,,,,,80.68380737304688,12.09599781036377,9.047591209411621
2001-05-30,,13.574179649353027,,,,,79.5537109375,11.791834831237793,9.007259368896484
2001-05-31,,13.669628143310547,,,,,79.96639251708984,11.947713851928711,8.993819236755371
2001-06-01,,13.765082359313965,,,,,80.46163177490234,11.9039945602417,8.993819236755371
2001-06-04,,13.935194969177246,,,,,80.84891510009766,11.947713851928711,9.08120059967041
2001-06-05,,14.153022766113281,,,,,81.77591705322266,12.20054817199707,9.08120059967041
2001-06-06,,14.004950523376465,,,,,81.09649658203125,12.280389785766602,9.082542419433594
2001-06-07,,14.127326965332031,,,,,81.3885498046875,12.314611434936523,9.082542419433594
2001-06-08,,14.008623123168945,,,,,80.633056640625,12.314611434936523,8.993819236755371
2001-06-11,,13.933652877807617,,,,,80.0616455078125,11.936311721801758,8.966927528381348
2001-06-12,,13.925073623657227,,,,,79.92194366455078,12.056070327758789,8.966927528381348
2001-06-13,,13.85893440246582,,,,,79.23625183105469,11.79944133758545,8.936680793762207
2001-06-14,,13.5625,,,,,77.45851135253906,11.56181526184082,8.787457466125488
2001-06-15,,13.492670059204102,,,,,77.58330535888672,11.330079078674316,8.801830291748047
2001-06-18,,13.382431983947754,,,,,77.20761108398438,11.189407348632812,8.789682388305664
2001-06-19,,13.34568977355957,,,,,77.54511260986328,11.216021537780762,8.843673706054688
2001-06-20,,13.46204948425293,,,,,77.9526138305664,11.216021537780762,8.850420951843262
2001-06-21,,13.557600975036621,,,,,78.83763885498047,11.700780868530273,8.850420951843262
2001-06-22,,13.2979097366333,,,,,78.22004699707031,11.615234375,8.853791236877441
2001-06-25,,13.278313636779785,,,,,77.50054931640625,11.468859672546387,8.772811889648438
2001-06-26,,13.400814056396484,,,,,77.39229583740234,11.389016151428223,8.772811889648438
2001-06-27,,13.575970649719238,,,,,77.34773254394531,11.406124114990234,8.722201347351074
2001-06-28,,13.78054428100586,,,,,77.77433776855469,11.64184856414795,8.820050239562988
2001-06-29,,13.965498924255371,,,,,78.0608139038086,11.771120071411133,8.7390718460083
2001-07-02,,13.903027534484863,,,,,79.03501892089844,11.738802909851074,8.843673706054688
2001-07-03,,13.841781616210938,,,,,79.0158920288086,11.615234375,8.843673706054688
2001-07-05,,13.736446380615234,,,,,77.47504425048828,11.41943073272705,8.79305648803711
2001-07-06,,13.496355056762695,,,,,75.80052947998047,11.039230346679688,8.79305648803711
2001-07-09,,13.5122709274292,,,,,76.21439361572266,11.105758666992188,8.79305648803711
2001-07-10,,13.332220077514648,,,,,75.29750061035156,11.063939094543457,8.79305648803711
2001-07-11,,13.394683837890625,,,,,75.3739013671875,10.685633659362793,8.79305648803711
2001-07-12,,13.730319023132324,,,,,77.1630630493164,11.263545036315918,8.708703994750977
2001-07-13,,13.805041313171387,,,,,77.83161163330078,11.187504768371582,8.74244499206543
2001-07-16,,13.655593872070312,,,,,76.85743713378906,11.244538307189941,8.759316444396973
2001-07-17,,13.8283109664917,,,,,77.57691955566406,11.022117614746094,8.732321739196777
2001-07-18,,13.688668251037598,,,,,77.04847717285156,10.961284637451172,8.732321739196777
2001-07-19,,13.811163902282715,,,,,77.72338104248047,11.126677513122559,8.732321739196777
2001-07-20,,13.840559959411621,,,,,77.25856018066406,11.100056648254395,8.806549072265625
2001-07-23,,13.700918197631836,,,,,75.73686218261719,11.006912231445312,8.806549072265625
2001-07-24,,13.492670059204102,,,,,75.0046157836914,11.006912231445312,8.806549072265625
2001-07-25,,13.535555839538574,,,,,75.83233642578125,10.860532760620117,8.806549072265625
2001-07-26,,13.811163902282715,,,,,76.62821197509766,10.803503036499023,8.654716491699219
2001-07-27,,13.867504119873047,,,,,76.9211196899414,10.803503036499023,8.654716491699219
2001-07-30,,13.884658813476562,,,,,76.94660949707031,11.079144477844238,8.772811889648438
2001-07-31,,13.872400283813477,,,,,77.2649154663086,11.111466407775879,8.772811889648438
2001-08-01,,13.931203842163086,,,,,77.74886322021484,11.195111274719238,8.772811889648438
2001-08-02,,13.950809478759766,,,,,78.06719207763672,11.212215423583984,8.867287635803223
2001-08-03,,13.922630310058594,,,,,77.640625,11.143781661987305,8.867287635803223
2001-08-06,,13.713166236877441,,,,,76.59640502929688,11.075345993041992,8.867287635803223
2001-08-07,,13.715618133544922,,,,,76.89564514160156,11.075345993041992,8.867287635803223
2001-08-08,,13.5122709274292,,,,,75.46944427490234,11.075345993041992,8.774164199829102
2001-08-09,,13.566176414489746,,,,,75.6922378540039,11.075345993041992,8.774164199829102
2001-08-10,,13.604146003723145,,,,,75.95333099365234,10.689437866210938,8.762688636779785
2001-08-13,,13.700918197631836,,,,,75.972412109375,10.816805839538574,8.728946685791016
2001-08-14,,13.78543758392334,,,,,75.94059753417969,10.757877349853516,8.728946685791016
2001-08-15,,13.817286491394043,,,,,75.28474426269531,10.518341064453125,8.79305648803711
2001-08-16,,13.931203842163086,,,,,75.54581451416016,10.518341064453125,8.715447425842285
2001-08-17,,13.795234680175781,,,,,74.33606719970703,10.269312858581543,8.602081298828125
2001-08-20,,13.84791088104248,,,,,75.02371215820312,10.343453407287598,8.602081298828125
2001-08-21,,13.675188064575195,,,,,73.74393463134766,10.413793563842773,8.795757293701172
2001-08-22,,13.814834594726562,,,,,74.50798797607422,10.15905475616455,8.672937393188477
2001-08-23,,13.671521186828613,,,,,74.24057006835938,10.208479881286621,8.690483093261719
2001-08-24,,13.856486320495605,,,,,75.78141784667969,10.543059349060059,8.764711380004883
2001-08-27,,13.833210945129395,,,,,75.32933807373047,10.548761367797852,8.757966995239258
2001-08-28,,13.700918197631836,,,,,74.22782135009766,10.351056098937988,8.757966995239258
2001-08-29,,13.66539192199707,,,,,73.56568908691406,10.29212474822998,8.757966995239258
2001-08-30,,13.563724517822266,,,,,72.15217590332031,9.740832328796387,8.469136238098145
2001-08-31,,13.622518539428711,,,,,72.68061828613281,9.856791496276855,8.469136238098145
2001-09-04,,13.56004810333252,,,,,72.21582794189453,9.984160423278809,8.630420684814453
2001-09-05,,13.452256202697754,,,,,72.39408874511719,9.984160423278809,8.630420684814453
2001-09-06,,13.198688507080078,,,,,70.52852630615234,9.429060935974121,8.384783744812012
2001-09-07,,12.974530220031738,,,,,69.2232894897461,9.218050003051758,8.296379089355469
2001-09-10,,12.796916007995605,,,,,70.07012939453125,9.065961837768555,8.272762298583984
2001-09-17,,12.15749740600586,,,,,66.40899658203125,8.759902954101562,8.003503799438477
2001-09-18,,11.888011932373047,,,,,66.24983978271484,8.554593086242676,8.070984840393066
2001-09-19,,11.655269622802734,,,,,64.91275024414062,8.297955513000488,7.824675559997559
2001-09-20,,11.208168029785156,,,,,62.84976577758789,8.297955513000488,7.723448753356934
2001-09-21,,10.98768138885498,,,,,62.171688079833984,7.848642349243164,7.499915599822998
2001-09-24,,11.379663467407227,,,,,64.35741424560547,8.493500709533691,7.729074954986572
2001-09-25,,11.508277893066406,,,,,65.02849578857422,8.588614463806152,7.74941349029541
2001-09-26,,11.328216552734375,,,,,64.79841613769531,8.50301456451416,7.8226399421691895
2001-09-27,,11.453157424926758,,,,,65.36083984375,8.512529373168945,7.966375827789307
2001-09-28,,11.69814682006836,,,,,66.74767303466797,8.693243026733398,8.139261245727539
2001-10-01,,11.485005378723145,,,,,66.63900756835938,8.569594383239746,8.128408432006836
2001-10-02,,11.635138511657715,,,,,67.47624969482422,8.649487495422363,8.115528106689453
2001-10-03,,12.018148422241211,,,,,68.60746765136719,9.157392501831055,8.286383628845215
2001-10-04,,12.052522659301758,,,,,68.66497039794922,9.130757331848145,8.281633377075195
2001-10-05,,12.056207656860352,,,,,68.53075408935547,8.997600555419922,8.203669548034668
2001-10-08,,11.93589973449707,,,,,68.08336639404297,9.083198547363281,8.159601211547852
2001-10-09,,11.852429389953613,,,,,67.7191162109375,8.978575706481934,8.162311553955078
2001-10-10,,12.167915344238281,,,,,69.22742462158203,9.265816688537598,8.283673286437988
2001-10-11,,12.491998672485352,,,,,70.30107116699219,9.5720796585083,8.268756866455078
2001-10-12,,12.359420776367188,,,,,69.98152923583984,9.501694679260254,8.246381759643555
2001-10-15,,12.413437843322754,,,,,69.85369873046875,9.416090965270996,8.246381759643555
2001-10-16,,12.536197662353516,,,,,70.29467010498047,9.623431205749512,8.302657127380371
2001-10-17,,12.215788841247559,,,,,68.7991943359375,9.37804889678955,8.278244972229004
2001-10-18,,12.128634452819824,,,,,68.6522216796875,9.214458465576172,8.20299243927002
2001-10-19,,12.29312801361084,,,,,68.60746765136719,9.126949310302734,8.099255561828613
2001-10-22,,12.445350646972656,,,,,69.96237182617188,9.4940824508667,8.272823333740234
2001-10-23,,12.325045585632324,,,,,69.60446166992188,9.50739574432373,8.208412170410156
2001-10-24,,12.370471954345703,,,,,69.41911315917969,9.539738655090332,8.212482452392578
2001-10-25,,12.588981628417969,,,,,70.66536712646484,9.701434135437012,8.119599342346191
2001-10-26,,12.657731056213379,,,,,70.5055923461914,9.777519226074219,8.336553573608398
2001-10-29,,12.383977890014648,,,,,68.67134857177734,9.379952430725098,8.201631546020508
2001-10-30,,12.202289581298828,,,,,67.846923828125,9.15929126739502,8.068068504333496
2001-10-31,,12.369244575500488,,,,,67.61685943603516,9.311468124389648,8.068068504333496
2001-11-01,,12.537419319152832,,,,,69.34883117675781,9.444623947143555,8.13994026184082
2001-11-02,,12.507962226867676,,,,,69.82173919677734,9.444623947143555,8.13994026184082
2001-11-05,,12.687187194824219,,,,,70.73566436767578,9.768000602722168,8.261298179626465
2001-11-06,,12.770661354064941,,,,,71.83490753173828,9.899258613586426,8.261298179626465
2001-11-07,,12.754707336425781,,,,,71.739013671875,9.94871711730957,8.359602928161621
2001-11-08,,12.662638664245605,,,,,71.96271514892578,10.024808883666992,8.384013175964355
2001-11-09,,12.650358200073242,,,,,72.0394287109375,10.024808883666992,8.353500366210938
2001-11-12,,12.705606460571289,,,,,71.59844207763672,9.967742919921875,8.339265823364258
2001-11-13,,12.911842346191406,,,,,73.20897674560547,10.234058380126953,8.446388244628906
2001-11-14,,13.026009559631348,,,,,73.2792739868164,10.403359413146973,8.446388244628906
2001-11-15,,12.944987297058105,,,,,73.41350555419922,10.39954948425293,8.444355010986328
2001-11-16,,12.95971965789795,,,,,73.08756256103516,10.272100448608398,8.417916297912598
2001-11-19,,13.073885917663574,,,,,73.98872375488281,10.471837997436523,8.445712089538574
2001-11-20,,13.078795433044434,,,,,73.36875915527344,10.262587547302246,8.508759498596191
2001-11-21,,13.012503623962402,,,,,72.88304901123047,10.243565559387207,8.47215461730957
2001-11-23,,13.197867393493652,,,,,73.93115234375,10.243565559387207,8.47215461730957
2001-11-26,,13.227326393127441,,,,,74.09098052978516,10.477540969848633,8.573169708251953
2001-11-27,,13.215058326721191,,,,,73.7713851928711,10.414770126342773,8.569784164428711
2001-11-28,,12.976900100708008,,,,,72.4356689453125,10.249272346496582,8.410456657409668
2001-11-29,,13.24328899383545,,,,,73.41350555419922,10.270201683044434,8.408419609069824
2001-11-30,,13.184361457824707,,,,,72.88941955566406,10.298730850219727,8.408419609069824
2001-12-03,,13.135265350341797,,,,,72.45484161376953,10.150358200073242,8.408419609069824
2001-12-04,,13.454440116882324,,,,,73.68187713623047,10.274003982543945,8.376558303833008
2001-12-05,,13.819028854370117,,,,,75.03044128417969,10.709612846374512,8.531814575195312
2001-12-06,,13.913556098937988,,,,,74.99205017089844,10.66015625,8.584698677062988
2001-12-07,,13.871811866760254,,,,,74.49356842041016,10.506071090698242,8.584698677062988
2001-12-10,,13.615254402160645,,,,,73.10033416748047,10.275904655456543,8.471474647521973
2001-12-11,,13.658219337463379,,,,,72.95333862304688,10.224546432495117,8.416555404663086
2001-12-12,,13.660673141479492,,,,,73.03644561767578,10.199813842773438,8.400960922241211
2001-12-13,,13.466713905334473,,,,,71.6176528930664,10.140847206115723,8.339942932128906
2001-12-14,,13.585792541503906,,,,,72.30146026611328,10.167479515075684,8.273502349853516
2001-12-17,,13.815546035766602,,,,,73.0492172241211,10.291129112243652,8.371131896972656
2001-12-18,,13.944605827331543,,,,,73.48380279541016,10.361506462097168,8.446388244628906
2001-12-19,,13.931083679199219,,,,,74.00146484375,10.357702255249023,8.437577247619629
2001-12-20,,13.71227741241455,,,,,73.27285766601562,10.199813842773438,8.437577247619629
2001-12-21,,13.963043212890625,,,,,73.71733093261719,10.269854545593262,8.543655395507812
2001-12-24,,14.065070152282715,,,,,73.57622528076172,10.197531700134277,8.553874015808105
2001-12-26,,14.208892822265625,,,,,73.98027801513672,10.311725616455078,8.624731063842773
2001-12-27,,14.267901420593262,,,,,74.42913055419922,10.252725601196289,8.6056547164917
2001-12-28,,14.269121170043945,,,,,74.39068603515625,10.353595733642578,8.651987075805664
2001-12-31,,14.062617301940918,,,,,73.30046844482422,10.294596672058105,8.62336540222168
2002-01-02,,14.069992065429688,,,,,74.08924865722656,10.134725570678711,8.564095497131348
2002-01-03,,14.310920715332031,,,,,74.92935943603516,10.45827865600586,8.564095497131348
2002-01-04,,14.49531364440918,,,,,75.4295883178711,10.562948226928711,8.564095497131348
2002-01-07,,14.30846118927002,,,,,74.89729309082031,10.401180267333984,8.659478187561035
2002-01-08,,14.426472663879395,,,,,74.7241439819336,10.444950103759766,8.59475326538086
2002-01-09,,14.32198429107666,,,,,74.11495208740234,10.530593872070312,8.61995792388916
2002-01-10,,14.357637405395508,,,,,74.4419937133789,10.353595733642578,8.547063827514648
2002-01-11,,14.175707817077637,,,,,73.71088409423828,10.315530776977539,8.506183624267578
2002-01-14,,13.943378448486328,,,,,73.24916076660156,10.229886054992676,8.489832878112793
2002-01-15,,14.067536354064941,,,,,73.84556579589844,10.28698444366455,8.482335090637207
2002-01-16,,13.841346740722656,,,,,72.35134887695312,10.155659675598145,8.461897850036621
2002-01-17,,13.976572036743164,,,,,72.89643096923828,10.199432373046875,8.461897850036621
2002-01-18,,13.830282211303711,,,,,72.56295776367188,10.102368354797363,8.383546829223633
2002-01-22,,13.671713829040527,,,,,72.06275939941406,9.95201301574707,8.412846565246582
2002-01-23,,13.937232971191406,,,,,72.61427307128906,9.967242240905762,8.431241035461426
2002-01-24,,14.025737762451172,,,,,72.83872985839844,10.068114280700684,8.429878234863281
2002-01-25,,14.031881332397461,,,,,72.81951141357422,10.104275703430176,8.46393871307373
2002-01-28,,14.133910179138184,,,,,73.01831817626953,10.03575611114502,8.369919776916504
2002-01-29,,13.912646293640137,,,,,70.722412109375,9.80165958404541,8.145766258239746
2002-01-30,,14.081043243408203,,,,,71.74209594726562,9.58088207244873,8.236382484436035
2002-01-31,,14.277735710144043,,,,,72.58219909667969,9.891112327575684,8.26431655883789
2002-02-01,,14.153580665588379,,,,,72.24230194091797,9.85875415802002,8.32291316986084
2002-02-04,,13.892983436584473,,,,,70.44669342041016,9.698881149291992,8.111702919006348
2002-02-05,,13.837663650512695,,,,,70.01058197021484,9.668435096740723,8.029948234558105
2002-02-06,,13.634839057922363,,,,,69.70919799804688,9.662720680236816,7.991793155670166
2002-02-07,,13.502079963684082,,,,,69.27313232421875,9.611335754394531,8.028581619262695
2002-02-08,,13.761448860168457,,,,,70.60060119628906,9.592305183410645,8.080361366271973
2002-02-11,,13.921244621276855,,,,,71.46636962890625,9.79594898223877,8.140998840332031
2002-02-12,,13.93354320526123,,,,,71.24188995361328,9.75407600402832,8.170979499816895
2002-02-13,,14.047861099243164,,,,,71.99861907958984,9.900623321533203,8.250691413879395
2002-02-14,,13.949519157409668,,,,,71.8639907836914,9.868269920349121,8.237067222595215
2002-02-15,,13.885602951049805,,,,,71.1136474609375,9.75407600402832,8.175745964050293
2002-02-19,,13.672943115234375,,,,,69.7476577758789,9.508563995361328,8.075592041015625
2002-02-20,,13.835204124450684,,,,,70.92123413085938,9.649395942687988,8.189369201660156
2002-02-21,,13.586893081665039,,,,,69.45268249511719,9.306818962097168,8.087857246398926
2002-02-22,,13.767593383789062,,,,,70.31199645996094,9.403878211975098,8.209809303283691
2002-02-25,,13.942148208618164,,,,,71.47277069091797,9.696979522705078,8.247286796569824
2002-02-26,,13.982710838317871,,,,,71.32525634765625,9.59420394897461,8.260231018066406
2002-02-27,,14.085966110229492,,,,,71.60102844238281,9.550430297851562,8.31950569152832
2002-02-28,,13.982710838317871,,,,,71.28035736083984,9.525690078735352,8.367198944091797
2002-03-01,,14.275274276733398,,,,,72.9413070678711,9.75407600402832,8.502097129821777
2002-03-04,,14.554315567016602,,,,,74.23035430908203,9.967242240905762,8.62336540222168
2002-03-05,,14.529729843139648,,,,,73.9930648803711,9.940594673156738,8.62063980102539
2002-03-06,,14.742389678955078,,,,,74.87165832519531,10.06430435180664,8.71125602722168
2002-03-07,,14.747305870056152,,,,,74.71135711669922,9.944397926330566,8.68332290649414
2002-03-08,,14.854247093200684,,,,,75.02555084228516,10.134725570678711,8.68332290649414
2002-03-11,,14.886127471923828,,,,,75.1858901977539,10.129018783569336,8.761676788330078
2002-03-12,,14.857816696166992,,,,,75.1409912109375,9.950111389160156,8.744646072387695
2002-03-13,,14.74954605102539,,,,,74.41637420654297,9.88349723815918,8.731014251708984
2002-03-14,,14.809839248657227,,,,,74.31375122070312,9.85875415802002,8.731014251708984
2002-03-15,,14.855359077453613,,,,,75.02180480957031,9.961993217468262,8.81605052947998
2002-03-18,,15.010383605957031,,,,,75.03466796875,9.941044807434082,8.81605052947998
2002-03-19,,15.075594902038574,,,,,75.53632354736328,9.990565299987793,8.848885536193848
2002-03-20,,14.883660316467285,,,,,74.11499786376953,9.75056266784668,8.73806381225586
2002-03-21,,15.030071258544922,,,,,74.1470947265625,9.828659057617188,8.720955848693848
2002-03-22,,14.979629516601562,,,,,73.98636627197266,9.761990547180176,8.682650566101074
2002-03-25,,14.819682121276855,,,,,73.0666732788086,9.809612274169922,8.629288673400879
2002-03-26,,14.998078346252441,,,,,73.4911117553711,9.607704162597656,8.649813652038574
2002-03-27,,15.13341999053955,,,,,73.68407440185547,9.61341667175293,8.692230224609375
2002-03-28,,15.0706787109375,,,,,73.65193176269531,9.714374542236328,8.720955848693848
2002-04-01,,15.078058242797852,,,,,73.68407440185547,9.706754684448242,8.640235900878906
2002-04-02,,14.998078346252441,,,,,73.2789077758789,9.541036605834961,8.653919219970703
2002-04-03,,14.90211296081543,,,,,72.76439666748047,9.441990852355957,8.583452224731445
2002-04-04,,14.825824737548828,,,,,72.462158203125,9.493420600891113,8.52804183959961
2002-04-05,,14.939029693603516,,,,,72.4749984741211,9.453417778015137,8.554723739624023
2002-04-08,,15.09650707244873,,,,,72.62936401367188,9.466751098632812,8.512992858886719
2002-04-09,,15.114973068237305,,,,,72.12129211425781,9.342944145202637,8.497941970825195
2002-04-10,,15.379494667053223,,,,,72.93806457519531,9.432465553283691,8.593029975891113
2002-04-11,,15.170330047607422,,,,,71.12439727783203,9.114367485046387,8.394641876220703
2002-04-12,,15.471771240234375,,,,,71.65821075439453,9.238177299499512,8.435007095336914
2002-04-15,,15.40410041809082,,,,,71.1115493774414,9.123891830444336,8.404217720031738
2002-04-16,,15.736302375793457,,,,,72.802978515625,9.415322303771973,8.553352355957031
2002-04-17,,15.663703918457031,,,,,72.64863586425781,9.375327110290527,8.513673782348633
2002-04-18,,15.635404586791992,,,,,72.33348846435547,9.525794982910156,8.554723739624023
2002-04-19,,15.647709846496582,,,,,72.59716796875,9.3181791305542,8.545141220092773
2002-04-22,,15.492679595947266,,,,,71.3880844116211,9.150561332702637,8.429532051086426
2002-04-23,,15.544365882873535,,,,,71.07935333251953,9.022939682006836,8.425427436828613
2002-04-24,,15.410256385803223,,,,,70.36546325683594,8.99245834350586,8.436373710632324
2002-04-25,,15.502528190612793,,,,,70.40409088134766,8.98293685913086,8.300233840942383
2002-04-26,,15.287211418151855,,,,,69.06639099121094,8.752457618713379,8.238662719726562
2002-04-29,,15.262600898742676,,,,,68.72550201416016,8.63817024230957,8.151100158691406
2002-04-30,,15.550516128540039,,,,,69.36863708496094,8.779125213623047,8.205146789550781
2002-05-01,,15.59603214263916,,,,,70.21760559082031,8.80579662322998,8.277657508850098
2002-05-02,,15.663703918457031,,,,,69.94746398925781,8.701027870178223,8.301607131958008
2002-05-03,,15.63786792755127,,,,,69.18858337402344,8.550548553466797,8.287923812866211
2002-05-06,,15.354888916015625,,,,,67.8315658569336,8.48388385772705,8.287923812866211
2002-05-07,,15.182645797729492,,,,,67.59358978271484,8.4191255569458,8.106635093688965
2002-05-08,,15.534513473510742,,,,,70.1082763671875,8.901032447814941,8.289973258972168
2002-05-09,,15.301980972290039,,,,,69.29788208007812,8.664841651916504,8.198986053466797
2002-05-10,,15.039910316467285,,,,,67.99235534667969,8.426740646362305,8.198986053466797
2002-05-13,,15.194938659667969,,,,,69.3750991821289,8.630555152893066,8.250298500061035
2002-05-14,,15.687080383300781,,,,,70.88642883300781,8.838173866271973,8.250298500061035
2002-05-15,,15.726457595825195,,,,,70.60987854003906,8.88388442993164,8.354960441589355
2002-05-16,,15.442235946655273,,,,,70.97648620605469,9.00960636138916,8.34949016571045
2002-05-17,,15.523442268371582,,,,,71.32376098632812,9.066750526428223,8.34949016571045
2002-05-20,,15.348736763000488,,,,,70.5520248413086,8.990557670593262,8.335811614990234
2002-05-21,,15.074360847473145,,,,,69.90888214111328,8.723889350891113,8.339229583740234
2002-05-22,,15.057140350341797,,,,,70.0632095336914,8.828651428222656,8.3330717086792
2002-05-23,,15.305684089660645,,,,,70.80926513671875,8.933414459228516,8.422003746032715
2002-05-24,,15.071907997131348,,,,,69.90245056152344,8.754366874694824,8.422003746032715
2002-05-28,,15.041142463684082,,,,,69.52300262451172,8.628649711608887,8.268083572387695
2002-05-29,,14.884891510009766,,,,,69.00848388671875,8.542933464050293,8.250298500061035
2002-05-30,,14.868892669677734,,,,,68.81553649902344,8.619123458862305,8.233194351196289
2002-05-31,,14.887353897094727,,,,,68.95703887939453,8.676265716552734,8.325547218322754
2002-06-03,,14.407512664794922,,,,,67.12407684326172,8.228645324707031,8.077215194702148
2002-06-04,,14.37060260772705,,,,,67.29131317138672,8.371503829956055,8.034801483154297
2002-06-05,,14.413657188415527,,,,,67.92158508300781,8.476268768310547,8.075850486755371
2002-06-06,,14.1995849609375,,,,,66.53880310058594,8.200077056884766,7.9102959632873535
2002-06-07,,14.37674617767334,,,,,66.46163177490234,8.181024551391602,7.9102959632873535
2002-06-10,,14.285706520080566,,,,,66.71891784667969,8.161977767944336,7.939033508300781
2002-06-11,,14.085153579711914,,,,,65.57412719726562,8.104838371276855,7.8740410804748535
2002-06-12,,14.093762397766113,,,,,65.972900390625,8.200077056884766,7.884300231933594
2002-06-13,,13.909211158752441,,,,,65.31045532226562,7.990551948547363,7.786474227905273
2002-06-14,,13.981805801391602,,,,,65.2139892578125,8.05721378326416,7.78989315032959
2002-06-17,,14.360407829284668,,,,,66.96333312988281,8.342931747436523,7.933555603027344
2002-06-18,,14.376418113708496,,,,,67.50999450683594,8.257217407226562,8.017014503479004
2002-06-19,,14.148494720458984,,,,,65.93427276611328,8.066737174987793,7.904821395874023
2002-06-20,,14.088134765625,,,,,65.09180450439453,7.9048333168029785,7.7885260581970215
2002-06-21,,14.080739974975586,,,,,64.07402038574219,7.830337047576904,7.728471279144287
2002-06-24,,14.05978775024414,,,,,64.40959930419922,7.887495517730713,7.644550323486328
2002-06-25,,13.761637687683105,,,,,62.963958740234375,7.754129886627197,7.754613399505615
2002-06-26,,13.836800575256348,,,,,63.067203521728516,7.582666397094727,7.484271049499512
2002-06-27,,14.085660934448242,,,,,64.17082214355469,7.89702033996582,7.587452411651611
2002-06-28,,14.106606483459473,,,,,63.86750030517578,7.754129886627197,7.697518348693848
2002-07-01,,13.718523025512695,,,,,62.62190246582031,7.744608402252197,7.697518348693848
2002-07-02,,13.318114280700684,,,,,61.29240798950195,7.392145156860352,7.446439266204834
2002-07-03,,13.172733306884766,,,,,61.640899658203125,7.54456090927124,7.412044048309326
2002-07-05,,13.622420310974121,,,,,64.0933609008789,7.8208136558532715,7.491146564483643
2002-07-08,,13.398200988769531,,,,,63.29309844970703,7.691262722015381,7.604653835296631
2002-07-09,,13.286080360412598,,,,,61.69899368286133,7.649352550506592,7.604653835296631
2002-07-10,,12.93619155883789,,,,,59.45304489135742,7.29688835144043,7.132067680358887
2002-07-11,,12.766173362731934,,,,,59.93709945678711,7.44930362701416,7.105929851531982
2002-07-12,,12.681166648864746,,,,,59.278785705566406,7.44930362701416,7.14720344543457
2002-07-15,,12.517302513122559,,,,,59.59504318237305,7.249258518218994,7.05777645111084
2002-07-16,,12.368230819702148,,,,,58.446266174316406,7.182577133178711,7.002744674682617
2002-07-17,,12.40518569946289,,,,,58.56241226196289,7.28735876083374,7.002744674682617
2002-07-18,,12.09225845336914,,,,,56.664974212646484,7.1254167556762695,6.789496421813965
2002-07-19,,11.861868858337402,,,,,54.67072677612305,6.896795272827148,6.583132743835449
2002-07-22,,11.507048606872559,,,,,53.05078887939453,6.76343297958374,6.3891425132751465
2002-07-23,,11.118967056274414,,,,,51.59870147705078,6.477653980255127,6.153199672698975
2002-07-24,,11.604378700256348,,,,,54.677188873291016,6.820586204528809,6.562493801116943
2002-07-25,,11.667213439941406,,,,,54.212501525878906,6.591965198516846,6.534979343414307
2002-07-26,,11.753451347351074,,,,,55.245140075683594,6.8301100730896,6.631284236907959
2002-07-29,,12.40642261505127,,,,,57.93638610839844,7.220676898956299,6.964913368225098
2002-07-30,,12.381782531738281,,,,,58.69149398803711,7.29688835144043,7.006186485290527
2002-07-31,,12.135381698608398,,,,,58.833465576171875,7.182577133178711,7.043333530426025
2002-08-01,,12.049135208129883,,,,,57.29746627807617,7.1635212898254395,6.951153755187988
2002-08-02,,11.611767768859863,,,,,56.01313781738281,6.782484531402588,6.817012786865234
2002-08-05,,11.31238842010498,,,,,54.06405258178711,6.525285243988037,6.609268665313721
2002-08-06,,11.721421241760254,,,,,55.88406753540039,6.828204154968262,6.890617847442627
2002-08-07,,11.854475975036621,,,,,56.85858917236328,6.95395040512085,6.9167609214782715
2002-08-08,,12.09225845336914,,,,,58.69792556762695,7.27783203125,7.0921711921691895
2002-08-09,,12.073773384094238,,,,,58.917362213134766,7.211157321929932,7.178155899047852
2002-08-12,,12.10457706451416,,,,,58.4849739074707,7.213057518005371,7.114184379577637
2002-08-13,,11.827373504638672,,,,,57.42008590698242,7.220676898956299,7.152706623077393
2002-08-14,,12.182193756103516,,,,,59.51758575439453,7.21877384185791,7.262078285217285
2002-08-15,,12.251191139221191,,,,,60.34371566772461,7.5064592361450195,7.305414199829102
2002-08-16,,12.410118103027344,,,,,60.1629638671875,7.4645466804504395,7.264832973480225
2002-08-19,,12.640506744384766,,,,,61.56991195678711,7.687448978424072,7.284783840179443
2002-08-20,,12.532092094421387,,,,,60.91807556152344,7.7160258293151855,7.3425612449646
2002-08-21,,12.766173362731934,,,,,61.79576873779297,7.811288356781006,7.29166316986084
2002-08-22,,12.837626457214355,,,,,62.3960075378418,7.9427490234375,7.395529270172119
2002-08-23,,12.551798820495605,,,,,61.05363082885742,7.7160258293151855,7.326056957244873
2002-08-26,,12.689787864685059,,,,,61.479557037353516,7.735078811645508,7.287532806396484
2002-08-27,,12.403953552246094,,,,,60.769630432128906,7.54456090927124,7.365952968597412
2002-08-28,,12.162479400634766,,,,,59.44013214111328,7.411199569702148,7.201546669006348
2002-08-29,,12.267203330993652,,,,,59.465946197509766,7.411199569702148,7.227686882019043
2002-08-30,,12.206839561462402,,,,,59.23362350463867,7.325463771820068,7.228376388549805
2002-09-03,,11.83353042602539,,,,,56.97476577758789,7.011110305786133,6.9043779373168945
2002-09-04,,12.145233154296875,,,,,57.78795623779297,7.068261623382568,6.9422125816345215
2002-09-05,,11.932097434997559,,,,,57.29746627807617,6.9558539390563965,6.939459800720215
2002-09-06,,12.258577346801758,,,,,58.0848503112793,7.201625347137451,6.939459800720215
2002-09-09,,12.30785846710205,,,,,58.51078796386719,7.239729404449463,7.104554176330566
2002-09-10,,12.424901008605957,,,,,59.18198776245117,7.3635663986206055,7.066717624664307
2002-09-11,,12.40642261505127,,,,,58.81413650512695,7.420724391937256,7.1382598876953125
2002-09-12,,12.147704124450684,,,,,57.72986602783203,7.220676898956299,6.942901611328125
2002-09-13,,12.259806632995605,,,,,57.871864318847656,7.1254167556762695,6.942901611328125
2002-09-16,,12.166380882263184,,,,,58.01383972167969,7.077789783477783,6.889928340911865
2002-09-17,,11.977557182312012,,,,,56.684356689453125,7.106368541717529,6.839716911315918
2002-09-18,,11.835633277893066,,,,,56.116397857666016,6.896795272827148,6.775738716125488
2002-09-19,,11.515985488891602,,,,,54.66429901123047,6.877745151519775,6.569374084472656
2002-09-20,,11.576455116271973,,,,,54.682437896728516,6.818241119384766,6.64036750793457
2002-09-23,,11.274088859558105,,,,,54.235137939453125,6.694273471832275,6.532594203948975
2002-09-24,,11.229653358459473,,,,,53.35992431640625,6.532161712646484,6.413690567016602
2002-09-25,,11.490065574645996,,,,,54.682437896728516,6.741950511932373,6.589611530303955
2002-09-26,,11.755406379699707,,,,,55.577056884765625,6.837307453155518,6.746054649353027
2002-09-27,,11.504876136779785,,,,,53.645164489746094,6.694273471832275,6.671655178070068
2002-09-30,,11.495000839233398,,,,,53.02284240722656,6.532161712646484,6.479743480682373
2002-10-01,,11.813419342041016,,,,,55.570587158203125,6.764834880828857,6.689039707183838
2002-10-02,,11.54189682006836,,,,,53.904502868652344,6.579839706420898,6.536067008972168
2002-10-03,,11.292600631713867,,,,,53.35992431640625,6.532161712646484,6.525637149810791
2002-10-04,,11.03342342376709,,,,,52.38100814819336,6.484480381011963,6.257936954498291
2002-10-07,,10.700202941894531,,,,,51.29842758178711,6.455870151519775,6.271149635314941
2002-10-08,,10.84953498840332,,,,,52.10227584838867,6.465406894683838,6.296180248260498
2002-10-09,,10.45336627960205,,,,,50.63067626953125,6.375769138336182,6.087580680847168
2002-10-10,,10.6940279006958,,,,,52.27082061767578,6.322366714477539,6.250984191894531
2002-10-11,,11.027252197265625,,,,,54.55925369262695,6.818241119384766,6.553452014923096
2002-10-14,,11.08402156829834,,,,,54.86395263671875,6.827773094177246,6.5708327293396
2002-10-15,,11.539429664611816,,,,,57.502445220947266,7.152001857757568,6.845485687255859
2002-10-16,,11.287660598754883,,,,,56.10868453979492,6.961278438568115,6.75996208190918
2002-10-17,,11.588798522949219,,,,,57.223670959472656,7.161532402038574,6.918498992919922
2002-10-18,,11.631987571716309,,,,,57.46353530883789,7.209214210510254,6.925451755523682
2002-10-21,,11.892402648925781,,,,,58.45539855957031,7.218755722045898,7.063819408416748
2002-10-22,,11.675189971923828,,,,,58.03403091430664,7.209214210510254,6.984551429748535
2002-10-23,,11.860312461853027,,,,,58.47487258911133,7.304577350616455,6.977596759796143
2002-10-24,,11.76528263092041,,,,,57.28203582763672,7.142462730407715,6.904590606689453
2002-10-25,,11.887460708618164,,,,,58.47487258911133,7.209214210510254,6.908066749572754
2002-10-28,,11.746771812438965,,,,,58.09242248535156,7.256897449493408,6.9755144119262695
2002-10-29,,11.736897468566895,,,,,57.41817855834961,7.247358798980713,6.867739200592041
2002-10-30,,11.904746055603027,,,,,57.9757080078125,7.180609703063965,7.035311698913574
2002-10-31,,11.829460144042969,,,,,57.385738372802734,7.216843128204346,6.98524808883667
2002-11-01,,12.094801902770996,,,,,58.52022171020508,7.247358798980713,7.113187789916992
2002-11-04,,12.157748222351074,,,,,59.0777702331543,7.533440113067627,7.255727767944336
2002-11-05,,12.109617233276367,,,,,59.544532775878906,7.47622537612915,7.21053409576416
2002-11-06,,12.279925346374512,,,,,60.315982818603516,7.3713250160217285,7.273110866546631
2002-11-07,,12.046671867370605,,,,,58.8379020690918,7.367514133453369,7.151430130004883
2002-11-08,,11.914619445800781,,,,,58.11832046508789,7.2664313316345215,7.054086208343506
2002-11-11,,11.619653701782227,,,,,57.21721267700195,7.09478235244751,6.928929805755615
2002-11-12,,11.725787162780762,,,,,57.671024322509766,7.285501003265381,6.9574360847473145
2002-11-13,,11.792434692382812,,,,,57.72935104370117,7.304577350616455,6.942139148712158
2002-11-14,,12.063950538635254,,,,,58.81846618652344,7.438077926635742,7.022794723510742
2002-11-15,,12.094801902770996,,,,,59.25279998779297,7.514368057250977,7.080508232116699
2002-11-18,,11.965216636657715,,,,,58.65637969970703,7.438077926635742,7.054086208343506
2002-11-19,,11.829460144042969,,,,,58.578575134277344,7.314109802246094,7.113882064819336
2002-11-20,,12.140467643737793,,,,,59.88163375854492,7.4571533203125,7.21053409576416
2002-11-21,,12.41568374633789,,,,,60.99668502807617,7.638336658477783,7.339167594909668
2002-11-22,,12.428027153015137,,,,,60.56232452392578,7.59065580368042,7.351685523986816
2002-11-25,,12.477391242980957,,,,,60.60121536254883,7.59065580368042,7.273110866546631
2002-11-26,,12.360149383544922,,,,,59.447303771972656,7.361792087554932,7.231390953063965
2002-11-27,,12.65511417388916,,,,,61.11986541748047,7.705085277557373,7.3808913230896
2002-11-29,,12.466287612915039,,,,,60.92536544799805,7.718438148498535,7.3808913230896
2002-12-02,,12.589707374572754,,,,,61.02260971069336,7.674572944641113,7.328742504119873
2002-12-03,,12.465048789978027,,,,,60.20577621459961,7.512460708618164,7.259206771850586
2002-12-04,,12.416922569274902,,,,,59.933509826660156,7.502923965454102,7.266160011291504
2002-12-05,,12.24167537689209,,,,,59.27226257324219,7.428543567657471,7.175766468048096
2002-12-06,,12.337940216064453,,,,,59.66122055053711,7.3713250160217285,7.230003356933594
2002-12-09,,12.094801902770996,,,,,58.021018981933594,7.2664313316345215,7.084676742553711
2002-12-10,,12.341636657714844,,,,,58.79901885986328,7.304577350616455,7.182721138000488
2002-12-11,,12.31078815460205,,,,,58.85090255737305,7.342717170715332,7.195237159729004
2002-12-12,,12.41568374633789,,,,,58.844390869140625,7.247358798980713,7.134744167327881
2002-12-13,,12.181195259094238,,,,,57.917335510253906,7.190145969390869,7.082592010498047
2002-12-16,,12.37868595123291,,,,,59.41487503051758,7.295037746429443,7.220269680023193
2002-12-17,,12.267388343811035,,,,,58.896236419677734,7.295037746429443,7.17785120010376
2002-12-18,,12.118989944458008,,,,,58.21554183959961,7.09287166595459,7.127094268798828
2002-12-19,,11.997801780700684,,,,,57.80067443847656,6.961278438568115,7.047131538391113
2002-12-20,,12.153617858886719,,,,,58.62540054321289,7.321226119995117,7.17855167388916
2002-12-23,,12.217924118041992,,,,,58.64494705200195,7.168302536010742,7.172946929931641
2002-12-24,,12.161035537719727,,,,,58.20847702026367,7.168302536010742,7.172946929931641
2002-12-26,,12.167222023010254,,,,,58.23451614379883,7.263876438140869,7.207253932952881
2002-12-27,,11.999040603637695,,,,,56.92506790161133,7.0727219581604,7.022418022155762
2002-12-30,,12.023770332336426,,,,,57.400657653808594,6.862454891204834,7.039922714233398
2002-12-31,,12.050976753234863,,,,,57.47880935668945,6.9867024421691895,7.073526382446289
2003-01-02,,12.391054153442383,,,,,59.32899475097656,7.149181842803955,7.261865139007568
2003-01-03,,12.316852569580078,,,,,59.511383056640625,7.206533432006836,7.297571659088135
2003-01-06,,12.43309211730957,,,,,60.56025695800781,7.426359176635742,7.496413707733154
2003-01-07,,12.34158706665039,,,,,60.410400390625,7.378571033477783,7.392793655395508
2003-01-08,,12.22410774230957,,,,,59.53746795654297,7.206533432006836,7.315077304840088
2003-01-09,,12.346536636352539,,,,,60.46254348754883,7.359453201293945,7.430598258972168
2003-01-10,,12.353950500488281,,,,,60.625396728515625,7.426359176635742,7.400494575500488
2003-01-13,,12.34158706665039,,,,,60.60587692260742,7.397685527801514,7.4810075759887695
2003-01-14,,12.279749870300293,,,,,60.801300048828125,7.449294567108154,7.4481000900268555
2003-01-15,,12.242654800415039,,,,,60.1954231262207,7.340338706970215,7.4481000900268555
2003-01-16,,12.295831680297852,,,,,59.947914123535156,7.263876438140869,7.375991344451904
2003-01-17,,12.080657958984375,,,,,59.0619010925293,7.120507717132568,7.291972637176514
2003-01-21,,11.917420387268066,,,,,58.143314361572266,7.028751850128174,7.1414408683776855
2003-01-22,,11.846935272216797,,,,,57.439735412597656,7.0497822761535645,7.106434345245361
2003-01-23,,11.943392753601074,,,,,57.79153060913086,7.093750953674316,7.061623573303223
2003-01-24,,11.733163833618164,,,,,56.27359390258789,6.883479595184326,6.878888130187988
2003-01-27,,11.501914978027344,,,,,55.50489044189453,6.772608757019043,6.748664855957031
2003-01-28,,11.562507629394531,,,,,55.91530990600586,6.822309970855713,6.824278354644775
2003-01-29,,11.667622566223145,,,,,56.3387451171875,6.879658222198486,6.854383945465088
2003-01-30,,11.480890274047852,,,,,55.00328063964844,6.740111351013184,6.798372268676758
2003-01-31,,11.682462692260742,,,,,56.06513214111328,6.7802534103393555,6.845979690551758
2003-02-03,,11.550140380859375,,,,,56.17591094970703,6.805105686187744,6.932797908782959
2003-02-04,,11.581055641174316,,,,,55.62214660644531,6.583368301391602,6.824278354644775
2003-02-05,,11.482128143310547,,,,,55.276859283447266,6.732463836669922,6.8438825607299805
2003-02-06,,11.400511741638184,,,,,55.01628875732422,6.594836235046387,6.73115873336792
2003-02-07,,11.217484474182129,,,,,54.34528350830078,6.504992961883545,6.720658302307129
2003-02-10,,11.30899715423584,,,,,54.72964859008789,6.527931213378906,6.703155517578125
2003-02-11,,11.27561092376709,,,,,54.35179138183594,6.652184009552002,6.728360652923584
2003-02-12,,11.140817642211914,,,,,53.4853401184082,6.5202836990356445,6.554722785949707
2003-02-13,,11.107428550720215,,,,,53.648193359375,6.4973464012146,6.463705062866211
2003-02-14,,11.247167587280273,,,,,54.820865631103516,6.533665657043457,6.698253631591797
2003-02-18,,11.37453556060791,,,,,55.7850341796875,6.784079551696777,6.8046746253967285
2003-02-19,,11.285500526428223,,,,,55.49187088012695,6.784079551696777,6.7353596687316895
2003-02-20,,11.203883171081543,,,,,54.9381103515625,6.7573161125183105,6.708754062652588
2003-02-21,,11.357226371765137,,,,,55.49187088012695,6.868187427520752,6.761263847351074
2003-02-24,,11.148235321044922,,,,,54.59282684326172,6.724821090698242,6.761263847351074
2003-02-25,,11.25953197479248,,,,,55.02931213378906,6.652184009552002,6.5393195152282715
2003-02-26,,11.144530296325684,,,,,54.228031158447266,6.656004905700684,6.592529773712158
2003-02-27,,11.247167587280273,,,,,54.94462966918945,6.730556964874268,6.625436782836914
2003-02-28,,11.274375915527344,,,,,55.30942153930664,6.807017803192139,6.628236770629883
2003-03-03,,11.228617668151855,,,,,54.78173828125,6.728644371032715,6.686350345611572
2003-03-04,,11.031994819641113,,,,,53.908790588378906,6.6101298332214355,6.545619487762451
2003-03-05,,11.043120384216309,,,,,54.36482620239258,6.703793525695801,6.569424152374268
2003-03-06,,10.991185188293457,,,,,53.908790588378906,6.663650035858154,6.533718585968018
2003-03-07,,11.017154693603516,,,,,54.28011703491211,6.656004905700684,6.556122303009033
2003-03-10,,10.782552719116211,,,,,52.977203369140625,6.569983959197998,6.4034929275512695
2003-03-11,,10.720616340637207,,,,,52.45602035522461,6.495434761047363,6.413293361663818
2003-03-12,,10.695841789245605,,,,,52.80781173706055,6.52410888671875,6.351683616638184
2003-03-13,,10.968354225158691,,,,,54.631935119628906,6.782166481018066,6.51271390914917
2003-03-14,,11.00675106048584,,,,,54.80780792236328,6.881570339202881,6.581326961517334
2003-03-17,,11.269343376159668,,,,,56.53420639038086,7.145359039306641,6.7591657638549805
2003-03-18,,11.39940357208252,,,,,56.86642837524414,7.110952854156494,6.760563373565674
2003-03-19,,11.3956880569458,,,,,57.30292510986328,7.20844030380249,6.850880146026611
2003-03-20,,11.484872817993164,,,,,57.42671585083008,7.22373628616333,6.87398624420166
2003-03-21,,11.697918891906738,,,,,58.65248489379883,7.392214775085449,6.993548393249512
2003-03-24,,11.40064525604248,,,,,56.703277587890625,7.122262477874756,6.83169412612915
2003-03-25,,11.525749206542969,,,,,57.24618911743164,7.256281852722168,6.871100425720215
2003-03-26,,11.372151374816895,,,,,56.95839309692383,7.183526039123535,6.833803176879883
2003-03-27,,11.441516876220703,,,,,57.004180908203125,7.17395544052124,6.833803176879883
2003-03-28,,11.500972747802734,,,,,56.71637725830078,7.128005027770996,6.800029754638672
2003-03-31,,11.331276893615723,,,,,55.427799224853516,7.0399298667907715,6.695169925689697
2003-04-01,,11.414263725280762,,,,,56.278133392333984,7.034188270568848,6.762731075286865
2003-04-02,,11.692967414855957,,,,,57.63860321044922,7.246715068817139,6.916137218475342
2003-04-03,,11.653332710266113,,,,,57.36392593383789,7.348180770874023,6.9189534187316895
2003-04-04,,11.618646621704102,,,,,57.704063415527344,7.260114669799805,6.928104877471924
2003-04-07,,11.652091979980469,,,,,57.59288787841797,7.3118062019348145,7.0294365882873535
2003-04-08,,11.60254955291748,,,,,57.68442153930664,7.2735161781311035,6.921064853668213
2003-04-09,,11.500972747802734,,,,,56.92567443847656,7.198844909667969,6.877435207366943
2003-04-10,,11.520793914794922,,,,,57.239654541015625,7.17395544052124,6.8281755447387695
2003-04-11,,11.46257495880127,,,,,57.004180908203125,7.149067401885986,6.850696563720703
2003-04-14,,11.692967414855957,,,,,58.18153381347656,7.262026786804199,6.965402126312256
2003-04-15,,11.773476600646973,,,,,58.72443389892578,7.271599769592285,7.030144691467285
2003-04-16,,11.660758018493652,,,,,57.723655700683594,7.365414142608643,6.956254959106445
2003-04-17,,11.82922077178955,,,,,58.580528259277344,7.348180770874023,6.9668073654174805
2003-04-21,,11.922118186950684,,,,,58.639373779296875,7.3615827560424805,6.9668073654174805
2003-04-22,,12.083147048950195,,,,,59.744789123535156,7.509011268615723,7.181442737579346
2003-04-23,,12.121543884277344,,,,,60.294227600097656,7.556870937347412,7.255333423614502
2003-04-24,,12.111637115478516,,,,,59.75791931152344,7.487947463989258,7.213106155395508
2003-04-25,,11.928309440612793,,,,,59.01878356933594,7.409447193145752,7.122330188751221
2003-04-28,,12.138883590698242,,,,,60.039180755615234,7.47454833984375,7.260260105133057
2003-04-29,,12.209487915039062,,,,,60.24849319458008,7.579843997955322,7.265883922576904
2003-04-30,,12.302385330200195,,,,,60.11766815185547,7.5511250495910645,7.294739723205566
2003-05-01,,12.268950462341309,,,,,60.111083984375,7.518584251403809,7.298960208892822
2003-05-02,,12.569942474365234,,,,,60.96794509887695,7.604743480682373,7.4298553466796875
2003-05-05,,12.560039520263672,,,,,60.850215911865234,7.58750581741333,7.374965190887451
2003-05-06,,12.652931213378906,,,,,61.42584228515625,7.6430277824401855,7.415781021118164
2003-05-07,,12.629396438598633,,,,,61.08570861816406,7.595168590545654,7.387629985809326
2003-05-08,,12.543926239013672,,,,,60.470863342285156,7.535813331604004,7.323593616485596
2003-05-09,,12.69009017944336,,,,,61.30809783935547,7.644944667816162,7.367924690246582
2003-05-12,,12.812715530395508,,,,,62.06031799316406,7.740671157836914,7.491078853607178
2003-05-13,,12.812715530395508,,,,,61.9491081237793,7.69663667678833,7.477005481719971
2003-05-14,,12.76564884185791,,,,,61.818275451660156,7.675577163696289,7.496705532073975
2003-05-15,,12.812715530395508,,,,,62.21074676513672,7.69663667678833,7.486855506896973
2003-05-16,,12.59719467163086,,,,,62.05375289916992,7.692808628082275,7.500930309295654
2003-05-19,,12.368040084838867,,,,,60.601680755615234,7.537726402282715,7.452373027801514
2003-05-20,,12.349456787109375,,,,,60.477420806884766,7.447741508483887,7.290518283843994
2003-05-21,,12.402721405029297,,,,,60.601680755615234,7.466886043548584,7.396073818206787
2003-05-22,,12.490667343139648,,,,,61.20343780517578,7.543472766876221,7.480524063110352
2003-05-23,,12.612053871154785,,,,,61.327720642089844,7.533895015716553,7.495298862457275
2003-05-27,,12.83253288269043,,,,,62.40043258666992,7.646859645843506,7.6170430183410645
2003-05-28,,12.957645416259766,,,,,62.5770378112793,7.683230400085449,7.650115489959717
2003-05-29,,13.005949974060059,,,,,62.41350555419922,7.673662185668945,7.588895797729492
2003-05-30,,13.245015144348145,,,,,63.41426086425781,7.757907390594482,7.704303741455078
2003-06-02,,13.315616607666016,,,,,63.6759033203125,7.773219585418701,7.786640167236328
2003-06-03,,13.315616607666016,,,,,63.937522888183594,7.765563488006592,7.835899829864502
2003-06-04,,13.560867309570312,,,,,64.85983276367188,7.916815757751465,7.975937843322754
2003-06-05,,13.658730506896973,,,,,65.18031311035156,7.899579048156738,8.004792213439941
2003-06-06,,13.569538116455078,,,,,64.92523956298828,7.87086296081543,8.028716087341309
2003-06-09,,13.34162712097168,,,,,64.26461029052734,7.801941871643066,7.881641387939453
2003-06-10,,13.531148910522461,,,,,64.9187240600586,7.88043737411499,7.930197238922119
2003-06-11,,13.693406105041504,,,,,65.60550689697266,7.999146461486816,8.055461883544922
2003-06-12,,13.757821083068848,,,,,65.80826568603516,7.999146461486816,8.016053199768066
2003-06-13,,13.588119506835938,,,,,65.12144470214844,7.916815757751465,7.988607406616211
2003-06-16,,13.76918888092041,,,,,66.49504852294922,8.125506401062012,8.120904922485352
2003-06-17,,13.839927673339844,,,,,66.49504852294922,8.152313232421875,8.172982215881348
2003-06-18,,13.794011116027832,,,,,66.43619537353516,8.161882400512695,8.142016410827637
2003-06-19,,13.688518524169922,,,,,65.42232513427734,8.031693458557129,8.001972198486328
2003-06-20,,13.561931610107422,,,,,65.27792358398438,8.006203651428223,8.05788803100586
2003-06-23,,13.36089038848877,,,,,64.6083755493164,7.906527042388916,7.922175407409668
2003-06-24,,13.403083801269531,,,,,64.67398071289062,7.9506120681762695,7.990027904510498
2003-06-25,,13.451475143432617,,,,,64.02409362792969,7.873945236206055,7.929947376251221
2003-06-26,,13.645085334777832,,,,,64.85777282714844,7.935277462005615,7.969533920288086
2003-06-27,,13.595439910888672,,,,,64.10943603515625,7.8586106300354,7.930650234222412
2003-06-30,,13.607855796813965,,,,,64.08975219726562,7.8586106300354,7.927123069763184
2003-07-01,,13.667415618896484,,,,,64.68050384521484,7.941026210784912,7.934900283813477
2003-07-02,,13.92307186126709,,,,,65.49454498291016,8.011945724487305,8.026076316833496
2003-07-03,,13.856061935424805,,,,,64.8183822631836,7.983193397521973,7.982961654663086
2003-07-07,,14.071998596191406,,,,,66.10504913330078,8.14036750793457,8.073437690734863
2003-07-08,,14.36363697052002,,,,,66.40044403076172,8.123120307922363,8.045165061950684
2003-07-09,,14.418242454528809,,,,,66.02629852294922,8.113531112670898,8.080507278442383
2003-07-10,,14.181201934814453,,,,,65.18602752685547,7.96978235244751,7.9603447914123535
2003-07-11,,14.317719459533691,,,,,65.8031005859375,8.019615173339844,8.03668212890625
2003-07-14,,14.394664764404297,,,,,66.12474822998047,8.098197937011719,8.128573417663574
2003-07-15,,14.323928833007812,,,,,65.98033142089844,8.082868576049805,8.033148765563965
2003-07-16,,14.234567642211914,,,,,65.59302520751953,8.059864044189453,7.9426751136779785
2003-07-17,,13.908180236816406,,,,,64.6608657836914,7.985113620758057,7.893194675445557
2003-07-18,,14.028555870056152,,,,,65.32386779785156,8.013859748840332,7.994272232055664
2003-07-21,,13.83248233795166,,,,,64.51644134521484,7.906527042388916,7.86704158782959
2003-07-22,,13.976439476013184,,,,,65.10063934326172,8.013859748840332,7.917226314544678
2003-07-23,,14.052138328552246,,,,,65.14662170410156,8.013859748840332,7.894602298736572
2003-07-24,,14.054616928100586,,,,,64.65430450439453,8.002365112304688,7.924296855926514
2003-07-25,,14.107980728149414,,,,,65.7965316772461,8.002365112304688,7.958928108215332
2003-07-28,,14.253182411193848,,,,,65.55363464355469,8.12886905670166,7.958928108215332
2003-07-29,,14.289172172546387,,,,,65.25164794921875,8.073283195495605,7.953275203704834
2003-07-30,,14.250699996948242,,,,,65.0941162109375,8.033029556274414,7.895315170288086
2003-07-31,,14.285449981689453,,,,,65.24508666992188,8.126953125,7.872694969177246
2003-08-01,,14.091856002807617,,,,,64.66740417480469,7.985113620758057,7.77161979675293
2003-08-04,,14.054616928100586,,,,,64.66740417480469,8.03111743927002,7.814031600952148
2003-08-05,,13.836201667785645,,,,,63.29542541503906,7.88735818862915,7.711540699005127
2003-08-06,,13.76422119140625,,,,,63.66303634643555,7.908446311950684,7.765964508056641
2003-08-07,,13.862259864807129,,,,,64.33261108398438,7.891196250915527,7.7687907218933105
2003-08-08,,13.827509880065918,,,,,64.51644134521484,7.91994571685791,7.838766574859619
2003-08-11,,13.949129104614258,,,,,64.75931549072266,7.946775436401367,7.84583854675293
2003-08-12,,14.170036315917969,,,,,65.35012817382812,7.956366062164307,7.90733528137207
2003-08-13,,14.234567642211914,,,,,65.01535034179688,7.964029788970947,7.8628010749816895
2003-08-14,,14.310274124145508,,,,,65.19254302978516,8.008112907409668,7.905920028686523
2003-08-15,,14.420735359191895,,,,,65.39608764648438,8.050281524658203,7.920053958892822
2003-08-18,,14.635419845581055,,,,,65.96066284179688,8.11161994934082,7.944795608520508
2003-08-19,,14.867490768432617,,,,,66.2101058959961,8.159534454345703,7.899557590484619
2003-08-20,,14.869972229003906,,,,,65.94091796875,8.125035285949707,7.954690456390381
2003-08-21,,14.970500946044922,,,,,66.15098571777344,8.14036750793457,7.94408655166626
2003-08-22,,14.703675270080566,,,,,65.49454498291016,8.115450859069824,7.838766574859619
2003-08-25,,14.67016887664795,,,,,65.59955596923828,8.088615417480469,7.8253397941589355
2003-08-26,,14.766968727111816,,,,,65.71772003173828,8.12886905670166,7.838766574859619
2003-08-27,,14.762009620666504,,,,,65.73744201660156,8.11161994934082,7.821099758148193
2003-08-28,,14.965536117553711,,,,,66.14442443847656,8.144201278686523,7.852903366088867
2003-08-29,,14.999044418334961,,,,,66.59082794189453,8.232372283935547,7.905920028686523
2003-09-02,,15.264619827270508,,,,,67.48359680175781,8.33395767211914,7.996395587921143
2003-09-03,,15.370105743408203,,,,,67.85121154785156,8.385710716247559,8.06495475769043
2003-09-04,,15.425949096679688,,,,,67.88408660888672,8.414462089538574,8.043750762939453
2003-09-05,,15.24600887298584,,,,,67.50332641601562,8.34354305267334,8.005579948425293
2003-09-08,,15.450776100158691,,,,,68.06130981445312,8.435545921325684,8.093231201171875
2003-09-09,,15.33288288116455,,,,,67.61491394042969,8.362706184387207,8.040216445922852
2003-09-10,,15.028825759887695,,,,,66.93215942382812,8.289876937866211,7.966003894805908
2003-09-11,,15.140519142150879,,,,,67.12913513183594,8.349292755126953,7.9872026443481445
2003-09-12,,15.188929557800293,,,,,67.25384521484375,8.318626403808594,8.013361930847168
2003-09-15,,15.136085510253906,,,,,67.01751708984375,8.305211067199707,7.997808933258057
2003-09-16,,15.339974403381348,,,,,67.99563598632812,8.385710716247559,8.062832832336426
2003-09-17,,15.33375358581543,,,,,67.86437225341797,8.416373252868652,8.062832832336426
2003-09-18,,15.465533256530762,,,,,68.6652603149414,8.50646686553955,8.191476821899414
2003-09-19,,15.316339492797852,,,,,68.31596374511719,8.451956748962402,8.17427921295166
2003-09-22,,15.194512367248535,,,,,67.57792663574219,8.323378562927246,8.060546875
2003-09-23,,15.277812957763672,,,,,67.8349380493164,8.409736633300781,8.078316688537598
2003-09-24,,15.005549430847168,,,,,66.6290283203125,8.250449180603027,7.967432498931885
2003-09-25,,14.652475357055664,,,,,66.08206176757812,8.281157493591309,7.975245475769043
2003-09-26,,14.402586936950684,,,,,65.86458587646484,8.177522659301758,7.890669345855713
2003-09-29,,14.645023345947266,,,,,66.51038360595703,8.166007995605469,7.936156272888184
2003-09-30,,14.592802047729492,,,,,65.86458587646484,8.137218475341797,7.876448154449463
2003-10-01,,14.91851806640625,,,,,67.26819610595703,8.263884544372559,7.996572017669678
2003-10-02,,15.022951126098633,,,,,67.51203155517578,8.309945106506348,8.0747652053833
2003-10-03,,15.315113067626953,,,,,68.13150024414062,8.440447807312012,8.123808860778809
2003-10-06,,15.377272605895996,,,,,68.44116973876953,8.44428825378418,8.167168617248535
2003-10-07,,15.518989562988281,,,,,68.70479583740234,8.425090789794922,8.187070846557617
2003-10-08,,15.384725570678711,,,,,68.5334701538086,8.419337272644043,8.135181427001953
2003-10-09,,15.502838134765625,,,,,68.71794128417969,8.486507415771484,8.160772323608398
2003-10-10,,15.468021392822266,,,,,68.90902709960938,8.501858711242676,8.149397850036621
2003-10-13,,15.684342384338379,,,,,69.12651062011719,8.526810646057129,8.167879104614258
2003-10-14,,15.788775444030762,,,,,69.3703384399414,8.578624725341797,8.202710151672363
2003-10-15,,15.664448738098145,,,,,69.18582916259766,8.557511329650879,8.18848991394043
2003-10-16,,15.798711776733398,,,,,69.46257019042969,8.590141296386719,8.23967170715332
2003-10-17,,15.556286811828613,,,,,68.70479583740234,8.492263793945312,8.143003463745117
2003-10-20,,15.58985424041748,,,,,69.21878814697266,8.553675651550293,8.177117347717285
2003-10-21,,15.602294921875,,,,,69.10016632080078,8.597816467285156,8.204131126403809
2003-10-22,,15.395916938781738,,,,,68.23029327392578,8.482666015625,8.03567123413086
2003-10-23,,15.316339492797852,,,,,68.10511016845703,8.450040817260742,8.08400821685791
2003-10-24,,15.192023277282715,,,,,68.25666809082031,8.379034996032715,8.027849197387695
2003-10-27,,15.461801528930664,,,,,68.28963470458984,8.459638595581055,8.11954116821289
2003-10-28,,15.760169982910156,,,,,69.21878814697266,8.565194129943848,8.157926559448242
2003-10-29,,15.857139587402344,,,,,69.31106567382812,8.586301803588867,8.197733879089355
2003-10-30,,15.854656219482422,,,,,69.45600128173828,8.5690279006958,8.17782974243164
2003-10-31,,15.853414535522461,,,,,69.39007568359375,8.605497360229492,8.23398494720459
2003-11-03,,16.130651473999023,,,,,69.84479522705078,8.689937591552734,8.291560173034668
2003-11-04,,16.165462493896484,,,,,69.69324493408203,8.634285926818848,8.227585792541504
2003-11-05,,16.170429229736328,,,,,69.74593353271484,8.574787139892578,8.209818840026855
2003-11-06,,16.2363224029541,,,,,70.11499786376953,8.636198997497559,8.221190452575684
2003-11-07,,16.2363224029541,,,,,69.59442901611328,8.67458438873291,8.205554008483887
2003-11-10,,15.993898391723633,,,,,69.31106567382812,8.570947647094727,8.18848991394043
2003-11-11,,15.901901245117188,,,,,69.29125213623047,8.565194129943848,8.165748596191406
2003-11-12,,16.21767234802246,,,,,70.06883239746094,8.680342674255371,8.249622344970703
2003-11-13,,16.242542266845703,,,,,70.0886001586914,8.678418159484863,8.23114013671875
2003-11-14,,16.012548446655273,,,,,69.49552917480469,8.617010116577148,8.207680702209473
2003-11-17,,15.879524230957031,,,,,69.1462631225586,8.54408073425293,8.153664588928223
2003-11-18,,15.72661018371582,,,,,68.4280014038086,8.482666015625,8.116703987121582
2003-11-19,,15.857139587402344,,,,,69.00790405273438,8.557511329650879,8.184940338134766
2003-11-20,,15.751472473144531,,,,,68.3884506225586,8.536406517028809,8.118833541870117
2003-11-21,,15.869575500488281,,,,,68.67182159423828,8.442366600036621,8.095376968383789
2003-11-24,,16.248754501342773,,,,,69.58116912841797,8.634285926818848,8.17782974243164
2003-11-25,,16.38674545288086,,,,,69.84479522705078,8.664984703063965,8.238247871398926
2003-11-26,,16.433998107910156,,,,,70.09521484375,8.661152839660645,8.265968322753906
2003-11-28,,16.466320037841797,,,,,70.14793395996094,8.680342674255371,8.275214195251465
2003-12-01,,16.691343307495117,,,,,70.90575408935547,8.730238914489746,8.306482315063477
2003-12-02,,16.65901756286621,,,,,70.72784423828125,8.709127426147461,8.37116813659668
2003-12-03,,16.354429244995117,,,,,70.61579132080078,8.678418159484863,8.355533599853516
2003-12-04,,16.38301658630371,,,,,70.90575408935547,8.678418159484863,8.405289649963379
2003-12-05,,16.211462020874023,,,,,70.41152954101562,8.636198997497559,8.387517929077148
2003-12-08,,16.328319549560547,,,,,70.88600158691406,8.672662734985352,8.423055648803711
2003-12-09,,16.09210968017578,,,,,70.33904266357422,8.609330177307129,8.37685489654541
2003-12-10,,15.945413589477539,,,,,70.33242797851562,8.601656913757324,8.34842586517334
2003-12-11,,16.305950164794922,,,,,71.1231918334961,8.69953441619873,8.485610008239746
2003-12-12,,16.43522834777832,,,,,71.2616195678711,8.7379150390625,8.48987102508545
2003-12-15,,16.160602569580078,,,,,70.90575408935547,8.726402282714844,8.458600044250488
2003-12-16,,16.179288864135742,,,,,71.27477264404297,8.728318214416504,8.536794662475586
2003-12-17,,16.247783660888672,,,,,71.49880981445312,8.709127426147461,8.541053771972656
2003-12-18,,16.43088150024414,,,,,72.30277252197266,8.830036163330078,8.625640869140625
2003-12-19,,16.46451187133789,,,,,72.10153198242188,8.820618629455566,8.645623207092285
2003-12-22,,16.59404182434082,,,,,72.60466766357422,8.774481773376465,8.674275398254395
2003-12-23,,16.689945220947266,,,,,72.65103912353516,8.857137680053711,8.727996826171875
2003-12-24,,16.577852249145508,,,,,72.57820892333984,8.8052396774292,8.7236967086792
2003-12-26,,16.68744659423828,,,,,72.63117218017578,8.866747856140137,8.710806846618652
2003-12-29,,16.914142608642578,,,,,73.59781646728516,8.932097434997559,8.798192977905273
2003-12-30,,16.939048767089844,,,,,73.6110610961914,8.947481155395508,8.839022636413574
2003-12-31,,16.689945220947266,,,,,73.67725372314453,8.966700553894043,8.857643127441406
2004-01-02,,16.772140502929688,,,,,73.6441879272461,8.918644905090332,8.854063987731934
2004-01-05,,16.97641372680664,,,,,74.44532012939453,9.057038307189941,8.956491470336914
2004-01-06,,16.93656349182129,,,,,74.51815795898438,9.089715957641602,8.957210540771484
2004-01-07,,17.069826126098633,,,,,74.76972198486328,9.122390747070312,8.931419372558594
2004-01-08,,17.11591148376465,,,,,75.0676498413086,9.151222229003906,8.987293243408203
2004-01-09,,16.963958740234375,,,,,74.41219329833984,9.087793350219727,8.917817115783691
2004-01-12,,17.150785446166992,,,,,74.96170806884766,9.149296760559082,8.95219612121582
2004-01-13,,17.1744441986084,,,,,74.52474975585938,9.070494651794434,8.868391036987305
2004-01-14,,17.28156280517578,,,,,75.14713287353516,9.13007640838623,8.97010612487793
2004-01-15,,17.302743911743164,,,,,75.33251190185547,9.166601181030273,8.994457244873047
2004-01-16,,17.300251007080078,,,,,75.63041687011719,9.1800537109375,9.051043510437012
2004-01-20,,17.484577178955078,,,,,75.61056518554688,9.187738418579102,9.071097373962402
2004-01-21,,17.56180763244629,,,,,76.2064437866211,9.243483543395996,9.150609970092773
2004-01-22,,17.437252044677734,,,,,76.00782775878906,9.218498229980469,9.117660522460938
2004-01-23,,17.587968826293945,,,,,75.76286315917969,9.214652061462402,9.077542304992676
2004-01-26,,17.7436580657959,,,,,76.71624755859375,9.324213981628418,9.204333305358887
2004-01-27,,17.48707389831543,,,,,75.92838287353516,9.245400428771973,9.144160270690918
2004-01-28,,17.250425338745117,,,,,75.06101989746094,9.066650390625,9.001620292663574
2004-01-29,,17.14706039428711,,,,,75.13387298583984,9.14546012878418,9.053911209106445
2004-01-30,,17.184419631958008,,,,,75.13387298583984,9.141606330871582,9.040299415588379
2004-02-02,,17.145809173583984,,,,,75.45826721191406,9.193507194519043,9.063939094543457
2004-02-03,,17.13335609436035,,,,,75.33251190185547,9.189668655395508,9.053911209106445
2004-02-04,,16.80079460144043,,,,,74.71674346923828,9.114702224731445,9.032422065734863
2004-02-05,,16.941539764404297,,,,,74.93524169921875,9.105090141296387,8.995890617370605
2004-02-06,,17.300251007080078,,,,,75.7761001586914,9.230027198791504,9.061073303222656
2004-02-09,,17.37497329711914,,,,,75.79596710205078,9.218498229980469,9.06179141998291
2004-02-10,,17.54935073852539,,,,,76.04093933105469,9.255020141601562,9.076831817626953
2004-02-11,,17.71625328063965,,,,,76.84867858886719,9.314599990844727,9.22008991241455
2004-02-12,,17.64151382446289,,,,,76.57061767578125,9.283845901489258,9.175678253173828
2004-02-13,,17.4248046875,,,,,76.2262954711914,9.23194694519043,9.157767295837402
2004-02-17,,17.66767120361328,,,,,76.91490173339844,9.29730224609375,9.237279891967773
2004-02-18,,17.635299682617188,,,,,76.57720947265625,9.285770416259766,9.159204483032227
2004-02-19,,17.337610244750977,,,,,76.29253387451172,9.245400428771973,9.168516159057617
2004-02-20,,17.27284812927246,,,,,76.06080627441406,9.203115463256836,9.143445014953613
2004-02-23,,17.076053619384766,,,,,75.8687973022461,9.131999969482422,9.154190063476562
2004-02-24,,17.125883102416992,,,,,75.73637390136719,9.114702224731445,9.121959686279297
2004-02-25,,17.34758186340332,,,,,76.05416870117188,9.191582679748535,9.174962043762207
2004-02-26,,17.44971466064453,,,,,76.10049438476562,9.195429801940918,9.18212604522705
2004-02-27,,17.498291015625,,,,,76.15350341796875,9.185821533203125,9.20146369934082
2004-03-01,,17.840805053710938,,,,,76.90824127197266,9.258862495422363,9.29028606414795
2004-03-02,,17.736181259155273,,,,,76.45803833007812,9.187738418579102,9.239429473876953
2004-03-03,,17.767324447631836,,,,,76.59707641601562,9.199272155761719,9.247307777404785
2004-03-04,,17.920522689819336,,,,,76.79571533203125,9.216574668884277,9.27524185180664
2004-03-05,,17.899337768554688,,,,,77.05393981933594,9.247328758239746,9.341141700744629
2004-03-08,,17.748632431030273,,,,,76.11377716064453,9.158909797668457,9.278826713562012
2004-03-09,,17.656471252441406,,,,,75.80919647216797,9.103169441223145,9.19072437286377
2004-03-10,,17.275341033935547,,,,,74.53797149658203,8.972463607788086,9.05677604675293
2004-03-11,,17.09598731994629,,,,,73.57132720947266,8.909032821655273,8.917817115783691
2004-03-12,,17.52444076538086,,,,,74.53797149658203,8.930177688598633,8.971535682678223
2004-03-15,,17.125883102416992,,,,,73.6242904663086,8.876359939575195,8.864093780517578
2004-03-16,,17.125883102416992,,,,,74.01496124267578,8.870590209960938,8.953628540039062
2004-03-17,,17.38743019104004,,,,,74.84252166748047,8.99360466003418,9.043164253234863
2004-03-18,,17.250425338745117,,,,,74.86244201660156,8.941713333129883,9.041730880737305
2004-03-19,,17.150785446166992,,,,,73.78939056396484,8.936704635620117,8.933893203735352
2004-03-22,,16.894214630126953,,,,,72.85258483886719,8.763518333435059,8.773977279663086
2004-03-23,,16.89545249938965,,,,,72.7263412475586,8.767363548278809,8.77253532409668
2004-03-24,,16.84564208984375,,,,,72.78612518310547,8.798151969909668,8.719947814941406
2004-03-25,,17.165735244750977,,,,,73.74951934814453,8.925159454345703,8.808555603027344
2004-03-26,,17.205595016479492,,,,,73.76947784423828,8.892447471618652,8.885629653930664
2004-03-29,,17.57421112060547,,,,,74.8059310913086,9.019457817077637,8.939658164978027
2004-03-30,,17.710186004638672,,,,,75.05841064453125,9.030997276306152,9.004485130310059
2004-03-31,,17.76382827758789,,,,,75.14478302001953,9.027148246765137,9.006649017333984
2004-04-01,,17.844911575317383,,,,,75.59660339355469,9.021377563476562,9.045553207397461
2004-04-02,,18.056983947753906,,,,,76.16797637939453,9.181098937988281,9.059958457946777
2004-04-05,,18.201684951782227,,,,,76.5865707397461,9.261920928955078,9.131270408630371
2004-04-06,,18.0407657623291,,,,,76.34071350097656,9.225360870361328,9.153602600097656
2004-04-07,,18.123088836669922,,,,,76.16131591796875,9.163779258728027,9.126949310302734
2004-04-08,,17.973403930664062,,,,,75.98859405517578,9.144537925720215,9.053474426269531
2004-04-12,,18.06322479248047,,,,,76.28758239746094,9.209964752197266,9.108221054077148
2004-04-13,,17.675262451171875,,,,,75.21791076660156,9.140687942504883,8.967031478881836
2004-04-14,,17.60166358947754,,,,,75.33747100830078,9.129140853881836,8.943260192871094
2004-04-15,,17.52057456970215,,,,,75.05175018310547,9.158004760742188,8.942537307739258
2004-04-16,,17.647809982299805,,,,,75.62979888916016,9.1329927444458,9.01961898803711
2004-04-19,,17.75759506225586,,,,,75.62979888916016,9.192646026611328,8.982880592346191
2004-04-20,,17.435739517211914,,,,,74.36076354980469,9.042547225952148,9.001606941223145
2004-04-21,,17.664033889770508,,,,,74.85909271240234,9.082958221435547,8.946145057678223
2004-04-22,,17.994609832763672,,,,,75.90885925292969,9.209964752197266,9.087329864501953
2004-04-23,,17.92224884033203,,,,,75.9819107055664,9.227282524108887,9.051315307617188
2004-04-26,,17.83992576599121,,,,,75.87561798095703,9.179176330566406,9.0174560546875
2004-04-27,,17.861141204833984,,,,,75.94210052490234,9.196494102478027,9.066438674926758
2004-04-28,,17.551761627197266,,,,,74.9587631225586,9.084882736206055,8.935338020324707
2004-04-29,,17.24612808227539,,,,,74.30099487304688,9.023303985595703,8.89931583404541
2004-04-30,,17.072736740112305,,,,,73.72298431396484,8.996362686157227,8.907242774963379
2004-05-03,,17.254867553710938,,,,,74.51358795166016,9.000210762023926,8.960550308227539
2004-05-04,,17.380855560302734,,,,,74.45380401611328,8.977119445800781,8.996565818786621
2004-05-05,,17.417036056518555,,,,,74.93215942382812,9.025230407714844,9.003049850463867
2004-05-06,,17.218687057495117,,,,,74.28771209716797,8.975192070007324,8.930294036865234
2004-05-07,,16.772092819213867,,,,,73.05852508544922,8.93863296508789,8.777572631835938
2004-05-10,,16.46772575378418,,,,,72.30775451660156,8.828950881958008,8.642145156860352
2004-05-11,,16.780832290649414,,,,,72.91902160644531,8.923236846923828,8.679608345031738
2004-05-12,,16.84071159362793,,,,,73.38408660888672,8.909761428833008,8.70770263671875
2004-05-13,,16.69099998474121,,,,,73.0784683227539,8.890524864196777,8.722108840942383
2004-05-14,,16.612430572509766,,,,,73.1116943359375,8.892447471618652,8.789820671081543
2004-05-17,,16.4303035736084,,,,,72.48713684082031,8.79045295715332,8.659438133239746
2004-05-18,,16.633623123168945,,,,,72.85258483886719,8.848183631896973,8.737954139709473
2004-05-19,,16.53009033203125,,,,,72.6000747680664,8.890524864196777,8.70482063293457
2004-05-20,,16.608678817749023,,,,,72.83265686035156,8.838566780090332,8.729313850402832
2004-05-21,,16.769609451293945,,,,,72.95885467529297,8.842413902282715,8.730752944946289
2004-05-24,,16.956724166870117,,,,,73.2645034790039,8.86550521850586,8.757408142089844
2004-05-25,,17.364635467529297,,,,,74.31426239013672,8.959798812866211,8.879146575927734
2004-05-26,,17.451969146728516,,,,,74.57340240478516,9.019457817077637,8.889233589172363
2004-05-27,,17.440736770629883,,,,,74.99197387695312,9.077188491821289,8.896432876586914
2004-05-28,,17.44197654724121,,,,,74.98529052734375,9.082958221435547,8.910842895507812
2004-06-01,,17.564233779907227,,,,,74.88565826416016,9.086806297302246,8.88131046295166
2004-06-02,,17.546770095825195,,,,,75.16473388671875,9.140687942504883,8.946145057678223
2004-06-03,,17.23615264892578,,,,,74.47373962402344,9.1002779006958,8.889233589172363
2004-06-04,,17.432010650634766,,,,,75.06504821777344,9.106048583984375,8.953343391418457
2004-06-07,,17.766324996948242,,,,,76.20781707763672,9.208041191101074,9.024658203125
2004-06-08,,17.79252052307129,,,,,76.31413269042969,9.233057975769043,9.066438674926758
2004-06-09,,17.581695556640625,,,,,75.60323333740234,9.186873435974121,9.010971069335938
2004-06-10,,17.558000564575195,,,,,75.97530364990234,9.183026313781738,9.041229248046875
2004-06-14,,17.33470344543457,,,,,75.22449493408203,9.1002779006958,8.96126937866211
2004-06-15,,17.60416030883789,,,,,75.75605773925781,9.171480178833008,8.999449729919434
2004-06-16,,17.738876342773438,,,,,75.74275207519531,9.177249908447266,9.040509223937988
2004-06-17,,17.745113372802734,,,,,75.62979888916016,9.117597579956055,9.049151420593262
2004-06-18,,17.721418380737305,,,,,75.77252197265625,9.157488822937012,9.09563159942627
2004-06-21,,17.726404190063477,,,,,75.48577880859375,9.099677085876465,9.08911418914795
2004-06-22,,17.812480926513672,,,,,75.86583709716797,9.132434844970703,9.052193641662598
2004-06-23,,18.028289794921875,,,,,76.51937866210938,9.21529769897461,9.173091888427734
2004-06-24,,17.99211883544922,,,,,76.27932739257812,9.172901153564453,9.128205299377441
2004-06-25,,18.156776428222656,,,,,75.91254425048828,9.140142440795898,9.107213020324707
2004-06-28,,18.08964729309082,,,,,75.65250396728516,9.10352897644043,9.071015357971191
2004-06-29,,18.273406982421875,,,,,75.96587371826172,9.140142440795898,9.090561866760254
2004-06-30,,18.40091323852539,,,,,76.3726806640625,9.192177772521973,9.126760482788086
2004-07-01,,18.177160263061523,,,,,75.31239318847656,9.057279586791992,9.027579307556152
2004-07-02,,18.147151947021484,,,,,75.27237701416016,9.009100914001465,9.026127815246582
2004-07-06,,17.91714096069336,,,,,74.61222076416016,8.960925102233887,8.976902961730957
2004-07-07,,17.860883712768555,,,,,74.832275390625,8.93587589263916,9.000067710876465
2004-07-08,,17.563379287719727,,,,,74.31214904785156,8.885769844055176,8.970388412475586
2004-07-09,,17.620874404907227,,,,,74.50553894042969,8.899259567260742,8.984142303466797
2004-07-12,,17.577119827270508,,,,,74.53885650634766,8.90311336517334,9.012373924255371
2004-07-13,,17.615873336791992,,,,,74.59222412109375,8.912747383117676,9.018893241882324
2004-07-14,,17.519622802734375,,,,,74.36548614501953,8.876133918762207,8.994277954101562
2004-07-15,,17.569625854492188,,,,,73.88536071777344,8.820243835449219,8.955904960632324
2004-07-16,,17.464611053466797,,,,,73.82537841796875,8.775923728942871,8.938531875610352
2004-07-19,,17.444622039794922,,,,,73.51190185546875,8.727749824523926,8.968212127685547
2004-07-20,,17.72587013244629,,,,,74.44551086425781,8.775923728942871,8.979072570800781
2004-07-21,,17.219606399536133,,,,,73.07181549072266,8.710408210754395,8.930567741394043
2004-07-22,,17.157102584838867,,,,,73.27189636230469,8.723896026611328,8.908129692077637
2004-07-23,,16.975849151611328,,,,,72.65838623046875,8.594781875610352,8.866866111755371
2004-07-26,,16.804594039916992,,,,,72.51834106445312,8.552382469177246,8.860346794128418
2004-07-27,,17.12710189819336,,,,,73.1985092163086,8.644885063171387,8.912471771240234
2004-07-28,,17.063350677490234,,,,,73.41860961914062,8.646808624267578,8.976180076599121
2004-07-29,,17.29836654663086,,,,,73.73197937011719,8.666081428527832,9.026127815246582
2004-07-30,,17.387115478515625,,,,,73.91205596923828,8.694985389709473,8.994277954101562
2004-08-02,,17.365861892700195,,,,,74.06541442871094,8.735459327697754,9.056534767150879
2004-08-03,,17.143354415893555,,,,,73.49192810058594,8.694985389709473,9.033370018005371
2004-08-04,,17.150854110717773,,,,,73.48524475097656,8.669936180114746,9.023956298828125
2004-08-05,,16.793338775634766,,,,,72.28496551513672,8.517692565917969,8.883516311645508
2004-08-06,,16.43831443786621,,,,,71.25137329101562,8.392436027526855,8.793023109436035
2004-08-09,,16.397064208984375,,,,,71.35136413574219,8.382800102233887,8.785058975219727
2004-08-10,,16.67333221435547,,,,,72.27161407470703,8.42905044555664,8.838628768920898
2004-08-11,,16.657075881958008,,,,,72.12493133544922,8.403998374938965,8.876996040344238
2004-08-12,,16.37457275390625,,,,,71.33805084228516,8.371243476867676,8.83790397644043
2004-08-13,,16.36457061767578,,,,,71.47810363769531,8.315352439880371,8.814738273620605
2004-08-16,,16.68208885192871,,,,,72.21826934814453,8.45988655090332,8.923328399658203
2004-08-17,,16.74458122253418,,,,,72.62504577636719,8.494566917419434,8.915362358093262
2004-08-18,,17.044605255126953,,,,,73.37191009521484,8.575506210327148,9.028300285339355
2004-08-19,,17.009597778320312,,,,,73.15850067138672,8.554308891296387,9.01599407196045
2004-08-20,,17.268360137939453,,,,,73.6719741821289,8.615974426269531,9.088390350341797
2004-08-23,,17.150854110717773,,,,,73.48524475097656,8.619828224182129,9.050743103027344
2004-08-24,,17.165855407714844,,,,,73.5853042602539,8.592852592468262,9.033370018005371
2004-08-25,,17.26460838317871,,,,,74.08541870117188,8.693060874938965,9.12024211883545
2004-08-26,,17.212112426757812,,,,,74.08541870117188,8.679570198059082,9.144135475158691
2004-08-27,,17.35711097717285,,,,,74.3188247680664,8.721960067749023,9.16295337677002
2004-08-30,,17.11334991455078,,,,,73.70529174804688,8.658374786376953,9.105767250061035
2004-08-31,,17.213356018066406,,,,,74.09208679199219,8.587068557739258,9.14920425415039
2004-09-01,,17.35961151123047,,,,,74.23208618164062,8.646808624267578,9.157166481018066
2004-09-02,,17.62588119506836,,,,,75.07231903076172,8.685352325439453,9.206393241882324
2004-09-03,,17.49962615966797,,,,,74.76556396484375,8.706544876098633,9.24982738494873
2004-09-07,,17.737131118774414,,,,,75.25899505615234,8.723896026611328,9.286748886108398
2004-09-08,,17.578372955322266,,,,,75.07231903076172,8.733530044555664,9.291090965270996
2004-09-09,,17.794641494750977,,,,,75.00565338134766,8.748945236206055,9.303399085998535
2004-09-10,,17.8946475982666,,,,,75.39241790771484,8.766292572021484,9.28964900970459
2004-09-13,,18.033401489257812,,,,,75.63915252685547,8.78363037109375,9.334531784057617
2004-09-14,,17.979642868041992,,,,,75.79248046875,8.831809043884277,9.356971740722656
2004-09-15,,17.87089729309082,,,,,75.21904754638672,8.739313125610352,9.290375709533691
2004-09-16,,18.039653778076172,,,,,75.44579315185547,8.770145416259766,9.34683895111084
2004-09-17,,18.007152557373047,,,,,75.76648712158203,8.762612342834473,9.390290260314941
2004-09-20,,17.969635009765625,,,,,75.31116485595703,8.74330997467041,9.329780578613281
2004-09-21,,18.147151947021484,,,,,75.63928985595703,8.774199485778809,9.409977912902832
2004-09-22,,17.8746395111084,,,,,74.69514465332031,8.675743103027344,9.29624080657959
2004-09-23,,17.838388442993164,,,,,74.29336547851562,8.658368110656738,9.22989559173584
2004-09-24,,17.885892868041992,,,,,74.6348648071289,8.639065742492676,9.212395668029785
2004-09-27,,17.689620971679688,,,,,74.159423828125,8.565705299377441,9.185419082641602
2004-09-28,,17.874988555908203,,,,,74.51431274414062,8.627477645874023,9.246665000915527
2004-09-29,,18.080402374267578,,,,,74.8893051147461,8.660294532775879,9.255412101745605
2004-09-30,,18.066633224487305,,,,,74.83575439453125,8.66222858428955,9.20656681060791
2004-10-01,,18.518795013427734,,,,,76.1013412475586,8.808947563171387,9.350191116333008
2004-10-04,,18.572664260864258,,,,,76.22854614257812,8.849491119384766,9.407059669494629
2004-10-05,,18.56513786315918,,,,,76.26871490478516,8.82438850402832,9.407059669494629
2004-10-06,,18.690401077270508,,,,,76.79100036621094,8.857210159301758,9.426738739013672
2004-10-07,,18.412330627441406,,,,,75.96737670898438,8.793501853942871,9.37862491607666
2004-10-08,,18.161828994750977,,,,,75.33795166015625,8.681536674499512,9.3574800491333
2004-10-11,,18.214433670043945,,,,,75.64595031738281,8.722076416015625,9.383727073669434
2004-10-12,,18.181873321533203,,,,,75.35139465332031,8.720141410827637,9.343629837036133
2004-10-13,,17.972692489624023,,,,,74.68841552734375,8.646780014038086,9.248123168945312
2004-10-14,,17.823640823364258,,,,,74.08578491210938,8.565705299377441,9.18834114074707
2004-10-15,,17.980209350585938,,,,,74.50096130371094,8.600451469421387,9.241565704345703
2004-10-18,,18.01652717590332,,,,,74.78215789794922,8.654507637023926,9.256869316101074
2004-10-19,,17.85118865966797,,,,,74.1527328491211,8.590797424316406,9.167926788330078
2004-10-20,,17.965177536010742,,,,,74.00543975830078,8.623616218566895,9.136582374572754
2004-10-21,,18.201908111572266,,,,,74.487548828125,8.668020248413086,9.148967742919922
2004-10-22,,17.888771057128906,,,,,73.6505355834961,8.536742210388184,9.106687545776367
2004-10-25,,18.05535125732422,,,,,73.56346893310547,8.503929138183594,9.068048477172852
2004-10-26,,18.297094345092773,,,,,74.68841552734375,8.608176231384277,9.18468952178955
2004-10-27,,18.55636978149414,,,,,75.58567810058594,8.75682544708252,9.308633804321289
2004-10-28,,18.444902420043945,,,,,75.81336212158203,8.764545440673828,9.288949012756348
2004-10-29,,18.441144943237305,,,,,75.79997253417969,8.785778045654297,9.307903289794922
2004-11-01,,18.538850784301758,,,,,76.007568359375,8.791573524475098,9.339252471923828
2004-11-02,,18.500003814697266,,,,,76.03433227539062,8.805085182189941,9.33634090423584
2004-11-03,,18.819412231445312,,,,,76.99188995361328,8.907405853271484,9.436946868896484
2004-11-04,,19.057395935058594,,,,,78.04319763183594,9.02902889251709,9.597344398498535
2004-11-05,,19.198930740356445,,,,,78.53201293945312,9.096596717834473,9.61921215057373
2004-11-08,,19.109989166259766,,,,,78.41817474365234,9.092735290527344,9.619939804077148
2004-11-09,,19.188905715942383,,,,,78.26412963867188,9.123623847961426,9.592243194580078
2004-11-10,,19.259052276611328,,,,,78.3244400024414,9.065702438354492,9.624317169189453
2004-11-11,,19.421884536743164,,,,,78.92040252685547,9.1467866897583,9.697219848632812
2004-11-12,,19.603498458862305,,,,,79.54310607910156,9.208563804626465,9.761380195617676
2004-11-15,,19.684911727905273,,,,,79.73853302001953,9.260688781738281,9.737322807312012
2004-11-16,,19.51331901550293,,,,,79.16766357421875,9.216289520263672,9.688472747802734
2004-11-17,,19.663619995117188,,,,,79.63782501220703,9.212427139282227,9.73003101348877
2004-11-18,,19.651094436645508,,,,,79.74524688720703,9.225936889648438,9.761380195617676
2004-11-19,,19.401845932006836,,,,,78.85877990722656,9.106246948242188,9.65129280090332
2004-11-22,,19.65986442565918,,,,,79.23484802246094,9.160300254821777,9.696497917175293
2004-11-23,,19.727502822875977,,,,,79.35572814941406,9.156440734863281,9.691390037536621
2004-11-24,,19.921648025512695,,,,,79.54378509521484,9.196978569030762,9.719095230102539
2004-11-26,,19.952957153320312,,,,,79.48336029052734,9.19118881225586,9.7540864944458
2004-11-29,,20.024354934692383,,,,,79.12068176269531,9.154509544372559,9.713258743286133
2004-11-30,,20.059423446655273,,,,,79.1744155883789,9.086944580078125,9.710341453552246
2004-12-01,,20.3099308013916,,,,,80.0743408203125,9.2298002243042,9.8065767288208
2004-12-02,,20.187183380126953,,,,,80.1415023803711,9.283854484558105,9.805850982666016
2004-12-03,,20.1896915435791,,,,,80.0877685546875,9.324394226074219,9.759190559387207
2004-12-06,,20.04564666748047,,,,,80.06089782714844,9.29737377166748,9.76502799987793
2004-12-07,,19.671123504638672,,,,,79.31544494628906,9.206633567810059,9.714725494384766
2004-12-08,,19.767589569091797,,,,,79.77881622314453,9.252969741821289,9.740242958068848
2004-12-09,,19.735010147094727,,,,,80.06089782714844,9.32053279876709,9.751173973083496
2004-12-10,,19.85901641845703,,,,,80.1415023803711,9.305086135864258,9.783252716064453
2004-12-13,,20.018081665039062,,,,,80.83998107910156,9.316670417785645,9.887508392333984
2004-12-14,,20.152114868164062,,,,,81.12205505371094,9.376517295837402,9.927607536315918
2004-12-15,,20.278610229492188,,,,,81.18247985839844,9.366869926452637,9.971349716186523
2004-12-16,,20.14208984375,,,,,81.13546752929688,9.349493980407715,9.966246604919434
2004-12-17,,20.053157806396484,,,,,80.59429931640625,9.334099769592285,9.874897956848145
2004-12-20,,20.08448028564453,,,,,80.6145248413086,9.295135498046875,9.863162994384766
2004-12-21,,20.281129837036133,,,,,81.23529815673828,9.363325119018555,9.952672958374023
2004-12-22,,20.3587703704834,,,,,81.4310073852539,9.4061861038208,9.981285095214844
2004-12-23,,20.383827209472656,,,,,81.4917221069336,9.400343894958496,10.01723861694336
2004-12-27,,20.18707847595215,,,,,81.32301330566406,9.410082817077637,10.033382415771484
2004-12-28,,20.512271881103516,,,,,81.76840209960938,9.42956829071045,10.034111022949219
2004-12-29,,20.49092674255371,,,,,81.88986206054688,9.433462142944336,10.028979301452637
2004-12-30,,20.457029342651367,,,,,81.73464965820312,9.456840515136719,10.037785530090332
2004-12-31,,20.42940902709961,,,,,81.5592269897461,9.439305305480957,10.026776313781738
2005-01-03,,20.09040641784668,,,,,81.17459869384766,9.361379623413086,9.932126998901367
2005-01-04,,19.713726043701172,,,,,80.18270874023438,9.260064125061035,9.838218688964844
2005-01-05,,19.39858627319336,,,,,79.62939453125,9.250328063964844,9.80666732788086
2005-01-06,,19.47140121459961,,,,,80.03424072265625,9.256172180175781,9.852887153625488
2005-01-07,,19.268001556396484,,,,,79.91952514648438,9.254223823547363,9.830880165100098
2005-01-10,,19.48772621154785,,,,,80.29740905761719,9.310721397399902,9.80666732788086
2005-01-11,,19.323244094848633,,,,,79.74411010742188,9.283443450927734,9.789787292480469
2005-01-12,,19.416160583496094,,,,,80.00724792480469,9.310721397399902,9.797128677368164
2005-01-13,,19.339574813842773,,,,,79.36624145507812,9.199671745300293,9.761174201965332
2005-01-14,,19.549259185791016,,,,,79.78456115722656,9.246430397033691,9.783185005187988
2005-01-18,,19.81920051574707,,,,,80.6145248413086,9.302928924560547,9.894712448120117
2005-01-19,,19.565568923950195,,,,,79.77108764648438,9.24252700805664,9.81180477142334
2005-01-20,,19.47140121459961,,,,,79.28523254394531,9.147068977355957,9.74136734008789
2005-01-21,,19.42369270324707,,,,,78.7994155883789,9.065238952636719,9.725960731506348
2005-01-24,,19.299394607543945,,,,,78.64423370361328,9.051604270935059,9.710549354553223
2005-01-25,,19.37347412109375,,,,,78.86686706542969,9.078879356384277,9.725228309631348
2005-01-26,,19.672290802001953,,,,,79.10309600830078,9.143173217773438,9.768515586853027
2005-01-27,,19.731313705444336,,,,,79.23802185058594,9.125636100769043,9.75750732421875
2005-01-28,,19.650955200195312,,,,,79.23802185058594,9.092511177062988,9.696610450744629
2005-01-31,,19.97112274169922,,,,,79.7305908203125,9.150965690612793,9.797861099243164
2005-02-01,,20.138118743896484,,,,,80.23668670654297,9.197720527648926,9.857291221618652
2005-02-02,,20.301345825195312,,,,,80.47957611083984,9.232791900634766,9.877837181091309
2005-02-03,,20.239810943603516,,,,,80.27042388916016,9.195777893066406,9.863162994384766
2005-02-04,,20.51352310180664,,,,,81.12738800048828,9.265913963317871,9.927726745605469
2005-02-07,,20.524831771850586,,,,,81.01942443847656,9.265913963317871,9.993759155273438
2005-02-08,,20.57756996154785,,,,,81.11386108398438,9.256172180175781,10.023841857910156
2005-02-09,,20.165735244750977,,,,,80.50657653808594,9.172392845153809,9.94680404663086
2005-02-10,,20.25739288330078,,,,,80.79670715332031,9.223047256469727,10.003300666809082
2005-02-11,,20.478378295898438,,,,,81.4917221069336,9.306824684143066,10.043657302856445
2005-02-14,,20.474607467651367,,,,,81.4310073852539,9.275652885437012,10.061261177062988
2005-02-15,,20.473352432250977,,,,,81.73464965820312,9.312671661376953,10.060524940490723
2005-02-16,,20.585092544555664,,,,,81.78861236572266,9.300983428955078,10.074466705322266
2005-02-17,,20.399269104003906,,,,,81.12738800048828,9.228894233703613,10.017969131469727
2005-02-18,,20.39048957824707,,,,,81.23529815673828,9.2094144821167,10.053190231323242
2005-02-22,,20.005022048950195,,,,,80.0274887084961,9.086668968200684,9.931392669677734
2005-02-23,,20.097936630249023,,,,,80.60104370117188,9.117842674255371,9.98569393157959
2005-02-24,,20.32142448425293,,,,,81.1341552734375,9.150965690612793,10.047321319580078
2005-02-25,,20.6591739654541,,,,,81.93706512451172,9.215252876281738,10.1757173538208
2005-02-28,,20.52859115600586,,,,,81.39727020263672,9.149014472961426,10.092076301574707
2005-03-01,,20.693073272705078,,,,,81.80216979980469,9.215252876281738,10.133899688720703
2005-03-02,,20.698101043701172,,,,,81.76165008544922,9.219155311584473,10.14930534362793
2005-03-03,,20.698101043701172,,,,,81.79537963867188,9.203569412231445,10.165447235107422
2005-03-04,,20.975582122802734,,,,,82.81429290771484,9.254223823547363,10.282100677490234
2005-03-07,,20.976839065551758,,,,,82.85480499267578,9.285391807556152,10.270363807678223
2005-03-08,,20.777202606201172,,,,,82.54436492919922,9.252273559570312,10.230752944946289
2005-03-09,,20.52985382080078,,,,,81.62665557861328,9.203569412231445,10.152239799499512
2005-03-10,,20.37040138244629,,,,,81.80889129638672,9.203569412231445,10.110417366027832
2005-03-11,,20.4218807220459,,,,,81.23529815673828,9.133426666259766,10.081808090209961
2005-03-14,,20.522321701049805,,,,,81.74142456054688,9.143173217773438,10.132429122924805
2005-03-15,,20.37918472290039,,,,,81.066650390625,9.106155395507812,10.110417366027832
2005-03-16,,20.325197219848633,,,,,80.37835693359375,9.036014556884766,9.973217010498047
2005-03-17,,20.303855895996094,,,,,80.54029846191406,9.041863441467285,10.016508102416992
2005-03-18,,20.247343063354492,,,,,80.30123138427734,8.937028884887695,9.97012996673584
2005-03-21,,20.25237464904785,,,,,80.00312042236328,8.972171783447266,9.962739944458008
2005-03-22,,20.165735244750977,,,,,79.19022369384766,8.909704208374023,9.86894702911377
2005-03-23,,19.935956954956055,,,,,79.25794982910156,8.931173324584961,9.843095779418945
2005-03-24,,20.032642364501953,,,,,79.3528060913086,8.935075759887695,9.812819480895996
2005-03-28,,20.054302215576172,,,,,79.46797943115234,8.974125862121582,9.837190628051758
2005-03-29,,19.743221282958984,,,,,78.93959045410156,8.903841018676758,9.762598991394043
2005-03-30,,20.03164291381836,,,,,80.05728912353516,9.015115737915039,9.868209838867188
2005-03-31,,20.006450653076172,,,,,79.9083023071289,8.944842338562012,9.97234058380127
2005-04-01,,19.913244247436523,,,,,79.54926300048828,8.815994262695312,9.932462692260742
2005-04-04,,20.03540802001953,,,,,79.6847152709961,8.94874382019043,9.902923583984375
2005-04-05,,20.08201789855957,,,,,80.06409454345703,8.958504676818848,9.93320083618164
2005-04-06,,20.085798263549805,,,,,80.34182739257812,8.974125862121582,10.005577087402344
2005-04-07,,20.17899513244629,,,,,80.77536010742188,9.017067909240723,10.032160758972168
2005-04-08,,19.881759643554688,,,,,79.93539428710938,8.944842338562012,10.018869400024414
2005-04-11,,19.833904266357422,,,,,79.99636840820312,8.94874382019043,9.991545677185059
2005-04-12,,19.972440719604492,,,,,80.4095458984375,8.978028297424316,10.027729034423828
2005-04-13,,19.66010284423828,,,,,79.46117401123047,8.892129898071289,9.958311080932617
2005-04-14,,19.282268524169922,,,,,78.42472839355469,8.79842758178711,9.844573974609375
2005-04-15,,18.954803466796875,,,,,77.3272933959961,8.704727172851562,9.685796737670898
2005-04-18,,19.066896438598633,,,,,77.56440734863281,8.66372299194336,9.741921424865723
2005-04-19,,19.39687156677246,,,,,78.18087005615234,8.685202598571777,9.802483558654785
2005-04-20,,19.12483024597168,,,,,77.09021759033203,8.609067916870117,9.665112495422363
2005-04-21,,19.510223388671875,,,,,78.58732604980469,8.790613174438477,9.820945739746094
2005-04-22,,19.25455665588379,,,,,78.28926849365234,8.665679931640625,9.791399002075195
2005-04-25,,19.464879989624023,,,,,78.8041000366211,8.755478858947754,9.879292488098145
2005-04-26,,19.162614822387695,,,,,78.03860473632812,8.716435432434082,9.855657577514648
2005-04-27,,19.167648315429688,,,,,78.34346771240234,8.739864349365234,9.821680068969727
2005-04-28,,18.74068260192871,,,,,77.3611831665039,8.681296348571777,9.74044132232666
2005-04-29,,18.893089294433594,,,,,78.41119384765625,8.677391052246094,9.822420120239258
2005-05-02,,19.12735366821289,,,,,78.8514633178711,8.794520378112793,9.869688034057617
2005-05-03,,19.143720626831055,,,,,78.98701477050781,8.814046859741211,9.8778076171875
2005-05-04,,19.371686935424805,,,,,79.5966796875,8.923362731933594,9.926554679870605
2005-05-05,,19.41701316833496,,,,,79.56954956054688,8.92531681060791,9.900704383850098
2005-05-06,,19.467395782470703,,,,,79.31896209716797,8.919462203979492,9.893320083618164
2005-05-09,,19.63994789123535,,,,,79.81346893310547,8.956555366516113,9.941320419311523
2005-05-10,,19.398134231567383,,,,,78.98701477050781,8.853089332580566,9.851223945617676
2005-05-11,,19.447254180908203,,,,,79.4205551147461,8.92531681060791,9.899226188659668
2005-05-12,,19.15506362915039,,,,,78.54669189453125,8.860895156860352,9.803221702575684
2005-05-13,,19.063112258911133,,,,,78.390869140625,8.872608184814453,9.699084281921387
2005-05-16,,19.35279083251953,,,,,79.12247467041016,8.952651023864746,9.77441120147705
2005-05-17,,19.481258392333984,,,,,79.65087890625,9.00535774230957,9.851223945617676
2005-05-18,,19.876718521118164,,,,,80.47053527832031,9.091254234313965,9.950185775756836
2005-05-19,,19.94977378845215,,,,,80.80925750732422,9.13029670715332,9.995233535766602
2005-05-20,,19.899391174316406,,,,,80.6940689086914,9.142012596130371,9.994497299194336
2005-05-23,,20.073205947875977,,,,,81.14118957519531,9.206428527832031,10.060226440429688
2005-05-24,,20.01401138305664,,,,,80.95153045654297,9.17324161529541,10.006318092346191
2005-05-25,,19.817527770996094,,,,,80.89056396484375,9.151765823364258,9.993756294250488
2005-05-26,,20.075727462768555,,,,,81.3240966796875,9.21618938446045,10.032160758972168
2005-05-27,,20.202922821044922,,,,,81.4595718383789,9.239617347717285,10.063922882080078
2005-05-31,,20.114761352539062,,,,,80.93794250488281,9.196669578552246,10.001145362854004
2005-06-01,,20.37798500061035,,,,,81.62896728515625,9.233756065368652,10.09567642211914
2005-06-02,,20.45229721069336,,,,,81.80504608154297,9.266944885253906,10.076475143432617
2005-06-03,,20.28730010986328,,,,,81.39186096191406,9.19862174987793,10.032160758972168
2005-06-06,,20.390583038330078,,,,,81.31730651855469,9.208381652832031,10.051366806030273
2005-06-07,,20.453554153442383,,,,,81.3782958984375,9.190810203552246,10.049145698547363
2005-06-08,,20.306201934814453,,,,,81.22924041748047,9.165435791015625,10.044719696044922
2005-06-09,,20.493860244750977,,,,,81.61536407470703,9.21618938446045,10.08238410949707
2005-06-10,,20.516525268554688,,,,,81.42568969726562,9.15762710571289,10.059488296508789
2005-06-13,,20.535417556762695,,,,,81.68311309814453,9.169340133666992,10.103060722351074
2005-06-14,,20.769676208496094,,,,,81.87276458740234,9.202527046203613,10.144414901733398
2005-06-15,,20.83391571044922,,,,,82.02857971191406,9.136150360107422,10.156972885131836
2005-06-16,,20.98126220703125,,,,,82.23860168457031,9.247425079345703,10.210890769958496
2005-06-17,,20.91326141357422,,,,,82.54334259033203,9.261900901794434,10.288853645324707
2005-06-20,,20.958599090576172,,,,,82.5705337524414,9.271682739257812,10.295534133911133
2005-06-21,,20.952919006347656,,,,,82.61812591552734,9.252123832702637,10.250237464904785
2005-06-22,,20.960494995117188,,,,,82.68616485595703,9.252123832702637,10.279197692871094
2005-06-23,,20.68793296813965,,,,,81.52308654785156,9.154318809509277,10.153711318969727
2005-06-24,,20.32830810546875,,,,,80.92459106445312,9.099546432495117,10.108419418334961
2005-06-27,,20.441871643066406,,,,,81.0401840209961,9.034998893737793,10.090599060058594
2005-06-28,,20.78257179260254,,,,,81.7203369140625,9.148452758789062,10.164852142333984
2005-06-29,,20.865842819213867,,,,,81.50267791748047,9.12692928314209,10.160398483276367
2005-06-30,,20.828001022338867,,,,,81.06056213378906,9.060429573059082,10.064611434936523
2005-07-01,,21.00591278076172,,,,,81.29864501953125,9.062387466430664,10.095799446105957
2005-07-05,,21.248188018798828,,,,,81.95159912109375,9.152363777160645,10.177473068237305
2005-07-06,,21.119483947753906,,,,,81.26460266113281,9.076074600219727,10.095057487487793
2005-07-07,,21.1800537109375,,,,,81.58428955078125,9.087810516357422,10.038625717163086
2005-07-08,,21.535884857177734,,,,,82.51611328125,9.216911315917969,10.18044376373291
2005-07-11,,21.793302536010742,,,,,82.93780517578125,9.293197631835938,10.233155250549316
2005-07-12,,21.744096755981445,,,,,83.15544891357422,9.336233139038086,10.265087127685547
2005-07-13,,21.68731689453125,,,,,83.27107238769531,9.359699249267578,10.26954174041748
2005-07-14,,21.501819610595703,,,,,83.59757995605469,9.398823738098145,10.3088960647583
2005-07-15,,21.55481719970703,,,,,83.54995727539062,9.412514686584473,10.300727844238281
2005-07-18,,21.414751052856445,,,,,83.2166748046875,9.365571975708008,10.230189323425293
2005-07-19,,21.70623779296875,,,,,83.67237091064453,9.47706413269043,10.25321102142334
2005-07-20,,22.00151252746582,,,,,83.95806121826172,9.50053596496582,10.297759056091309
2005-07-21,,21.653242111206055,,,,,83.46833801269531,9.47706413269043,10.205683708190918
2005-07-22,,21.929582595825195,,,,,84.02603912353516,9.492714881896973,10.279937744140625
2005-07-25,,21.819807052612305,,,,,83.7879867553711,9.439902305603027,10.247267723083496
2005-07-26,,21.804668426513672,,,,,83.88999938964844,9.480977058410645,10.265087127685547
2005-07-27,,21.92201805114746,,,,,84.19607543945312,9.510318756103516,10.284390449523926
2005-07-28,,22.175642013549805,,,,,84.72661590576172,9.578782081604004,10.347509384155273
2005-07-29,,22.107507705688477,,,,,84.16209411621094,9.510318756103516,10.263607025146484
2005-08-01,,22.17186164855957,,,,,84.10086822509766,9.524008750915527,10.282169342041016
2005-08-02,,22.353567123413086,,,,,84.60417175292969,9.592475891113281,10.328206062316895
2005-08-03,,22.26271629333496,,,,,84.82864379882812,9.590520858764648,10.32448959350586
2005-08-04,,21.952299118041992,,,,,84.1484603881836,9.522054672241211,10.276970863342285
2005-08-05,,21.691104888916016,,,,,83.57715606689453,9.488804817199707,10.193061828613281
2005-08-08,,21.547245025634766,,,,,83.42070007324219,9.445770263671875,10.17673397064209
2005-08-09,,21.60024642944336,,,,,83.92405700683594,9.480977058410645,10.241329193115234
2005-08-10,,21.653242111206055,,,,,83.88323211669922,9.453595161437988,10.2465238571167
2005-08-11,,21.842514038085938,,,,,84.21649932861328,9.467286109924316,10.279197692871094
2005-08-12,,21.55481719970703,,,,,83.69960021972656,9.461418151855469,10.299986839294434
2005-08-15,,21.732736587524414,,,,,84.21649932861328,9.49075984954834,10.310384750366211
2005-08-16,,21.433685302734375,,,,,83.12142944335938,9.383170127868652,10.200491905212402
2005-08-17,,21.316335678100586,,,,,83.11465454101562,9.39100170135498,10.20940113067627
2005-08-18,,21.312541961669922,,,,,83.10784912109375,9.396869659423828,10.197519302368164
2005-08-19,,21.403396606445312,,,,,83.29829406738281,9.389044761657715,10.221282958984375
2005-08-22,,21.46774673461914,,,,,83.29829406738281,9.375356674194336,10.210886001586914
2005-08-23,,21.448827743530273,,,,,83.14183044433594,9.359699249267578,10.17970085144043
2005-08-24,,21.34282684326172,,,,,82.40045928955078,9.306892395019531,10.126243591308594
2005-08-25,,21.45639991760254,,,,,82.69976806640625,9.308843612670898,10.122528076171875
2005-08-26,,21.100549697875977,,,,,82.13521575927734,9.291240692138672,10.090599060058594
2005-08-29,,21.308761596679688,,,,,82.76778411865234,9.355791091918945,10.135148048400879
2005-08-30,,21.308761596679688,,,,,82.33248138427734,9.275592803955078,10.084660530090332
2005-08-31,,21.747873306274414,,,,,83.37310028076172,9.336233139038086,10.13366413116455
2005-09-01,,21.819807052612305,,,,,83.31190490722656,9.336233139038086,10.264349937438965
2005-09-02,,21.645673751831055,,,,,83.16227722167969,9.330360412597656,10.262860298156738
2005-09-06,,21.914445877075195,,,,,84.1349105834961,9.441853523254395,10.31706428527832
2005-09-07,,21.993938446044922,,,,,84.27770233154297,9.451640129089355,10.345274925231934
2005-09-08,,21.906877517700195,,,,,83.99885559082031,9.437943458557129,10.354931831359863
2005-09-09,,22.05072593688965,,,,,84.74701690673828,9.50053596496582,10.434378623962402
2005-09-12,,22.141590118408203,,,,,84.57699584960938,9.49858283996582,10.426213264465332
2005-09-13,,21.990161895751953,,,,,84.10768127441406,9.414468765258789,10.363838195800781
2005-09-14,,21.785736083984375,,,,,83.80158996582031,9.355791091918945,10.374975204467773
2005-09-15,,21.770593643188477,,,,,83.76081085205078,9.351879119873047,10.37424087524414
2005-09-16,,21.914445877075195,,,,,84.35641479492188,9.387153625488281,10.484187126159668
2005-09-19,,21.872806549072266,,,,,84.07632446289062,9.34404182434082,10.443078994750977
2005-09-20,,21.615379333496094,,,,,83.36595916748047,9.291129112243652,10.388516426086426
2005-09-21,,21.308761596679688,,,,,82.58734130859375,9.21078109741211,10.30255126953125
2005-09-22,,21.33904457092285,,,,,82.88102722167969,9.244091987609863,10.300311088562012
2005-09-23,,21.479116439819336,,,,,82.94934844970703,9.261734008789062,10.297323226928711
2005-09-26,,21.620573043823242,,,,,83.04497528076172,9.234292984008789,10.330208778381348
2005-09-27,,21.6395263671875,,,,,83.02447509765625,9.240172386169434,10.307783126831055
2005-09-28,,21.609189987182617,,,,,83.10643005371094,9.249972343444824,10.32722282409668
2005-09-29,,21.867063522338867,,,,,83.78263854980469,9.32051944732666,10.401971817016602
2005-09-30,,21.905000686645508,,,,,84.0422134399414,9.365598678588867,10.373567581176758
2005-10-03,,22.04531478881836,,,,,83.74164581298828,9.34404182434082,10.352635383605957
2005-10-04,,21.73811912536621,,,,,82.799072265625,9.289169311523438,10.249482154846191
2005-10-05,,21.19960594177246,,,,,81.7130126953125,9.159821510314941,10.089517593383789
2005-10-06,,20.991025924682617,,,,,81.4193115234375,9.122583389282227,10.070085525512695
2005-10-07,,21.26787567138672,,,,,81.69935607910156,9.118673324584961,10.102974891662598
2005-10-10,,20.953094482421875,,,,,81.00947570800781,9.101031303405762,10.046165466308594
2005-10-11,,20.748310089111328,,,,,80.89334869384766,9.069679260253906,10.03420639038086
2005-10-12,,20.395618438720703,,,,,80.25811767578125,9.038320541381836,9.96394157409668
2005-10-13,,20.463878631591797,,,,,80.21031188964844,9.050081253051758,9.948997497558594
2005-10-14,,20.805191040039062,,,,,81.05728149414062,9.132389068603516,10.022245407104492
2005-10-17,,20.831741333007812,,,,,81.35781860351562,9.142189025878906,10.044669151306152
2005-10-18,,20.626941680908203,,,,,80.4767074584961,9.110830307006836,9.947500228881836
2005-10-19,,21.017566680908203,,,,,81.81546020507812,9.232336044311523,9.977398872375488
2005-10-20,,20.623159408569336,,,,,80.3742446899414,9.159821510314941,9.838366508483887
2005-10-21,,20.81657600402832,,,,,80.68841552734375,9.191179275512695,9.886208534240723
2005-10-24,,21.245119094848633,,,,,81.93841552734375,9.291129112243652,10.055136680603027
2005-10-25,,21.15410041809082,,,,,81.77447509765625,9.27153205871582,10.062606811523438
2005-10-26,,20.918964385986328,,,,,81.53538513183594,9.222538948059082,10.052146911621094
2005-10-27,,20.554893493652344,,,,,80.66793823242188,9.122583389282227,9.968424797058105
2005-10-28,,20.930343627929688,,,,,81.82913208007812,9.23037338256836,10.12540054321289
2005-10-31,,21.123762130737305,,,,,82.05453491210938,9.389113426208496,10.227056503295898
2005-11-01,,21.233745574951172,,,,,82.30044555664062,9.287210464477539,10.131378173828125
2005-11-02,,21.65468978881836,,,,,83.16108703613281,9.412631034851074,10.234532356262207
2005-11-03,,21.69261932373047,,,,,83.5162582397461,9.461629867553711,10.253965377807617
2005-11-04,,21.624357223510742,,,,,83.40696716308594,9.447904586791992,10.26741886138916
2005-11-07,,21.69261932373047,,,,,83.48895263671875,9.471419334411621,10.294331550598145
2005-11-08,,21.658491134643555,,,,,83.48895263671875,9.459660530090332,10.282367706298828
2005-11-09,,21.624357223510742,,,,,83.59820556640625,9.453782081604004,10.309280395507812
2005-11-10,,21.715368270874023,,,,,84.24707794189453,9.53609848022461,10.382532119750977
2005-11-11,,21.829145431518555,,,,,84.53399658203125,9.55177116394043,10.410942077636719
2005-11-14,,21.798816680908203,,,,,84.48617553710938,9.555694580078125,10.401971817016602
2005-11-15,,21.525760650634766,,,,,84.17880249023438,9.549814224243164,10.349639892578125
2005-11-16,,21.567474365234375,,,,,84.3495864868164,9.575289726257324,10.342172622680664
2005-11-17,,21.89741325378418,,,,,85.13510131835938,9.677197456359863,10.443832397460938
2005-11-18,,22.007394790649414,,,,,85.46980285644531,9.712470054626465,10.478211402893066
2005-11-21,,22.253896713256836,,,,,85.90008544921875,9.76146411895752,10.520071029663086
2005-11-22,,22.36767578125,,,,,86.26895904541016,9.814379692077637,10.555949211120605
2005-11-23,,22.40938949584961,,,,,86.7676010131836,9.832015037536621,10.674049377441406
2005-11-25,,22.4245548248291,,,,,86.83588409423828,9.849649429321289,10.702455520629883
2005-11-28,,22.071863174438477,,,,,86.22113800048828,9.732068061828613,10.624722480773926
2005-11-29,,22.155298233032227,,,,,86.12551879882812,9.734028816223145,10.63518238067627
2005-11-30,,22.212181091308594,,,,,85.66104125976562,9.704630851745605,10.538008689880371
2005-12-01,,22.599002838134766,,,,,86.53531646728516,9.841815948486328,10.662093162536621
2005-12-02,,22.636932373046875,,,,,86.64462280273438,9.859448432922363,10.650131225585938
2005-12-05,,22.523160934448242,,,,,86.46018981933594,9.830058097839355,10.632193565368652
2005-12-06,,22.57625389099121,,,11.953205108642578,,86.62409973144531,9.833977699279785,10.636678695678711
2005-12-07,,22.432140350341797,,,11.830608367919922,,86.11865234375,9.802617073059082,10.546977996826172
2005-12-08,,22.466285705566406,,,11.891904830932617,,86.06401824951172,9.806536674499512,10.557446479797363
2005-12-09,,22.53074836730957,,,11.930217742919922,,86.2894058227539,9.833977699279785,10.59332275390625
2005-12-12,,22.580039978027344,,,12.00683879852295,,86.37139892578125,9.845732688903809,10.599305152893066
2005-12-13,,22.62555694580078,,,12.052811622619629,,86.9588394165039,9.879048347473145,10.674049377441406
2005-12-14,,22.667264938354492,,,12.11410903930664,,87.30035400390625,9.90256404876709,10.730863571166992
2005-12-15,,22.4245548248291,,,12.052811622619629,,87.04761505126953,9.904523849487305,10.69498062133789
2005-12-16,,22.30320167541504,,,11.937880516052246,,86.7674560546875,9.87783145904541,10.676904678344727
2005-12-19,,22.014972686767578,,,11.7922945022583,,86.32111358642578,9.777717590332031,10.634727478027344
2005-12-20,,22.033937454223633,,,11.845929145812988,,86.40351104736328,9.793420791625977,10.636236190795898
2005-12-21,,22.261491775512695,,,11.907224655151367,,86.5408706665039,9.828753471374512,10.651298522949219
2005-12-22,,22.329742431640625,,,11.991512298583984,,86.9940414428711,9.850347518920898,10.704017639160156
2005-12-23,,22.458595275878906,,,11.991512298583984,,87.04214477539062,9.858199119567871,10.713056564331055
2005-12-27,,22.070913314819336,,,11.822942733764648,,86.15632629394531,9.758086204528809,10.616653442382812
2005-12-28,,22.21534538269043,,,11.891904830932617,,86.34854888916016,9.80323600769043,10.642260551452637
2005-12-29,,22.154539108276367,,,11.8076171875,,85.96406555175781,9.752198219299316,10.615148544311523
2005-12-30,,21.968297958374023,,,11.708009719848633,,85.49710845947266,9.70115852355957,10.563929557800293
2006-01-03,,22.355976104736328,,,12.00683879852295,,87.00091552734375,9.840533256530762,10.729629516601562
2006-01-04,,22.481395721435547,,,12.12943172454834,,87.41292572021484,9.90727710723877,10.768789291381836
2006-01-05,,22.54981231689453,,,12.068136215209961,,87.46788024902344,9.89549446105957,10.78235149383545
2006-01-06,,22.74744987487793,,,12.24437141418457,,88.19573974609375,9.991681098937988,10.875736236572266
2006-01-09,,22.97169303894043,,,12.298003196716309,,88.42231750488281,10.056463241577148,10.908876419067383
2006-01-10,,23.176937103271484,,,12.366969108581543,,88.51158142089844,10.056463241577148,10.886284828186035
2006-01-11,,23.1351261138916,,,12.374626159667969,,88.79314422607422,10.083942413330078,10.945034980773926
2006-01-12,,23.040115356445312,,,12.298003196716309,,88.44295501708984,10.046648025512695,10.88176441192627
2006-01-13,,22.998302459716797,,,12.328656196594238,,88.36051177978516,10.02701473236084,10.895323753356934
2006-01-17,,22.91847801208496,,,12.336321830749512,,88.12022399902344,10.021129608154297,10.853148460388184
2006-01-18,,22.89948272705078,,,12.252030372619629,,87.7699966430664,9.995611190795898,10.801932334899902
2006-01-19,,23.199739456176758,,,12.458915710449219,,88.10647583007812,10.054500579833984,10.856155395507812
2006-01-20,,22.96409797668457,,,12.275014877319336,,86.49961853027344,9.856233596801758,10.646778106689453
2006-01-23,,22.92988395690918,,,12.282681465148926,,86.80862426757812,9.889608383178711,10.69196891784668
2006-01-24,,23.233943939208984,,,12.389957427978516,,86.89791870117188,9.922977447509766,10.711555480957031
2006-01-25,,23.264354705810547,,,12.259696960449219,,86.97344207763672,9.883718490600586,10.710044860839844
2006-01-26,,23.55319595336914,,,12.504889488220215,,87.45413970947266,9.915127754211426,10.791386604309082
2006-01-27,,23.731847763061523,,,12.558527946472168,,88.26439666748047,10.017202377319336,10.853148460388184
2006-01-30,,23.720443725585938,,,12.696446418762207,,88.19573974609375,10.032907485961914,10.866704940795898
2006-01-31,,23.769847869873047,,,12.734759330749512,,87.55024719238281,10.034871101379395,10.860677719116211
2006-02-01,,23.857263565063477,,,12.742422103881836,,88.16140747070312,9.995611190795898,10.857665061950684
2006-02-02,,23.62542724609375,,,12.535536766052246,,87.13824462890625,9.940643310546875,10.773309707641602
2006-02-03,,23.52280044555664,,,12.474244117736816,,86.7056655883789,9.869976997375488,10.701005935668945
2006-02-06,,23.644418716430664,,,12.604496955871582,,86.93222045898438,9.87783145904541,10.74167537689209
2006-02-07,,23.309967041015625,,,12.275014877319336,,86.16321563720703,9.773783683776855,10.663351058959961
2006-02-08,,23.42017936706543,,,12.366969108581543,,86.94597625732422,9.828753471374512,10.729629516601562
2006-02-09,,23.260549545288086,,,12.198397636413574,,86.80179595947266,9.79930591583252,10.76126480102539
2006-02-10,,23.222537994384766,,,12.052811622619629,,86.95970153808594,9.81893539428711,10.768789291381836
2006-02-13,,23.047704696655273,,,11.968530654907227,,86.80179595947266,9.773783683776855,10.743184089660645
2006-02-14,,23.309967041015625,,,12.121771812438965,,87.72191619873047,9.860159873962402,10.844108581542969
2006-02-15,,23.488590240478516,,,12.190735816955566,,88.03089904785156,9.86605167388916,10.88477897644043
2006-02-16,,23.716638565063477,,,12.420599937438965,,88.69013977050781,9.956350326538086,10.970643043518066
2006-02-17,,23.65582847595215,,,12.435927391052246,,88.44979095458984,9.950462341308594,10.991731643676758
2006-02-21,,23.636825561523438,,,12.397616386413574,,88.23004150390625,9.915127754211426,10.964615821838379
2006-02-22,,23.762248992919922,,,12.405278205871582,,88.76566314697266,9.968123435974121,11.030895233154297
2006-02-23,,23.743240356445312,,,12.412940979003906,,88.63519287109375,9.954388618469238,11.011311531066895
2006-02-24,,23.906686782836914,,,12.474244117736816,,88.86180877685547,9.944573402404785,11.024864196777344
2006-02-27,,23.933284759521484,,,12.428265571594238,,88.89608764648438,9.99953556060791,11.059511184692383
2006-02-28,,23.65582847595215,,,12.29034423828125,,88.051513671875,9.881752967834473,10.93298053741455
2006-03-01,,24.028301239013672,,,12.57384967803955,,88.8343276977539,9.995611190795898,11.030895233154297
2006-03-02,,24.009292602539062,,,12.57384967803955,,88.82743835449219,9.989723205566406,10.988716125488281
2006-03-03,,23.857263565063477,,,12.527873992919922,,88.41542053222656,9.979904174804688,10.996245384216309
2006-03-06,,23.644418716430664,,,12.351648330688477,,88.01029968261719,9.893532752990723,10.920934677124023
2006-03-07,,23.32895851135254,,,12.098785400390625,,87.87298583984375,9.840533256530762,10.904361724853516
2006-03-08,,23.378372192382812,,,12.075798034667969,,88.05840301513672,9.885682106018066,10.923942565917969
2006-03-09,,23.214937210083008,,,12.029828071594238,,87.46788024902344,9.81501293182373,10.88176441192627
2006-03-10,,23.56080436706543,,,12.060476303100586,,88.29869079589844,9.864089012145996,10.945034980773926
2006-03-13,,23.62542724609375,,,12.160082817077637,,88.46351623535156,9.905311584472656,10.991731643676758
2006-03-14,,23.89527130126953,,,12.34398078918457,,89.39051055908203,10.001495361328125,11.092653274536133
2006-03-15,,24.092912673950195,,,12.504889488220215,,89.78880310058594,10.028982162475586,11.17248821258545
2006-03-16,,24.066307067871094,,,12.451249122619629,,89.97419738769531,10.03879451751709,11.214668273925781
2006-03-17,,24.165124893188477,,,12.451249122619629,,90.04933166503906,10.045677185058594,11.19845962524414
2006-03-20,,24.191728591918945,,,12.458915710449219,,89.90457916259766,10.047642707824707,11.1863374710083
2006-03-21,,24.02069854736328,,,12.389957427978516,,89.3392562866211,9.980798721313477,11.095438957214355
2006-03-22,,24.22593879699707,,,12.527873992919922,,89.8838882446289,10.02405071258545,11.187851905822754
2006-03-23,,24.3969669342041,,,12.550862312316895,,89.69773864746094,10.02405071258545,11.142403602600098
2006-03-24,,24.529996871948242,,,12.635148048400879,,89.76671600341797,10.033884048461914,11.166640281677246
2006-03-27,,24.528854370117188,,,12.66579818725586,,89.63568878173828,10.029948234558105,11.168157577514648
2006-03-28,,24.422239303588867,,,12.612160682678223,,89.0842056274414,9.992596626281738,11.087862968444824
2006-03-29,,24.77254295349121,,,12.803722381591797,,89.6426010131836,10.09286117553711,11.159062385559082
2006-03-30,,24.749696731567383,,,12.780731201171875,,89.48404693603516,10.069266319274902,11.12270736694336
2006-03-31,,24.8372745513916,,,12.788392066955566,,89.50470733642578,10.047642707824707,11.090898513793945
2006-04-03,,24.64307975769043,,,12.895666122436523,,89.4357681274414,10.027981758117676,11.112101554870605
2006-04-04,,24.82584571838379,,,12.995278358459473,,90.00796508789062,10.094820022583008,11.199973106384277
2006-04-05,,24.88677406311035,,,13.1561918258667,,90.31820678710938,10.130207061767578,11.242387771606445
2006-04-06,,24.894380569458008,,,13.240473747253418,,90.22168731689453,10.13610553741455,11.202999114990234
2006-04-07,,24.582162857055664,,,13.071900367736816,,89.3048095703125,10.03781509399414,11.083321571350098
2006-04-10,,24.517427444458008,,,13.010601997375488,,89.44268798828125,10.03781509399414,11.106043815612793
2006-04-11,,24.178552627563477,,,12.865018844604492,,88.68434143066406,9.96310806274414,11.012115478515625
2006-04-12,,24.3422794342041,,,12.880341529846191,,88.84979248046875,9.95918083190918,11.0424165725708
2006-04-13,,24.376543045043945,,,12.97229290008545,,88.7325668334961,9.992596626281738,11.05908203125
2006-04-17,,24.384164810180664,,,12.941638946533203,,88.69810485839844,9.943449974060059,11.02727222442627
2006-04-18,,24.978158950805664,,,13.263459205627441,,90.10450744628906,10.09286117553711,11.24087142944336
2006-04-19,,25.19519805908203,,,13.455015182495117,,90.27682495117188,10.122343063354492,11.242387771606445
2006-04-20,,25.16092872619629,,,13.470341682434082,,90.40090942382812,10.147905349731445,11.26359748840332
2006-04-21,,25.141883850097656,,,13.416702270507812,,90.41471862792969,10.112517356872559,11.256026268005371
2006-04-24,,24.951513290405273,,,13.35540771484375,,90.24925994873047,10.09679126739502,11.265114784240723
2006-04-25,,24.860122680664062,,,13.263459205627441,,89.87700653076172,10.043710708618164,11.196944236755371
2006-04-26,,24.90199851989746,,,13.232808113098145,,89.89766693115234,10.065337181091309,11.216634750366211
2006-04-27,,24.673551559448242,,,13.033588409423828,,90.33199310302734,10.084994316101074,11.301472663879395
2006-04-28,,24.863933563232422,,,13.102553367614746,,90.63529205322266,10.035845756530762,11.33480167388916
2006-05-01,,24.711626052856445,,,13.186832427978516,,89.89766693115234,10.022086143493652,11.301472663879395
2006-05-02,,24.924850463867188,,,13.29410457611084,,90.57328796386719,10.055503845214844,11.387824058532715
2006-05-03,,24.90581512451172,,,13.34007740020752,,90.23545837402344,10.010290145874023,11.336321830749512
2006-05-04,,25.187583923339844,,,13.508649826049805,,90.55946350097656,10.03781509399414,11.383281707763672
2006-05-05,,25.42365264892578,,,13.661898612976074,,91.35916900634766,10.122343063354492,11.519621849060059
2006-05-08,,25.454111099243164,,,13.692546844482422,,91.24887084960938,10.143970489501953,11.496903419494629
2006-05-09,,25.469345092773438,,,13.684882164001465,,91.42811584472656,10.124309539794922,11.513566970825195
2006-05-10,,25.351301193237305,,,13.623591423034668,,91.3798828125,10.112517356872559,11.495387077331543
2006-05-11,,24.791580200195312,,,13.324755668640137,,90.27682495117188,9.99849796295166,11.348435401916504
2006-05-12,,24.27374839782715,,,12.949301719665527,,89.09797668457031,9.892338752746582,11.224212646484375
2006-05-15,,24.220434188842773,,,12.72709846496582,,89.27720642089844,9.892338752746582,11.245420455932617
2006-05-16,,24.254703521728516,,,12.696446418762207,,89.14623260498047,9.874640464782715,11.243904113769531
2006-05-17,,23.83585548400879,,,12.420599937438965,,87.45030975341797,9.742925643920898,11.037871360778809
2006-05-18,,23.576940536499023,,,12.198397636413574,,87.00907897949219,9.678054809570312,10.95455265045166
2006-05-19,,23.755897521972656,,,12.34398078918457,,87.62264251708984,9.703612327575684,10.995454788208008
2006-05-22,,23.607410430908203,,,12.068136215209961,,86.95394134521484,9.634808540344238,11.01060962677002
2006-05-23,,23.30660057067871,,,12.075798034667969,,86.29206085205078,9.603350639343262,10.951520919799805
2006-05-24,,23.4512939453125,,,11.953205108642578,,86.98152923583984,9.61711597442627,10.942431449890137
2006-05-25,,23.866331100463867,,,12.236706733703613,,88.05696105957031,9.719338417053223,11.043931007385254
2006-05-26,,23.98055648803711,,,12.328656196594238,,88.50507354736328,9.766521453857422,11.131802558898926
2006-05-30,,23.375137329101562,,,11.976190567016602,,86.9332504272461,9.61711597442627,10.9742431640625
2006-05-31,,23.733055114746094,,,12.144760131835938,,87.90531921386719,9.670191764831543,11.062108993530273
2006-06-01,,24.11382293701172,,,12.397616386413574,,88.74638366699219,9.823527336120605,11.183307647705078
2006-06-02,,24.10621452331543,,,12.428265571594238,,88.93247985839844,9.845157623291016,11.228754043579102
2006-06-05,,23.4931697845459,,,12.022164344787598,,87.63645935058594,9.632837295532227,11.060596466064453
2006-06-06,,23.37894058227539,,,11.868913650512695,,87.42274475097656,9.636768341064453,11.015149116516113
2006-06-07,,23.142871856689453,,,11.662031173706055,,86.76780700683594,9.579761505126953,10.977277755737305
2006-06-08,,23.16952133178711,,,11.439830780029297,,86.69197082519531,9.577798843383789,10.98333740234375
2006-06-09,,23.013410568237305,,,11.439830780029297,,86.41620635986328,9.532583236694336,10.948488235473633
2006-06-12,,22.514604568481445,,,11.03372573852539,,85.47863006591797,9.398902893066406,10.825782775878906
2006-06-13,,22.213809967041016,,,10.765542984008789,,84.48590850830078,9.310434341430664,10.674286842346191
2006-06-14,,22.30138397216797,,,11.003074645996094,,85.14082336425781,9.373347282409668,10.671258926391602
2006-06-15,,23.051490783691406,,,11.547100067138672,,86.9470443725586,9.564034461975098,10.936372756958008
2006-06-16,,22.674531936645508,,,11.40151596069336,,86.31344604492188,9.52503490447998,10.924344062805176
2006-06-19,,22.449886322021484,,,11.217620849609375,,85.63483428955078,9.45215892791748,10.855805397033691
2006-06-20,,22.36992073059082,,,11.194633483886719,,85.92568969726562,9.432459831237793,10.839055061340332
2006-06-21,,22.75448989868164,,,11.470477104187012,,86.56275939941406,9.552608489990234,10.91977310180664
2006-06-22,,22.644065856933594,,,11.43216323852539,,86.181884765625,9.481706619262695,10.883221626281738
2006-06-23,,22.775667190551758,,,11.547100067138672,,86.16805267333984,9.513216972351074,10.893882751464844
2006-06-26,,23.031232833862305,,,11.646711349487305,,86.54888153076172,9.509278297424316,10.947189331054688
2006-06-27,,22.645978927612305,,,11.416839599609375,,85.80103302001953,9.42261791229248,10.89692497253418
2006-06-28,,22.748966217041016,,,11.439830780029297,,86.3826904296875,9.450191497802734,10.938047409057617
2006-06-29,,23.54998779296875,,,11.937880516052246,,88.12763977050781,9.660935401916504,11.166496276855469
2006-06-30,,23.68729591369629,,,12.068136215209961,,88.13461303710938,9.678664207458496,11.15126895904541
2006-07-03,,23.839879989624023,,,12.236706733703613,,88.49466705322266,9.71608829498291,11.236552238464355
2006-07-05,,23.57286834716797,,,11.983853340148926,,87.98919677734375,9.631389617919922,11.181721687316895
2006-07-06,,23.59575843811035,,,11.953205108642578,,88.24537658691406,9.631389617919922,11.227412223815918
2006-07-07,,23.27916717529297,,,11.769305229187012,,87.67063903808594,9.530945777893066,11.174108505249023
2006-07-10,,23.298236846923828,,,11.623723983764648,,87.83684539794922,9.528973579406738,11.222845077514648
2006-07-11,,23.42029571533203,,,11.677358627319336,,88.224609375,9.570337295532227,11.203046798706055
2006-07-12,,23.004526138305664,,,11.493464469909668,,87.28288269042969,9.489583969116211,11.132988929748535
2006-07-13,,22.546802520751953,,,11.1256742477417,,85.8633804321289,9.361557006835938,11.015719413757324
2006-07-14,,22.352270126342773,,,11.003074645996094,,85.53097534179688,9.2689847946167,10.953276634216309
2006-07-17,,22.253097534179688,,,10.888140678405762,,85.40631866455078,9.257170677185059,10.936532020568848
2006-07-18,,22.314125061035156,,,10.911124229431152,,85.84259796142578,9.265042304992676,10.938047409057617
2006-07-19,,22.951133728027344,,,11.255932807922363,,87.0335922241211,9.432459831237793,11.180206298828125
2006-07-20,,22.249282836914062,,,10.911124229431152,,86.43811798095703,9.308379173278809,11.12537670135498
2006-07-21,,21.947952270507812,,,10.635285377502441,,85.82872772216797,9.239441871643066,11.061408042907715
2006-07-24,,22.550613403320312,,,10.964770317077637,,87.39366912841797,9.387162208557129,11.231986999511719
2006-07-25,,22.72608184814453,,,11.133339881896973,,87.70526123046875,9.467913627624512,11.238076210021973
2006-07-26,,22.600208282470703,,,11.064370155334473,,87.82299041748047,9.463976860046387,11.308135032653809
2006-07-27,,22.34846305847168,,,10.980090141296387,,87.73990631103516,9.387162208557129,11.292900085449219
2006-07-28,,22.787107467651367,,,11.309571266174316,,88.61930084228516,9.483678817749023,11.422358512878418
2006-07-31,,22.809993743896484,,,11.355542182922363,,88.52926635742188,9.485647201538086,11.417789459228516
2006-08-01,,22.565872192382812,,,11.087360382080078,,88.09303283691406,9.42261791229248,11.379712104797363
2006-08-02,,22.771854400634766,,,11.248268127441406,,88.68855285644531,9.495488166809082,11.414734840393066
2006-08-03,,23.084623336791992,,,11.378530502319336,,88.9239730834961,9.50533676147461,11.446720123291016
2006-08-04,,22.905359268188477,,,11.263593673706055,,88.77161407470703,9.473825454711914,11.448243141174316
2006-08-07,,22.79473304748535,,,11.10268783569336,,88.56392669677734,9.45215892791748,11.420829772949219
2006-08-08,,22.497215270996094,,,10.995416641235352,,88.224609375,9.387162208557129,11.410172462463379
2006-08-09,,22.317943572998047,,,10.811519622802734,,87.92684936523438,9.36746883392334,11.330979347229004
2006-08-10,,22.451444625854492,,,10.911124229431152,,88.19691467285156,9.418675422668457,11.35229778289795
2006-08-11,,22.268348693847656,,,10.727228164672852,,87.94762420654297,9.3851957321167,11.358389854431152
2006-08-14,,22.35990333557129,,,10.765542984008789,,88.01685333251953,9.395041465759277,11.379712104797363
2006-08-15,,22.825244903564453,,,11.095022201538086,,89.06939697265625,9.53488540649414,11.503073692321777
2006-08-16,,23.179994583129883,,,11.378530502319336,,89.81031036376953,9.637304306030273,11.579221725463867
2006-08-17,,23.153282165527344,,,11.324894905090332,,90.03883361816406,9.649121284484863,11.57313346862793
2006-08-18,,23.26009750366211,,,11.378530502319336,,90.49581146240234,9.69245433807373,11.64013957977295
2006-08-21,,23.03504753112793,,,11.217620849609375,,90.10806274414062,9.653058052062988,11.609682083129883
2006-08-22,,23.092262268066406,,,11.194633483886719,,90.10113525390625,9.649121284484863,11.615768432617188
2006-08-23,,22.748966217041016,,,11.018401145935059,,89.85183715820312,9.593973159790039,11.58531665802002
2006-08-24,,22.657424926757812,,,10.903467178344727,,89.77568054199219,9.59791088104248,11.595975875854492
2006-08-25,,22.69556427001953,,,10.941774368286133,,89.886474609375,9.619575500488281,11.602066040039062
2006-08-28,,22.935869216918945,,,11.064370155334473,,90.31578826904297,9.664876937866211,11.664508819580078
2006-08-29,,23.115154266357422,,,11.133339881896973,,90.41963958740234,9.71018123626709,11.6705961227417
2006-08-30,,23.218130111694336,,,11.118009567260742,,90.47509002685547,9.72790813446045,11.669075965881348
2006-08-31,,23.221952438354492,,,11.07970142364502,,90.4611587524414,9.743664741516113,11.653847694396973
2006-09-01,,23.33256721496582,,,11.148658752441406,,91.00131225585938,9.785024642944336,11.696492195129395
2006-09-05,,23.466073989868164,,,11.271256446838379,,91.17440032958984,9.798810005187988,11.737611770629883
2006-09-06,,23.031232833862305,,,11.010740280151367,,90.37117767333984,9.684575080871582,11.637096405029297
2006-09-07,,22.89390754699707,,,10.980090141296387,,89.95570373535156,9.637304306030273,11.591402053833008
2006-09-08,,22.985458374023438,,,10.941774368286133,,90.21195983886719,9.662906646728516,11.626433372497559
2006-09-11,,22.909164428710938,,,10.857491493225098,,90.30196380615234,9.678664207458496,11.59749698638916
2006-09-12,,23.40123176574707,,,11.03372573852539,,91.18827056884766,9.818511009216309,11.71172046661377
2006-09-13,,23.622465133666992,,,11.217620849609375,,91.55528259277344,9.850024223327637,11.755888938903809
2006-09-14,,23.496585845947266,,,11.194633483886719,,91.56218719482422,9.820479393005371,11.740656852722168
2006-09-15,,23.54998779296875,,,11.209957122802734,,91.7770767211914,9.882824897766113,11.780783653259277
2006-09-18,,23.611019134521484,,,11.255932807922363,,91.90229034423828,9.880851745605469,11.786916732788086
2006-09-19,,23.469886779785156,,,11.225282669067383,,91.67276000976562,9.843364715576172,11.696552276611328
2006-09-20,,23.725454330444336,,,11.378530502319336,,92.15962982177734,9.910447120666504,11.8236665725708
2006-09-21,,23.51947021484375,,,11.271256446838379,,91.7145004272461,9.839417457580566,11.75015640258789
2006-09-22,,23.252471923828125,,,11.156327247619629,,91.43630981445312,9.780227661132812,11.75780963897705
2006-09-25,,23.50802993774414,,,11.317231178283691,,92.13876342773438,9.878880500793457,11.855835914611816
2006-09-26,,23.641530990600586,,,11.455148696899414,,92.9038314819336,9.959771156311035,11.93700885772705
2006-09-27,,23.819259643554688,,,11.50112533569336,,93.01509857177734,9.961747169494629,11.9385347366333
2006-09-28,,23.69312286376953,,,11.516454696655273,,92.9803237915039,9.989362716674805,11.963042259216309
2006-09-29,,23.425586700439453,,,11.40151596069336,,92.9038314819336,9.971611022949219,11.952322959899902
2006-10-02,,23.20390510559082,,,11.370864868164062,,92.55607604980469,9.906501770019531,11.917091369628906
2006-10-03,,23.2000732421875,,,11.317231178283691,,92.7507553100586,9.916366577148438,11.943131446838379
2006-10-04,,23.674020767211914,,,11.5087890625,,93.83577728271484,10.04263973236084,12.05493450164795
2006-10-05,,23.972143173217773,,,11.600733757019043,,94.01657104492188,10.117609977722168,12.085567474365234
2006-10-06,,23.815433502197266,,,11.5087890625,,93.89833068847656,10.089991569519043,12.062597274780273
2006-10-09,,23.98743438720703,,,11.631388664245605,,93.95398712158203,10.107748031616211,12.0702486038208
2006-10-10,,24.04094886779785,,,11.700348854064941,,94.07918548583984,10.11169719696045,12.102416038513184
2006-10-11,,23.983610153198242,,,11.669700622558594,,93.96792602539062,10.062369346618652,12.077910423278809
2006-10-12,,24.400211334228516,,,11.876579284667969,,94.78162384033203,10.178772926330566,12.1713285446167
2006-10-13,,24.57221031188965,,,11.976190567016602,,95.02503204345703,10.190613746643066,12.211158752441406
2006-10-16,,24.759502410888672,,,12.091126441955566,,95.17109680175781,10.243881225585938,12.24791145324707
2006-10-17,,24.587499618530273,,,12.022164344787598,,94.87202453613281,10.182723045349121,12.19430923461914
2006-10-18,,24.560747146606445,,,12.014500617980957,,94.99720764160156,10.18469524383545,12.23871898651123
2006-10-19,,24.606613159179688,,,12.106449127197266,,95.15023040771484,10.218238830566406,12.234132766723633
2006-10-20,,24.44990348815918,,,11.983853340148926,,95.17109680175781,10.206400871276855,12.2356595993042
2006-10-23,,24.48430824279785,,,12.075798034667969,,95.6092529296875,10.275452613830566,12.31989574432373
2006-10-24,,24.545455932617188,,,12.137101173400879,,95.89439392089844,10.285318374633789,12.28467082977295
2006-10-25,,24.767141342163086,,,12.160082817077637,,96.22130584716797,10.310966491699219,12.353592872619629
2006-10-26,,24.958248138427734,,,12.183073043823242,,96.52037048339844,10.399750709533691,12.413325309753418
2006-10-27,,24.667762756347656,,,11.999176025390625,,95.9153060913086,10.31294059753418,12.312235832214355
2006-10-30,,24.744197845458984,,,11.983853340148926,,95.84574890136719,10.316885948181152,12.318364143371582
2006-10-31,,24.629539489746094,,,11.945539474487305,,95.83184051513672,10.301098823547363,12.296919822692871
2006-11-01,,24.17852783203125,,,11.700348854064941,,95.18497467041016,10.204425811767578,12.23719310760498
2006-11-02,,24.109737396240234,,,11.616060256958008,,95.12938690185547,10.224153518676758,12.220345497131348
2006-11-03,,24.18617820739746,,,11.600733757019043,,94.96244049072266,10.2142915725708,12.223407745361328
2006-11-06,,24.560747146606445,,,11.753984451293945,,96.03348541259766,10.328726768493652,12.335211753845215
2006-11-07,,24.62188720703125,,,11.8076171875,,96.40211486816406,10.346484184265137,12.3826904296875
2006-11-08,,24.79388999938965,,,11.83827018737793,,96.6107406616211,10.378047943115234,12.413325309753418
2006-11-09,,24.5531005859375,,,11.730996131896973,,96.10306549072266,10.318861961364746,12.37043285369873
2006-11-10,,24.702165603637695,,,11.799957275390625,,96.14479064941406,10.324784278869629,12.365839958190918
2006-11-13,,24.80536460876465,,,11.776969909667969,,96.38125610351562,10.362268447875977,12.422516822814941
2006-11-14,,25.221960067749023,,,11.968530654907227,,97.10459899902344,10.447104454040527,12.474587440490723
2006-11-15,,25.416885375976562,,,12.022164344787598,,97.38276672363281,10.49643325805664,12.492960929870605
2006-11-16,,25.3404541015625,,,12.014500617980957,,97.63314819335938,10.520108222961426,12.5128755569458
2006-11-17,,25.27165412902832,,,11.945539474487305,,97.66098022460938,10.512214660644531,12.541971206665039
2006-11-20,,25.317523956298828,,,11.96086597442627,,97.71656036376953,10.510241508483887,12.543501853942871
2006-11-21,,25.4398136138916,,,11.999176025390625,,97.81395721435547,10.547727584838867,12.56341552734375
2006-11-22,,25.481868743896484,,,12.022164344787598,,98.00872039794922,10.587187767028809,12.555757522583008
2006-11-24,,25.393966674804688,,,12.022164344787598,,97.61228942871094,10.577327728271484,12.543501853942871
2006-11-27,,24.828289031982422,,,11.730996131896973,,96.26995086669922,10.395807266235352,12.39188289642334
2006-11-28,,24.866504669189453,,,11.753984451293945,,96.68730163574219,10.443157196044922,12.417909622192383
2006-11-29,,25.264009475708008,,,11.914889335632324,,97.69573211669922,10.53589153289795,12.49449348449707
2006-11-30,,25.27547264099121,,,11.868913650512695,,97.73747253417969,10.557595252990723,12.590986251831055
2006-12-01,,25.18756866455078,,,11.7922945022583,,97.52189636230469,10.494460105895996,12.522062301635742
2006-12-04,,25.627103805541992,,,12.00683879852295,,98.26602172851562,10.620733261108398,12.618556022644043
2006-12-05,,25.69208526611328,,,12.03748607635498,,98.69029998779297,10.670060157775879,12.659907341003418
2006-12-06,,25.646215438842773,,,12.045151710510254,,98.60680389404297,10.677947998046875,12.635396957397461
2006-12-07,,25.550661087036133,,,12.022164344787598,,98.17564392089844,10.614811897277832,12.60936164855957
2006-12-08,,25.50096893310547,,,12.060476303100586,,98.35649108886719,10.630597114562988,12.638463973999023
2006-12-11,,25.52773094177246,,,12.068136215209961,,98.64163208007812,10.634546279907227,12.679816246032715
2006-12-12,,25.37866973876953,,,12.060476303100586,,98.56510925292969,10.601003646850586,12.66909408569336
2006-12-13,,25.393966674804688,,,12.121771812438965,,98.66941833496094,10.608893394470215,12.70890998840332
2006-12-14,,25.59651756286621,,,12.236706733703613,,99.5387954711914,10.717409133911133,12.83603286743164
2006-12-15,,25.470409393310547,,,12.229049682617188,,99.54785919189453,10.707911491394043,12.847285270690918
2006-12-18,,25.13788414001465,,,12.190735816955566,,99.27515411376953,10.64857006072998,12.822619438171387
2006-12-19,,25.225784301757812,,,12.213719367980957,,99.46393585205078,10.672304153442383,12.839580535888672
2006-12-20,,25.302223205566406,,,12.229049682617188,,99.4079818725586,10.6525239944458,12.841120719909668
2006-12-21,,25.152423858642578,,,12.252030372619629,,99.04435729980469,10.5852689743042,12.802584648132324
2006-12-22,,25.0757999420166,,,12.213719367980957,,98.43586730957031,10.545706748962402,12.762511253356934
2006-12-26,,25.298004150390625,,,12.252030372619629,,99.01637268066406,10.555594444274902,12.822619438171387
2006-12-27,,25.65049934387207,,,12.366969108581543,,99.66678619384766,10.632745742797852,12.925894737243652
2006-12-28,,25.550884246826172,,,12.336321830749512,,99.45695495605469,10.618898391723633,12.91356086730957
2006-12-29,,25.28268051147461,,,12.24437141418457,,99.04435729980469,10.575376510620117,12.842658996582031
2007-01-03,,25.24820899963379,,,12.259696960449219,,98.86951446533203,10.539767265319824,12.81029224395752
2007-01-04,,25.229053497314453,,,12.389957427978516,,99.07929229736328,10.616911888122559,12.822619438171387
2007-01-05,,24.949373245239258,,,12.29034423828125,,98.28904724121094,10.557573318481445,12.731683731079102
2007-01-08,,24.934049606323242,,,12.359301567077637,,98.7436294555664,10.589225769042969,12.754806518554688
2007-01-09,,24.98385238647461,,,12.405278205871582,,98.6596908569336,10.577352523803711,12.747096061706543
2007-01-10,,24.991512298583984,,,12.435927391052246,,98.9884262084961,10.640655517578125,12.747096061706543
2007-01-11,,25.244375228881836,,,12.612160682678223,,99.42204284667969,10.737586975097656,12.804126739501953
2007-01-12,,25.478084564208984,,,12.66579818725586,,100.17730712890625,10.794953346252441,12.865777969360352
2007-01-16,,25.382299423217773,,,12.66579818725586,,99.98149871826172,10.80088996887207,12.868865013122559
2007-01-17,,25.393796920776367,,,12.688783645629883,,100.02347564697266,10.779129028320312,12.864241600036621
2007-01-18,,25.0757999420166,,,12.635148048400879,,99.68771362304688,10.737586975097656,12.856534004211426
2007-01-19,,25.244375228881836,,,12.673458099365234,,99.88360595703125,10.781105995178223,12.876575469970703
2007-01-22,,25.025997161865234,,,12.57384967803955,,99.57588195800781,10.69802474975586,12.833409309387207
2007-01-23,,25.309507369995117,,,12.650470733642578,,99.86959075927734,10.731653213500977,12.879658699035645
2007-01-24,,25.577699661254883,,,12.79605484008789,,100.673828125,10.84243106842041,12.978299140930176
2007-01-25,,25.25969696044922,,,12.612160682678223,,99.4919204711914,10.715826034545898,12.847285270690918
2007-01-26,,25.317176818847656,,,12.658140182495117,,99.40096282958984,10.694066047668457,12.847285270690918
2007-01-29,,25.48192596435547,,,12.673458099365234,,99.34508514404297,10.696045875549316,12.83033275604248
2007-01-30,,25.669649124145508,,,12.696446418762207,,99.86260986328125,10.741546630859375,12.907398223876953
2007-01-31,,25.788415908813477,,,12.742422103881836,,100.53400421142578,10.850345611572266,12.987548828125
2007-02-01,,26.129409790039062,,,12.857355117797852,,101.1353988647461,10.87210750579834,13.036872863769531
2007-02-02,,26.137062072753906,,,12.865018844604492,,101.27536010742188,10.897819519042969,13.11548137664795
2007-02-05,,26.079599380493164,,,12.888008117675781,,101.30328369140625,10.860236167907715,13.11548137664795
2007-02-06,,26.17921257019043,,,12.903329849243164,,101.3312759399414,10.880016326904297,13.13243579864502
2007-02-07,,26.389934539794922,,,13.025925636291504,,101.5550537109375,10.915620803833008,13.13552188873291
2007-02-08,,26.313316345214844,,,13.110210418701172,,101.42217254638672,10.913644790649414,13.100068092346191
2007-02-09,,26.137062072753906,,,12.956965446472168,,100.6668701171875,10.83056354522705,13.01837158203125
2007-02-12,,25.937837600708008,,,12.872679710388184,,100.32416534423828,10.759346961975098,13.004502296447754
2007-02-13,,26.183034896850586,,,12.933980941772461,,101.17044830322266,10.846390724182129,13.110860824584961
2007-02-14,,26.25583839416504,,,13.079564094543457,,101.8348388671875,10.931447982788086,13.220294952392578
2007-02-15,,26.28649139404297,,,13.117874145507812,,101.96766662597656,10.978923797607422,13.197173118591309
2007-02-16,,26.370777130126953,,,13.102553367614746,,101.91876983642578,10.961124420166016,13.187931060791016
2007-02-20,,26.62364959716797,,,13.217483520507812,,102.13549041748047,11.004644393920898,13.206424713134766
2007-02-21,,26.727083206176758,,,13.202159881591797,,102.09356689453125,11.012551307678223,13.19255542755127
2007-02-22,,26.75007438659668,,,13.217483520507812,,102.01663970947266,11.008596420288086,13.137064933776855
2007-02-23,,26.635133743286133,,,13.125531196594238,,101.61801147460938,10.99277114868164,13.117022514343262
2007-02-26,,26.573837280273438,,,13.0565767288208,,101.5270767211914,10.947277069091797,13.13089370727539
2007-02-27,,25.4742488861084,,,12.497224807739258,,97.56168365478516,10.5852689743042,12.670027732849121
2007-02-28,,25.62367057800293,,,12.612160682678223,,98.5617446899414,10.646588325500488,12.745556831359863
2007-03-01,,25.566204071044922,,,12.57384967803955,,98.26798248291016,10.60702896118164,12.716265678405762
2007-03-02,,25.08346176147461,,,12.351648330688477,,96.98117065429688,10.486357688903809,12.599123001098633
2007-03-05,,24.57773208618164,,,12.175410270690918,,96.05802917480469,10.381509780883789,12.465028762817383
2007-03-06,,25.144760131835938,,,12.412940979003906,,97.70155334472656,10.516031265258789,12.651531219482422
2007-03-07,,25.114116668701172,,,12.34398078918457,,97.60366821289062,10.523942947387695,12.617619514465332
2007-03-08,,25.374637603759766,,,12.566186904907227,,98.42889404296875,10.589225769042969,12.719352722167969
2007-03-09,,25.478084564208984,,,12.627483367919922,,98.45687103271484,10.593182563781738,12.73476505279541
2007-03-12,,25.54322052001953,,,12.742422103881836,,98.60377502441406,10.61296558380127,12.762511253356934
2007-03-13,,24.95703887939453,,,12.48956298828125,,96.68746185302734,10.434925079345703,12.508185386657715
2007-03-14,,25.20223617553711,,,12.566186904907227,,97.4078140258789,10.480422973632812,12.545174598693848
2007-03-15,,25.382299423217773,,,12.635148048400879,,97.54073333740234,10.519986152648926,12.639201164245605
2007-03-16,,25.305679321289062,,,12.604496955871582,,97.26757049560547,10.481332778930664,12.588921546936035
2007-03-19,,25.562368392944336,,,12.696446418762207,,98.44013977050781,10.584403038024902,12.702200889587402
2007-03-20,,25.784589767456055,,,12.819042205810547,,98.98082733154297,10.647829055786133,12.813920974731445
2007-03-21,,26.2175235748291,,,13.01826286315918,,100.60975646972656,10.822254180908203,13.046679496765137
2007-03-22,,26.25583839416504,,,13.01826286315918,,100.53256225585938,10.834148406982422,13.048219680786133
2007-03-23,,26.324787139892578,,,13.04124927520752,,100.6799545288086,10.834148406982422,13.080809593200684
2007-03-26,,26.223100662231445,,,13.010601997375488,,100.54656982421875,10.851987838745117,13.080809593200684
2007-03-27,,26.146339416503906,,,12.926314353942871,,100.30784606933594,10.770721435546875,13.031158447265625
2007-03-28,,25.935266494750977,,,12.826706886291504,,99.57762145996094,10.695401191711426,12.93030071258545
2007-03-29,,26.061922073364258,,,12.819042205810547,,99.68292236328125,10.669637680053711,12.976850509643555
2007-03-30,,26.061922073364258,,,12.842033386230469,,99.7040023803711,10.705312728881836,12.945816040039062
2007-04-02,,26.15018081665039,,,12.926314353942871,,99.81634521484375,10.739008903503418,12.976850509643555
2007-04-03,,26.39964485168457,,,13.0565767288208,,100.89060974121094,10.846040725708008,13.073049545288086
2007-04-04,,26.441850662231445,,,13.125531196594238,,101.00298309326172,10.86982536315918,13.076157569885254
2007-04-05,,26.40348243713379,,,13.217483520507812,,101.27676391601562,10.91541576385498,13.111844062805176
2007-04-09,,26.434167861938477,,,13.202159881591797,,101.41724395751953,10.931272506713867,13.14443302154541
2007-04-10,,26.52628517150879,,,13.278782844543457,,101.53659057617188,10.93721866607666,13.16460132598877
2007-04-11,,26.342069625854492,,,13.1561918258667,,101.1223373413086,10.881720542907715,13.096333503723145
2007-04-12,,26.480228424072266,,,13.240473747253418,,101.57170867919922,10.961000442504883,13.135122299194336
2007-04-13,,26.68363380432129,,,13.34007740020752,,102.03514099121094,11.004609107971191,13.186331748962402
2007-04-16,,27.002161026000977,,,13.432029724121094,,103.00403594970703,11.087858200073242,13.33683967590332
2007-04-17,,26.940752029418945,,,13.447351455688477,,103.2778549194336,11.117586135864258,13.353912353515625
2007-04-18,,26.7680606842041,,,13.409041404724121,,103.40430450439453,11.109658241271973,13.408225059509277
2007-04-19,,26.714332580566406,,,13.37839126586914,,103.37617492675781,11.085872650146484,13.39581298828125
2007-04-20,,27.01751136779785,,,13.5546236038208,,104.35216522216797,11.17705249786377,13.499770164489746
2007-04-23,,26.975292205810547,,,13.48566722869873,,103.95897674560547,11.175067901611328,13.460977554321289
2007-04-24,,26.95610237121582,,,13.363065719604492,,104.0010757446289,11.186959266662598,13.45322322845459
2007-04-25,,27.121118545532227,,,13.516314506530762,,104.95598602294922,11.270214080810547,13.603736877441406
2007-04-26,,27.26310920715332,,,13.646574020385742,,105.0753173828125,11.254350662231445,13.608391761779785
2007-04-27,,27.136486053466797,,,13.677220344543457,,104.99109649658203,11.250388145446777,13.586668968200684
2007-04-30,,26.66826629638672,,,13.477996826171875,,104.1204605102539,11.15722942352295,13.501324653625488
2007-05-01,,26.817941665649414,,,13.470341682434082,,104.38729095458984,11.169121742248535,13.504426002502441
2007-05-02,,27.186370849609375,,,13.577609062194824,,104.99810791015625,11.272193908691406,13.628564834594727
2007-05-03,,27.17486000061035,,,13.592936515808105,,105.5668716430664,11.307867050170898,13.679773330688477
2007-05-04,,27.443490982055664,,,13.730855941772461,,105.96711730957031,11.351475715637207,13.709253311157227
2007-05-07,,27.33603858947754,,,13.692546844482422,,105.9881591796875,11.347515106201172,13.763558387756348
2007-05-08,,27.259288787841797,,,13.715532302856445,,105.84774780273438,11.347515106201172,13.749593734741211
2007-05-09,,27.416629791259766,,,13.799819946289062,,106.13558197021484,11.375263214111328,13.817873001098633
2007-05-10,,27.075077056884766,,,13.516314506530762,,105.02619171142578,11.236515045166016,13.642531394958496
2007-05-11,,27.282304763793945,,,13.638914108276367,,105.92495727539062,11.311834335327148,13.748043060302734
2007-05-14,,27.052045822143555,,,13.516314506530762,,105.6932373046875,11.274178504943848,13.752700805664062
2007-05-15,,26.921567916870117,,,13.393720626831055,,105.72134399414062,11.238499641418457,13.772870063781738
2007-05-16,,27.021352767944336,,,13.48566722869873,,106.44453430175781,11.331653594970703,13.853557586669922
2007-05-17,,26.890869140625,,,13.455015182495117,,106.2339096069336,11.343544960021973,13.869077682495117
2007-05-18,,27.1441650390625,,,13.546958923339844,,107.1606674194336,11.397063255310059,13.926486015319824
2007-05-21,,27.451169967651367,,,13.66955852508545,,107.10453033447266,11.456525802612305,13.962183952331543
2007-05-22,,27.620025634765625,,,13.738527297973633,,107.02030181884766,11.446619987487793,13.980799674987793
2007-05-23,,27.508739471435547,,,13.654234886169434,,107.03431701660156,11.446619987487793,13.962183952331543
2007-05-24,,27.19020652770996,,,13.46267032623291,,106.06537628173828,11.32174301147461,13.772870063781738
2007-05-25,,27.332197189331055,,,13.539299011230469,,106.50774383544922,11.375263214111328,13.85666561126709
2007-05-29,,27.558609008789062,,,13.600600242614746,,106.89388275146484,11.414904594421387,13.879940032958984
2007-05-30,,27.73130989074707,,,13.684882164001465,,107.76461029052734,11.498154640197754,13.968385696411133
2007-05-31,,27.834938049316406,,,13.661898612976074,,107.6522445678711,11.539775848388672,13.9714937210083
2007-06-01,,28.092077255249023,,,13.707870483398438,,108.18590545654297,11.589332580566406,14.005627632141113
2007-06-04,,28.11510467529297,,,13.761507034301758,,108.19992065429688,11.630948066711426,14.025800704956055
2007-06-05,,27.942399978637695,,,13.677220344543457,,107.7716064453125,11.597257614135742,13.952865600585938
2007-06-06,,27.600841522216797,,,13.500988006591797,,106.61299896240234,11.486255645751953,13.831835746765137
2007-06-07,,27.03668975830078,,,13.248133659362793,,104.689208984375,11.278139114379883,13.58045768737793
2007-06-08,,27.343704223632812,,,13.363065719604492,,106.05135345458984,11.416887283325195,13.723220825195312
2007-06-11,,27.40511703491211,,,13.35540771484375,,106.2339096069336,11.410942077636719,13.755803108215332
2007-06-12,,26.971454620361328,,,13.17917251586914,,105.0753173828125,11.307867050170898,13.63011646270752
2007-06-13,,27.35907745361328,,,13.332415580749512,,106.6481704711914,11.456525802612305,13.810103416442871
2007-06-14,,27.593168258666992,,,13.424369812011719,,107.32927703857422,11.535811424255371,13.876837730407715
2007-06-15,,27.900188446044922,,,13.56229305267334,,107.9399642944336,11.612900733947754,13.983563423156738
2007-06-18,,27.838764190673828,,,13.500988006591797,,107.81297302246094,11.585082054138184,13.961713790893555
2007-06-19,,27.946247100830078,,,13.539299011230469,,108.08094787597656,11.59303092956543,13.999160766601562
2007-06-20,,27.562469482421875,,,12.558527946472168,,106.5789794921875,11.471837997436523,13.788522720336914
2007-06-21,,27.69295883178711,,,13.48566722869873,,107.17131805419922,11.53541374206543,13.843134880065918
2007-06-22,,27.462678909301758,,,13.386053085327148,,106.1628646850586,11.45395565032959,13.666818618774414
2007-06-25,,27.297657012939453,,,13.248133659362793,,105.65518188476562,11.356597900390625,13.61376667022705
2007-06-26,,27.03668975830078,,,13.225149154663086,,104.56925201416016,11.324810028076172,13.496748924255371
2007-06-27,,27.535606384277344,,,13.401373863220215,,106.05713653564453,11.396340370178223,13.690224647521973
2007-06-28,,27.562469482421875,,,13.432029724121094,,106.04301452636719,11.408259391784668,13.733907699584961
2007-06-29,,27.386810302734375,,,13.470341682434082,,106.07827758789062,11.384416580200195,13.683985710144043
2007-07-02,,27.74889373779297,,,13.600600242614746,,107.03730010986328,11.507596015930176,13.815044403076172
2007-07-03,,27.845197677612305,,,13.623591423034668,,107.4251480102539,11.545348167419434,13.938315391540527
2007-07-05,,27.895259857177734,,,13.707870483398438,,107.31234741210938,11.58707046508789,13.885257720947266
2007-07-06,,27.956899642944336,,,13.799819946289062,,107.87649536132812,11.654623985290527,13.930512428283691
2007-07-09,,27.968448638916016,,,13.79215145111084,,107.96106719970703,11.65660572052002,13.938315391540527
2007-07-10,,27.510089874267578,,,13.585273742675781,,106.42381286621094,11.527467727661133,13.724547386169434
2007-07-11,,27.764297485351562,,,13.707870483398438,,107.17829895019531,11.579126358032227,13.783841133117676
2007-07-12,,28.04163932800293,,,13.945404052734375,,108.87075805664062,11.775816917419434,14.060018539428711
2007-07-13,,28.18799591064453,,,13.960721969604492,,109.19513702392578,11.79171371459961,14.130229949951172
2007-07-16,,28.103260040283203,,,13.891765594482422,,109.1810073852539,11.771845817565918,14.09278678894043
2007-07-17,,28.103260040283203,,,13.960721969604492,,109.12461853027344,11.789727210998535,14.103703498840332
2007-07-18,,28.022369384765625,,,13.868778228759766,,108.92715454101562,11.801645278930664,14.027251243591309
2007-07-19,,28.195720672607422,,,13.999041557312012,,109.35023498535156,11.831446647644043,14.066259384155273
2007-07-20,,27.760456085205078,,,13.891765594482422,,108.2431640625,11.753962516784668,13.886819839477539
2007-07-23,,27.77971076965332,,,13.968387603759766,,108.5745620727539,11.763896942138672,13.969513893127441
2007-07-24,,27.13644027709961,,,13.615922927856445,,106.69178009033203,11.60693645477295,13.66837215423584
2007-07-25,,27.044004440307617,,,13.569952011108398,,106.91038513183594,11.579126358032227,13.744830131530762
2007-07-26,,26.362218856811523,,,13.202159881591797,,104.3788070678711,11.334744453430176,13.387516975402832
2007-07-27,,25.861474990844727,,,12.964627265930176,,102.32679748535156,11.203615188598633,13.145669937133789
2007-07-30,,26.27362632751465,,,13.079564094543457,,103.92753601074219,11.308917999267578,13.273621559143066
2007-07-31,,26.000141143798828,,,12.956965446472168,,102.75697326660156,11.136065483093262,13.083256721496582
2007-08-01,,26.104145050048828,,,13.025925636291504,,103.25758361816406,11.213547706604004,13.24396800994873
2007-08-02,,26.404586791992188,,,13.102553367614746,,104.08270263671875,11.312891006469727,13.26893424987793
2007-08-03,,25.39539909362793,,,12.66579818725586,,101.40300750732422,11.058581352233887,12.863256454467773
2007-08-06,,25.691991806030273,,,12.750083923339844,,103.10247802734375,11.233417510986328,13.24396800994873
2007-08-07,,26.011693954467773,,,12.819042205810547,,104.20254516601562,11.277129173278809,13.368799209594727
2007-08-08,,26.385330200195312,,,12.97229290008545,,105.65518188476562,11.422168731689453,13.521710395812988
2007-08-09,,25.80368995666504,,,12.566186904907227,,102.52423858642578,11.21950912475586,13.108220100402832
2007-08-10,,26.146516799926758,,,12.803722381591797,,102.04472351074219,11.114212036132812,13.06765365600586
2007-08-13,,26.000141143798828,,,12.910988807678223,,102.41139221191406,11.185731887817383,13.1160249710083
2007-08-14,,25.614953994750977,,,12.604496955871582,,100.84591674804688,10.957253456115723,12.914743423461914
2007-08-15,,25.36843490600586,,,12.397616386413574,,99.45674133300781,10.774462699890137,12.663536071777344
2007-08-16,,25.745922088623047,,,12.359301567077637,,100.20425415039062,10.766517639160156,12.880415916442871
2007-08-17,,26.219701766967773,,,12.527873992919922,,102.04472351074219,10.939369201660156,13.209646224975586
2007-08-20,,26.235109329223633,,,12.66579818725586,,101.99537658691406,10.965198516845703,13.237726211547852
2007-08-21,,26.369918823242188,,,12.780731201171875,,102.19989776611328,11.004936218261719,13.215887069702148
2007-08-22,,26.5894775390625,,,13.01826286315918,,103.41275024414062,11.140036582946777,13.354752540588379
2007-08-23,,26.312145233154297,,,13.010601997375488,,103.32106018066406,11.122159004211426,13.325112342834473
2007-08-24,,26.801332473754883,,,13.209821701049805,,104.59741973876953,11.263223648071289,13.468652725219727
2007-08-27,,26.446956634521484,,,13.025925636291504,,103.62425994873047,11.195669174194336,13.334473609924316
2007-08-28,,25.680435180664062,,,12.681121826171875,,101.34659576416016,10.975132942199707,13.013041496276855
2007-08-29,,26.35068130493164,,,12.933980941772461,,103.33516693115234,11.203615188598633,13.250216484069824
2007-08-30,,26.16191864013672,,,12.918652534484863,,103.06012725830078,11.195669174194336,13.184675216674805
2007-08-31,,26.48548126220703,,,13.079564094543457,,104.0756607055664,11.318855285644531,13.336030006408691
2007-09-04,,26.689626693725586,,,13.286447525024414,,105.12627410888672,11.447993278503418,13.49206256866455
2007-09-05,,26.531694412231445,,,13.217483520507812,,104.21662139892578,11.34467887878418,13.300143241882324
2007-09-06,,26.512454986572266,,,13.363065719604492,,104.45641326904297,11.3943510055542,13.353194236755371
2007-09-07,,26.18503761291504,,,13.025925636291504,,103.00373840332031,11.199644088745117,13.158154487609863
2007-09-10,,25.82296371459961,,,12.933980941772461,,102.80631256103516,11.189708709716797,13.150352478027344
2007-09-11,,26.2697696685791,,,13.186832427978516,,104.0050277709961,11.334744453430176,13.248648643493652
2007-09-12,,26.138813018798828,,,13.171507835388184,,104.27302551269531,11.34467887878418,13.321979522705078
2007-09-13,,26.134965896606445,,,13.217483520507812,,105.00645446777344,11.388388633728027,13.470220565795898
2007-09-14,,26.34680938720703,,,13.240473747253418,,104.99937438964844,11.402300834655762,13.448373794555664
2007-09-17,,26.046371459960938,,,13.13320255279541,,104.43522644042969,11.338719367980957,13.398444175720215
2007-09-18,,27.109479904174805,,,13.638914108276367,,107.509765625,11.608928680419922,13.74795150756836
2007-09-19,,27.390670776367188,,,13.868778228759766,,108.14440155029297,11.680451393127441,13.902423858642578
2007-09-20,,27.205772399902344,,,13.83046817779541,,107.38286590576172,11.640713691711426,13.8025541305542
2007-09-21,,27.225046157836914,,,13.937739372253418,,107.67262268066406,11.687698364257812,13.854863166809082
2007-09-24,,26.99392318725586,,,13.922411918640137,,107.47423553466797,11.663806915283203,13.752779006958008
2007-09-25,,26.878376007080078,,,14.006696701049805,,107.26165008544922,11.689687728881836,13.693102836608887
2007-09-26,,27.01844024658203,,,14.06800365447998,,107.8284912109375,11.745429039001465,13.798317909240723
2007-09-27,,27.21137809753418,,,14.251896858215332,,108.46613311767578,11.799177169799805,13.84544563293457
2007-09-28,,26.914257049560547,,,14.06800365447998,,108.10481262207031,11.769316673278809,13.785752296447754
2007-10-01,,27.481477737426758,,,14.228907585144043,,109.32344055175781,11.916631698608398,13.975790023803711
2007-10-02,,27.709129333496094,,,14.213582992553711,,109.17466735839844,11.904685974121094,13.993063926696777
2007-10-03,,27.550931930541992,,,14.029687881469727,,108.95501708984375,11.842974662780762,13.944378852844238
2007-10-04,,27.628108978271484,,,14.083322525024414,,109.12506866455078,11.872835159301758,13.988353729248047
2007-10-05,,28.095014572143555,,,14.31319522857666,,110.42168426513672,11.996265411376953,14.115557670593262
2007-10-08,,27.921369552612305,,,14.320857048034668,,109.83357238769531,12.004223823547363,14.019767761230469
2007-10-09,,28.114307403564453,,,14.458775520324707,,110.86798858642578,12.099782943725586,14.151677131652832
2007-10-10,,28.029415130615234,,,14.550727844238281,,110.68379974365234,12.13960075378418,14.060591697692871
2007-10-11,,27.774747848510742,,,14.389819145202637,,110.15239715576172,12.069917678833008,14.024471282958984
2007-10-12,,27.97539520263672,,,14.596697807312012,,110.7617416381836,12.155522346496582,14.043312072753906
2007-10-15,,27.616539001464844,,,14.550727844238281,,109.82647705078125,12.053995132446289,13.942805290222168
2007-10-16,,27.28469467163086,,,14.428125381469727,,108.95501708984375,12.002232551574707,13.84544563293457
2007-10-17,,27.327138900756836,,,14.428125381469727,,109.28804016113281,12.028116226196289,13.722942352294922
2007-10-18,,27.21137809753418,,,14.589037895202637,,108.89126586914062,12.083858489990234,13.781044006347656
2007-10-19,,26.316160202026367,,,14.052674293518066,,106.04303741455078,11.765336990356445,13.441821098327637
2007-10-22,,26.79464340209961,,,14.175271987915039,,106.65947723388672,11.78126049041748,13.48108196258545
2007-10-23,,27.010719299316406,,,14.596697807312012,,107.52378845214844,11.908668518066406,13.567462921142578
2007-10-24,,26.844804763793945,,,14.543063163757324,,107.32546997070312,11.886774063110352,13.562750816345215
2007-10-25,,26.74061393737793,,,14.55838394165039,,107.58050537109375,11.924600601196289,13.512490272521973
2007-10-26,,27.273120880126953,,,14.772932052612305,,108.84165954589844,12.02214241027832,13.661689758300781
2007-10-29,,27.257671356201172,,,14.826569557189941,,109.20301055908203,12.077884674072266,13.790474891662598
2007-10-30,,27.03388023376465,,,14.58137321472168,,108.44491577148438,12.018162727355957,13.669544219970703
2007-10-31,,27.377290725708008,,,14.742280960083008,,109.57144165039062,12.157513618469238,13.787330627441406
2007-11-01,,26.316160202026367,,,14.420467376708984,,107.00663757324219,11.936540603637695,13.386856079101562
2007-11-02,,26.354755401611328,,,14.443450927734375,,107.12709045410156,11.99825668334961,13.327180862426758
2007-11-05,,26.034481048583984,,,14.31319522857666,,106.31232452392578,11.962423324584961,13.248648643493652
2007-11-06,,26.474367141723633,,,14.596697807312012,,107.7435073852539,12.107746124267578,13.396285057067871
2007-11-07,,25.621610641479492,,,14.136961936950684,,104.79603576660156,11.80316162109375,12.98166561126709
2007-11-08,,25.61388397216797,,,14.014364242553711,,104.2646255493164,11.719551086425781,13.02878189086914
2007-11-09,,25.40550994873047,,,13.638914108276367,,102.8334732055664,11.516489028930664,13.096311569213867
2007-11-12,,25.158557891845703,,,13.140861511230469,,101.81319427490234,11.305475234985352,12.867025375366211
2007-11-13,,25.880136489868164,,,13.569952011108398,,104.91653442382812,11.643901824951172,13.22195053100586
2007-11-14,,25.791383743286133,,,13.623591423034668,,104.62601470947266,11.562278747558594,13.199966430664062
2007-11-15,,25.428672790527344,,,13.35540771484375,,103.11688995361328,11.458760261535645,12.953401565551758
2007-11-16,,25.285892486572266,,,13.455015182495117,,103.29400634765625,11.542366027832031,12.90157413482666
2007-11-19,,24.791988372802734,,,13.171507835388184,,101.8557357788086,11.399039268493652,12.73353385925293
2007-11-20,,24.791988372802734,,,13.286447525024414,,102.479248046875,11.4348726272583,12.794777870178223
2007-11-21,,24.4254150390625,,,13.071900367736816,,100.38204956054688,11.279595375061035,12.56391429901123
2007-11-23,,24.96562385559082,,,13.317096710205078,,102.11788940429688,11.383116722106934,12.774365425109863
2007-11-26,,24.18617820739746,,,13.202159881591797,,99.86482238769531,11.195981979370117,12.457125663757324
2007-11-27,,24.502582550048828,,,13.386053085327148,,101.01262664794922,11.359224319458008,12.673852920532227
2007-11-28,,25.42095947265625,,,13.84579086303711,,104.24346160888672,11.673757553100586,13.06647777557373
2007-11-29,,25.328338623046875,,,13.646574020385742,,104.27886199951172,11.699641227722168,13.039777755737305
2007-11-30,,25.428672790527344,,,13.838135719299316,,105.32742309570312,11.71556568145752,13.20467758178711
2007-12-03,,25.081384658813477,,,13.899428367614746,,104.63307189941406,11.65982437133789,13.140287399291992
2007-12-04,,25.03508949279785,,,13.891765594482422,,103.6978530883789,11.622005462646484,13.027215003967285
2007-12-05,,25.351490020751953,,,14.144622802734375,,105.43373107910156,11.783254623413086,13.210960388183594
2007-12-06,,25.97660255432129,,,14.412802696228027,,106.94285583496094,11.970382690429688,13.42297649383545
2007-12-07,,25.945730209350586,,,14.35150146484375,,106.92158508300781,11.968395233154297,13.396285057067871
2007-12-10,,26.262126922607422,,,14.382158279418945,,107.75059509277344,12.03608226776123,13.540766716003418
2007-12-11,,25.30518341064453,,,13.79215145111084,,104.79603576660156,11.765336990356445,13.181122779846191
2007-12-12,,25.451820373535156,,,14.121634483337402,,105.8304443359375,11.833020210266113,13.212532997131348
2007-12-13,,25.193283081054688,,,14.175271987915039,,105.6108627319336,11.82506275177002,13.218811988830566
2007-12-14,,24.89232063293457,,,13.976054191589355,,104.2717514038086,11.70362377166748,13.060193061828613
2007-12-17,,24.45628547668457,,,13.684882164001465,,102.78386688232422,11.510522842407227,12.862305641174316
2007-12-18,,24.788129806518555,,,13.623591423034668,,103.35775756835938,11.562278747558594,12.940835952758789
2007-12-19,,24.90389060974121,,,13.79215145111084,,103.35775756835938,11.54636001586914,12.934557914733887
2007-12-20,,25.255023956298828,,,14.075658798217773,,104.00961303710938,11.647886276245117,12.92513370513916
2007-12-21,,25.783666610717773,,,14.359167098999023,,105.50897216796875,11.828228950500488,13.18748950958252
2007-12-24,,25.984315872192383,,,14.466440200805664,,106.29241943359375,11.910021781921387,13.276098251342773
2007-12-26,,25.98817253112793,,,14.589037895202637,,106.52033996582031,11.931964874267578,13.295084953308105
2007-12-27,,25.384899139404297,,,14.32851505279541,,105.1812515258789,11.784340858459473,13.133687019348145
2007-12-28,,25.3345890045166,,,14.458775520324707,,104.91780090332031,11.790324211120605,13.117868423461914
2007-12-31,,25.160459518432617,,,14.297873497009277,,104.1413803100586,11.712519645690918,13.022924423217773
2008-01-02,,24.916669845581055,,,14.121634483337402,,103.22972106933594,11.566880226135254,12.861517906188965
2008-01-03,,24.59935760498047,,,14.213582992553711,,103.17979431152344,11.54892635345459,12.869429588317871
2008-01-04,,23.848644256591797,,,13.638914108276367,,100.6512451171875,11.221752166748047,12.636821746826172
2008-01-07,,23.972476959228516,,,13.46267032623291,,100.56575775146484,11.193827629089355,12.662140846252441
2008-01-08,,23.310760498046875,,,13.17917251586914,,98.94180297851562,11.00429916381836,12.41528606414795
2008-01-09,,23.577770233154297,,,13.286447525024414,,99.98172760009766,11.137964248657227,12.583024978637695
2008-01-10,,23.728683471679688,,,13.35540771484375,,100.636962890625,11.1978120803833,12.715940475463867
2008-01-11,,23.248844146728516,,,13.033588409423828,,99.82498931884766,11.048192977905273,12.575105667114258
2008-01-14,,23.47716522216797,,,13.332415580749512,,100.62987518310547,11.199813842773438,12.674797058105469
2008-01-15,,23.0244140625,,,12.941638946533203,,98.41471099853516,10.918516159057617,12.351994514465332
2008-01-16,,23.082460403442383,,,12.66579818725586,,97.56710815429688,10.80280876159668,12.34882926940918
2008-01-17,,22.548444747924805,,,12.045151710510254,,95.03850555419922,10.519518852233887,11.924755096435547
2008-01-18,,22.389801025390625,,,12.091126441955566,,94.06269836425781,10.503560066223145,11.83614444732666
2008-01-22,,22.324003219604492,,,11.937880516052246,,93.10826873779297,10.353934288024902,11.736449241638184
2008-01-23,,23.121152877807617,,,12.014500617980957,,95.34481048583984,10.4676513671875,12.125716209411621
2008-01-24,,23.09018898010254,,,12.298003196716309,,96.1496810913086,10.661162376403809,12.190592765808105
2008-01-25,,22.95862579345703,,,12.183073043823242,,94.76072692871094,10.563413619995117,11.981719970703125
2008-01-28,,23.388151168823242,,,12.336321830749512,,96.32772064208984,10.661162376403809,12.230155944824219
2008-01-29,,23.581642150878906,,,12.259696960449219,,96.80497741699219,10.661162376403809,12.364655494689941
2008-01-30,,23.272066116333008,,,12.068136215209961,,96.09268951416016,10.61328411102295,12.290283203125
2008-01-31,,23.802209854125977,,,12.24437141418457,,97.84487915039062,10.752937316894531,12.469090461730957
2008-02-01,,24.467792510986328,,,12.596841812133789,,99.4190444946289,10.952432632446289,12.652647972106934
2008-02-04,,24.220134735107422,,,12.57384967803955,,98.16544342041016,10.818768501281738,12.527639389038086
2008-02-05,,23.616466522216797,,,12.052811622619629,,95.53715515136719,10.55144214630127,12.130464553833008
2008-02-06,,23.295284271240234,,,11.799957275390625,,94.76788330078125,10.433736801147461,12.022862434387207
2008-02-07,,23.60873031616211,,,11.907224655151367,,95.39466094970703,10.54744815826416,12.144706726074219
2008-02-08,,23.523605346679688,,,11.999176025390625,,94.78216552734375,10.537476539611816,12.008625030517578
2008-02-11,,23.585512161254883,,,12.206060409545898,,95.2664566040039,10.663163185119629,12.016528129577637
2008-02-12,,23.84477996826172,,,12.275014877319336,,96.1496810913086,10.695083618164062,12.144706726074219
2008-02-13,,24.231740951538086,,,12.566186904907227,,97.13260650634766,10.856675148010254,12.277618408203125
2008-02-14,,23.713205337524414,,,12.305671691894531,,96.2778549194336,10.738968849182129,12.124130249023438
2008-02-15,,23.686120986938477,,,12.305671691894531,,96.25653839111328,10.762907028198242,12.166858673095703
2008-02-19,,23.624202728271484,,,12.313332557678223,,96.52719116210938,10.774879455566406,12.19217300415039
2008-02-20,,23.937644958496094,,,12.435927391052246,,96.81209564208984,10.818768501281738,12.195342063903809
2008-02-21,,23.80608558654785,,,12.328656196594238,,96.0072250366211,10.689091682434082,12.04659652709961
2008-02-22,,23.539072036743164,,,12.351648330688477,,96.59842681884766,10.792837142944336,12.179515838623047
2008-02-25,,24.01891326904297,,,12.558527946472168,,97.81639862060547,10.898566246032715,12.356746673583984
2008-02-26,,24.28205108642578,,,12.642813682556152,,98.55003356933594,10.990340232849121,12.396303176879883
2008-02-27,,24.28978729248047,,,12.627483367919922,,98.4503173828125,10.966398239135742,12.41845417022705
2008-02-28,,23.87186050415039,,,12.504889488220215,,97.4887466430664,10.880610466003418,12.271293640136719
2008-02-29,,23.237239837646484,,,12.12943172454834,,95.31632995605469,10.601317405700684,11.953239440917969
2008-03-03,,23.206281661987305,,,12.121771812438965,,95.08839416503906,10.633235931396484,11.939001083374023
2008-03-04,,23.06697654724121,,,12.00683879852295,,94.72509765625,10.62325668334961,11.901023864746094
2008-03-05,,23.248844146728516,,,12.144760131835938,,95.32343292236328,10.697073936462402,11.916840553283691
2008-03-06,,22.594879150390625,,,11.891904830932617,,93.35043334960938,10.521517753601074,11.633601188659668
2008-03-07,,22.443960189819336,,,11.654376029968262,,92.38887023925781,10.399827003479004,11.554479598999023
2008-03-10,,22.01056480407715,,,11.370864868164062,,91.17090606689453,10.226263999938965,11.391495704650879
2008-03-11,,22.82706069946289,,,11.845929145812988,,94.44734954833984,10.489595413208008,11.749117851257324
2008-03-12,,22.606491088867188,,,11.822942733764648,,93.5641098022461,10.439720153808594,11.733291625976562
2008-03-13,,23.144372940063477,,,12.00683879852295,,93.77069854736328,10.499574661254883,11.761773109436035
2008-03-14,,22.575525283813477,,,11.799957275390625,,92.31765747070312,10.324017524719238,11.544986724853516
2008-03-17,,22.153745651245117,,,11.447490692138672,,91.38459014892578,10.178382873535156,11.470611572265625
2008-03-18,,23.171464920043945,,,11.983853340148926,,95.18099975585938,10.521517753601074,11.953239440917969
2008-03-19,,22.563920974731445,,,11.76164722442627,,92.82337188720703,10.294088363647461,11.739620208740234
2008-03-20,,23.09018898010254,,,11.753984451293945,,94.542724609375,10.427834510803223,12.040633201599121
2008-03-24,,23.80608558654785,,,12.091126441955566,,96.4323959350586,10.681735038757324,12.179272651672363
2008-03-25,,23.931608200073242,,,12.259696960449219,,96.5254898071289,10.723715782165527,12.192012786865234
2008-03-26,,23.776636123657227,,,12.252030372619629,,95.34437561035156,10.657747268676758,12.02629566192627
2008-03-27,,23.420204162597656,,,11.937880516052246,,95.0438003540039,10.555787086486816,11.96414566040039
2008-03-28,,23.129623413085938,,,11.953205108642578,,94.13468933105469,10.477816581726074,11.838254928588867
2008-03-31,,23.218738555908203,,,11.983853340148926,,94.46395111083984,10.555787086486816,11.879688262939453
2008-04-01,,24.098203659057617,,,12.336321830749512,,97.78528594970703,10.863659858703613,12.335439682006836
2008-04-02,,24.195058822631836,,,12.374626159667969,,97.84971618652344,10.885656356811523,12.33383846282959
2008-04-03,,24.152442932128906,,,12.466577529907227,,98.09307098388672,10.907644271850586,12.362527847290039
2008-04-04,,24.20667839050293,,,12.596841812133789,,97.98570251464844,10.995610237121582,12.305156707763672
2008-04-07,,24.08270263671875,,,12.581511497497559,,98.03580474853516,10.937633514404297,12.349774360656738
2008-04-08,,24.051715850830078,,,12.619819641113281,,97.93561553955078,10.959622383117676,12.306748390197754
2008-04-09,,23.68364715576172,,,12.497224807739258,,97.22699737548828,10.831671714782715,12.168113708496094
2008-04-10,,23.854124069213867,,,12.612160682678223,,97.36296844482422,10.935629844665527,12.155362129211426
2008-04-11,,23.315593719482422,,,12.298003196716309,,95.47322845458984,10.74171257019043,11.940247535705566
2008-04-14,,23.191619873046875,,,12.359301567077637,,95.15115356445312,10.719718933105469,11.863749504089355
2008-04-15,,23.315593719482422,,,12.451249122619629,,95.37306213378906,10.74970817565918,11.9131498336792
2008-04-16,,24.020723342895508,,,12.880341529846191,,97.95709991455078,10.987613677978516,12.19042682647705
2008-04-17,,23.923864364624023,,,12.842033386230469,,98.10023498535156,11.033594131469727,12.236635208129883
2008-04-18,,24.260923385620117,,,13.148521423339844,,99.12381744384766,11.195527076721191,12.418295860290527
2008-04-21,,24.179563522338867,,,13.202159881591797,,99.17396545410156,11.261502265930176,12.33862018585205
2008-04-22,,23.784393310546875,,,13.025925636291504,,98.7372817993164,11.1095609664917,12.244606971740723
2008-04-23,,23.838626861572266,,,12.97229290008545,,98.57981872558594,11.187531471252441,12.244606971740723
2008-04-24,,24.160184860229492,,,12.918652534484863,,99.00929260253906,11.199530601501465,12.389612197875977
2008-04-25,,24.4158992767334,,,13.09488582611084,,99.92550659179688,11.261502265930176,12.493193626403809
2008-04-28,,24.570865631103516,,,13.064238548278809,,99.94699096679688,11.231517791748047,12.467692375183105
2008-04-29,,24.35003662109375,,,12.803722381591797,,99.55329132080078,11.193532943725586,12.429452896118164
2008-04-30,,24.24542808532715,,,12.826706886291504,,98.96635437011719,11.147550582885742,12.381645202636719
2008-05-01,,24.601871490478516,,,12.949301719665527,,101.0135269165039,11.355467796325684,12.606334686279297
2008-05-02,,24.59799575805664,,,12.98762035369873,,101.2927017211914,11.345470428466797,12.636608123779297
2008-05-05,,24.477882385253906,,,13.01826286315918,,100.80595397949219,11.359464645385742,12.571274757385254
2008-05-06,,24.54375648498535,,,13.110210418701172,,101.67924499511719,11.481417655944824,12.647761344909668
2008-05-07,,24.22218894958496,,,12.880341529846191,,99.86827087402344,11.339473724365234,12.364113807678223
2008-05-08,,24.268678665161133,,,12.98762035369873,,99.61058807373047,11.367463111877441,12.400764465332031
2008-05-09,,24.303544998168945,,,12.956965446472168,,99.4244613647461,11.32747745513916,12.322686195373535
2008-05-12,,24.551498413085938,,,13.110210418701172,,100.54113006591797,11.419442176818848,12.451763153076172
2008-05-13,,24.84593963623047,,,13.186832427978516,,100.555419921875,11.463422775268555,12.4278564453125
2008-05-14,,24.84593963623047,,,13.110210418701172,,100.76300048828125,11.471420288085938,12.525069236755371
2008-05-15,,25.140392303466797,,,13.271120071411133,,102.0228271484375,11.603365898132324,12.603144645690918
2008-05-16,,25.155881881713867,,,13.370734214782715,,102.11585235595703,11.641350746154785,12.61270809173584
2008-05-19,,24.997041702270508,,,13.209821701049805,,102.39503479003906,11.6653413772583,12.649360656738281
2008-05-20,,24.93505096435547,,,13.248133659362793,,101.56473541259766,11.571381568908691,12.509127616882324
2008-05-21,,24.60961151123047,,,12.97229290008545,,99.84678649902344,11.377455711364746,12.329057693481445
2008-05-22,,24.791698455810547,,,13.010601997375488,,99.86112213134766,11.391449928283691,12.360930442810059
2008-05-23,,24.551498413085938,,,12.926314353942871,,98.52256774902344,11.283493041992188,12.196791648864746
2008-05-27,,24.86919403076172,,,12.97995662689209,,99.25269317626953,11.381453514099121,12.231858253479004
2008-05-28,,24.997041702270508,,,13.1561918258667,,99.7107925415039,11.445429801940918,12.250978469848633
2008-05-29,,25.124895095825195,,,13.17917251586914,,100.21183013916016,11.509405136108398,12.346588134765625
2008-05-30,,25.252744674682617,,,13.209821701049805,,100.46237182617188,11.587369918823242,12.321096420288086
2008-06-02,,25.093900680541992,,,13.194498062133789,,99.4244613647461,11.489410400390625,12.20954418182373
2008-06-03,,25.031917572021484,,,13.171507835388184,,98.84467315673828,11.45942211151123,12.118714332580566
2008-06-04,,25.132640838623047,,,13.1561918258667,,98.79454803466797,11.489410400390625,12.054971694946289
2008-06-05,,25.783525466918945,,,13.493330001831055,,100.77014923095703,11.727319717407227,12.274880409240723
2008-06-06,,24.923439025878906,,,13.324755668640137,,97.55622863769531,11.419442176818848,11.868534088134766
2008-06-09,,24.904054641723633,,,13.347742080688477,,97.79244995117188,11.401446342468262,11.860568046569824
2008-06-10,,24.795583724975586,,,13.248133659362793,,97.30570220947266,11.36346435546875,11.871725082397461
2008-06-11,,24.291921615600586,,,13.125531196594238,,95.87409210205078,11.207524299621582,11.672530174255371
2008-06-12,,24.32678985595703,,,13.09488582611084,,96.23915100097656,11.233516693115234,11.63269329071045
2008-06-13,,24.811077117919922,,,13.370734214782715,,97.45602416992188,11.403444290161133,11.836663246154785
2008-06-16,,25.062910079956055,,,13.48566722869873,,97.51329040527344,11.431438446044922,11.828693389892578
2008-06-17,,24.931180953979492,,,13.539299011230469,,97.04084777832031,11.42343807220459,11.742646217346191
2008-06-18,,24.795583724975586,,,13.523975372314453,,96.09600830078125,11.309483528137207,11.647037506103516
2008-06-19,,24.98929214477539,,,13.48566722869873,,96.21766662597656,11.351466178894043,11.631098747253418
2008-06-20,,24.566993713378906,,,13.29410457611084,,94.65591430664062,11.14974594116211,11.449612617492676
2008-06-23,,24.373279571533203,,,13.401373863220215,,94.56241607666016,11.13572883605957,11.409464836120605
2008-06-24,,23.987220764160156,,,13.171507835388184,,94.37531280517578,11.063607215881348,11.452825546264648
2008-06-25,,24.297927856445312,,,13.171507835388184,,94.82136535644531,11.137723922729492,11.610221862792969
2008-06-26,,23.758066177368164,,,12.97229290008545,,92.2459716796875,10.849267959594727,11.226372718811035
2008-06-27,,23.563871383666992,,,13.0565767288208,,91.74239349365234,10.835245132446289,11.109127044677734
2008-06-30,,23.369670867919922,,,12.995278358459473,,92.0661392211914,10.847264289855957,11.091463088989258
2008-07-01,,23.3774356842041,,,13.033588409423828,,92.35389709472656,10.839250564575195,11.152494430541992
2008-07-02,,22.763761520385742,,,12.451249122619629,,90.77127075195312,10.594863891601562,11.020796775817871
2008-07-03,,22.53073501586914,,,12.351648330688477,,90.86479949951172,10.578837394714355,11.032037734985352
2008-07-07,,22.375381469726562,,,12.328656196594238,,89.93678283691406,10.504722595214844,10.987069129943848
2008-07-08,,23.097789764404297,,,12.428265571594238,,91.5337905883789,10.594863891601562,11.117159843444824
2008-07-09,,22.4414119720459,,,12.320990562438965,,89.7713394165039,10.418582916259766,10.921218872070312
2008-07-10,,22.678333282470703,,,12.535536766052246,,90.13823699951172,10.46866512298584,10.914794921875
2008-07-11,,22.674449920654297,,,12.57384967803955,,89.0879135131836,10.432604789733887,10.842521667480469
2008-07-14,,22.456945419311523,,,12.57384967803955,,88.2822265625,10.424590110778809,10.715642929077148
2008-07-15,,22.24332618713379,,,12.596841812133789,,87.03768157958984,10.302392959594727,10.54218864440918
2008-07-16,,23.04341697692871,,,12.627483367919922,,89.17423248291016,10.46866512298584,10.826462745666504
2008-07-17,,23.392972946166992,,,12.527873992919922,,90.06629180908203,10.544783592224121,10.982248306274414
2008-07-18,,23.31917381286621,,,12.428265571594238,,90.62742614746094,10.538777351379395,11.057733535766602
2008-07-21,,23.443464279174805,,,12.619819641113281,,90.67774200439453,10.526752471923828,11.110737800598145
2008-07-22,,24.01828956604004,,,12.650470733642578,,91.70649719238281,10.592862129211426,11.28258228302002
2008-07-23,,24.177518844604492,,,12.359301567077637,,92.20284271240234,10.588854789733887,11.390190124511719
2008-07-24,,23.57163429260254,,,12.121771812438965,,90.28927612304688,10.396547317504883,11.078615188598633
2008-07-25,,23.738637924194336,,,12.175410270690918,,90.26769256591797,10.492704391479492,11.020796775817871
2008-07-28,,23.35801887512207,,,12.206060409545898,,88.94404602050781,10.324433326721191,10.84091854095459
2008-07-29,,23.948381423950195,,,12.474244117736816,,90.84317779541016,10.504722595214844,11.109127044677734
2008-07-30,,24.0143985748291,,,12.773065567016602,,92.4618148803711,10.646947860717773,11.316312789916992
2008-07-31,,23.812437057495117,,,12.604496955871582,,91.2388687133789,10.544783592224121,11.166948318481445
2008-08-01,,23.956146240234375,,,12.558527946472168,,90.75689697265625,10.464655876159668,11.117159843444824
2008-08-04,,23.653196334838867,,,12.11410903930664,,89.91517639160156,10.340455055236816,11.05612564086914
2008-08-05,,24.243547439575195,,,12.275014877319336,,92.3395004272461,10.518741607666016,11.313097953796387
2008-08-06,,24.36008071899414,,,12.412940979003906,,92.74951934814453,10.691018104553223,11.382157325744629
2008-08-07,,24.09208106994629,,,12.175410270690918,,91.36834716796875,10.528759002685547,11.118762016296387
2008-08-08,,24.74069595336914,,,12.351648330688477,,93.06610107421875,10.763126373291016,11.42873764038086
2008-08-11,,25.358243942260742,,,12.328656196594238,,94.03003692626953,10.805200576782227,11.489765167236328
2008-08-12,,25.160171508789062,,,12.275014877319336,,93.05169677734375,10.765130996704102,11.258492469787598
2008-08-13,,25.206775665283203,,,12.466577529907227,,92.4905776977539,10.831239700317383,11.186222076416016
2008-08-14,,25.373781204223633,,,12.566186904907227,,93.18836975097656,10.88732624053955,11.25688648223877
2008-08-15,,25.42815589904785,,,12.451249122619629,,93.64159393310547,10.891334533691406,11.30345630645752
2008-08-18,,24.977624893188477,,,12.328656196594238,,92.36109924316406,10.739093780517578,11.14607048034668
2008-08-19,,24.569805145263672,,,12.298003196716309,,91.35395050048828,10.656962394714355,11.003130912780762
2008-08-20,,24.620302200317383,,,12.474244117736816,,91.77841186523438,10.739093780517578,11.067370414733887
2008-08-21,,24.426109313964844,,,12.527873992919922,,91.93669128417969,10.773144721984863,11.064155578613281
2008-08-22,,24.849451065063477,,,12.535536766052246,,93.26750946044922,10.857278823852539,11.21994686126709
2008-08-25,,24.398910522460938,,,12.305671691894531,,91.37554168701172,10.676994323730469,11.024007797241211
2008-08-26,,24.44164276123047,,,12.359301567077637,,91.6417236328125,10.699028968811035,11.052915573120117
2008-08-27,,24.697975158691406,,,12.48190689086914,,92.53372955322266,10.769140243530273,11.157312393188477
2008-08-28,,25.086368560791016,,,12.527873992919922,,93.65597534179688,10.883322715759277,11.317917823791504
2008-08-29,,24.833919525146484,,,12.397616386413574,,92.64884948730469,10.747106552124023,11.333980560302734
2008-09-02,,24.95819854736328,,,12.175410270690918,,92.07335662841797,10.640934944152832,11.221551895141602
2008-09-03,,25.024234771728516,,,12.052811622619629,,91.99420166015625,10.554797172546387,11.280976295471191
2008-09-04,,24.251325607299805,,,11.60840129852295,,89.22461700439453,10.212250709533691,11.03364372253418
2008-09-05,,24.231904983520508,,,11.58541202545166,,89.50514221191406,10.280363082885742,11.036857604980469
2008-09-08,,24.81449317932129,,,11.600733757019043,,91.35395050048828,10.358485221862793,11.298644065856934
2008-09-09,,23.998868942260742,,,11.171648979187012,,88.64189147949219,10.062013626098633,10.988677978515625
2008-09-10,,24.270750045776367,,,11.409181594848633,,89.0015869140625,10.134129524230957,10.979039192199707
2008-09-11,,24.464933395385742,,,11.539438247680664,,90.28927612304688,10.290377616882324,10.954946517944336
2008-09-12,,24.523197174072266,,,11.58541202545166,,90.70650482177734,10.356483459472656,11.104308128356934
2008-09-15,,23.6104736328125,,,11.110347747802734,,86.3902359008789,9.981890678405762,10.569485664367676
2008-09-16,,24.305694580078125,,,11.30190372467041,,87.8362045288086,10.058012008666992,10.726886749267578
2008-09-17,,23.284229278564453,,,10.681258201599121,,83.8868179321289,9.663381576538086,10.195281982421875
2008-09-18,,24.65525245666504,,,11.148658752441406,,86.37586212158203,9.925799369812012,10.694762229919434
2008-09-19,,25.292221069335938,,,11.654376029968262,,89.80618286132812,10.251452445983887,11.146761894226074
2008-09-22,,24.546504974365234,,,11.324894905090332,,87.77301025390625,9.988438606262207,10.838837623596191
2008-09-23,,24.23967170715332,,,11.133339881896973,,85.77604675292969,9.797703742980957,10.68649959564209
2008-09-24,,23.793012619018555,,,11.07970142364502,,86.05099487304688,9.833843231201172,10.623296737670898
2008-09-25,,23.925065994262695,,,11.194633483886719,,87.3967514038086,9.944270133972168,10.877737998962402
2008-09-26,,24.12763214111328,,,11.1256742477417,,87.44020080566406,10.010522842407227,10.902044296264648
2008-09-29,,22.65130615234375,,,10.152558326721191,,80.5882339477539,9.3138427734375,10.229475021362305
2008-09-30,,23.18106460571289,,,10.474376678466797,,83.92378997802734,9.51260757446289,10.469331741333008
2008-10-01,,23.173280715942383,,,10.474376678466797,,83.97441101074219,9.368054389953613,10.595743179321289
2008-10-02,,21.86054801940918,,,9.807758331298828,,80.92829132080078,8.964498519897461,10.174375534057617
2008-10-03,,21.404808044433594,,,9.692827224731445,,79.83573150634766,8.848051071166992,10.046345710754395
2008-10-06,,20.62183952331543,,,9.348014831542969,,75.76943969726562,8.502718925476074,9.782180786132812
2008-10-07,,19.38701820373535,,,8.719707489013672,,72.37602233886719,8.06102466583252,9.124199867248535
2008-10-08,,18.978004455566406,,,8.604768753051758,,70.55268096923828,7.974686622619629,8.973482131958008
2008-10-09,,17.400405883789062,,,8.221656799316406,,65.62535095214844,7.563103199005127,8.103199005126953
2008-10-10,,18.198942184448242,,,8.083734512329102,,64.0335693359375,7.3502888679504395,8.158299446105957
2008-10-13,,19.57788848876953,,,9.12580680847168,,73.33114624023438,8.225653648376465,8.992929458618164
2008-10-14,,19.242902755737305,,,8.91126537322998,,72.24576568603516,8.052988052368164,9.067480087280273
2008-10-15,,17.486108779907227,,,8.10672378540039,,65.13334655761719,7.227818489074707,8.26040267944336
2008-10-16,,18.45214080810547,,,8.466852188110352,,67.84666442871094,7.571135520935059,8.574806213378906
2008-10-17,,17.9691219329834,,,8.543476104736328,,67.44144439697266,7.6333770751953125,8.573182106018066
2008-10-20,,18.802722930908203,,,8.796332359313965,,71.49329376220703,7.916469573974609,8.945931434631348
2008-10-21,,18.420982360839844,,,8.673730850219727,,69.35884857177734,7.719705581665039,8.762802124023438
2008-10-22,,17.341983795166016,,,8.213994979858398,,65.58192443847656,7.362332344055176,8.211786270141602
2008-10-23,,16.847272872924805,,,8.014772415161133,,66.34163665771484,7.2217912673950195,8.039996147155762
2008-10-24,,16.072101593017578,,,7.838541507720947,,62.9771842956543,6.838315486907959,8.158299446105957
2008-10-27,,15.639721870422363,,,7.57802152633667,,60.741424560546875,6.858393669128418,7.7499003410339355
2008-10-28,,16.668088912963867,,,7.945816516876221,,67.8393783569336,7.354302883148193,8.563461303710938
2008-10-29,,17.006973266601562,,,8.198673248291016,,67.347412109375,7.426581859588623,8.824385643005371
2008-10-30,,17.762662887573242,,,8.474516868591309,,69.67721557617188,7.699631214141846,8.66556167602539
2008-10-31,,18.600154876708984,,,8.604768753051758,,70.06068420410156,7.808048725128174,8.71094036102295
2008-11-03,,18.47551727294922,,,8.604768753051758,,70.26326751708984,7.793993949890137,8.884349822998047
2008-11-04,,18.76376724243164,,,8.750360488891602,,72.65097045898438,8.091134071350098,9.224685668945312
2008-11-05,,17.786043167114258,,,8.32892894744873,,69.59760284423828,7.649439334869385,8.66556167602539
2008-11-06,,17.11215591430664,,,8.007116317749023,,65.74114990234375,7.296079158782959,8.236089706420898
2008-11-07,,17.36923599243164,,,8.114388465881348,,67.91175842285156,7.528971195220947,8.419221878051758
2008-11-10,,16.98750114440918,,,8.053089141845703,,67.02181243896484,7.446655750274658,8.370607376098633
2008-11-11,,16.613544464111328,,,7.738933086395264,,64.95243835449219,7.23986291885376,8.216644287109375
2008-11-12,,15.678671836853027,,,7.424776077270508,,62.094478607177734,6.902562141418457,7.8050031661987305
2008-11-13,,16.878437042236328,,,7.861532688140869,,65.96540069580078,7.362332344055176,8.305779457092285
2008-11-14,,15.717625617980957,,,7.570362091064453,,62.67333984375,7.091291904449463,7.949237823486328
2008-11-17,,15.581290245056152,,,7.40945291519165,,61.84123611450195,6.912600040435791,7.761244297027588
2008-11-18,,15.554030418395996,,,7.271531581878662,,63.00615692138672,6.884491443634033,7.8050031661987305
2008-11-19,,14.2958345413208,,,6.735170841217041,,58.96874237060547,6.5371575355529785,7.382015705108643
2008-11-20,,13.37264347076416,,,6.252444744110107,,54.59132766723633,6.095458984375,6.819652080535889
2008-11-21,,14.104959487915039,,,6.735170841217041,,57.536170959472656,6.394608974456787,7.182672023773193
2008-11-24,,15.113851547241211,,,7.164257526397705,,61.52288055419922,6.8664231300354,7.73207426071167
2008-11-25,,15.339780807495117,,,7.447764873504639,,61.978721618652344,6.848355770111084,7.868206977844238
2008-11-26,,16.118844985961914,,,7.570362091064453,,64.37364196777344,7.125421524047852,8.069167137145996
2008-11-28,,16.395416259765625,,,7.593350410461426,,65.18402099609375,7.1675825119018555,8.216644287109375
2008-12-01,,14.665891647338867,,,7.079973220825195,,59.41014862060547,6.63955020904541,7.454944610595703
2008-12-02,,15.324199676513672,,,7.294518947601318,,61.69654846191406,6.691751480102539,7.725589752197266
2008-12-03,,15.830586433410645,,,7.470749855041504,,63.17980194091797,6.958782196044922,8.085372924804688
2008-12-04,,15.351462364196777,,,7.2638678550720215,,61.71821975708008,6.749975204467773,7.808245658874512
2008-12-05,,15.896815299987793,,,7.524386405944824,,63.62112808227539,6.988894462585449,8.082128524780273
2008-12-08,,16.551231384277344,,,7.57802152633667,,65.84243774414062,7.2157721519470215,8.406256675720215
2008-12-09,,16.111051559448242,,,7.424776077270508,,64.75712585449219,7.091291904449463,8.210162162780762
2008-12-10,,16.47331428527832,,,7.46309232711792,,65.19845581054688,7.241870880126953,8.323609352111816
2008-12-11,,15.608553886413574,,,7.286858558654785,,63.628360748291016,6.994918346405029,8.015680313110352
2008-12-12,,16.165597915649414,,,7.355820178985596,,64.3880844116211,7.0431060791015625,8.057823181152344
2008-12-15,,15.686466217041016,,,7.271531581878662,,63.490901947021484,7.006965160369873,7.978409290313721
2008-12-16,,16.5784969329834,,,7.4554266929626465,,66.47914123535156,7.338240146636963,8.407881736755371
2008-12-17,,16.882328033447266,,,7.532047748565674,,65.83521270751953,7.314145565032959,8.31712532043457
2008-12-18,,16.633024215698242,,,7.509064674377441,,64.60515594482422,7.135462284088135,8.069167137145996
2008-12-19,,16.707035064697266,,,7.486819267272949,,64.32728576660156,7.245977401733398,8.1034574508667
2008-12-22,,16.53565216064453,,,7.302716255187988,,63.5030517578125,7.090688228607178,7.957432270050049
2008-12-23,,16.22791290283203,,,7.3487396240234375,,62.8465461730957,7.014054298400879,7.9147772789001465
2008-12-24,,16.325885772705078,,,7.364086151123047,,63.211265563964844,7.04026985168457,7.9410247802734375
2008-12-26,,16.58061408996582,,,7.425451278686523,,63.57597351074219,7.106821537017822,8.006654739379883
2008-12-29,,16.267101287841797,,,7.249017238616943,,63.39359664916992,7.066489219665527,7.963998317718506
2008-12-30,,16.81966209411621,,,7.525173664093018,,64.89620971679688,7.20967435836792,8.16252326965332
2008-12-31,,17.231136322021484,,,7.670919895172119,,65.82258605957031,7.33067512512207,8.300341606140137
2009-01-02,,17.52112579345703,,,7.847349643707275,,67.80657958984375,7.6029276847839355,8.474257469177246
2009-01-05,,17.501537322998047,,,7.732285499572754,,67.72633361816406,7.610994338989258,8.421756744384766
2009-01-06,,17.701396942138672,,,7.716946125030518,,68.17858123779297,7.691665172576904,8.467693328857422
2009-01-07,,17.133161544799805,,,7.640235900878906,,66.13621520996094,7.512176513671875,8.228153228759766
2009-01-08,,17.207624435424805,,,7.686262607574463,,66.40609741210938,7.532341957092285,8.23963737487793
2009-01-09,,16.56884765625,,,7.59420919418335,,64.98373413085938,7.358908653259277,8.085410118103027
2009-01-12,,16.098590850830078,,,7.555855751037598,,63.42277145385742,7.195557117462158,7.896727561950684
2009-01-13,,16.239660263061523,,,7.578869819641113,,63.53947448730469,7.217742443084717,7.8934454917907715
2009-01-14,,15.577387809753418,,,7.402439594268799,,61.5409049987793,6.985820770263672,7.62601375579834
2009-01-15,,15.800760269165039,,,7.571199893951416,,61.56278610229492,7.046324729919434,7.583351135253906
2009-01-16,,16.012374877929688,,,7.647906303405762,,62.04419708251953,7.129005432128906,7.648980617523193
2009-01-20,,14.942529678344727,,,7.440792560577393,,58.76911544799805,6.804318428039551,7.199429035186768
2009-01-21,,15.581302642822266,,,7.609549522399902,,61.30748748779297,7.008005619049072,7.5554585456848145
2009-01-22,,15.14239501953125,,,7.494488716125488,,60.359222412109375,6.947503089904785,7.4307661056518555
2009-01-23,,15.220770835876465,,,7.479145526885986,,60.621829986572266,6.977755546569824,7.489831447601318
2009-01-26,,15.377520561218262,,,7.53284215927124,,61.03760528564453,7.0100226402282715,7.4931135177612305
2009-01-27,,15.557794570922852,,,7.586536884307861,,61.6575927734375,7.098755836486816,7.57843017578125
2009-01-28,,16.180885314941406,,,7.724616050720215,,63.743743896484375,7.318576335906982,7.813050746917725
2009-01-29,,15.51076889038086,,,7.609549522399902,,61.672157287597656,7.116910457611084,7.5472564697265625
2009-01-30,,15.216853141784668,,,7.5021586418151855,,60.41756820678711,6.9434685707092285,7.379904747009277
2009-02-02,,15.287392616271973,,,7.6018829345703125,,60.2352409362793,6.955571174621582,7.379904747009277
2009-02-03,,15.34616470336914,,,7.709272861480713,,61.08132553100586,7.088672637939453,7.463581085205078
2009-02-04,,15.27563762664795,,,7.609549522399902,,60.782291412353516,7.07858943939209,7.432407855987549
2009-02-05,,15.436307907104492,,,7.670919895172119,,61.68675994873047,7.233872413635254,7.417642593383789
2009-02-06,,16.063322067260742,,,7.762970924377441,,63.444679260253906,7.39520788192749,7.67031192779541
2009-02-09,,15.898728370666504,,,7.755298137664795,,63.53218078613281,7.397226333618164,7.717891693115234
2009-02-10,,15.220770835876465,,,7.53284215927124,,60.621829986572266,7.10883903503418,7.309354305267334
2009-02-11,,15.21292781829834,,,7.53284215927124,,60.97922897338867,7.114891052246094,7.368417263031006
2009-02-12,,15.3305025100708,,,7.609549522399902,,61.02303695678711,7.159258842468262,7.3618550300598145
2009-02-13,,15.169828414916992,,,7.632565975189209,,60.36653518676758,7.163291931152344,7.281463623046875
2009-02-17,,14.546730041503906,,,7.555855751037598,,57.784400939941406,6.852718830108643,6.940192699432373
2009-02-18,,14.405651092529297,,,7.456134796142578,,57.64580154418945,6.8466691970825195,6.881129741668701
2009-02-19,,14.25674057006836,,,7.341068267822266,,57.02579879760742,6.7700347900390625,6.790892124176025
2009-02-20,,14.14309310913086,,,7.318058490753174,,56.4714241027832,6.721633434295654,6.702290058135986
2009-02-23,,13.516077041625977,,,7.126285552978516,,54.450965881347656,6.467531204223633,6.493922710418701
2009-02-24,,14.021607398986816,,,7.249017238616943,,56.51521301269531,6.68734884262085,6.787609100341797
2009-02-25,,13.692421913146973,,,7.156970024108887,,56.070274353027344,6.616765975952148,6.726901054382324
2009-02-26,,13.480810165405273,,,6.903824806213379,,55.15849304199219,6.473579406738281,6.657992839813232
2009-02-27,,13.418102264404297,,,6.804106712341309,,53.92578125,6.409048557281494,6.475874900817871
2009-03-02,,12.653932571411133,,,6.535624027252197,,51.49681854248047,6.082343578338623,6.167422294616699
2009-03-03,,12.442313194274902,,,6.466585159301758,,51.11022186279297,6.094441890716553,6.095232009887695
2009-03-04,,12.685285568237305,,,6.596991062164307,,52.32106018066406,6.2598137855529785,6.201877117156982
2009-03-05,,12.070025444030762,,,6.4128875732421875,,50.18384552001953,6.03394079208374,5.91311502456665
2009-03-06,,12.03083324432373,,,6.366866111755371,,50.27139663696289,5.96134090423584,5.880296230316162
2009-03-09,,11.7996244430542,,,6.2594709396362305,,49.68057632446289,5.923024654388428,5.924597263336182
2009-03-10,,12.516776084899902,,,6.458914756774902,,52.64199447631836,6.2598137855529785,6.298675537109375
2009-03-11,,12.563799858093262,,,6.397547245025635,,52.98483657836914,6.358631134033203,6.351177215576172
2009-03-12,,13.233917236328125,,,6.627675533294678,,55.07097625732422,6.505846977233887,6.6022114753723145
2009-03-13,,13.41026782989502,,,6.742739677429199,,55.50131607055664,6.552230358123779,6.703935623168945
2009-03-16,,13.233917236328125,,,6.635344505310059,,55.333526611328125,6.523998260498047,6.674400329589844
2009-03-17,,13.782556533813477,,,6.788765907287598,,57.02579879760742,6.691383361816406,6.86800479888916
2009-03-18,,14.237144470214844,,,6.880817413330078,,58.302276611328125,6.78818416595459,7.063248157501221
2009-03-19,,14.07254695892334,,,6.804106712341309,,57.58014678955078,6.763984203338623,6.9336323738098145
2009-03-20,,13.578782081604004,,,6.689041614532471,,56.354061126708984,6.663584232330322,6.7745442390441895
2009-03-23,,14.719154357910156,,,6.934511661529541,,60.401893615722656,7.104856967926025,7.265067100524902
2009-03-24,,14.205799102783203,,,6.850130558013916,,59.211769104003906,6.957090854644775,7.130836009979248
2009-03-25,,14.498351097106934,,,6.911497592926025,,59.83625793457031,6.989476680755615,7.228608131408691
2009-03-26,,15.135381698608398,,,7.080258846282959,,61.05573272705078,7.2121405601501465,7.331358432769775
2009-03-27,,14.66744327545166,,,6.965197563171387,,59.953773498535156,7.044130802154541,7.188835144042969
2009-03-30,,14.238824844360352,,,6.888485908508301,,57.882076263427734,6.825519561767578,6.9336323738098145
2009-03-31,,14.30960464477539,,,7.034233093261719,,58.41838073730469,6.906487464904785,7.049637794494629
2009-04-01,,14.620257377624512,,,6.972865104675293,,59.54970932006836,7.007693767547607,7.150718688964844
2009-04-02,,15.328073501586914,,,7.095600128173828,,61.290809631347656,7.232379913330078,7.3064985275268555
2009-04-03,,15.6229887008667,,,7.0495734214782715,,61.90054702758789,7.321443557739258,7.381070613861084
2009-04-06,,15.390990257263184,,,7.07258939743042,,61.41571807861328,7.266789436340332,7.366156101226807
2009-04-07,,14.820801734924316,,,6.965197563171387,,59.98314666748047,7.076516628265381,7.250156402587891
2009-04-08,,15.088201522827148,,,7.011218070983887,,60.62961959838867,7.189873218536377,7.225297451019287
2009-04-09,,16.008359909057617,,,7.164640426635742,,63.039249420166016,7.424674987792969,7.53684663772583
2009-04-13,,16.055545806884766,,,7.179978847503662,,63.05392837524414,7.448965072631836,7.579930305480957
2009-04-14,,15.548274993896484,,,7.087928771972656,,61.966678619384766,7.3437113761901855,7.3893561363220215
2009-04-15,,15.811742782592773,,,7.133955955505371,,62.627872467041016,7.372044563293457,7.488783359527588
2009-04-16,,16.24822425842285,,,7.226005554199219,,63.5461540222168,7.513738632202148,7.6263322830200195
2009-04-17,,16.452709197998047,,,7.279702663421631,,63.97224807739258,7.540052890777588,7.710850238800049
2009-04-20,,15.650513648986816,,,7.118612766265869,,61.290809631347656,7.248572826385498,7.318099498748779
2009-04-21,,16.18924331665039,,,7.156970024108887,,62.488277435302734,7.3538289070129395,7.4838151931762695
2009-04-22,,16.303272247314453,,,7.156970024108887,,62.10626983642578,7.3538289070129395,7.3893561363220215
2009-04-23,,16.216772079467773,,,7.103273391723633,,62.716026306152344,7.39431619644165,7.488783359527588
2009-04-24,,16.499889373779297,,,7.126285552978516,,63.66370391845703,7.542075157165527,7.543473720550537
2009-04-27,,16.33473014831543,,,7.172307968139648,,63.06128692626953,7.511713981628418,7.4838151931762695
2009-04-28,,16.385848999023438,,,7.226005554199219,,62.8629264831543,7.485401153564453,7.468901634216309
2009-04-29,,16.956035614013672,,,7.325729846954346,,64.19998168945312,7.667574405670166,7.613074779510498
2009-04-30,,16.897052764892578,,,7.379424095153809,,64.22199249267578,7.683767795562744,7.614734649658203
2009-05-01,,16.967845916748047,,,7.333399772644043,,64.56732177734375,7.697939395904541,7.629645347595215
2009-05-04,,17.577341079711914,,,7.4714789390563965,,66.76387023925781,7.914525508880615,7.922968864440918
2009-05-05,,17.46330451965332,,,7.486819267272949,,66.53607940673828,7.904404163360596,7.881536960601807
2009-05-06,,17.510496139526367,,,7.463805198669434,,67.68949127197266,7.963108539581299,8.083709716796875
2009-05-07,,17.207704544067383,,,7.433119773864746,,66.74916076660156,7.845703601837158,7.999195575714111
2009-05-08,,17.746427536010742,,,7.4714789390563965,,68.30659484863281,7.944891452789307,8.246114730834961
2009-05-11,,17.404321670532227,,,7.479145526885986,,67.0283203125,7.845703601837158,8.02737045288086
2009-05-12,,17.129060745239258,,,7.440792560577393,,66.8299560546875,7.797123908996582,8.040629386901855
2009-05-13,,16.319015502929688,,,7.325729846954346,,65.14767456054688,7.5947065353393555,7.838448524475098
2009-05-14,,16.50775909423828,,,7.379424095153809,,65.70597839355469,7.661505222320557,7.929596424102783
2009-05-15,,16.444835662841797,,,7.28737211227417,,65.16967010498047,7.592680931091309,7.823537826538086
2009-05-18,,17.034683227539062,,,7.402439594268799,,67.02100372314453,7.827487945556641,8.053881645202637
2009-05-19,,17.01108169555664,,,7.387095928192139,,66.9401626586914,7.853801250457764,8.037311553955078
2009-05-20,,16.889188766479492,,,7.387095928192139,,66.49201965332031,7.807245254516602,7.975996494293213
2009-05-21,,16.613927841186523,,,7.302716255187988,,65.5370101928711,7.651382923126221,7.8798828125
2009-05-22,,16.433046340942383,,,7.28737211227417,,65.39745330810547,7.7019877433776855,7.916337013244629
2009-05-26,,17.2706241607666,,,7.494488716125488,,67.07239532470703,7.869992733001709,8.050570487976074
2009-05-27,,16.900989532470703,,,7.364086151123047,,65.87496185302734,7.784979820251465,7.909708499908447
2009-05-28,,16.90491485595703,,,7.3487396240234375,,66.79322814941406,7.872018337249756,8.00748348236084
2009-05-29,,17.21163558959961,,,7.379424095153809,,67.97604370117188,7.959057807922363,8.131772994995117
2009-06-01,,17.946969985961914,,,7.5405120849609375,,69.6215591430664,8.230297088623047,8.312407493591309
2009-06-02,,18.135723114013672,,,7.632565975189209,,69.68036651611328,8.25459098815918,8.304115295410156
2009-06-03,,17.935178756713867,,,7.578869819641113,,68.798828125,8.118968963623047,8.176513671875
2009-06-04,,18.28908348083496,,,7.578869819641113,,69.44530487060547,8.197912216186523,8.25274658203125
2009-06-05,,18.2694091796875,,,7.563526153564453,,69.45999145507812,8.210057258605957,8.259373664855957
2009-06-08,,18.0295467376709,,,7.548186302185059,,69.17347717285156,8.1918363571167,8.24280071258545
2009-06-09,,18.12786102294922,,,7.571199893951416,,69.52609252929688,8.262686729431152,8.249432563781738
2009-06-10,,18.04921531677246,,,7.517502784729004,,69.34978485107422,8.218149185180664,8.214630126953125
2009-06-11,,17.954843521118164,,,7.486819267272949,,69.6583251953125,8.252562522888184,8.337261199951172
2009-06-12,,17.986291885375977,,,7.463805198669434,,69.84935760498047,8.246492385864258,8.327319145202637
2009-06-15,,17.538015365600586,,,7.341068267822266,,68.24784088134766,8.07038402557373,8.118514060974121
2009-06-16,,17.180179595947266,,,7.233678340911865,,67.32218933105469,7.9610819816589355,8.024055480957031
2009-06-17,,17.345338821411133,,,7.341068267822266,,67.25609588623047,7.979299068450928,7.989251136779785
2009-06-18,,17.420045852661133,,,7.371753215789795,,67.74825286865234,8.005615234375,8.072114944458008
2009-06-19,,17.526214599609375,,,7.420246601104736,,67.99799346923828,8.04092788696289,8.08347225189209
2009-06-22,,16.912778854370117,,,7.258604049682617,,65.95892333984375,7.80347204208374,7.9130859375
2009-06-23,,16.75665283203125,,,7.212419509887695,,66.01065063476562,7.793328285217285,7.891366481781006
2009-06-24,,16.87492561340332,,,7.289390563964844,,66.57949829101562,7.884653568267822,7.906399726867676
2009-06-25,,17.312570571899414,,,7.443339824676514,,68.02754211425781,8.044987678527832,8.068435668945312
2009-06-26,,17.50970458984375,,,7.427946090698242,,67.8502197265625,8.042957305908203,8.06342601776123
2009-06-29,,17.549142837524414,,,7.489523410797119,,68.48560333251953,8.105871200561523,8.148619651794434
2009-06-30,,17.517601013183594,,,7.458733081817627,,67.93148803710938,8.057167053222656,8.08347225189209
2009-07-01,,17.821191787719727,,,7.528009414672852,,68.21224212646484,8.067309379577637,8.123563766479492
2009-07-02,,17.225828170776367,,,7.358668804168701,,66.35045623779297,7.874508857727051,7.926449298858643
2009-07-06,,17.064184188842773,,,7.312482833862305,,66.34310913085938,7.82580041885376,7.931458950042725
2009-07-07,,16.76058578491211,,,7.220117092132568,,65.05760955810547,7.667494773864746,7.799490451812744
2009-07-08,,16.67778968811035,,,7.266301155090332,,65.0132827758789,7.687790393829346,7.776103496551514
2009-07-09,,16.63047981262207,,,7.273995876312256,,65.13886260986328,7.7162065505981445,7.767747402191162
2009-07-10,,16.72116470336914,,,7.297087669372559,,64.98373413085938,7.714174270629883,7.729333400726318
2009-07-13,,17.09966468811035,,,7.4125494956970215,,66.56473541259766,7.862331390380859,7.941483497619629
2009-07-14,,17.229774475097656,,,7.489523410797119,,66.94149780273438,7.915099143981934,7.976559638977051
2009-07-15,,17.876384735107422,,,7.643470287322998,,68.89932250976562,8.148493766784668,8.212100982666016
2009-07-16,,18.07745933532715,,,7.712747097015381,,68.78849792480469,8.237791061401367,8.290614128112793
2009-07-17,,18.041982650756836,,,7.720446586608887,,69.5420150756836,8.26417350769043,8.247180938720703
2009-07-20,,18.2548885345459,,,7.828207969665527,,70.28083801269531,8.369709014892578,8.33070182800293
2009-07-21,,18.191808700561523,,,7.835903644561768,,70.60591888427734,8.412335395812988,8.360771179199219
2009-07-22,,18.32585906982422,,,7.820511817932129,,70.59112548828125,8.420445442199707,8.342399597167969
2009-07-23,,18.873903274536133,,,7.93596887588501,,72.14997100830078,8.627458572387695,8.526152610778809
2009-07-24,,18.93699073791504,,,7.920572757720947,,72.44548797607422,8.623397827148438,8.557888984680176
2009-07-27,,18.992185592651367,,,7.874389171600342,,72.65974426269531,8.621367454528809,8.601325988769531
2009-07-28,,19.0316162109375,,,7.920572757720947,,72.31988525390625,8.631518363952637,8.57960319519043
2009-07-29,,18.93699073791504,,,7.905179977416992,,72.14258575439453,8.574690818786621,8.521140098571777
2009-07-30,,19.22480583190918,,,7.989853858947754,,72.89614868164062,8.670076370239258,8.678168296813965
2009-07-31,,19.22480583190918,,,7.928274154663086,,72.99955749511719,8.666015625,8.679834365844727
2009-08-03,,19.603309631347656,,,7.982157230377197,,74.20381927490234,8.820256233215332,8.786746978759766
2009-08-04,,19.71370506286621,,,8.00524616241455,,74.39586639404297,8.834465980529785,8.810131072998047
2009-08-05,,19.520509719848633,,,7.966760158538818,,74.181640625,8.779666900634766,8.838534355163574
2009-08-06,,19.264236450195312,,,7.93596887588501,,73.7974624633789,8.72690200805664,8.813471794128418
2009-08-07,,19.78862190246582,,,8.066821098327637,,74.76529693603516,8.830406188964844,8.937087059020996
2009-08-10,,19.78862190246582,,,8.028339385986328,,74.610107421875,8.775614738464355,8.918716430664062
2009-08-11,,19.50080108642578,,,7.974459648132324,,73.67926025390625,8.704577445983887,8.795101165771484
2009-08-12,,19.72553253173828,,,8.012944221496582,,74.46975708007812,8.814170837402344,8.880293846130371
2009-08-13,,19.87141990661621,,,8.02064323425293,,75.03861999511719,8.873027801513672,8.910362243652344
2009-08-14,,19.504741668701172,,,7.91287899017334,,74.4623794555664,8.769522666931152,8.880293846130371
2009-08-17,,18.960643768310547,,,7.797417163848877,,72.63016510009766,8.544248580932617,8.696542739868164
2009-08-18,,19.22875213623047,,,7.843600273132324,,73.20641326904297,8.641661643981934,8.768372535705566
2009-08-19,,19.347026824951172,,,7.882087230682373,,73.84920501708984,8.700520515441895,8.818483352661133
2009-08-20,,19.591480255126953,,,7.982157230377197,,74.610107421875,8.804025650024414,8.913704872131348
2009-08-21,,20.033069610595703,,,8.051427841186523,,76.0728988647461,8.948122024536133,9.075745582580566
2009-08-24,,20.00547218322754,,,8.02064323425293,,76.06555938720703,8.948122024536133,9.069059371948242
2009-08-25,,20.072492599487305,,,8.066821098327637,,76.21330261230469,8.964357376098633,9.112491607666016
2009-08-26,,20.107975006103516,,,8.036035537719727,,76.2206802368164,8.958269119262695,9.090773582458496
2009-08-27,,20.088266372680664,,,8.04373550415039,,76.39060974121094,8.980591773986816,9.12585163116455
2009-08-28,,20.017284393310547,,,8.028339385986328,,76.37584686279297,8.978561401367188,9.10413646697998
2009-08-31,,19.682165145874023,,,7.889786243438721,,75.69612884521484,8.854761123657227,9.015602111816406
2009-09-01,,19.256351470947266,,,7.705048561096191,,74.02648162841797,8.720810890197754,8.843542098999023
2009-09-02,,19.169605255126953,,,7.7512335777282715,,73.74574279785156,8.708634376525879,8.780062675476074
2009-09-03,,19.398283004760742,,,7.789720058441162,,74.35891723632812,8.79184627532959,8.85690975189209
2009-09-04,,19.611188888549805,,,7.889786243438721,,75.40061950683594,8.923762321472168,8.925396919250488
2009-09-08,,19.847761154174805,,,7.959059715270996,,76.05077362060547,9.006977081298828,9.03899097442627
2009-09-09,,20.072492599487305,,,8.02064323425293,,76.63438415527344,9.094245910644531,9.085762023925781
2009-09-10,,20.313005447387695,,,8.113011360168457,,77.41751861572266,9.203835487365723,9.170958518981934
2009-09-11,,20.328773498535156,,,8.07452392578125,,77.40274810791016,9.205866813659668,9.179308891296387
2009-09-14,,20.51013946533203,,,8.113011360168457,,77.77950286865234,9.254575729370117,9.239446640014648
2009-09-15,,20.695453643798828,,,8.174586296081543,,78.1045913696289,9.293135643005371,9.269516944885254
2009-09-16,,21.08184242248535,,,8.297743797302246,,79.28663635253906,9.420994758605957,9.403154373168945
2009-09-17,,21.054237365722656,,,8.26695728302002,,79.16846466064453,9.40678882598877,9.386449813842773
2009-09-18,,21.12914276123047,,,8.320837020874023,,79.21894073486328,9.399876594543457,9.410833358764648
2009-09-21,,21.034523010253906,,,8.320837020874023,,79.01847839355469,9.393774032592773,9.360382080078125
2009-09-22,,21.180400848388672,,,8.313140869140625,,79.47872924804688,9.452749252319336,9.429333686828613
2009-09-23,,21.013235092163086,,,8.189980506896973,,78.8180923461914,9.34699821472168,9.50333023071289
2009-09-24,,20.598264694213867,,,8.097613334655762,,77.9496078491211,9.251413345336914,9.257798194885254
2009-09-25,,20.507360458374023,,,8.082220077514648,,77.53389739990234,9.178199768066406,9.23425579071045
2009-09-28,,20.985570907592773,,,8.205376625061035,,78.9219741821289,9.334794044494629,9.37215518951416
2009-09-29,,20.950002670288086,,,8.213068962097168,,78.68445587158203,9.334794044494629,9.362064361572266
2009-09-30,,20.685199737548828,,,8.174586296081543,,78.38015747070312,9.300222396850586,9.303201675415039
2009-10-01,,20.080541610717773,,,7.959059715270996,,76.43527221679688,9.068380355834961,9.08626651763916
2009-10-02,,19.890838623046875,,,7.91287899017334,,76.07896423339844,9.005332946777344,9.061041831970215
2009-10-05,,20.250473022460938,,,8.066821098327637,,77.21469116210938,9.121255874633789,9.205667495727539
2009-10-06,,20.594310760498047,,,8.151498794555664,,78.32073211669922,9.269718170166016,9.272933959960938
2009-10-07,,20.64568519592285,,,8.205376625061035,,78.53601837158203,9.294120788574219,9.30656909942627
2009-10-08,,20.85515022277832,,,8.251562118530273,,79.13728332519531,9.389707565307617,9.39570140838623
2009-10-09,,21.076459884643555,,,8.313140869140625,,79.61978912353516,9.442581176757812,9.432697296142578
2009-10-12,,21.127838134765625,,,8.29004955291748,,79.93153381347656,9.452749252319336,9.50333023071289
2009-10-13,,21.06460952758789,,,8.26695728302002,,79.76824951171875,9.460886001586914,9.46465015411377
2009-10-14,,21.46375846862793,,,8.382413864135742,,81.14149475097656,9.60731315612793,9.64627456665039
2009-10-15,,21.451908111572266,,,8.390110969543457,,81.43843078613281,9.64391803741455,9.674860954284668
2009-10-16,,21.242456436157227,,,8.35932445526123,,80.8297348022461,9.591047286987305,9.575639724731445
2009-10-19,,21.46375846862793,,,8.42859935760498,,81.4978256225586,9.690695762634277,9.654682159423828
2009-10-20,,21.17131996154785,,,8.320837020874023,,81.06725311279297,9.631720542907715,9.590776443481445
2009-10-21,,20.870952606201172,,,8.23616886138916,,80.33983612060547,9.570703506469727,9.493237495422363
2009-10-22,,21.143640518188477,,,8.328537940979004,,81.15631866455078,9.631720542907715,9.632822036743164
2009-10-23,,20.752391815185547,,,8.251562118530273,,80.22848510742188,9.556473731994629,9.483148574829102
2009-10-26,,20.58245277404785,,,8.220776557922363,,79.35999298095703,9.458854675292969,9.345248222351074
2009-10-27,,20.337417602539062,,,8.120707511901855,,78.99624633789062,9.393774032592773,9.350296020507812
2009-10-28,,19.736703872680664,,,7.889786243438721,,77.50418853759766,9.165997505187988,9.198939323425293
2009-10-29,,20.092397689819336,,,8.036035537719727,,79.16700744628906,9.36733341217041,9.39570140838623
2009-10-30,,19.53119659423828,,,7.8513007164001465,,76.87324523925781,9.12939167022705,9.126626014709473
2009-11-02,,19.5035343170166,,,7.85899543762207,,77.43739318847656,9.192436218261719,9.177080154418945
2009-11-03,,19.74461555480957,,,7.997549533843994,,77.68234252929688,9.243279457092285,9.177080154418945
2009-11-04,,19.51143455505371,,,7.974459648132324,,77.88278198242188,9.379537582397461,9.294798851013184
2009-11-05,,20.07263946533203,,,8.120707511901855,,79.3154296875,9.452749252319336,9.320026397705078
2009-11-06,,20.084489822387695,,,8.166888236999512,,79.52326202392578,9.495460510253906,9.37215518951416
2009-11-09,,20.47970199584961,,,8.328537940979004,,81.33448028564453,9.680529594421387,9.585732460021973
2009-11-10,,20.380895614624023,,,8.367021560668945,,81.34935760498047,9.664259910583496,9.602551460266113
2009-11-11,,20.535024642944336,,,8.405508995056152,,81.76504516601562,9.715104103088379,9.644591331481934
2009-11-12,,20.13982391357422,,,8.274651527404785,,80.93362426757812,9.62562084197998,9.543689727783203
2009-11-13,,20.27814483642578,,,8.336231231689453,,81.37162780761719,9.702902793884277,9.592458724975586
2009-11-16,,20.819576263427734,,,8.482483863830566,,82.55188751220703,9.835092544555664,9.735404014587402
2009-11-17,,20.799819946289062,,,8.490179061889648,,82.64839935302734,9.845259666442871,9.723633766174316
2009-11-18,,20.764245986938477,,,8.420906066894531,,82.5964126586914,9.812722206115723,9.757266998291016
2009-11-19,,20.22677230834961,,,8.297743797302246,,81.52011108398438,9.682562828063965,9.644591331481934
2009-11-20,,20.20306396484375,,,8.282354354858398,,81.23058319091797,9.63375473022461,9.616003036499023
2009-11-23,,20.60222053527832,,,8.37471866607666,,82.26235961914062,9.73543930053711,9.743809700012207
2009-11-24,,20.47970199584961,,,8.328537940979004,,82.38856506347656,9.729339599609375,9.74045181274414
2009-11-25,,20.4717960357666,,,8.382413864135742,,82.6781005859375,9.806619644165039,9.775764465332031
2009-11-27,,19.997541427612305,,,8.197681427001953,,81.33448028564453,9.641886711120605,9.63786506652832
2009-11-30,,20.0410213470459,,,8.174586296081543,,81.60918426513672,9.589015007019043,9.663091659545898
2009-12-01,,20.341381072998047,,,8.320837020874023,,82.61871337890625,9.78221321105957,9.777449607849121
2009-12-02,,20.566648483276367,,,8.336231231689453,,82.58158874511719,9.792381286621094,9.784174919128418
2009-12-03,,20.26629066467285,,,8.26695728302002,,81.93574523925781,9.715104103088379,9.701770782470703
2009-12-04,,20.768198013305664,,,8.367021560668945,,82.40341186523438,9.751707077026367,9.745495796203613
2009-12-07,,20.79191017150879,,,8.336231231689453,,82.27722930908203,9.737472534179688,9.735404014587402
2009-12-08,,20.708919525146484,,,8.26695728302002,,81.36421203613281,9.647984504699707,9.63786506652832
2009-12-09,,20.633831024169922,,,8.26695728302002,,81.66853332519531,9.694765090942383,9.656363487243652
2009-12-10,,20.511322021484375,,,8.367021560668945,,82.12876892089844,9.761878967285156,9.706815719604492
2009-12-11,,20.752391815185547,,,8.367021560668945,,82.47764587402344,9.78425121307373,9.75894546508789
2009-12-14,,21.104127883911133,,,8.474786758422852,,83.04179382324219,9.902206420898438,9.797625541687012
2009-12-15,,21.088321685791016,,,8.474786758422852,,82.65583801269531,9.881863594055176,9.733724594116211
2009-12-16,,21.210834503173828,,,8.490179061889648,,82.781982421875,9.898137092590332,9.74045181274414
2009-12-17,,21.029029846191406,,,8.382413864135742,,81.78727722167969,9.798486709594727,9.6294584274292
2009-12-18,,21.22665023803711,,,8.42859935760498,,82.2500228881836,9.865354537963867,9.643658638000488
2009-12-21,,21.495384216308594,,,8.544062614440918,,83.0859146118164,9.983599662780762,9.743388175964355
2009-12-22,,21.720651626586914,,,8.590245246887207,,83.38441467285156,10.032526969909668,9.770434379577637
2009-12-23,,22.013107299804688,,,8.69800853729248,,83.54859161376953,10.097771644592285,9.763675689697266
2009-12-24,,22.092390060424805,,,8.705705642700195,,83.94412231445312,10.134466171264648,9.811007499694824
2009-12-28,,22.0686092376709,,,8.721101760864258,,84.12323760986328,10.163010597229004,9.826218605041504
2009-12-29,,22.028963088989258,,,8.728801727294922,,84.00381469726562,10.136507034301758,9.819456100463867
2009-12-30,,22.05274772644043,,,8.74419116973877,,83.97396087646484,10.144657135009766,9.817765235900879
2009-12-31,,21.692014694213867,,,8.636428833007812,,83.16799926757812,10.042722702026367,9.719725608825684
2010-01-04,,22.2271728515625,,,8.736496925354004,,84.57846069335938,10.203784942626953,9.875239372253418
2010-01-05,,22.159786224365234,,,8.790379524230957,,84.8023681640625,10.2302885055542,9.907358169555664
2010-01-06,,22.13599967956543,,,8.774982452392578,,84.86206817626953,10.236401557922363,9.9141206741333
2010-01-07,,22.290603637695312,,,8.78267765045166,,85.22029876708984,10.24455451965332,9.99018669128418
2010-01-08,,22.377809524536133,,,8.798075675964355,,85.50389862060547,10.313872337341309,9.976661682128906
2010-01-11,,22.298526763916016,,,8.790379524230957,,85.62334442138672,10.299605369567871,10.032447814941406
2010-01-12,,22.088430404663086,,,8.682611465454102,,84.82477569580078,10.169123649597168,9.95468521118164
2010-01-13,,22.346105575561523,,,8.774982452392578,,85.54121398925781,10.289406776428223,10.030755043029785
2010-01-14,,22.433313369750977,,,8.751890182495117,,85.77256774902344,10.299605369567871,10.06456184387207
2010-01-15,,22.1439266204834,,,8.636428833007812,,84.809814453125,10.185432434082031,9.956377983093262
2010-01-19,,22.532407760620117,,,8.767282485961914,,85.86958312988281,10.311835289001465,10.069633483886719
2010-01-20,,22.21131706237793,,,8.690311431884766,,84.99637603759766,10.19970417022705,9.993562698364258
2010-01-21,,21.953655242919922,,,8.536362648010254,,83.36202239990234,10.083498001098633,9.785642623901367
2010-01-22,,21.521549224853516,,,8.37471866607666,,81.50370788574219,9.781766891479492,9.591249465942383
2010-01-25,,21.549291610717773,,,8.351628303527832,,81.92163848876953,9.844966888427734,9.633514404296875
2010-01-26,,21.3828067779541,,,8.336231231689453,,81.57833862304688,9.814388275146484,9.576041221618652
2010-01-27,,21.60479736328125,,,8.320837020874023,,81.96643829345703,9.86127758026123,9.594634056091309
2010-01-28,,21.216304779052734,,,8.274651527404785,,81.02606964111328,9.704292297363281,9.577729225158691
2010-01-29,,21.01017189025879,,,8.189980506896973,,80.14545440673828,9.614594459533691,9.501665115356445
2010-02-01,,21.21234703063965,,,8.251562118530273,,81.39177703857422,9.71449089050293,9.621679306030273
2010-02-02,,21.402624130249023,,,8.35932445526123,,82.37686920166016,9.830697059631348,9.745083808898926
2010-02-03,,21.236129760742188,,,8.29004955291748,,81.96643829345703,9.818470001220703,9.707890510559082
2010-02-04,,20.59391975402832,,,8.02064323425293,,79.43646240234375,9.480039596557617,9.401930809020996
2010-02-05,,20.63357925415039,,,7.959059715270996,,79.60061645507812,9.52285099029541,9.36305046081543
2010-02-08,,20.407617568969727,,,7.951364517211914,,79.02600860595703,9.494305610656738,9.354601860046387
2010-02-09,,20.693038940429688,,,8.036035537719727,,80.01856994628906,9.612556457519531,9.423905372619629
2010-02-10,,20.772314071655273,,,7.997549533843994,,79.86182403564453,9.571781158447266,9.418834686279297
2010-02-11,,21.057737350463867,,,8.136102676391602,,80.69769287109375,9.726724624633789,9.481379508972168
2010-02-12,,21.21234703063965,,,8.151498794555664,,80.63053894042969,9.71041202545166,9.435737609863281
2010-02-16,,21.553264617919922,,,8.336231231689453,,81.89926147460938,9.853123664855957,9.640271186828613
2010-02-17,,21.676151275634766,,,8.37471866607666,,82.2873306274414,9.897974967956543,9.685914993286133
2010-02-18,,21.90210723876953,,,8.467084884643555,,82.77245330810547,9.993793487548828,9.728175163269043
2010-02-19,,21.957609176635742,,,8.482483863830566,,82.944091796875,10.010106086730957,9.755218505859375
2010-02-22,,22.028963088989258,,,8.451691627502441,,82.95899963378906,9.979525566101074,9.763675689697266
2010-02-23,,21.78714942932129,,,8.328537940979004,,81.95149230957031,9.871471405029297,9.652107238769531
2010-02-24,,21.997251510620117,,,8.397811889648438,,82.70523834228516,9.936710357666016,9.729867935180664
2010-02-25,,21.957609176635742,,,8.413209915161133,,82.59330749511719,9.946903228759766,9.677461624145508
2010-02-26,,21.874361038208008,,,8.420906066894531,,82.6455307006836,9.971365928649902,9.712959289550781
2010-03-01,,22.357988357543945,,,8.613336563110352,,83.50379943847656,10.10796070098877,9.795792579650879
2010-03-02,,22.54035186767578,,,8.674917221069336,,83.73518371582031,10.126313209533691,9.829596519470215
2010-03-03,,22.647369384765625,,,8.674917221069336,,83.80980682373047,10.16097354888916,9.822837829589844
2010-03-04,,22.68701934814453,,,8.69800853729248,,84.06353759765625,10.181354522705078,9.848194122314453
2010-03-05,,23.11514663696289,,,8.821167945861816,,85.26509094238281,10.309795379638672,9.973280906677246
2010-03-08,,23.198389053344727,,,8.836559295654297,,85.27999877929688,10.309795379638672,10.00539779663086
2010-03-09,,23.293537139892578,,,8.859651565551758,,85.42179107666016,10.330183029174805,10.017229080200195
2010-03-10,,23.460039138793945,,,8.921231269836426,,85.80238342285156,10.370959281921387,10.06118106842041
2010-03-11,,23.515525817871094,,,8.959716796875,,86.16062927246094,10.399497985839844,10.11020278930664
2010-03-12,,23.53534507751465,,,8.975111961364746,,86.16808319091797,10.421923637390137,10.101754188537598
2010-03-15,,23.47588539123535,,,8.967414855957031,,86.19046783447266,10.393379211425781,10.11020278930664
2010-03-16,,23.682024002075195,,,8.998204231262207,,86.87705993652344,10.479009628295898,10.230219841003418
2010-03-17,,23.864389419555664,,,9.028992652893066,,87.39203643798828,10.529977798461914,10.277551651000977
2010-03-18,,23.808881759643555,,,9.075180053710938,,87.34725952148438,10.513666152954102,10.26402759552002
2010-03-19,,23.531389236450195,,,8.967414855957031,,86.90510559082031,10.436466217041016,10.230721473693848
2010-03-22,,23.89609718322754,,,9.098267555236816,,87.3697509765625,10.512036323547363,10.285101890563965
2010-03-23,,24.157730102539062,,,9.19063949584961,,87.98422241210938,10.58147144317627,10.363273620605469
2010-03-24,,23.844562530517578,,,9.098267555236816,,87.55704498291016,10.528368949890137,10.339484214782715
2010-03-25,,23.719831466674805,,,9.06748104095459,,87.41471862792969,10.497734069824219,10.303792953491211
2010-03-26,,23.67612075805664,,,9.028992652893066,,87.36226654052734,10.48752498626709,10.315691947937012
2010-03-29,,23.759550094604492,,,9.06748104095459,,87.91678619384766,10.573304176330566,10.359878540039062
2010-03-30,,23.874753952026367,,,9.14445686340332,,87.97675323486328,10.601896286010742,10.33608627319336
2010-03-31,,23.616531372070312,,,9.105971336364746,,87.67698669433594,10.55288028717041,10.315691947937012
2010-04-01,,23.874753952026367,,,9.12136173248291,,88.27648162841797,10.550836563110352,10.35818099975586
2010-04-05,,24.307756423950195,,,9.283007621765137,,88.99591827392578,10.728521347045898,10.463543891906738
2010-04-06,,24.41103744506836,,,9.329191207885742,,89.20573425292969,10.740777015686035,10.490736961364746
2010-04-07,,24.355422973632812,,,9.236821174621582,,88.69615936279297,10.66929817199707,10.41935920715332
2010-04-08,,24.311723709106445,,,9.252218246459961,,89.00337219238281,10.704011917114258,10.472042083740234
2010-04-09,,24.438846588134766,,,9.329191207885742,,89.58787536621094,10.777542114257812,10.536620140075684
2010-04-12,,24.53815269470215,,,9.313797950744629,,89.73027801513672,10.793879508972168,10.565512657165527
2010-04-13,,24.601716995239258,,,9.359977722167969,,89.7977066040039,10.800003051757812,10.591002464294434
2010-04-14,,25.09430503845215,,,9.506231307983398,,90.81689453125,10.89599323272705,10.691272735595703
2010-04-15,,25.13006019592285,,,9.560110092163086,,90.8918228149414,10.922545433044434,10.72356128692627
2010-04-16,,24.875822067260742,,,9.475440979003906,,89.44554138183594,10.7857084274292,10.548517227172852
2010-04-19,,24.824174880981445,,,9.398466110229492,,89.78274536132812,10.761197090148926,10.58930492401123
2010-04-20,,25.1340274810791,,,9.506231307983398,,90.5845718383789,10.853108406066895,10.68447208404541
2010-04-21,,25.324716567993164,,,9.498531341552734,,90.41971588134766,10.863319396972656,10.653881072998047
2010-04-22,,25.626630783081055,,,9.660179138183594,,90.6894760131836,10.92050552368164,10.670881271362305
2010-04-23,,25.8729190826416,,,9.706361770629883,,91.28147888183594,11.00832748413086,10.738853454589844
2010-04-26,,25.78154945373535,,,9.752546310424805,,90.93677520751953,10.983819961547852,10.68277645111084
2010-04-27,,25.193620681762695,,,9.544718742370605,,88.78607940673828,10.740777015686035,10.448251724243164
2010-04-28,,25.269102096557617,,,9.467742919921875,,89.46048736572266,10.761197090148926,10.497533798217773
2010-04-29,,25.8729190826416,,,9.6986665725708,,90.569580078125,10.891911506652832,10.674276351928711
2010-04-30,,24.99102210998535,,,9.398466110229492,,89.03334045410156,10.706058502197266,10.507729530334473
2010-05-03,,25.551149368286133,,,9.513923645019531,,90.18739318847656,10.828596115112305,10.640287399291992
2010-05-04,,24.824174880981445,,,9.259912490844727,,88.06665802001953,10.530416488647461,10.421056747436523
2010-05-05,,24.4904842376709,,,9.159849166870117,,87.54209899902344,10.456886291503906,10.339484214782715
2010-05-06,,23.64434051513672,,,8.898140907287598,,84.63453674316406,10.195466041564941,10.048874855041504
2010-05-07,,23.028610229492188,,,8.621033668518066,,83.3755874633789,9.917706489562988,9.878931045532227
2010-05-10,,24.260087966918945,,,9.14445686340332,,87.04753112792969,10.381321907043457,10.308892250061035
2010-05-11,,24.375289916992188,,,9.206036567687988,,86.80021667480469,10.356812477111816,10.280003547668457
2010-05-12,,25.122114181518555,,,9.429254531860352,,88.01419830322266,10.516118049621582,10.38366985321045
2010-05-13,,24.90362548828125,,,9.336889266967773,,86.92012786865234,10.436466217041016,10.380271911621094
2010-05-14,,24.434865951538086,,,9.090572357177734,,85.34642791748047,10.205677032470703,10.060773849487305
2010-05-17,,24.589805603027344,,,9.136754989624023,,85.39137268066406,10.201597213745117,10.10326099395752
2010-05-18,,24.10515594482422,,,8.982810020446777,,84.2298812866211,10.087226867675781,9.953706741333008
2010-05-19,,23.862831115722656,,,8.952018737792969,,83.75023651123047,10.021864891052246,9.940112113952637
2010-05-20,,22.66313362121582,,,8.621033668518066,,80.58787536621094,9.635856628417969,9.593425750732422
2010-05-21,,22.98093605041504,,,8.69800853729248,,81.76438903808594,9.737977027893066,9.685197830200195
2010-05-24,,22.639305114746094,,,8.805770874023438,,80.71527862548828,9.641983985900879,9.571330070495605
2010-05-25,,22.595600128173828,,,8.736496925354004,,80.7977294921875,9.65015697479248,9.520346641540527
2010-05-26,,22.579710006713867,,,8.751890182495117,,80.31061553955078,9.61747932434082,9.50675106048584
2010-05-27,,23.477506637573242,,,9.082873344421387,,83.00086212158203,9.92587661743164,9.833044052124023
2010-05-28,,23.203401565551758,,,9.028992652893066,,81.95926666259766,9.825799942016602,9.715782165527344
2010-06-01,,22.5280704498291,,,8.882743835449219,,80.58039093017578,9.639945983886719,9.567930221557617
2010-06-02,,23.15572166442871,,,9.044386863708496,,82.67864990234375,9.856433868408203,9.732779502868652
2010-06-03,,23.465578079223633,,,9.12136173248291,,82.96341705322266,9.972847938537598,9.797362327575684
2010-06-04,,22.333415985107422,,,8.74419116973877,,80.04835510253906,9.637899398803711,9.447271347045898
2010-06-07,,21.785207748413086,,,8.567152976989746,,79.05168151855469,9.474512100219727,9.377593994140625
2010-06-08,,21.733570098876953,,,8.5517578125,,79.89848327636719,9.535783767700195,9.484661102294922
2010-06-09,,21.769325256347656,,,8.736496925354004,,79.47134399414062,9.488810539245605,9.42687702178955
2010-06-10,,22.468486785888672,,,8.867349624633789,,81.79438781738281,9.764528274536133,9.69369125366211
2010-06-11,,22.790252685546875,,,8.936624526977539,,82.19153594970703,9.864606857299805,9.69369125366211
2010-06-14,,22.91340446472168,,,9.044386863708496,,82.06414794921875,9.913620948791504,9.776963233947754
2010-06-15,,23.421884536743164,,,9.221426010131836,,83.93010711669922,10.099478721618652,9.921420097351074
2010-06-16,,23.294771194458008,,,9.22912311553955,,83.90013122558594,10.095390319824219,9.902722358703613
2010-06-17,,23.314626693725586,,,9.136754989624023,,84.03504943847656,10.077013969421387,9.856839179992676
2010-06-18,,23.326553344726562,,,9.213732719421387,,84.12612915039062,10.116500854492188,9.908501625061035
2010-06-21,,23.108057022094727,,,9.129057884216309,,83.88518524169922,10.055115699768066,9.946139335632324
2010-06-22,,22.66313362121582,,,8.967414855957031,,82.49979400634766,9.918021202087402,9.768224716186523
2010-06-23,,22.587886810302734,,,8.967414855957031,,82.24378967285156,9.856629371643066,9.720321655273438
2010-06-24,,22.26537322998047,,,8.81346607208252,,80.88095092773438,9.707260131835938,9.56635570526123
2010-06-25,,22.691410064697266,,,8.867349624633789,,81.21977233886719,9.73795223236084,9.61596965789795
2010-06-28,,22.54408073425293,,,8.928925514221191,,80.96376037597656,9.727721214294434,9.593731880187988
2010-06-29,,21.775632858276367,,,8.605639457702637,,78.46401977539062,9.324612617492676,9.340542793273926
2010-06-30,,21.556636810302734,,,8.490179061889648,,77.71856689453125,9.263230323791504,9.237897872924805
2010-07-01,,21.397369384765625,,,8.459390640258789,,77.37225341796875,9.238672256469727,9.212239265441895
2010-07-02,,21.186342239379883,,,8.405508995056152,,76.95059967041016,9.252996444702148,9.1899995803833
2010-07-06,,20.927539825439453,,,8.390110969543457,,77.455078125,9.212069511413574,9.183154106140137
2010-07-07,,21.616361618041992,,,8.628732681274414,,79.89459991455078,9.49240493774414,9.494507789611816
2010-07-08,,21.934886932373047,,,8.736496925354004,,80.6851806640625,9.592670440673828,9.571492195129395
2010-07-09,,22.241474151611328,,,8.774982452392578,,81.28754425048828,9.649964332580566,9.602282524108887
2010-07-12,,22.03841781616211,,,8.774982452392578,,81.34021759033203,9.674516677856445,9.657025337219238
2010-07-13,,22.71529769897461,,,8.905835151672363,,82.56756591796875,9.827983856201172,9.817835807800293
2010-07-14,,22.64362907409668,,,8.890442848205566,,82.56000518798828,9.836169242858887,9.7973051071167
2010-07-15,,22.456480026245117,,,8.94432258605957,,82.58258819580078,9.86481761932373,9.792174339294434
2010-07-16,,21.668128967285156,,,8.751890182495117,,80.30872344970703,9.570164680480957,9.530435562133789
2010-07-19,,21.759700775146484,,,8.751890182495117,,80.7830581665039,9.627453804016113,9.547545433044434
2010-07-20,,22.122026443481445,,,8.844256401062012,,81.67906951904297,9.782966613769531,9.66044807434082
2010-07-21,,21.747756958007812,,,8.767282485961914,,80.61741638183594,9.641778945922852,9.53898811340332
2010-07-22,,22.480379104614258,,,8.967414855957031,,82.41694641113281,9.844354629516602,9.734007835388184
2010-07-23,,22.93827247619629,,,9.036691665649414,,83.13223266601562,9.948713302612305,9.809279441833496
2010-07-26,,23.455890655517578,,,9.136754989624023,,83.99813842773438,10.042837142944336,9.942718505859375
2010-07-27,,23.372264862060547,,,9.098267555236816,,83.99060821533203,10.003960609436035,9.98548412322998
2010-07-28,,22.990032196044922,,,9.090572357177734,,83.44847106933594,9.924156188964844,9.908501625061035
2010-07-29,,22.930309295654297,,,9.028992652893066,,83.04186248779297,9.88527774810791,9.887972831726074
2010-07-30,,22.946239471435547,,,9.052085876464844,,83.02682495117188,9.905741691589355,9.869154930114746
2010-08-02,,23.312536239624023,,,9.19063949584961,,84.90167236328125,10.106270790100098,10.096684455871582
2010-08-03,,23.065683364868164,,,9.129057884216309,,84.49506378173828,10.042837142944336,10.040229797363281
2010-08-04,,23.328472137451172,,,9.213732719421387,,85.0597915649414,10.15333366394043,10.100104331970215
2010-08-05,,23.02586555480957,,,9.206036567687988,,84.96940612792969,10.120597839355469,10.09326171875
2010-08-06,,22.894468307495117,,,9.159849166870117,,84.62306213378906,10.055115699768066,9.95127010345459
2010-08-09,,23.109479904174805,,,9.236821174621582,,85.0748062133789,10.136960983276367,10.12747573852539
2010-08-10,,22.707326889038086,,,9.19063949584961,,84.61553955078125,10.065343856811523,10.084705352783203
2010-08-11,,21.867206573486328,,,8.990508079528809,,82.29649353027344,9.780923843383789,9.80243968963623
2010-08-12,,21.77960205078125,,,8.967414855957031,,81.79202270507812,9.711347579956055,9.766510963439941
2010-08-13,,21.508859634399414,,,8.928925514221191,,81.55104064941406,9.666332244873047,9.749408721923828
2010-08-16,,21.648218154907227,,,8.898140907287598,,81.51342010498047,9.641778945922852,9.735721588134766
2010-08-17,,22.014528274536133,,,9.036691665649414,,82.5147933959961,9.801387786865234,9.896527290344238
2010-08-18,,22.114070892333984,,,9.052085876464844,,82.66541290283203,9.850492477416992,9.894818305969238
2010-08-19,,21.536731719970703,,,8.890442848205566,,81.2273178100586,9.692931175231934,9.679264068603516
2010-08-20,,21.532747268676758,,,8.890442848205566,,80.96376037597656,9.649964332580566,9.64162826538086
2010-08-23,,21.254037857055664,,,8.936624526977539,,80.65506744384766,9.60085678100586,9.61767864227295
2010-08-24,,21.070877075195312,,,8.790379524230957,,79.45790100097656,9.40646743774414,9.535564422607422
2010-08-25,,21.32968521118164,,,8.74419116973877,,79.76656341552734,9.467848777770996,9.525301933288574
2010-08-26,,21.210237503051758,,,8.736496925354004,,79.23199462890625,9.381913185119629,9.480817794799805
2010-08-27,,21.72386932373047,,,8.851953506469727,,80.45930480957031,9.537426948547363,9.648472785949707
2010-08-30,,21.23811149597168,,,8.736496925354004,,79.29226684570312,9.443299293518066,9.477398872375488
2010-08-31,,21.202268600463867,,,8.69800853729248,,79.29226684570312,9.379861831665039,9.51503849029541
2010-09-01,,21.998598098754883,,,8.936624526977539,,81.66397857666016,9.672473907470703,9.781908988952637
2010-09-02,,22.237499237060547,,,9.06748104095459,,82.42448425292969,9.756368637084961,9.850343704223633
2010-09-03,,22.61974334716797,,,9.152152061462402,,83.49363708496094,9.922111511230469,9.944430351257324
2010-09-07,,22.201662063598633,,,9.059783935546875,,82.552490234375,9.827983856201172,9.840073585510254
2010-09-08,,22.31314468383789,,,9.098267555236816,,83.13223266601562,9.899601936340332,9.889686584472656
2010-09-09,,22.309165954589844,,,9.159849166870117,,83.51625061035156,9.942575454711914,9.978643417358398
2010-09-10,,22.352970123291016,,,9.182939529418945,,83.93791198730469,9.952805519104004,10.009435653686523
2010-09-13,,22.874557495117188,,,9.283007621765137,,84.87154388427734,10.104222297668457,10.089839935302734
2010-09-14,,22.802894592285156,,,9.283007621765137,,84.81884765625,10.132874488830566,10.091548919677734
2010-09-15,,22.946239471435547,,,9.329191207885742,,85.14261627197266,10.169703483581543,10.118924140930176
2010-09-16,,22.77899932861328,,,9.329191207885742,,85.12004852294922,10.136960983276367,10.096684455871582
2010-09-17,,22.874557495117188,,,9.352283477783203,,85.15180969238281,10.21631145477295,10.10202407836914
2010-09-20,,23.46782684326172,,,9.467742919921875,,86.45381164550781,10.359825134277344,10.253702163696289
2010-09-21,,23.324481964111328,,,9.467742919921875,,86.27970123291016,10.316768646240234,10.217510223388672
2010-09-22,,23.041791915893555,,,9.429254531860352,,85.8558120727539,10.298316955566406,10.169244766235352
2010-09-23,,22.77899932861328,,,9.344584465026855,,85.15938568115234,10.232708930969238,10.057209014892578
2010-09-24,,23.493181228637695,,,9.529321670532227,,86.91557312011719,10.466438293457031,10.255427360534668
2010-09-27,,23.449264526367188,,,9.483139038085938,,86.49919891357422,10.419281005859375,10.195100784301758
2010-09-28,,23.62093162536621,,,9.544718742370605,,86.80200958251953,10.47463607788086,10.248530387878418
2010-09-29,,23.716733932495117,,,9.506231307983398,,86.6506118774414,10.464387893676758,10.203718185424805
2010-09-30,,23.588987350463867,,,9.506231307983398,,86.39325714111328,10.476690292358398,10.193377494812012
2010-10-01,,23.736692428588867,,,9.521624565124512,,86.75656127929688,10.472588539123535,10.239912033081055
2010-10-04,,23.417325973510742,,,9.46004867553711,,86.10559844970703,10.359825134277344,10.167524337768555
2010-10-05,,24.076017379760742,,,9.637083053588867,,87.83904266357422,10.597652435302734,10.374356269836426
2010-10-06,,23.980205535888672,,,9.621688842773438,,87.83149719238281,10.540246963500977,10.391592025756836
2010-10-07,,23.92032241821289,,,9.598596572875977,,87.72550201416016,10.529994010925293,10.379524230957031
2010-10-08,,24.191783905029297,,,9.667875289916992,,88.21752166748047,10.616101264953613,10.448469161987305
2010-10-11,,24.215740203857422,,,9.65247917175293,,88.30081176757812,10.620201110839844,10.426063537597656
2010-10-12,,24.331506729125977,,,9.667875289916992,,88.57330322265625,10.681709289550781,10.4794921875
2010-10-13,,24.698774337768555,,,9.752546310424805,,89.26216888427734,10.782174110412598,10.527755737304688
2010-10-14,,24.718730926513672,,,9.690963745117188,,88.9139633178711,10.747321128845215,10.477771759033203
2010-10-15,,24.64288902282715,,,9.737154960632324,,89.09564971923828,10.829327583312988,10.405380249023438
2010-10-18,,24.742691040039062,,,9.775635719299316,,89.53467559814453,10.874435424804688,10.522584915161133
2010-10-19,,24.391389846801758,,,9.644783973693848,,88.36138153076172,10.663263320922852,10.353668212890625
2010-10-20,,24.606956481933594,,,9.767938613891602,,89.22431945800781,10.819080352783203,10.515691757202148
2010-10-21,,24.50316047668457,,,9.806427001953125,,89.42112731933594,10.825225830078125,10.500176429748535
2010-10-22,,24.654861450195312,,,9.806427001953125,,89.58766174316406,10.872384071350098,10.482942581176758
2010-10-25,,24.750675201416016,,,9.844910621643066,,89.85260009765625,10.956443786621094,10.515691757202148
2010-10-26,,24.734697341918945,,,9.821825981140137,,89.86775207519531,10.931839942932129,10.508794784545898
2010-10-27,,24.662841796875,,,9.783332824707031,,89.61035919189453,10.90313720703125,10.472599029541016
2010-10-28,,24.539091110229492,,,9.791032791137695,,89.62548828125,10.937992095947266,10.50706958770752
2010-10-29,,24.590991973876953,,,9.821825981140137,,89.69364166259766,10.935938835144043,10.503622055053711
2010-11-01,,24.4472713470459,,,9.798727035522461,,89.7238998413086,10.966695785522461,10.472599029541016
2010-11-02,,24.950273513793945,,,9.875704765319824,,90.43547821044922,11.077404975891113,10.550163269042969
2010-11-03,,25.042081832885742,,,9.875704765319824,,90.79883575439453,11.091758728027344,10.570844650268555
2010-11-04,,25.668842315673828,,,10.04504680633545,,92.54742431640625,11.276277542114258,10.815593719482422
2010-11-05,,25.812559127807617,,,10.083532333374023,,92.89564514160156,11.32958698272705,10.86385440826416
2010-11-08,,25.788602828979492,,,10.037348747253418,,92.7215576171875,11.309085845947266,10.829385757446289
2010-11-09,,25.52113914489746,,,9.937283515930176,,92.05538940429688,11.216824531555176,10.724246978759766
2010-11-10,,25.820533752441406,,,9.991162300109863,,92.42630767822266,11.302933692932129,10.765613555908203
2010-11-11,,25.67682647705078,,,9.991162300109863,,92.078125,11.243474006652832,10.751824378967285
2010-11-12,,25.27362632751465,,,9.89879035949707,,90.988037109375,11.083558082580566,10.655303001403809
2010-11-15,,25.293590545654297,,,9.89109992980957,,90.85939025878906,11.06100845336914,10.701834678649902
2010-11-16,,24.822528839111328,,,9.775635719299316,,89.44385528564453,10.853930473327637,10.500176429748535
2010-11-17,,24.842493057250977,,,9.798727035522461,,89.48925018310547,10.907238960266113,10.486390113830566
2010-11-18,,25.26165199279785,,,9.937283515930176,,90.80640411376953,11.081504821777344,10.632890701293945
2010-11-19,,25.313552856445312,,,9.960371971130371,,91.05619812011719,11.124560356140137,10.634613990783691
2010-11-22,,25.45326805114746,,,9.960371971130371,,90.98049926757812,11.157361030578613,10.577735900878906
2010-11-23,,25.28959083557129,,,9.844910621643066,,89.66333770751953,11.00564956665039,10.446745872497559
2010-11-24,,25.872440338134766,,,10.014252662658691,,90.988037109375,11.200421333312988,10.569120407104492
2010-11-26,,25.724735260009766,,,9.944975852966309,,89.92829895019531,11.124560356140137,10.508794784545898
2010-11-29,,25.71674346923828,,,9.89879035949707,,90.20083618164062,11.134811401367188,10.420889854431152
2010-11-30,,25.529117584228516,,,9.89879035949707,,89.69364166259766,11.063058853149414,10.431232452392578
2010-12-01,,26.05607032775879,,,10.068134307861328,,91.60123443603516,11.298833847045898,10.653576850891113
2010-12-02,,26.319543838500977,,,10.175898551940918,,92.77449798583984,11.425949096679688,10.770780563354492
2010-12-03,,26.511157989501953,,,10.229781150817871,,93.02428436279297,11.47719955444336,10.751824378967285
2010-12-06,,26.662858963012695,,,10.198988914489746,,92.92591857910156,11.475151062011719,10.808699607849121
2010-12-07,,26.83452606201172,,,10.198988914489746,,92.9789047241211,11.479253768920898,10.805253028869629
2010-12-08,,26.790605545043945,,,10.214386940002441,,93.31954193115234,11.45054817199707,10.853514671325684
2010-12-09,,26.830528259277344,,,10.229781150817871,,93.68287658691406,11.481301307678223,10.906949043273926
2010-12-10,,27.15787124633789,,,10.299055099487305,,94.22787475585938,11.55306339263916,10.986235618591309
2010-12-13,,27.07404327392578,,,10.275961875915527,,94.28844451904297,11.563312530517578,10.994851112365723
2010-12-14,,27.058067321777344,,,10.329849243164062,,94.37171173095703,11.557161331176758,10.996572494506836
2010-12-15,,26.986223220825195,,,10.291360855102539,,93.94023132324219,11.507955551147461,10.96037769317627
2010-12-16,,27.2696533203125,,,10.391429901123047,,94.48526000976562,11.583812713623047,11.003466606140137
2010-12-17,,27.401391983032227,,,10.375937461853027,,94.58646392822266,11.610316276550293,11.013184547424316
2010-12-20,,27.44130516052246,,,10.39143180847168,,94.81478118896484,11.651410102844238,11.058298110961914
2010-12-21,,27.74869155883789,,,10.43013858795166,,95.41593933105469,11.6986665725708,11.129443168640137
2010-12-22,,27.75668716430664,,,10.437885284423828,,95.71270751953125,11.704827308654785,11.202322006225586
2010-12-23,,27.741044998168945,,,10.437885284423828,,95.5757064819336,11.692499160766602,11.176294326782227
2010-12-27,,27.805213928222656,,,10.414654731750488,,95.61375427246094,11.696608543395996,11.21446704864502
2010-12-28,,27.749069213867188,,,10.414654731750488,,95.75072479248047,11.692499160766602,11.231817245483398
2010-12-29,,27.817264556884766,,,10.43013858795166,,95.81924438476562,11.6986665725708,11.249173164367676
2010-12-30,,27.765108108520508,,,10.445627212524414,,95.66703796386719,11.6986665725708,11.224879264831543
2010-12-31,,27.464275360107422,,,10.40691089630127,,95.68984985351562,11.674007415771484,11.224879264831543
2011-01-03,,27.973691940307617,,,10.49983024597168,,96.6791000366211,11.7952241897583,11.363693237304688
2011-01-04,,27.512409210205078,,,10.40691089630127,,96.62583923339844,11.752079963684082,11.367161750793457
2011-01-05,,27.76911163330078,,,10.43013858795166,,97.12806701660156,11.815768241882324,11.43657112121582
2011-01-06,,27.624711990356445,,,10.40691089630127,,96.93782806396484,11.776739120483398,11.426158905029297
2011-01-07,,27.42416000366211,,,10.39143180847168,,96.74759674072266,11.75002670288086,11.337664604187012
2011-01-10,,27.512409210205078,,,10.383681297302246,,96.62583923339844,11.787010192871094,11.342870712280273
2011-01-11,,27.608671188354492,,,10.422395706176758,,96.96825408935547,11.79111385345459,11.40359878540039
2011-01-12,,27.87339973449707,,,10.492084503173828,,97.84334564208984,11.887682914733887,11.525062561035156
2011-01-13,,27.889453887939453,,,10.468856811523438,,97.6835708618164,11.863028526306152,11.500770568847656
2011-01-14,,28.10605812072754,,,10.515316009521484,,98.39125061035156,11.932884216308594,11.599672317504883
2011-01-18,,28.146169662475586,,,10.577260971069336,,98.55866241455078,11.98835563659668,11.615296363830566
2011-01-19,,27.524438858032227,,,10.476602554321289,,97.59223175048828,11.875353813171387,11.452187538146973
2011-01-20,,27.283767700195312,,,10.476602554321289,,97.4628677368164,11.854811668395996,11.488624572753906
2011-01-21,,27.13936424255371,,,10.48434829711914,,97.6835708618164,11.840429306030273,11.580588340759277
2011-01-24,,27.33993148803711,,,10.54628849029541,,98.2390365600586,11.895899772644043,11.618765830993652
2011-01-25,,27.408117294311523,,,10.56177806854248,,98.29231262207031,11.879467010498047,11.601414680480957
2011-01-26,,27.83330726623535,,,10.569520950317383,,98.67280578613281,11.982197761535645,11.649994850158691
2011-01-27,,28.001768112182617,,,10.54628849029541,,98.91632080078125,11.980142593383789,11.674286842346191
2011-01-28,,27.31183433532715,,,10.383681297302246,,97.18893432617188,11.760303497314453,11.511181831359863
2011-01-31,,27.496355056762695,,,10.461114883422852,,97.91947937011719,11.840429306030273,11.571915626525879
2011-02-01,,28.03786849975586,,,10.577260971069336,,99.48705291748047,12.006847381591797,11.799220085144043
2011-02-02,,27.929561614990234,,,10.49983024597168,,99.29676055908203,12.01301097869873,11.759312629699707
2011-02-03,,27.965646743774414,,,10.585005760192871,,99.5174560546875,12.023285865783691,11.802691459655762
2011-02-04,,28.049901962280273,,,10.615979194641113,,99.79901885986328,12.066427230834961,11.794013977050781
2011-02-07,,28.326677322387695,,,10.670182228088379,,100.42296600341797,12.15272331237793,11.898124694824219
2011-02-08,,28.43897819519043,,,10.73212718963623,,100.87956237792969,12.202032089233398,11.91547679901123
2011-02-09,,28.326677322387695,,,10.73212718963623,,100.65129089355469,12.187647819519043,11.873835563659668
2011-02-10,,28.49112319946289,,,10.724386215209961,,100.68936157226562,12.195868492126465,11.877305030822754
2011-02-11,,28.767887115478516,,,10.840533256530762,,101.29046630859375,12.269830703735352,11.976211547851562
2011-02-14,,28.932344436645508,,,10.794074058532715,,101.53396606445312,12.294485092163086,11.991825103759766
2011-02-15,,28.659595489501953,,,10.794074058532715,,101.21437072753906,12.263667106628418,11.946708679199219
2011-02-16,,28.896244049072266,,,10.871506690979004,,101.85357666015625,12.347902297973633,12.02999496459961
2011-02-17,,29.132904052734375,,,10.90247917175293,,102.1579818725586,12.372559547424316,12.083789825439453
2011-02-18,,29.17300796508789,,,10.941193580627441,,102.37104034423828,12.380773544311523,12.1167631149292
2011-02-22,,28.4710750579834,,,10.778586387634277,,100.31647491455078,12.093137741088867,11.884246826171875
2011-02-23,,27.881427764892578,,,10.670182228088379,,99.70011138916016,12.021230697631836,11.8460693359375
2011-02-24,,28.045888900756836,,,10.685669898986816,,99.631591796875,12.03561019897461,11.816571235656738
2011-02-25,,28.683652877807617,,,10.77084732055664,,100.69694519042969,12.183536529541016,11.91547679901123
2011-02-28,,28.715749740600586,,,10.840533256530762,,101.32091522216797,12.214356422424316,11.99876880645752
2011-03-01,,28.202322006225586,,,10.701154708862305,,99.631591796875,12.03972053527832,11.83565902709961
2011-03-02,,28.246437072753906,,,10.70889949798584,,99.84467315673828,12.0746488571167,11.813102722167969
2011-03-03,,28.960432052612305,,,10.894732475280762,,101.56444549560547,12.300651550292969,12.016117095947266
2011-03-04,,28.872190475463867,,,10.809562683105469,,100.80345916748047,12.197920799255371,11.885978698730469
2011-03-07,,28.414905548095703,,,10.739874839782715,,100.01204681396484,12.101360321044922,11.8339262008667
2011-03-08,,28.90025520324707,,,10.840533256530762,,100.88716888427734,12.185596466064453,11.98488712310791
2011-03-09,,28.868173599243164,,,10.871506690979004,,100.74259185791016,12.14655876159668,11.960591316223145
2011-03-10,,28.16621208190918,,,10.739874839782715,,98.87825775146484,11.932884216308594,11.74022388458252
2011-03-11,,28.194293975830078,,,10.801814079284668,,99.56311798095703,12.027395248413086,11.828720092773438
2011-03-14,,28.053903579711914,,,10.693415641784668,,98.96195983886719,11.957538604736328,11.68643569946289
2011-03-15,,27.805213928222656,,,10.585005760192871,,97.82813262939453,11.830155372619629,11.617024421691895
2011-03-16,,27.480318069458008,,,10.437885284423828,,96.01708984375,11.604155540466309,11.40707015991211
2011-03-17,,27.55251693725586,,,10.507576942443848,,97.28785705566406,11.737698554992676,11.556296348571777
2011-03-18,,27.925548553466797,,,10.569520950317383,,97.6417236328125,11.732749938964844,11.655475616455078
2011-03-21,,28.523212432861328,,,10.724386215209961,,99.15494537353516,11.93276309967041,11.768770217895508
2011-03-22,,28.390838623046875,,,10.677924156188965,,98.81100463867188,11.91833209991455,11.758309364318848
2011-03-23,,28.434967041015625,,,10.71664047241211,,99.09378814697266,11.967818260192871,11.744369506835938
2011-03-24,,28.627492904663086,,,10.786328315734863,,100.0415267944336,12.093597412109375,11.835000038146973
2011-03-25,,28.852535247802734,,,10.786328315734863,,100.34716796875,12.145150184631348,11.887290954589844
2011-03-28,,28.792259216308594,,,10.763097763061523,,100.10261535644531,12.134838104248047,11.901240348815918
2011-03-29,,29.029346466064453,,,10.832793235778809,,100.7751693725586,12.200822830200195,11.916925430297852
2011-03-30,,29.403066635131836,,,10.90247917175293,,101.47066497802734,12.272993087768555,12.007558822631836
2011-03-31,,29.559795379638672,,,10.917963981628418,,101.33306884765625,12.275054931640625,12.00407600402832
2011-04-01,,29.648197174072266,,,10.995397567749023,,101.76107788085938,12.31216812133789,12.040675163269043
2011-04-04,,29.76875114440918,,,10.995397567749023,,101.84518432617188,12.285365104675293,12.047651290893555
2011-04-05,,29.877239227294922,,,11.010884284973145,,101.82987213134766,12.295675277709961,12.066821098327637
2011-04-06,,29.961626052856445,,,11.034113883972168,,102.15081024169922,12.324542999267578,12.110400199890137
2011-04-07,,29.796876907348633,,,10.987653732299805,,101.8909912109375,12.287428855895996,12.082508087158203
2011-04-08,,29.415122985839844,,,10.956684112548828,,101.53944396972656,12.213194847106934,12.04241943359375
2011-04-11,,29.23027229309082,,,10.956684112548828,,101.23371887207031,12.213194847106934,12.021503448486328
2011-04-12,,28.880664825439453,,,10.886996269226074,,100.47713470458984,12.112156867980957,11.897751808166504
2011-04-13,,28.84048080444336,,,10.910225868225098,,100.46949005126953,12.18844985961914,11.871603012084961
2011-04-14,,29.017282485961914,,,10.925708770751953,,100.5458984375,12.17402172088623,11.882062911987305
2011-04-15,,29.306621551513672,,,11.003141403198242,,100.91273498535156,12.196701049804688,11.943071365356445
2011-04-18,,28.87665367126465,,,10.886996269226074,,99.78163146972656,12.087409973144531,11.810603141784668
2011-04-19,,28.856555938720703,,,10.941193580627441,,100.3548355102539,12.157524108886719,11.836750030517578
2011-04-20,,29.42316246032715,,,11.057345390319824,,101.72283935546875,12.361660957336426,11.976186752319336
2011-04-21,,29.62409019470215,,,11.11154842376709,,102.24254608154297,12.446202278137207,12.002331733703613
2011-04-25,,29.567825317382812,,,11.072831153869629,,102.13555145263672,12.425579071044922,11.9988431930542
2011-04-26,,29.90938949584961,,,11.188981056213379,,103.01447296142578,12.53899097442627,12.115628242492676
2011-04-27,,30.19068145751953,,,11.250925064086914,,103.68701171875,12.557548522949219,12.201038360595703
2011-04-28,,30.26300811767578,,,11.343842506408691,,104.02328491210938,12.652400016784668,12.202776908874512
2011-04-29,,30.33535385131836,,,11.328357696533203,,104.26785278320312,12.66889762878418,12.256810188293457
2011-05-02,,30.078161239624023,,,11.320611953735352,,104.10734558105469,12.675082206726074,12.241124153137207
2011-05-03,,29.740615844726562,,,11.274157524108887,,103.73284149169922,12.629719734191895,12.19057559967041
2011-05-04,,29.403066635131836,,,11.243183135986328,,103.04499816894531,12.54105281829834,12.098196029663086
2011-05-05,,29.278488159179688,,20.361343383789062,11.173495292663574,17.475839614868164,102.11264038085938,12.452384948730469,11.974443435668945
2011-05-06,,29.403066635131836,,20.437131881713867,11.235438346862793,17.56747817993164,102.56354522705078,12.501875877380371,12.035449028015137
2011-05-09,,29.6964111328125,,20.437131881713867,11.30512523651123,17.56747817993164,102.96094512939453,12.557548522949219,12.077282905578613
2011-05-10,,30.206748962402344,,20.866580963134766,11.382559776306152,17.800127029418945,103.83985137939453,12.673018455505371,12.194058418273926
2011-05-11,,29.74463653564453,,20.437131881713867,11.274157524108887,17.701425552368164,102.74697875976562,12.536931991577148,12.014533042907715
2011-05-12,,29.9937801361084,,20.52975845336914,11.398045539855957,17.941112518310547,103.23612213134766,12.627655982971191,12.085990905761719
2011-05-13,,29.636131286621094,,20.52975845336914,11.320611953735352,17.863557815551758,102.44126892089844,12.53280258178711,11.965731620788574
2011-05-16,,29.234291076660156,,20.336084365844727,11.343842506408691,17.82126808166504,101.7916488647461,12.433829307556152,11.932608604431152
2011-05-17,,29.16998863220215,,20.336084365844727,11.28189754486084,17.877662658691406,101.77633666992188,12.409086227416992,11.930865287780762
2011-05-18,,29.547731399536133,,20.066617965698242,11.359333038330078,17.849470138549805,102.68585205078125,12.53899097442627,12.019760131835938
2011-05-19,,29.595949172973633,,20.066617965698242,11.398045539855957,17.9270076751709,102.93041229248047,12.557548522949219,12.04241943359375
2011-05-20,,29.37091827392578,,20.34450340270996,11.312872886657715,17.93405532836914,102.11264038085938,12.483317375183105,11.94481086730957
2011-05-23,,28.892724990844727,,19.721370697021484,11.196723937988281,17.757814407348633,100.92801666259766,12.351353645324707,11.812342643737793
2011-05-24,,28.73599624633789,,19.721370697021484,11.165745735168457,17.764860153198242,100.843994140625,12.359599113464355,11.800143241882324
2011-05-25,,29.073562622070312,,19.721370697021484,11.165745735168457,17.7296199798584,101.18021392822266,12.402897834777832,11.841976165771484
2011-05-26,,29.415122985839844,,20.159250259399414,11.204466819763184,17.715524673461914,101.64643859863281,12.456507682800293,11.859404563903809
2011-05-27,,29.632112503051758,,20.268720626831055,11.274157524108887,17.786026000976562,102.03620910644531,12.473006248474121,11.936100959777832
2011-05-31,,30.07415008544922,,20.555021286010742,11.320611953735352,17.912904739379883,103.0985336303711,12.56167221069336,12.0267333984375
2011-06-01,,29.174007415771484,,19.923471450805664,11.165745735168457,17.701425552368164,100.78280639648438,12.382283210754395,11.81408977508545
2011-06-02,,29.097667694091797,,19.662416458129883,11.080577850341797,17.595680236816406,100.67581176757812,12.36372184753418,11.770512580871582
2011-06-03,,28.65966033935547,,19.51926612854004,10.96442699432373,17.426494598388672,99.67463684082031,12.223509788513184,11.657217025756836
2011-06-06,,28.253786087036133,,19.36769676208496,10.90247917175293,17.34895133972168,98.6199722290039,12.101849555969238,11.484659194946289
2011-06-07,,28.33816909790039,,19.36769676208496,10.910225868225098,17.426494598388672,98.558837890625,12.145150184631348,11.549150466918945
2011-06-08,,28.052867889404297,,19.131919860839844,10.840533256530762,17.384187698364258,98.1461410522461,12.054422378540039,11.442829132080078
2011-06-09,,28.18146324157715,,19.131919860839844,10.956684112548828,17.447649002075195,98.8951187133789,12.105968475341797,11.531721115112305
2011-06-10,,27.74344253540039,,18.912982940673828,10.801814079284668,17.271390914916992,97.5194320678711,11.924516677856445,11.395769119262695
2011-06-13,,27.67512321472168,,18.643516540527344,10.832793235778809,17.32073402404785,97.59586334228516,11.95956802368164,11.41494083404541
2011-06-14,,28.28593635559082,,18.98876190185547,10.979912757873535,17.43355369567871,98.8339614868164,12.085352897644043,11.542177200317383
2011-06-15,,27.863994598388672,,18.51719856262207,10.825043678283691,17.223453521728516,97.07615661621094,11.889464378356934,11.343473434448242
2011-06-16,,27.956417083740234,,18.601411819458008,10.848276138305664,17.315418243408203,97.29016876220703,11.87914752960205,11.357418060302734
2011-06-17,,27.944368362426758,,18.53563117980957,10.92092514038086,17.40737533569336,97.58049011230469,11.913104057312012,11.432419776916504
2011-06-20,,28.22565460205078,,18.53563117980957,11.014666557312012,17.50640296936035,98.0796890258789,11.981432914733887,11.476231575012207
2011-06-21,,28.719932556152344,,18.53563117980957,11.12403392791748,17.58419418334961,99.4238052368164,12.140852928161621,11.632187843322754
2011-06-22,,28.52702522277832,,18.965713500976562,11.061540603637695,17.527620315551758,98.8247299194336,12.084951400756836,11.556838035583496
2011-06-23,,28.58340072631836,,18.89824676513672,11.014666557312012,17.322486877441406,98.54053497314453,12.04975414276123,11.33954906463623
2011-06-24,,28.410274505615234,,18.67055892944336,10.92092514038086,17.343713760375977,97.39614868164062,11.923460960388184,11.376340866088867
2011-06-27,,28.61159324645996,,18.738018035888672,10.991230964660645,17.428585052490234,98.26402282714844,12.058035850524902,11.463964462280273
2011-06-28,,29.066558837890625,,19.184967041015625,11.131843566894531,17.527620315551758,99.54668426513672,12.198823928833008,11.558588981628418
2011-06-29,,29.191404342651367,,19.429529190063477,11.178722381591797,17.612491607666016,100.39923095703125,12.314762115478516,11.667241096496582
2011-06-30,,29.521556854248047,,19.67408561706543,11.264644622802734,17.704452514648438,101.3592529296875,12.441059112548828,11.791654586791992
2011-07-01,,29.992643356323242,,20.028270721435547,11.428693771362305,17.902494430541992,102.85696411132812,12.600480079650879,11.951118469238281
2011-07-05,,30.097341537475586,,20.002971649169922,11.397442817687988,17.83176612854004,102.77246856689453,12.654312133789062,11.91081714630127
2011-07-06,,30.169818878173828,,19.87647247314453,11.428693771362305,17.916654586791992,102.8953628540039,12.683298110961914,11.89854621887207
2011-07-07,,30.59662437438965,,20.314990997314453,11.54587173461914,17.994443893432617,103.96295928955078,12.863425254821777,12.022964477539062
2011-07-08,,30.407360076904297,,20.011402130126953,11.475564956665039,17.916654586791992,103.22557830810547,12.774396896362305,11.905559539794922
2011-07-11,,29.80340576171875,,19.311466217041016,11.303707122802734,17.73274040222168,101.3592529296875,12.523873329162598,11.68651294708252
2011-07-12,,29.678585052490234,,19.218704223632812,11.295897483825684,17.768104553222656,100.92147827148438,12.488677978515625,11.698779106140137
2011-07-13,,29.924209594726562,,19.556020736694336,11.303707122802734,17.718589782714844,101.25942993164062,12.507312774658203,11.688265800476074
2011-07-14,,29.428956985473633,,19.10907745361328,11.22558879852295,17.661998748779297,100.56050872802734,12.434847831726074,11.647957801818848
2011-07-15,,29.602092742919922,,19.252429962158203,11.24902057647705,17.61725425720215,101.14421844482422,12.503172874450684,11.597143173217773
2011-07-18,,29.207496643066406,,18.923553466796875,11.12403392791748,17.532014846801758,100.31474304199219,12.438989639282227,11.521790504455566
2011-07-19,,29.855758666992188,,19.454822540283203,11.272459983825684,17.702497482299805,101.94296264648438,12.706074714660645,11.667241096496582
2011-07-20,,29.783287048339844,,19.581321716308594,11.241212844848633,17.695384979248047,101.88153839111328,12.672945976257324,11.739083290100098
2011-07-21,,30.073183059692383,,19.884910583496094,11.381824493408203,17.92982292175293,103.29481506347656,12.807525634765625,11.909062385559082
2011-07-22,,30.040964126586914,,20.011402130126953,11.342766761779785,17.837474822998047,103.36387634277344,12.840648651123047,11.865254402160645
2011-07-25,,29.738988876342773,,19.85961151123047,11.264644622802734,17.766435623168945,102.78784942626953,12.774396896362305,11.798664093017578
2011-07-26,,29.48935317993164,,19.724679946899414,11.170906066894531,17.688283920288086,102.4038314819336,12.757834434509277,11.760112762451172
2011-07-27,,28.639780044555664,,19.050039291381836,10.959989547729492,17.517803192138672,100.30704498291016,12.474185943603516,11.521790504455566
2011-07-28,,28.55925941467285,,18.889820098876953,10.936549186706543,17.382827758789062,100.01518249511719,12.46590805053711,11.455201148986816
2011-07-29,,28.587434768676758,,18.906688690185547,10.889679908752441,17.290485382080078,99.3316421508789,12.38309383392334,11.358823776245117
2011-08-01,,28.422344207763672,,18.687427520751953,10.788128852844238,17.21234130859375,98.9091796875,12.327190399169922,11.34129524230957
2011-08-02,,27.604982376098633,,18.173019409179688,10.499088287353516,16.942401885986328,96.38233947753906,12.024909019470215,11.032882690429688
2011-08-03,,27.75396728515625,,17.92845916748047,10.592828750610352,16.985027313232422,96.90460205078125,12.124287605285645,11.057415008544922
2011-08-04,,26.268226623535156,,16.781578063964844,10.124122619628906,16.402523040771484,92.36542510986328,11.55906867980957,10.540470123291016
2011-08-05,,25.877660751342773,,16.343061447143555,10.202240943908691,16.587207794189453,92.22720336914062,11.5238676071167,10.515934944152832
2011-08-08,,23.731597900390625,,14.656475067138672,9.631979942321777,15.748980522155762,86.22101593017578,10.853058815002441,9.821996688842773
2011-08-09,,25.177074432373047,,15.499763488769531,9.913202285766602,16.28175926208496,90.2302474975586,11.229874610900879,10.107632637023926
2011-08-10,,23.969158172607422,,14.842000007629395,9.639785766601562,15.7844820022583,86.24411010742188,10.894468307495117,9.739638328552246
2011-08-11,,25.160966873168945,,16.022613525390625,9.944446563720703,16.38831329345703,90.11505126953125,11.30440902709961,10.256584167480469
2011-08-12,,25.330080032348633,,15.845521926879883,10.085062026977539,16.494863510131836,90.72183227539062,11.443122863769531,10.253081321716309
2011-08-15,,25.978322982788086,,16.292469024658203,10.22567367553711,16.80402946472168,92.64195251464844,11.617042541503906,10.479134559631348
2011-08-16,,25.5797119140625,,15.988880157470703,10.194430351257324,16.76128387451172,91.85083770751953,11.496954917907715,10.444086074829102
2011-08-17,,25.51126480102539,,15.912989616394043,10.163180351257324,16.82539176940918,91.91228485107422,11.503164291381836,10.424812316894531
2011-08-18,,24.077865600585938,,14.791404724121094,9.803837776184082,16.447847366333008,87.94918823242188,10.989706993103027,9.969197273254395
2011-08-19,,23.70744514465332,,14.369755744934082,9.663227081298828,16.31963539123535,86.5129165649414,10.801300048828125,9.874567985534668
2011-08-22,,23.67925262451172,,14.361323356628418,9.67884349822998,16.333877563476562,86.58204650878906,10.867552757263184,9.834264755249023
2011-08-23,,24.83080291748047,,14.858867645263672,9.98350715637207,16.732784271240234,89.43147277832031,11.223663330078125,10.091863632202148
2011-08-24,,25.152912139892578,,15.21304988861084,10.131933212280273,16.960731506347656,90.69104766845703,11.362377166748047,10.233805656433105
2011-08-25,,24.565053939819336,,15.21304988861084,9.944446563720703,16.690034866333008,89.30860137939453,11.20502758026123,10.165461540222168
2011-08-26,,25.10057258605957,,15.31424617767334,10.09287166595459,16.811138153076172,90.60661315917969,11.37480640411377,10.289878845214844
2011-08-29,,26.252117156982422,,16.106943130493164,10.342850685119629,17.188674926757812,93.21029663085938,11.703994750976562,10.56674861907959
2011-08-30,,26.352781295776367,,16.216564178466797,10.42096996307373,17.217172622680664,93.4560775756836,11.761966705322266,10.619321823120117
2011-08-31,,26.360841751098633,,16.343061447143555,10.436592102050781,17.302663803100586,93.87079620361328,11.797164916992188,10.635093688964844
2011-09-01,,25.813241958618164,,15.955157279968262,10.350666046142578,17.17442512512207,92.88771057128906,11.672940254211426,10.591290473937988
2011-09-02,,24.903278350830078,,15.347977638244629,10.077252388000488,16.89661407470703,90.51443481445312,11.424490928649902,10.244317054748535
2011-09-06,,24.84288215637207,,15.120291709899902,10.014751434326172,16.811138153076172,89.85391998291016,11.372730255126953,10.140925407409668
2011-09-07,,25.801164627075195,,15.921412467956543,10.280357360839844,17.117446899414062,92.38848876953125,11.654308319091797,10.42305850982666
2011-09-08,,25.330080032348633,,15.58410358428955,10.194430351257324,17.046205520629883,91.42838287353516,11.573559761047363,10.342448234558105
2011-09-09,,24.5771427154541,,15.078121185302734,9.952258110046387,16.668676376342773,89.0321044921875,11.256787300109863,10.072585105895996
2011-09-12,,24.754302978515625,,15.179314613342285,9.991318702697754,16.739906311035156,89.60816192626953,11.331316947937012,10.000740051269531
2011-09-13,,25.14486312866211,,15.364839553833008,10.085062026977539,16.846763610839844,90.42996978759766,11.447264671325684,10.170722007751465
2011-09-14,,25.583738327026367,,15.719026565551758,10.233488082885742,17.039087295532227,91.681884765625,11.619109153747559,10.349458694458008
2011-09-15,,25.921955108642578,,16.098508834838867,10.342850685119629,17.239137649536133,93.26406860351562,11.788884162902832,10.51418399810791
2011-09-16,,25.90182876586914,,16.105283737182617,10.428383827209473,17.36058235168457,93.81607055664062,11.869540214538574,10.557369232177734
2011-09-19,,25.507244110107422,,15.690802574157715,10.365610122680664,17.26056671142578,92.88188934326172,11.800942420959473,10.419872283935547
2011-09-20,,25.0723876953125,,15.51317310333252,10.373453140258789,17.374879837036133,92.77381896972656,11.77184009552002,10.516827583312988
2011-09-21,,24.158395767211914,,14.760348320007324,10.122356414794922,17.024810791015625,90.0408706665039,11.47666072845459,10.254169464111328
2011-09-22,,23.538330078125,,13.88911247253418,9.81633472442627,16.67473030090332,87.1303482055664,11.123273849487305,9.742961883544922
2011-09-23,,23.80003547668457,,13.956781387329102,9.871261596679688,16.739032745361328,87.65531921386719,11.164847373962402,9.787031173706055
2011-09-26,,24.311397552490234,,14.278206825256348,10.075277328491211,17.046232223510742,89.73976135253906,11.32075023651123,10.002091407775879
2011-09-27,,24.8162899017334,,14.67577075958252,10.185138702392578,17.146255493164062,90.7433853149414,11.516157150268555,10.241826057434082
2011-09-28,,23.93979263305664,,14.168240547180176,9.973268508911133,16.953365325927734,88.89054107666016,11.289572715759277,10.09199333190918
2011-09-29,,24.404298782348633,,14.312039375305176,10.04388427734375,17.124818801879883,89.59308624267578,11.291650772094727,10.093758583068848
2011-09-30,,23.644943237304688,,13.922941207885742,9.863414764404297,16.93191909790039,87.3542251586914,11.06714916229248,9.878692626953125
2011-10-03,,22.465513229370117,,12.874072074890137,9.60446834564209,16.5747127532959,84.86832427978516,10.738707542419434,9.570206642150879
2011-10-04,,23.947877883911133,,13.550765037536621,9.832026481628418,16.74616813659668,86.72887420654297,10.950737953186035,9.788790702819824
2011-10-05,,24.266969680786133,,14.049822807312012,9.973268508911133,16.839048385620117,88.33467864990234,11.121197700500488,9.854018211364746
2011-10-06,,24.800125122070312,,14.481215476989746,10.138051986694336,17.067672729492188,89.93277740478516,11.362329483032227,10.08317756652832
2011-10-07,,24.218494415283203,,14.159788131713867,10.075277328491211,17.031936645507812,89.33057403564453,11.30620002746582,10.016191482543945
2011-10-10,,25.220195770263672,,14.77726936340332,10.365610122680664,17.424882888793945,92.31834411621094,11.622171401977539,10.374044418334961
2011-10-11,,25.34945297241211,,15.005657196044922,10.35776424407959,17.332000732421875,92.41092681884766,11.705321311950684,10.400481224060059
2011-10-12,,25.66045570373535,,15.344005584716797,10.459768295288086,17.3891658782959,93.2215805053711,11.821728706359863,10.52740478515625
2011-10-13,,25.66449737548828,,15.191741943359375,10.396991729736328,17.36773109436035,93.03629302978516,11.790544509887695,10.412819862365723
2011-10-14,,26.128999710083008,,15.57238483428955,10.514695167541504,17.53824234008789,94.62666320800781,11.996338844299316,10.599674224853516
2011-10-17,,25.34540557861328,,14.954898834228516,10.365610122680664,17.373451232910156,92.82012939453125,11.782231330871582,10.418109893798828
2011-10-18,,25.98358726501465,,15.597759246826172,10.530390739440918,17.609880447387695,94.63440704345703,11.940214157104492,10.717781066894531
2011-10-19,,25.519092559814453,,15.157909393310547,10.514695167541504,17.545385360717773,93.51496887207031,11.77184009552002,10.574999809265137
2011-10-20,,25.579681396484375,,15.301706314086914,10.546080589294434,17.652870178222656,93.92414855957031,11.786388397216797,10.682528495788574
2011-10-21,,26.153230667114258,,15.792308807373047,10.718714714050293,17.96811294555664,95.70751190185547,12.012970924377441,10.823554039001465
2011-10-24,,26.97720718383789,,16.359037399291992,10.867802619934082,17.975257873535156,96.88097381591797,12.185502052307129,10.985730171203613
2011-10-25,,26.25016212463379,,15.902267456054688,10.679481506347656,17.74599266052246,94.99723815917969,11.95476245880127,10.75303840637207
2011-10-26,,26.674274444580078,,16.105283737182617,10.757952690124512,17.86063003540039,95.96224975585938,12.048306465148926,10.918741226196289
2011-10-27,,28.03949546813965,,17.16261100769043,11.071817398071289,18.26183319091797,99.30511474609375,12.407928466796875,11.368253707885742
2011-10-28,,27.950641632080078,,17.34869384765625,11.07966423034668,18.16869354248047,99.28197479248047,12.439108848571777,11.26777172088623
2011-10-31,,27.171083450317383,,16.57895851135254,10.875649452209473,17.939441680908203,96.88868713378906,12.185502052307129,11.116177558898926
2011-11-01,,26.30267906188965,,16.03760528564453,10.60101318359375,17.574064254760742,94.18661499023438,11.871614456176758,10.668423652648926
2011-11-02,,26.904502868652344,,16.249065399169922,10.757952690124512,17.76750373840332,95.72295379638672,12.01088809967041,10.821791648864746
2011-11-03,,27.574993133544922,,16.73121452331543,10.946274757385254,18.03974151611328,97.46771240234375,12.262419700622559,11.038613319396973
2011-11-04,,27.421506881713867,,16.70583724975586,10.89919376373291,17.939441680908203,96.87326049804688,12.204215049743652,10.962814331054688
2011-11-07,,27.39322853088379,,16.680469512939453,10.946274757385254,18.018245697021484,97.47541809082031,12.249944686889648,11.008645057678223
2011-11-08,,27.756757736206055,,16.984981536865234,11.063970565795898,18.175853729248047,98.7260971069336,12.418322563171387,11.195499420166016
2011-11-09,,26.528873443603516,,16.00377655029297,10.703022003173828,17.71734046936035,95.08216094970703,11.981788635253906,10.761852264404297
2011-11-10,,26.686397552490234,,16.13912010192871,10.773638725280762,17.874969482421875,95.97772216796875,12.058703422546387,10.890538215637207
2011-11-11,,27.42555046081543,,16.638164520263672,10.9776611328125,18.118541717529297,97.78425598144531,12.299833297729492,11.054482460021973
2011-11-14,,27.03375244140625,,16.41825294494629,10.914880752563477,17.953763961791992,96.85783386230469,12.21668529510498,10.922269821166992
2011-11-15,,27.3730411529541,,16.536664962768555,10.96196174621582,18.011964797973633,97.33647918701172,12.301916122436523,10.994545936584473
2011-11-16,,26.92873764038086,,16.282917022705078,10.797181129455566,17.796415328979492,95.79243469238281,12.26865291595459,10.77772045135498
2011-11-17,,26.605615615844727,,15.800769805908203,10.624553680419922,17.659914016723633,94.27152252197266,11.898643493652344,10.631406784057617
2011-11-18,,26.67024040222168,,15.758469581604004,10.663786888122559,17.724580764770508,94.1711654663086,11.877852439880371,10.680768013000488
2011-11-21,,26.00782585144043,,15.386297225952148,10.48331069946289,17.50184440612793,92.3801040649414,11.655430793762207,10.448074340820312
2011-11-22,,25.830101013183594,,15.157909393310547,10.436230659484863,17.401268005371094,92.01724243164062,11.630483627319336,10.37228012084961
2011-11-23,,25.066713333129883,,14.650386810302734,10.279291152954102,17.149799346923828,89.9868392944336,11.38311767578125,10.139588356018066
2011-11-25,,24.75166130065918,,14.574258804321289,10.263601303100586,17.18572425842285,89.81694793701172,11.38311767578125,10.155454635620117
2011-11-28,,25.91088104248047,,15.2001953125,10.514695167541504,17.480297088623047,92.418701171875,11.688685417175293,10.386381149291992
2011-11-29,,25.813947677612305,,15.225576400756836,10.55393123626709,17.60243034362793,92.68116760253906,11.697003364562988,10.492147445678711
2011-11-30,,27.340730667114258,,16.30828857421875,10.954116821289062,18.126911163330078,96.49494934082031,12.11067008972168,10.943422317504883
2011-12-01,,27.17511558532715,,16.232158660888672,10.93057632446289,18.11972427368164,96.47949981689453,12.156400680541992,10.897588729858398
2011-12-02,,27.22359848022461,,16.33365821838379,10.89919376373291,18.011964797973633,96.39461517333984,12.158477783203125,10.934606552124023
2011-12-05,,27.63557243347168,,16.646631240844727,10.954116821289062,18.14129066467285,97.44454193115234,12.237471580505371,11.087972640991211
2011-12-06,,27.627513885498047,,16.60433006286621,11.016889572143555,18.19876480102539,97.47541809082031,12.27281379699707,11.086209297180176
2011-12-07,,27.61943817138672,,16.612796783447266,11.04043197631836,18.213134765625,97.83831787109375,12.262419700622559,11.14614486694336
2011-12-08,,26.787378311157227,,15.902267456054688,10.828570365905762,17.976041793823242,95.6920394897461,12.031679153442383,10.906401634216309
2011-12-09,,27.61539077758789,,16.342124938964844,10.9776611328125,18.18439292907715,97.31331634521484,12.233319282531738,11.045665740966797
2011-12-12,,27.276103973388672,,15.66543197631836,10.797181129455566,18.04070472717285,95.89279174804688,12.046232223510742,10.846468925476074
2011-12-13,,26.783327102661133,,15.462413787841797,10.726560592651367,18.00477409362793,94.99723815917969,11.919427871704102,10.74246597290039
2011-12-14,,26.40768814086914,,15.124074935913086,10.679481506347656,17.9113712310791,93.98588562011719,11.800942420959473,10.671954154968262
2011-12-15,,26.73889923095703,,15.124074935913086,10.703022003173828,18.0865421295166,94.3255844116211,11.819648742675781,10.721308708190918
2011-12-16,,26.957014083862305,,15.235136985778809,10.73770809173584,18.07933807373047,94.46541595458984,11.842632293701172,10.760168075561523
2011-12-19,,26.500593185424805,,14.81970500946045,10.619451522827148,17.978425979614258,93.4554443359375,11.754878044128418,10.580953598022461
2011-12-20,,27.574993133544922,,15.616659164428711,10.895380020141602,18.3532657623291,96.28340148925781,12.093358993530273,10.934064865112305
2011-12-21,,27.728487014770508,,15.701430320739746,10.982105255126953,18.562328338623047,96.46986389160156,12.05574893951416,10.948258399963379
2011-12-22,,27.920621871948242,,15.981207847595215,11.021526336669922,18.562328338623047,97.32447814941406,12.1414155960083,11.134577751159668
2011-12-23,,28.009788513183594,,16.057512283325195,11.100362777709961,18.706497192382812,98.19461822509766,12.233348846435547,11.20555591583252
2011-12-27,,28.115184783935547,,15.972734451293945,11.139779090881348,18.78579330444336,98.27234649658203,12.273042678833008,11.233945846557617
2011-12-28,,27.632816314697266,,15.633613586425781,11.0372896194458,18.670461654663086,96.98262786865234,12.143501281738281,11.084893226623535
2011-12-29,,27.944944381713867,,15.87099552154541,11.124011993408203,18.78579330444336,97.98486328125,12.24588394165039,11.193130493164062
2011-12-30,,27.685523986816406,,15.904908180236816,11.060940742492676,18.69207000732422,97.50315856933594,12.216632843017578,11.143445014953613
2012-01-03,,28.13140869140625,,16.422069549560547,11.139779090881348,18.61277198791504,99.05699920654297,12.352442741394043,11.365253448486328
2012-01-04,,27.969257354736328,,16.45598793029785,11.187081336975098,18.583942413330078,99.21237182617188,12.341992378234863,11.377671241760254
2012-01-05,,28.13546371459961,,16.57467269897461,11.218618392944336,18.591154098510742,99.47651672363281,12.362887382507324,11.406063079833984
2012-01-06,,28.04222869873047,,16.56618881225586,11.155550003051758,18.5118465423584,99.22015380859375,12.352442741394043,11.384774208068848
2012-01-09,,28.15572738647461,,16.57467269897461,11.210735321044922,18.526264190673828,99.46102905273438,12.358710289001465,11.427358627319336
2012-01-10,,28.53270721435547,,17.00705337524414,11.297453880310059,18.627187728881836,100.32341003417969,12.433928489685059,11.551567077636719
2012-01-11,,28.650257110595703,,17.142709732055664,11.289571762084961,18.583942413330078,100.37777709960938,12.431838989257812,11.579961776733398
2012-01-12,,28.759693145751953,,17.210533142089844,11.34476089477539,18.61277198791504,100.61860656738281,12.452731132507324,11.611899375915527
2012-01-13,,28.569189071655273,,17.015539169311523,11.297453880310059,18.588930130004883,100.09809875488281,12.406765937805176,11.471718788146973
2012-01-17,,28.581340789794922,,17.015539169311523,11.376293182373047,18.646751403808594,100.48652648925781,12.471534729003906,11.546244621276855
2012-01-18,,29.083980560302734,,17.498796463012695,11.478781700134277,18.704565048217773,101.5975341796875,12.580183029174805,11.686426162719727
2012-01-19,,29.25017738342285,,17.71074104309082,11.526087760925293,18.682897567749023,102.13360595703125,12.642867088317871,11.757405281066895
2012-01-20,,29.294750213623047,,17.63443374633789,11.518204689025879,18.704565048217773,102.51431274414062,12.634512901306152,11.799989700317383
2012-01-23,,29.246124267578125,,17.761608123779297,11.53396987915039,18.69733428955078,102.25016021728516,12.659582138061523,11.812408447265625
2012-01-24,,29.42446517944336,,17.83791160583496,11.526087760925293,18.6033878326416,102.13360595703125,12.630328178405762,11.784018516540527
2012-01-25,,29.631206512451172,,18.0583438873291,11.612804412841797,18.798513412475586,102.98821258544922,12.780762672424316,11.847900390625
2012-01-26,,29.570390701293945,,17.8718318939209,11.581271171569824,18.784059524536133,102.45990753173828,12.686745643615723,11.752080917358398
2012-01-27,,29.70416831970215,,17.8718318939209,11.541853904724121,18.646751403808594,102.41329956054688,12.734800338745117,11.771598815917969
2012-01-30,,29.481216430664062,,17.685306549072266,11.478781700134277,18.545562744140625,102.0636978149414,12.68883228302002,11.689970970153809
2012-01-31,,29.50959014892578,,17.61747932434082,11.502433776855469,18.588930130004883,102.02481842041016,12.68883228302002,11.682873725891113
2012-02-01,,30.13789939880371,,17.9481258392334,11.597042083740234,18.711793899536133,102.91832733154297,12.782855987548828,11.844347953796387
2012-02-02,,30.32840347290039,,18.024423599243164,11.604927062988281,18.66843032836914,103.08145141601562,12.807927131652832,11.847900390625
2012-02-03,,30.98102378845215,,18.567028045654297,11.738945007324219,18.79128646850586,104.52649688720703,12.950004577636719,12.02534008026123
2012-02-06,,30.851303100585938,,18.567028045654297,11.707414627075195,18.72623634338379,104.45659637451172,12.941648483276367,12.016472816467285
2012-02-07,,30.798633575439453,,18.592464447021484,11.731066703796387,18.798513412475586,104.72071838378906,12.991800308227539,12.073257446289062
2012-02-08,,30.859420776367188,,18.68572425842285,11.731066703796387,18.79128646850586,105.03147888183594,12.99805736541748,12.094552040100098
2012-02-09,,30.701330184936523,,18.753543853759766,11.746830940246582,18.784059524536133,105.1635971069336,13.050296783447266,12.096322059631348
2012-02-10,,30.28382110595703,,18.448333740234375,11.675877571105957,18.69733428955078,104.38665008544922,12.952095985412598,11.96501350402832
2012-02-13,,30.67295265197754,,18.677244186401367,11.746830940246582,18.733478546142578,105.1635971069336,13.05656623840332,12.089221000671387
2012-02-14,,30.531091690063477,,18.49920654296875,11.738945007324219,18.755155563354492,105.03147888183594,13.071187973022461,11.95081615447998
2012-02-15,,30.275707244873047,,18.465288162231445,11.683762550354004,18.717477798461914,104.54203796386719,12.989703178405762,12.00937271118164
2012-02-16,,30.847261428833008,,18.787458419799805,11.786249160766602,18.83342742919922,105.69963073730469,13.087906837463379,12.154874801635742
2012-02-17,,30.863475799560547,,18.855283737182617,11.817785263061523,18.86239242553711,105.97936248779297,13.133871078491211,12.209883689880371
2012-02-21,,30.681055068969727,,18.83832550048828,11.770484924316406,18.81892204284668,106.02594757080078,13.102529525756836,12.26133918762207
2012-02-22,,30.474332809448242,,18.592464447021484,11.731066703796387,18.81892204284668,105.68412017822266,13.133871078491211,12.122937202453613
2012-02-23,,30.863475799560547,,18.821374893188477,11.802016258239746,18.876888275146484,106.1502914428711,13.190284729003906,12.176166534423828
2012-02-24,,30.737825393676758,,18.787458419799805,11.809903144836426,18.93486785888672,106.38335418701172,13.236252784729004,12.183265686035156
2012-02-27,,30.668907165527344,,18.787458419799805,11.849321365356445,18.942121505737305,106.56201934814453,13.252967834472656,12.224081039428711
2012-02-28,,30.604034423828125,,18.753543853759766,11.841436386108398,18.949359893798828,106.87277221679688,13.305203437805176,12.25069522857666
2012-02-29,,30.15005111694336,,18.49920654296875,11.802016258239746,18.927623748779297,106.4532699584961,13.257145881652832,12.172623634338379
2012-03-01,,30.34056854248047,,18.677244186401367,11.833551406860352,18.992835998535156,107.00487518310547,13.324005126953125,12.238271713256836
2012-03-02,,29.866308212280273,,18.55006980895996,11.809903144836426,18.992835998535156,106.6785659790039,13.294754028320312,12.215203285217285
2012-03-05,,29.894681930541992,,18.17702865600586,11.809903144836426,19.036319732666016,106.2435073852539,13.244608879089355,12.131808280944824
2012-03-06,,29.35151481628418,,17.651395797729492,11.636457443237305,18.891389846801758,104.68965148925781,13.077455520629883,11.936622619628906
2012-03-07,,29.610937118530273,,17.905733108520508,11.715293884277344,18.96385383605957,105.41999816894531,13.1484956741333,12.04663372039795
2012-03-08,,29.939279556274414,,18.202465057373047,11.817785263061523,19.07979393005371,106.46876525878906,13.269682884216309,12.158425331115723
2012-03-09,,30.324350357055664,,18.346599578857422,11.865092277526855,19.137765884399414,106.88056945800781,13.298930168151855,12.273762702941895
2012-03-12,,30.32032012939453,,18.194000244140625,11.872973442077637,19.26095962524414,106.88832092285156,13.309377670288086,12.231175422668457
2012-03-13,,30.97292709350586,,18.778976440429688,12.022764205932617,19.35515594482422,108.81507110595703,13.482797622680664,12.474272727966309
2012-03-14,,30.72972297668457,,18.711151123046875,11.999113082885742,19.26095962524414,108.69854736328125,13.516227722167969,12.452981948852539
2012-03-15,,30.97292709350586,,19.016366958618164,12.062186241149902,19.274763107299805,109.32786560058594,13.553838729858398,12.568321228027344
2012-03-16,,30.887802124023438,,19.145414352416992,12.079597473144531,19.223905563354492,109.47926330566406,13.586966514587402,12.57455825805664
2012-03-19,,31.167484283447266,,19.238819122314453,12.071680068969727,19.21664810180664,109.90839385986328,13.645672798156738,12.644104957580566
2012-03-20,,30.887802124023438,,19.02655029296875,12.032100677490234,19.223905563354492,109.58853149414062,13.607935905456543,12.603095054626465
2012-03-21,,30.87967300415039,,18.95014190673828,12.024185180664062,19.23117446899414,109.40902709960938,13.586966514587402,12.590606689453125
2012-03-22,,30.595947265625,,18.525630950927734,11.984609603881836,19.23117446899414,108.62088012695312,13.51987361907959,12.428342819213867
2012-03-23,,30.883731842041016,,18.70392417907715,12.008356094360352,19.25296974182129,108.97207641601562,13.540836334228516,12.522851943969727
2012-03-26,,31.560237884521484,,18.90768814086914,12.119183540344238,19.43461036682129,110.50146484375,13.712769508361816,12.636970520019531
2012-03-27,,31.336639404296875,,18.79732322692871,12.087515830993652,19.45640754699707,110.15808868408203,13.710672378540039,12.635187149047852
2012-03-28,,31.20654296875,,18.610536575317383,12.087515830993652,19.361942291259766,109.6119155883789,13.637290954589844,12.52641773223877
2012-03-29,,31.11709213256836,,18.517141342163086,12.103341102600098,19.383737564086914,109.42460632324219,13.647771835327148,12.426565170288086
2012-03-30,,31.02358627319336,,18.593549728393555,12.166674613952637,19.47093391418457,109.87718200683594,13.689704895019531,12.578126907348633
2012-04-02,,31.401681900024414,,18.79732322692871,12.245834350585938,19.572643280029297,110.68093872070312,13.794548034667969,12.683329582214355
2012-04-03,,31.23906898498535,,18.619035720825195,12.190422058105469,19.52178192138672,110.22834014892578,13.750510215759277,12.572778701782227
2012-04-04,,30.75933837890625,,18.279422760009766,12.103341102600098,19.441865921020508,109.13590240478516,13.670841217041016,12.430129051208496
2012-04-05,,30.621112823486328,,18.186019897460938,12.079597473144531,19.427343368530273,109.08126831054688,13.683415412902832,12.4033784866333
2012-04-09,,30.137317657470703,,17.837928771972656,11.945028305053711,19.26023292541504,107.85620880126953,13.55551528930664,12.2625150680542
2012-04-10,,29.421798706054688,,17.396432876586914,11.755048751831055,19.027748107910156,106.04582977294922,13.347933769226074,12.005745887756348
2012-04-11,,29.852733612060547,,17.60869789123535,11.873786926269531,19.122190475463867,106.90418243408203,13.400355339050293,12.12342643737793
2012-04-12,,30.267417907714844,,18.126588821411133,12.01627254486084,19.223905563354492,108.30096435546875,13.578581809997559,12.308873176574707
2012-04-13,,29.92184829711914,,17.71906280517578,11.929198265075684,19.15399169921875,107.01347351074219,13.486323356628418,12.214371681213379
2012-04-16,,29.99095344543457,,17.67661476135254,11.952946662902832,19.241390228271484,106.94318389892578,13.396163940429688,12.17692756652832
2012-04-17,,30.434099197387695,,18.01621437072754,12.103341102600098,19.423452377319336,108.52726745605469,13.59744930267334,12.362369537353516
2012-04-18,,30.173908233642578,,17.786983489990234,12.095428466796875,19.379762649536133,108.16049194335938,13.553414344787598,12.287481307983398
2012-04-19,,30.011281967163086,,17.75302505493164,12.000438690185547,19.306930541992188,107.46604919433594,13.44858169555664,12.219719886779785
2012-04-20,,30.15357780456543,,17.651147842407227,12.079597473144531,19.4453067779541,107.64546203613281,13.467452049255371,12.312440872192383
2012-04-23,,29.718578338623047,,17.421905517578125,11.929198265075684,19.2923641204834,106.74029541015625,13.356321334838867,12.151962280273438
2012-04-24,,29.889324188232422,,17.591712951660156,11.960859298706055,19.387046813964844,107.14607238769531,13.358419418334961,12.217934608459473
2012-04-25,,30.360912322998047,,17.871883392333984,12.071680068969727,19.503578186035156,108.61307525634766,13.603737831115723,12.332054138183594
2012-04-26,,30.637378692626953,,18.084138870239258,12.150840759277344,19.634660720825195,109.37001037597656,13.687612533569336,12.447958946228027
2012-04-27,,30.926023483276367,,18.09263038635254,12.198334693908691,19.685640335083008,109.54949188232422,13.73373794555664,12.453306198120117
2012-04-30,,30.60077476501465,,17.990751266479492,12.135004997253418,19.678359985351562,109.14374542236328,13.658257484436035,12.401591300964355
2012-05-01,,30.64142608642578,,18.19451904296875,12.198334693908691,19.72205352783203,109.82259368896484,13.758905410766602,12.579911231994629
2012-05-02,,30.808128356933594,,18.024709701538086,12.190422058105469,19.692930221557617,109.49481964111328,13.729547500610352,12.433695793151855
2012-05-03,,30.393444061279297,,17.67661476135254,12.119183540344238,19.620094299316406,108.65988159179688,13.637290954589844,12.328489303588867
2012-05-04,,29.848674774169922,,17.26908302307129,11.945028305053711,19.503578186035156,106.90418243408203,13.419228553771973,12.150177001953125
2012-05-07,,29.938114166259766,,17.23512077331543,11.968775749206543,19.496292114257812,106.98220825195312,13.412936210632324,12.155531883239746
2012-05-08,,29.893388748168945,,17.082290649414062,11.937111854553223,19.474441528320312,106.55305480957031,13.37099838256836,12.059237480163574
2012-05-09,,29.742969512939453,,17.039846420288086,11.86587142944336,19.387046813964844,105.92095184326172,13.276643753051758,12.023578643798828
2012-05-10,,29.87713623046875,,16.937965393066406,11.92127799987793,19.539976119995117,106.13945770263672,13.285035133361816,12.112730026245117
2012-05-11,,29.795820236206055,,16.8785343170166,11.873786926269531,19.539976119995117,105.81951904296875,13.301809310913086,11.993265151977539
2012-05-14,,29.450252532958984,,16.53892707824707,11.802542686462402,19.416175842285156,104.64905548095703,13.155035972595215,11.863093376159668
2012-05-15,,29.46653175354004,,16.275726318359375,11.762967109680176,19.36726951599121,104.04824829101562,13.106807708740234,11.75253677368164
2012-05-16,,29.23073387145996,,16.012531280517578,11.755048751831055,19.43296241760254,103.65020751953125,13.079550743103027,11.791769981384277
2012-05-17,,28.616840362548828,,15.647448539733887,11.565067291259766,19.206661224365234,102.11299133300781,12.859393119812012,11.547484397888184
2012-05-18,,28.368844985961914,,15.392743110656738,11.422582626342773,19.140960693359375,101.2390365600586,12.750361442565918,11.486857414245605
2012-05-21,,28.85669708251953,,15.851211547851562,11.604646682739258,19.23585319519043,102.9791488647461,13.004069328308105,11.538566589355469
2012-05-22,,28.726598739624023,,15.859710693359375,11.652142524719238,19.308856964111328,103.15863037109375,13.004069328308105,11.563528060913086
2012-05-23,,28.872962951660156,,15.91913890838623,11.683802604675293,19.272369384765625,103.21327209472656,13.039710998535156,11.520735740661621
2012-05-24,,28.885154724121094,,15.876692771911621,11.707551002502441,19.389158248901367,103.41612243652344,13.04180908203125,11.58492660522461
2012-05-25,,28.90548324584961,,15.893667221069336,11.675890922546387,19.389158248901367,103.08061981201172,13.006165504455566,11.627724647521973
2012-05-29,,29.295772552490234,,16.097431182861328,11.802542686462402,19.49866485595703,104.32909393310547,13.127775192260742,11.770374298095703
2012-05-30,,28.767257690429688,,15.715377807617188,11.660057067871094,19.338056564331055,102.81529235839844,13.010358810424805,11.611677169799805
2012-05-31,,28.68594741821289,,15.621978759765625,11.667973518371582,19.374574661254883,102.58899688720703,12.94536018371582,11.611677169799805
2012-06-01,,27.876916885375977,,14.951252937316895,11.367172241210938,19.08985710144043,100.00613403320312,12.647621154785156,11.33172607421875
2012-06-04,,27.828134536743164,,14.79843521118164,11.319676399230957,19.140960693359375,99.95930480957031,12.662298202514648,11.260401725769043
2012-06-05,,28.076128005981445,,15.121058464050293,11.398834228515625,19.206661224365234,100.71625518798828,12.727296829223633,11.324594497680664
2012-06-06,,28.755062103271484,,15.59650993347168,11.59673023223877,19.469463348388672,102.9791488647461,12.947455406188965,11.609890937805176
2012-06-07,,28.61276626586914,,15.554059028625488,11.660057067871094,19.527875900268555,103.04159545898438,13.016647338867188,11.675869941711426
2012-06-08,,28.938011169433594,,15.63896656036377,11.699637413024902,19.65196990966797,103.86091613769531,13.064876556396484,11.702614784240723
2012-06-11,,28.255006790161133,,15.205960273742676,11.660057067871094,19.56437110900879,102.54218292236328,12.920199394226074,11.70617961883545
2012-06-12,,28.60057830810547,,15.503122329711914,11.723381996154785,19.68846321105957,103.72047424316406,13.045999526977539,11.700830459594727
2012-06-13,,28.230607986450195,,15.316336631774902,11.59673023223877,19.659269332885742,103.05718231201172,13.008260726928711,11.740056037902832
2012-06-14,,28.555845260620117,,15.42669677734375,11.747130393981934,19.856374740600586,104.1496353149414,13.094234466552734,11.734712600708008
2012-06-15,,28.860759735107422,,15.726422309875488,11.84263801574707,19.947845458984375,105.21483612060547,13.205626487731934,11.909194946289062
2012-06-18,,28.913618087768555,,15.658302307128906,11.890387535095215,20.042978286743164,105.41874694824219,13.268803596496582,11.914580345153809
2012-06-19,,29.41192054748535,,16.041465759277344,12.009770393371582,20.101512908935547,106.43842315673828,13.41199779510498,12.05086612701416
2012-06-20,,29.35477638244629,,16.058486938476562,11.922223091125488,19.98444175720215,106.26583099365234,13.32987117767334,11.961202621459961
2012-06-21,,28.62834930419922,,15.436922073364258,11.7073392868042,19.75026512145996,103.88135528564453,13.07927417755127,11.819535255432129
2012-06-22,,28.954835891723633,,15.598702430725098,11.778969764709473,19.816131591796875,104.68144989013672,13.163508415222168,11.88230037689209
2012-06-25,,28.510011672973633,,15.096336364746094,11.595918655395508,19.669775009155273,103.00291442871094,12.997153282165527,11.640205383300781
2012-06-26,,28.620197296142578,,15.215547561645508,11.643669128417969,19.757579803466797,103.52057647705078,13.020315170288086,11.731660842895508
2012-06-27,,29.03236198425293,,15.581674575805664,11.699378967285156,19.838088989257812,104.4539794921875,13.125606536865234,11.758562088012695
2012-06-28,,29.024206161499023,,15.649785995483398,11.564079284667969,19.867351531982422,104.15593719482422,13.077170372009277,11.68862247467041
2012-06-29,,29.90162467956543,,16.23729705810547,11.914263725280762,20.1820011138916,106.75216674804688,13.388833999633789,12.120802879333496
2012-07-02,,30.146488189697266,,16.194721221923828,11.890387535095215,20.25518226623535,107.07376098632812,13.42884349822998,12.099288940429688
2012-07-03,,30.526031494140625,,16.543819427490234,12.009770393371582,20.299095153808594,107.7796859741211,13.52992057800293,12.171016693115234
2012-07-05,,30.50153350830078,,16.365015029907227,12.041606903076172,20.269819259643555,107.29337310791016,13.538350105285645,12.113632202148438
2012-07-06,,30.17098045349121,,16.10958480834961,11.922223091125488,20.21859359741211,106.27369689941406,13.348823547363281,12.016793251037598
2012-07-09,,30.122007369995117,,15.93928050994873,11.87447738647461,20.1820011138916,106.14034271240234,13.365669250488281,11.943265914916992
2012-07-10,,29.791444778442383,,15.590181350708008,11.802844047546387,20.174697875976562,105.21483612060547,13.264593124389648,11.821327209472656
2012-07-11,,29.673097610473633,,15.615729331970215,11.794886589050293,20.20395851135254,105.23049926757812,13.270909309387207,11.871539115905762
2012-07-12,,29.652685165405273,,15.496526718139648,11.778969764709473,20.21128273010254,104.72063446044922,13.2435302734375,11.826704025268555
2012-07-13,,30.032224655151367,,15.845622062683105,11.930181503295898,20.429889678955078,106.47765350341797,13.41199779510498,12.02755069732666
2012-07-16,,29.942428588867188,,15.794527053833008,11.87447738647461,20.371200561523438,106.22663879394531,13.359352111816406,12.038310050964355
2012-07-17,,30.019973754882812,,15.93076229095459,11.962018966674805,20.481231689453125,106.95610809326172,13.454118728637695,12.117218017578125
2012-07-18,,30.191389083862305,,16.058486938476562,12.065481185913086,20.539918899536133,107.74829864501953,13.563616752624512,12.16563892364502
2012-07-19,,30.16282081604004,,16.118087768554688,12.121190071105957,20.5472469329834,108.03069305419922,13.64785099029541,12.153080940246582
2012-07-20,,29.84449005126953,,15.879680633544922,12.001815795898438,20.43721580505371,107.04241180419922,13.536240577697754,12.05265998840332
2012-07-23,,29.387422561645508,,15.658302307128906,11.898346900939941,20.26849365234375,105.95997619628906,13.41199779510498,11.896641731262207
2012-07-24,,29.016050338745117,,15.419896125793457,11.77100944519043,20.085105895996094,105.05006408691406,13.239320755004883,11.765730857849121
2012-07-25,,29.05276870727539,,15.368803977966309,11.834674835205078,20.10711669921875,105.0736312866211,13.251955032348633,11.844637870788574
2012-07-26,,29.289478302001953,,15.803051948547363,11.946100234985352,20.378530502319336,106.80707550048828,13.466751098632812,12.075972557067871
2012-07-27,,30.007740020751953,,16.2713565826416,12.200778007507324,20.66461181640625,108.77582550048828,13.723661422729492,12.292961120605469
2012-07-30,,29.815921783447266,,16.22026252746582,12.168943405151367,20.730648040771484,108.77582550048828,13.706812858581543,12.271444320678711
2012-07-31,,29.669015884399414,,16.169174194335938,12.105273246765137,20.59126853942871,108.01500701904297,13.66258716583252,12.237367630004883
2012-08-01,,29.183368682861328,,16.160661697387695,12.025688171386719,20.510591506958008,107.92086791992188,13.601520538330078,12.24633502960205
2012-08-02,,29.154809951782227,,15.896707534790039,11.954058647155762,20.34918975830078,107.17573547363281,13.523606300354004,12.083138465881348
2012-08-03,,29.856727600097656,,16.467191696166992,12.153032302856445,20.57657814025879,109.30134582519531,13.746826171875,12.350343704223633
2012-08-06,,30.056705474853516,,16.594907760620117,12.192821502685547,20.554584503173828,109.51315307617188,13.79315185546875,12.407732009887695
2012-08-07,,30.309717178344727,,16.92698097229004,12.224660873413086,20.481231689453125,110.06219482421875,13.86474895477295,12.456151962280273
2012-08-08,,30.3260498046875,,16.944005966186523,12.264450073242188,20.525243759155273,110.195556640625,13.839479446411133,12.47408390045166
2012-08-09,,30.432167053222656,,17.114295959472656,12.24853515625,20.488567352294922,110.2896499633789,13.850008964538574,12.508153915405273
2012-08-10,,30.35869598388672,,17.131317138671875,12.28036880493164,20.554584503173828,110.4700698852539,13.866854667663574,12.470495223999023
2012-08-13,,30.27707862854004,,17.05469512939453,12.24853515625,20.532583236694336,110.41517639160156,13.877388000488281,12.484842300415039
2012-08-14,,30.195459365844727,,16.99509048461914,12.256492614746094,20.57657814025879,110.43079376220703,13.88370132446289,12.500974655151367
2012-08-15,,30.403593063354492,,17.0887508392334,12.296286582946777,20.56850814819336,110.55635070800781,13.902652740478516,12.492018699645996
2012-08-16,,30.73822593688965,,17.318645477294922,12.399749755859375,20.56850814819336,111.37206268310547,13.99952507019043,12.572709083557129
2012-08-17,,30.966768264770508,,17.378244400024414,12.415666580200195,20.575870513916016,111.52114868164062,14.039536476135254,12.601404190063477
2012-08-20,,30.88922882080078,,17.344186782836914,12.391791343688965,20.561140060424805,111.52899169921875,14.043745994567871,12.610371589660645
2012-08-21,,30.876996994018555,,17.36972999572754,12.375877380371094,20.480260848999023,111.19168090820312,13.967934608459473,12.594234466552734
2012-08-22,,30.754560470581055,,17.403799057006836,12.359954833984375,20.4140682220459,111.23873901367188,14.012154579162598,12.574508666992188
2012-08-23,,30.570913314819336,,17.122812271118164,12.288329124450684,20.318477630615234,110.32887268066406,13.91739559173584,12.450773239135742
2012-08-24,,30.64437484741211,,17.250530242919922,12.328120231628418,20.46555519104004,110.99561309814453,13.982683181762695,12.524293899536133
2012-08-27,,30.717824935913086,,17.131317138671875,12.328120231628418,20.480260848999023,111.01908111572266,14.003739356994629,12.544014930725098
2012-08-28,,30.876996994018555,,17.114295959472656,12.336080551147461,20.480260848999023,110.90931701660156,14.033215522766113,12.513532638549805
2012-08-29,,30.97493553161621,,17.114295959472656,12.336080551147461,20.472904205322266,110.99561309814453,13.986889839172363,12.560157775878906
2012-08-30,,30.701509475708008,,16.83331298828125,12.288329124450684,20.392017364501953,110.195556640625,13.887909889221191,12.461524963378906
2012-08-31,,30.823945999145508,,16.986574172973633,12.328120231628418,20.4140682220459,110.72108459472656,13.953191757202148,12.499189376831055
2012-09-04,,31.17083168029785,,16.8503360748291,12.296286582946777,20.494966506958008,110.61912536621094,13.948986053466797,12.509947776794434
2012-09-05,,31.138174057006836,,16.83331298828125,12.256492614746094,20.443483352661133,110.52498626708984,13.925817489624023,12.493809700012207
2012-09-06,,31.693191528320312,,17.36972999572754,12.455465316772461,20.722932815551758,112.76830291748047,14.167984962463379,12.732315063476562
2012-09-07,,31.917652130126953,,17.778425216674805,12.495256423950195,20.619977951049805,113.20751953125,14.222736358642578,12.813013076782227
2012-09-10,,31.852346420288086,,17.642200469970703,12.511176109313965,20.590572357177734,112.56434631347656,14.151144027709961,12.813013076782227
2012-09-11,,31.88909149169922,,17.906156539916992,12.471378326416016,20.56850814819336,112.87806701660156,14.151144027709961,12.834529876708984
2012-09-12,,32.01559829711914,,18.05940818786621,12.495256423950195,20.531740188598633,113.25457763671875,14.146933555603027,12.852461814880371
2012-09-13,,32.378807067871094,,18.451082229614258,12.638513565063477,20.774417877197266,114.98016357421875,14.403848648071289,13.078418731689453
2012-09-14,,32.705284118652344,,18.87681770324707,12.646474838256836,20.635122299194336,115.49003601074219,14.448060989379883,13.121459007263184
2012-09-17,,32.497154235839844,,18.5958309173584,12.630553245544434,20.620380401611328,115.09783172607422,14.422795295715332,13.01744270324707
2012-09-18,,32.4522819519043,,18.434057235717773,12.630553245544434,20.60565185546875,115.0036849975586,14.456490516662598,12.995931625366211
2012-09-19,,32.256378173828125,,18.47662353515625,12.67034912109375,20.67934226989746,115.06645965576172,14.467010498046875,13.07303524017334
2012-09-20,,32.1135368347168,,18.297813415527344,12.622596740722656,20.78989028930664,115.07429504394531,14.4312162399292,13.03717041015625
2012-09-21,,32.203330993652344,,18.235610961914062,12.599413871765137,20.79726219177246,115.02617645263672,14.431431770324707,13.04204273223877
2012-09-24,,32.04416275024414,,18.11631965637207,12.623391151428223,20.885679244995117,114.85272216796875,14.397589683532715,13.027606964111328
2012-09-25,,31.62805938720703,,17.681726455688477,12.527459144592285,20.819360733032227,113.63047790527344,14.262216567993164,12.904929161071777
2012-09-26,,31.40302276611328,,17.477222442626953,12.479496002197266,20.7751407623291,112.99169158935547,14.173389434814453,12.847198486328125
2012-09-27,,31.74260711669922,,17.77546501159668,12.55144214630127,20.78252410888672,114.05622863769531,14.310870170593262,12.950035095214844
2012-09-28,,31.533937454223633,,17.622081756591797,12.527459144592285,20.760414123535156,113.52790832519531,14.25375747680664,12.881477355957031
2012-10-01,,31.623952865600586,,17.64763832092285,12.567434310913086,20.78989028930664,113.82759094238281,14.289721488952637,12.913949012756348
2012-10-02,,31.677152633666992,,17.664688110351562,12.559442520141602,20.81199073791504,113.94586944580078,14.262216567993164,12.93559741973877
2012-10-03,,31.542118072509766,,17.622081756591797,12.591414451599121,20.937288284301758,114.41111755371094,14.340483665466309,12.93559741973877
2012-10-04,,31.767160415649414,,17.937374114990234,12.687350273132324,21.025707244873047,115.2312240600586,14.433540344238281,13.096163749694824
2012-10-05,,31.709882736206055,,17.911806106567383,12.679352760314941,21.06256103515625,115.23912811279297,14.410280227661133,13.097969055175781
2012-10-08,,31.533937454223633,,17.84363555908203,12.67136287689209,21.040449142456055,114.8448257446289,14.344708442687988,13.11240291595459
2012-10-09,,31.161603927612305,,17.74137306213379,12.559442520141602,20.893070220947266,113.70930480957031,14.202999114990234,13.00956916809082
2012-10-10,,31.092060089111328,,17.570953369140625,12.455510139465332,20.81199073791504,112.98383331298828,14.097246170043945,12.919364929199219
2012-10-11,,31.16571044921875,,17.801029205322266,12.479496002197266,20.767780303955078,113.04691314697266,14.126850128173828,12.948229789733887
2012-10-12,,30.88745880126953,,17.587993621826172,12.46350383758545,20.686721801757812,112.67630767822266,14.082438468933105,12.843592643737793
2012-10-15,,31.079769134521484,,17.77546501159668,12.543451309204102,20.87283706665039,113.61466979980469,14.16493034362793,12.922972679138184
2012-10-16,,31.321176528930664,,18.031105041503906,12.647379875183105,20.98363494873047,114.7659912109375,14.344708442687988,13.038434028625488
2012-10-17,,31.603498458862305,,18.269695281982422,12.711332321166992,21.12394905090332,115.28640747070312,14.3552827835083,13.209824562072754
2012-10-18,,31.443923950195312,,18.269695281982422,12.727326393127441,21.1461124420166,114.98677062988281,14.283369064331055,13.195394515991211
2012-10-19,,30.92020034790039,,17.860671997070312,12.519463539123535,20.887615203857422,113.07063293457031,14.014749526977539,13.12683391571045
2012-10-22,,30.883373260498047,,17.869203567504883,12.471501350402832,20.835899353027344,113.08636474609375,13.999942779541016,12.930187225341797
2012-10-23,,30.76063346862793,,17.562437057495117,12.423529624938965,20.673416137695312,111.51714324951172,13.866692543029785,12.785860061645508
2012-10-24,,30.666521072387695,,17.392009735107422,12.31160831451416,20.599565505981445,111.20172882080078,13.813813209533691,12.834566116333008
2012-10-25,,30.76881980895996,,17.477222442626953,12.359572410583496,20.680810928344727,111.52501678466797,13.822272300720215,12.787663459777832
2012-10-26,,30.641969680786133,,17.374963760375977,12.39155387878418,20.673416137695312,111.46196746826172,13.854002952575684,12.755189895629883
2012-10-31,,30.817916870117188,,17.400522232055664,12.431528091430664,20.762048721313477,111.46196746826172,13.824389457702637,12.800287246704102
2012-11-01,,31.247526168823242,,17.77546501159668,12.567434310913086,20.769426345825195,112.6290283203125,13.980908393859863,12.93740463256836
2012-11-02,,30.83018684387207,,17.511308670043945,12.487486839294434,20.651262283325195,111.6275405883789,13.834966659545898,12.915753364562988
2012-11-05,,31.07567596435547,,17.639123916625977,12.49548053741455,20.562631607055664,111.85623168945312,13.900534629821777,12.85801887512207
2012-11-06,,31.357995986938477,,17.8862361907959,12.591414451599121,20.651262283325195,112.73152160644531,13.959760665893555,13.004156112670898
2012-11-07,,30.641969680786133,,17.332353591918945,12.367568016052246,20.318889617919922,110.17655944824219,13.6953706741333,12.6487455368042
2012-11-08,,30.167356491088867,,17.10227394104004,12.27163314819336,20.171175003051758,108.8518295288086,13.534622192382812,12.569364547729492
2012-11-09,,30.212350845336914,,17.068206787109375,12.23965835571289,20.156396865844727,108.94645690917969,13.572694778442383,12.522456169128418
2012-11-12,,30.126428604125977,,17.178970336914062,12.23965835571289,20.112077713012695,109.0331802368164,13.562118530273438,12.48997974395752
2012-11-13,,29.979122161865234,,17.076709747314453,12.223669052124023,20.141630172729492,108.65469360351562,13.54308032989502,12.509821891784668
2012-11-14,,29.49632453918457,,16.73586654663086,12.071772575378418,19.971759796142578,107.18797302246094,13.33791732788086,12.277091026306152
2012-11-15,,29.299924850463867,,16.778470993041992,12.087759971618652,19.899173736572266,107.0066146850586,13.325223922729492,12.259052276611328
2012-11-16,,29.508596420288086,,16.846647262573242,12.127731323242188,20.04728126525879,107.53496551513672,13.401369094848633,12.329412460327148
2012-11-19,,30.114152908325195,,17.272705078125,12.335591316223145,20.217609405517578,109.71135711669922,13.663641929626465,12.504411697387695
2012-11-20,,30.204160690307617,,17.25566291809082,12.343585014343262,20.22503662109375,109.7586898803711,13.663641929626465,12.567562103271484
2012-11-21,,30.318744659423828,,17.34939956665039,12.407541275024414,20.239830017089844,109.96365356445312,13.69325065612793,12.578380584716797
2012-11-23,,30.641969680786133,,17.596515655517578,12.46350383758545,20.358322143554688,111.46196746826172,13.87726879119873,12.70286750793457
2012-11-26,,30.75653839111328,,17.519826889038086,12.471501350402832,20.38794708251953,111.225341796875,13.85189151763916,12.699260711669922
2012-11-27,,30.752452850341797,,17.392009735107422,12.431528091430664,20.380542755126953,110.6576156616211,13.796892166137695,12.686628341674805
2012-11-28,,30.944751739501953,,17.562437057495117,12.543451309204102,20.49903678894043,111.54866790771484,13.85189151763916,12.75157642364502
2012-11-29,,31.296640396118164,,17.698776245117188,12.607407569885254,20.57309913635254,112.06910705566406,13.974568367004395,12.812919616699219
2012-11-30,,31.218889236450195,,17.7158145904541,12.591414451599121,20.721202850341797,112.09274291992188,13.980908393859863,12.802092552185059
2012-12-03,,31.190256118774414,,17.613555908203125,12.535456657409668,20.580501556396484,111.54080963134766,13.91110897064209,12.767814636230469
2012-12-04,,31.239347457885742,,17.622081756591797,12.511474609375,20.558279037475586,111.38308715820312,13.881500244140625,12.75157642364502
2012-12-05,,31.145233154296875,,17.732860565185547,12.55144214630127,20.684188842773438,111.5802001953125,13.828624725341797,12.782248497009277
2012-12-06,,31.202529907226562,,17.84363555908203,12.55144214630127,20.698989868164062,111.95870208740234,13.894192695617676,12.832763671875
2012-12-07,,31.202529907226562,,18.005544662475586,12.599413871765137,20.736013412475586,112.29780578613281,13.883611679077148,12.90854263305664
2012-12-10,,31.325273513793945,,18.048152923583984,12.655374526977539,20.765647888183594,112.3450927734375,13.92591667175293,12.941010475158691
2012-12-11,,31.59942054748535,,18.218568801879883,12.679352760314941,20.824878692626953,113.11003112792969,14.025325775146484,13.014976501464844
2012-12-12,,31.43984031677246,,18.278217315673828,12.639388084411621,20.795265197753906,113.16522216796875,14.002058029174805,13.025803565979004
2012-12-13,,31.27617073059082,,18.141881942749023,12.599413871765137,20.698989868164062,112.47130584716797,13.928028106689453,12.980703353881836
2012-12-14,,31.214794158935547,,18.175962448120117,12.591414451599121,20.621675491333008,112.05335998535156,13.820162773132324,12.950035095214844
2012-12-17,,31.595319747924805,,18.4145565032959,12.687350273132324,20.837263107299805,113.37026977539062,13.93860912322998,13.119619369506836
2012-12-18,,32.102664947509766,,18.832101821899414,12.815265655517578,20.94877815246582,114.63188934326172,14.139542579650879,13.244109153747559
2012-12-19,,32.092369079589844,,18.755413055419922,12.735318183898926,20.800090789794922,113.78025817871094,14.04224967956543,13.209824562072754
2012-12-20,,32.28202438354492,,18.891761779785156,12.783286094665527,20.896732330322266,114.43476867675781,14.067626953125,13.28018856048584
2012-12-21,,32.18305206298828,,18.670989990234375,12.725371360778809,20.733184814453125,113.39605712890625,13.97635555267334,13.124613761901855
2012-12-24,,32.05939483642578,,18.585416793823242,12.685153007507324,20.69602394104004,113.0466079711914,13.931676864624023,13.097319602966309
2012-12-26,,31.7790470123291,,18.56830596923828,12.62080192565918,20.562206268310547,112.57015228271484,13.874232292175293,13.044550895690918
2012-12-27,,31.812015533447266,,18.5169677734375,12.62080192565918,20.517610549926758,112.41924285888672,13.859335899353027,13.037270545959473
2012-12-28,,31.59762191772461,,18.243148803710938,12.50818920135498,20.309452056884766,111.20417022705078,13.693382263183594,12.869877815246582
2012-12-31,,32.199562072753906,,18.75655746459961,12.644932746887207,20.57707977294922,113.09423065185547,13.94869327545166,13.062747955322266
2013-01-02,,33.110713958740234,,19.29564666748047,12.92646598815918,21.008237838745117,115.99286651611328,14.306138038635254,13.404828071594238
2013-01-03,,33.094215393066406,,19.321308135986328,12.942553520202637,21.030536651611328,115.7308349609375,14.25720500946045,13.443037033081055
2013-01-04,,33.30862045288086,,19.586570739746094,13.031038284301758,21.134618759155273,116.23909759521484,14.299752235412598,13.473974227905273
2013-01-07,,33.151947021484375,,19.509559631347656,12.974730491638184,21.023099899291992,115.92144775390625,14.267837524414062,13.446680068969727
2013-01-08,,33.081844329833984,,19.34697914123535,12.902338027954102,20.95620346069336,115.58783721923828,14.250821113586426,13.384812355041504
2013-01-09,,33.25088119506836,,19.389759063720703,12.966686248779297,21.008237838745117,115.8817138671875,14.278478622436523,13.399371147155762
2013-01-10,,33.29624557495117,,19.569454193115234,13.055169105529785,21.127182006835938,116.80292510986328,14.372095108032227,13.54311752319336
2013-01-11,,33.267391204833984,,19.50100326538086,13.039080619812012,21.09743881225586,116.79500579833984,14.38910961151123,13.528560638427734
2013-01-14,,33.246761322021484,,19.406877517700195,13.055169105529785,21.149478912353516,116.71556091308594,14.338044166564941,13.51036548614502
2013-01-15,,33.38694763183594,,19.552345275878906,13.103431701660156,21.17407989501953,116.79500579833984,14.325287818908691,13.534017562866211
2013-01-16,,33.31686782836914,,19.569454193115234,13.079301834106445,21.077190399169922,116.77912902832031,14.365707397460938,13.583148956298828
2013-01-17,,33.696170806884766,,19.757707595825195,13.199955940246582,21.226247787475586,117.53353881835938,14.459321022033691,13.670490264892578
2013-01-18,,33.819854736328125,,19.817598342895508,13.256264686584473,21.33058738708496,117.7956314086914,14.425289154052734,13.719613075256348
2013-01-22,,34.07135009765625,,20.031526565551758,13.29648208618164,21.449848175048828,118.4309310913086,14.480595588684082,13.814233779907227
2013-01-23,,33.97652053833008,,20.01441192626953,13.288437843322754,21.405120849609375,118.62156677246094,14.52527904510498,13.808773040771484
2013-01-24,,34.195030212402344,,20.057201385498047,13.336703300476074,21.487098693847656,118.65322875976562,14.491244316101074,13.890658378601074
2013-01-25,,34.38880157470703,,20.279678344726562,13.384963989257812,21.539281845092773,119.32037353515625,14.567834854125977,13.928868293762207
2013-01-28,,34.368186950683594,,20.17699432373047,13.352789878845215,21.51689910888672,119.17742919921875,14.542302131652832,13.934329986572266
2013-01-29,,34.38468933105469,,20.202655792236328,13.417147636413574,21.651079177856445,119.64593505859375,14.599747657775879,14.019845962524414
2013-01-30,,33.97239685058594,,20.082866668701172,13.352789878845215,21.58399200439453,119.17742919921875,14.544427871704102,13.959798812866211
2013-01-31,,34.07135009765625,,20.194107055664062,13.3206148147583,21.5765438079834,118.88359069824219,14.495495796203613,13.948884010314941
2013-02-01,,34.45478439331055,,20.39946746826172,13.417147636413574,21.76287269592285,120.10655212402344,14.6337890625,14.090812683105469
2013-02-04,,34.05072784423828,,20.17699432373047,13.288437843322754,21.569091796875,118.7564697265625,14.44017505645752,13.961614608764648
2013-02-05,,34.355804443359375,,20.42514419555664,13.393009185791016,21.7106876373291,119.95565795898438,14.629535675048828,14.08353042602539
2013-02-06,,34.52072525024414,,20.459365844726562,13.409096717834473,21.76287269592285,120.0430679321289,14.618895530700684,14.063515663146973
2013-02-07,,34.45478439331055,,20.348134994506836,13.376922607421875,21.79267692565918,119.88424682617188,14.578472137451172,14.045321464538574
2013-02-08,,34.67327880859375,,20.4508056640625,13.44931697845459,21.82994270324707,120.55128479003906,14.71251392364502,14.081717491149902
2013-02-11,,34.63205337524414,,20.47647476196289,13.457361221313477,21.8448486328125,120.52742767333984,14.710384368896484,14.109006881713867
2013-02-12,,34.78871154785156,,20.65618133544922,13.465404510498047,21.874656677246094,120.72598266601562,14.718894958496094,14.152679443359375
2013-02-13,,34.90004348754883,,20.664731979370117,13.47344970703125,21.88212013244629,120.82925415039062,14.704001426696777,14.1563138961792
2013-02-14,,35.007240295410156,,20.80164337158203,13.497581481933594,21.837406158447266,120.94044494628906,14.72314739227295,14.20726203918457
2013-02-15,,34.9577522277832,,20.630508422851562,13.513667106628418,21.88072395324707,120.79749298095703,14.701873779296875,14.139939308166504
2013-02-19,,35.3411979675293,,20.810195922851562,13.58606243133545,22.060012817382812,121.70284271240234,14.821020126342773,14.240015029907227
2013-02-20,,34.681522369384766,,20.219778060913086,13.465404510498047,21.98531723022461,120.18595886230469,14.648688316345215,14.107187271118164
2013-02-21,,34.36405563354492,,19.894624710083008,13.409096717834473,21.94048500061035,119.45537567138672,14.565701484680176,14.045321464538574
2013-02-22,,34.71037673950195,,20.10853385925293,13.457361221313477,22.12725257873535,120.6227798461914,14.629535675048828,14.092631340026855
2013-02-25,,33.95177459716797,,19.43255043029785,13.272355079650879,21.850845336914062,118.32766723632812,14.427407264709473,13.877915382385254
2013-02-26,,34.0960807800293,,19.560901641845703,13.344749450683594,21.94796371459961,119.1377182006836,14.51677417755127,13.943425178527832
2013-02-27,,34.47539138793945,,19.868946075439453,13.513667106628418,22.179546356201172,120.63866424560547,14.71251392364502,14.129027366638184
2013-02-28,,34.5537223815918,,19.834714889526367,13.513667106628418,22.187009811401367,120.4004135131836,14.667834281921387,14.099907875061035
2013-03-01,,34.702144622802734,,19.766267776489258,13.553887367248535,22.26171875,120.79749298095703,14.735919952392578,14.143582344055176
2013-03-04,,34.681522369384766,,19.800491333007812,13.618241310119629,22.40365219116211,121.44070434570312,14.795492172241211,14.183611869812012
2013-03-05,,35.0484733581543,,20.091421127319336,13.706725120544434,22.553058624267578,122.52874755859375,14.946550369262695,14.338278770446777
2013-03-06,,35.16389465332031,,20.254005432128906,13.72280502319336,22.49329948425293,122.6954574584961,14.957191467285156,14.391040802001953
2013-03-07,,35.33293151855469,,20.459365844726562,13.706725120544434,22.44846534729004,122.91780853271484,14.99336051940918,14.414695739746094
2013-03-08,,35.638031005859375,,20.647613525390625,13.78715705871582,22.530649185180664,123.4420166015625,15.044419288635254,14.47655963897705
2013-03-11,,35.621543884277344,,20.775972366333008,13.811290740966797,22.590429306030273,123.91053771972656,15.078459739685059,14.53478717803955
2013-03-12,,35.473106384277344,,20.724626541137695,13.795201301574707,22.568002700805664,123.63261413574219,15.044419288635254,14.507493019104004
2013-03-13,,35.66688919067383,,20.775972366333008,13.859556198120117,22.6427001953125,123.80728912353516,15.072080612182617,14.54934024810791
2013-03-14,,36.05031204223633,,20.92999267578125,13.899771690368652,22.717409133911133,124.46643829345703,15.121021270751953,14.640325546264648
2013-03-15,,36.058570861816406,,20.92228126525879,13.938647270202637,22.703174591064453,124.30207061767578,15.103724479675293,14.616374015808105
2013-03-18,,35.844181060791016,,20.682392120361328,13.865760803222656,22.605836868286133,123.6161117553711,15.050350189208984,14.495733261108398
2013-03-19,,35.72874450683594,,20.459623336791992,13.873856544494629,22.63579559326172,123.32896423339844,14.992715835571289,14.450033187866211
2013-03-20,,36.03795623779297,,20.665252685546875,13.987239837646484,22.808008193969727,124.19038391113281,15.118663787841797,14.567022323608398
2013-03-21,,35.72461700439453,,20.365386962890625,13.881953239440918,22.688215255737305,123.12953186035156,14.99057674407959,14.46282958984375
2013-03-22,,35.82769012451172,,20.408220291137695,13.954853057861328,22.837963104248047,124.11870574951172,15.105867385864258,14.523152351379395
2013-03-25,,35.86405563354492,,20.305410385131836,13.938647270202637,22.800521850585938,123.60015106201172,15.050350189208984,14.490242958068848
2013-03-26,,35.97566223144531,,20.46819496154785,14.052034378051758,23.032657623291016,124.58926391601562,15.186976432800293,14.579821586608887
2013-03-27,,35.98394012451172,,20.451059341430664,14.052034378051758,23.055118560791016,124.58926391601562,15.178442001342773,14.567022323608398
2013-03-28,,35.988067626953125,,20.493900299072266,14.141131401062012,23.272260665893555,124.97215270996094,15.227537155151367,14.625514030456543
2013-04-01,,35.6077766418457,,20.18545150756836,14.060136795043945,23.21983528137207,124.47756958007812,15.13788890838623,14.601752281188965
2013-04-02,,35.40934753417969,,20.039810180664062,14.13302993774414,23.33965492248535,125.09180450439453,15.242488861083984,14.640140533447266
2013-04-03,,34.88850402832031,,19.662832260131836,14.01963996887207,23.189899444580078,123.82353210449219,15.086642265319824,14.506695747375488
2013-04-04,,35.169586181640625,,19.731374740600586,14.108732223510742,23.384571075439453,124.32608795166016,15.107994079589844,14.559707641601562
2013-04-05,,35.11170959472656,,19.714237213134766,14.03583812713623,23.347137451171875,123.76761627197266,15.061028480529785,14.514008522033691
2013-04-08,,35.39695739746094,,19.96269989013672,14.116830825805664,23.49689483642578,124.60523223876953,15.097318649291992,14.616374015808105
2013-04-09,,35.25225067138672,,20.219736099243164,14.157323837280273,23.45196533203125,125.03597259521484,15.21045970916748,14.709603309631348
2013-04-10,,35.85579299926758,,20.459623336791992,14.295012474060059,23.6840877532959,126.56751251220703,15.41967487335205,14.850356101989746
2013-04-11,,35.87233352661133,,20.502460479736328,14.367902755737305,23.781429290771484,126.98224639892578,15.460235595703125,14.881428718566895
2013-04-12,,35.71524429321289,,20.254009246826172,14.335511207580566,23.818864822387695,126.67120361328125,15.432483673095703,14.837555885314941
2013-04-15,,34.49579620361328,,19.405797958374023,14.043936729431152,23.421884536743164,123.73572540283203,15.161361694335938,14.512181282043457
2013-04-16,,35.053855895996094,,19.82561683654785,14.20592212677002,23.77460289001465,125.56243133544922,15.332146644592285,14.662078857421875
2013-04-17,,34.462738037109375,,19.311553955078125,14.100630760192871,23.564476013183594,123.727783203125,15.125070571899414,14.450033187866211
2013-04-18,,34.25190734863281,,19.165904998779297,14.043936729431152,23.57947540283203,122.95401763916016,14.994848251342773,14.407995223999023
2013-04-19,,34.64459991455078,,19.32868766784668,14.181624412536621,23.887161254882812,124.02294158935547,15.152824401855469,14.495733261108398
2013-04-22,,34.694217681884766,,19.440074920654297,14.20592212677002,23.89466667175293,124.5732650756836,15.268099784851074,14.537776947021484
2013-04-23,,35.2440071105957,,19.73994255065918,14.303110122680664,24.022247314453125,125.85752868652344,15.265971183776855,14.656588554382324
2013-04-24,,35.467227935791016,,20.056947708129883,14.335511207580566,23.97722625732422,125.93738555908203,15.385515213012695,14.73336410522461
2013-04-25,,35.690433502197266,,20.254009246826172,14.392202377319336,23.992237091064453,126.44784545898438,15.455967903137207,14.797343254089355
2013-04-26,,35.496158599853516,,20.15119171142578,14.3598051071167,23.9246768951416,126.22444915771484,15.41967487335205,14.793692588806152
2013-04-29,,35.694580078125,,20.339679718017578,14.432699203491211,24.097307205200195,127.07003021240234,15.530686378479004,14.883259773254395
2013-04-30,,35.93019485473633,,20.41678237915039,14.481291770935059,24.149824142456055,127.37311553955078,15.522146224975586,14.885087966918945
2013-05-01,,35.12411880493164,,20.142616271972656,14.3598051071167,23.95470428466797,126.25643920898438,15.411134719848633,14.797343254089355
2013-05-02,,35.690433502197266,,20.46819496154785,14.473193168640137,24.089780807495117,127.42898559570312,15.596866607666016,14.870464324951172
2013-05-03,,36.31876754760742,,20.930845260620117,14.627080917358398,24.187345504760742,128.72120666503906,15.763379096984863,15.029496192932129
2013-05-06,,36.504783630371094,,21.153608322143555,14.602785110473633,23.98471450805664,129.04824829101562,15.801804542541504,15.053254127502441
2013-05-07,,36.85615921020508,,21.333528518676758,14.732364654541016,24.179841995239258,129.70236206054688,15.844508171081543,15.146482467651367
2013-05-08,,37.00495910644531,,21.58199119567871,14.772858619689941,24.112302780151367,130.2926788330078,15.929887771606445,15.217771530151367
2013-05-09,,36.89335250854492,,21.49631690979004,14.716168403625488,23.90968894958496,129.92572021484375,15.880790710449219,15.172075271606445
2013-05-10,,37.228172302246094,,21.701940536499023,14.797160148620605,24.022247314453125,130.34849548339844,15.985395431518555,15.173909187316895
2013-05-13,,37.15377426147461,,21.6419734954834,14.78096866607666,24.029762268066406,130.4521484375,15.987525939941406,15.177557945251465
2013-05-14,,37.61262130737305,,22.01038360595703,14.959142684936523,24.247379302978516,131.80027770996094,16.128429412841797,15.358526229858398
2013-05-15,,37.75316619873047,,22.07035255432129,15.048232078552246,24.443687438964844,132.5102081298828,16.213817596435547,15.406055450439453
2013-05-16,,37.59607696533203,,21.847593307495117,14.942946434020996,24.30830192565918,131.88804626464844,16.147645950317383,15.387779235839844
2013-05-17,,38.05079650878906,,22.26740264892578,15.064433097839355,24.46625328063965,133.164306640625,16.256521224975586,15.565077781677246
2013-05-20,,38.14173889160156,,22.37879180908203,15.032035827636719,24.368484497070312,133.15631103515625,16.239439010620117,15.572400093078613
2013-05-21,,38.199607849121094,,22.34450912475586,15.104924201965332,24.421127319335938,133.34779357910156,16.28853988647461,15.599821090698242
2013-05-22,,37.62501907348633,,21.96753692626953,14.959142684936523,24.1278076171875,132.35862731933594,16.132694244384766,15.466374397277832
2013-05-23,,37.55888748168945,,21.95897102355957,14.918648719787598,23.99994468688965,131.97572326660156,16.115619659423828,15.438957214355469
2013-05-24,,37.55888748168945,,21.873287200927734,14.918648719787598,23.93977928161621,131.86410522460938,16.0579776763916,15.411537170410156
2013-05-28,,38.07559585571289,,22.138891220092773,14.991539001464844,23.924720764160156,132.65379333496094,16.181804656982422,15.473688125610352
2013-05-29,,37.64155197143555,,22.061786651611328,14.83765697479248,23.53363800048828,131.7923126220703,16.0537109375,15.466374397277832
2013-05-30,,37.85650634765625,,22.22456932067871,14.845749855041504,23.578758239746094,132.27886962890625,16.119882583618164,15.501112937927246
2013-05-31,,37.4844856262207,,21.847593307495117,14.732364654541016,23.277917861938477,130.38038635253906,15.8722505569458,15.373153686523438
2013-06-03,,37.827571868896484,,21.88186264038086,14.724263191223145,23.383214950561523,131.09832763671875,15.978995323181152,15.347558975219727
2013-06-04,,37.513404846191406,,21.667665481567383,14.699972152709961,23.315526962280273,130.46810913085938,15.904271125793457,15.279928207397461
2013-06-05,,37.03389358520508,,21.28212547302246,14.497493743896484,23.05228042602539,128.6415252685547,15.665170669555664,15.06788444519043
2013-06-06,,37.356327056884766,,21.57341957092285,14.5703763961792,23.262863159179688,129.8060760498047,15.76978874206543,15.181217193603516
2013-06-07,,37.6622200012207,,21.90755844116211,14.772858619689941,23.49602508544922,131.4572296142578,16.000343322753906,15.415196418762207
2013-06-10,,37.87717056274414,,21.91613006591797,14.764764785766602,23.488502502441406,131.4572296142578,15.983257293701172,15.433473587036133
2013-06-11,,37.480342864990234,,21.479185104370117,14.675671577453613,23.307981491088867,130.10116577148438,15.825286865234375,15.270788192749023
2013-06-12,,37.1785774230957,,21.23928451538086,14.56227970123291,23.18766212463379,129.02435302734375,15.684391975402832,15.159283638000488
2013-06-13,,37.79035949707031,,21.71051025390625,14.764764785766602,23.548677444458008,130.98663330078125,15.88933277130127,15.38960075378418
2013-06-14,,37.49273681640625,,21.470613479614258,14.74046802520752,23.543394088745117,130.16500854492188,15.842365264892578,15.300031661987305
2013-06-17,,37.74075698852539,,21.7790470123291,14.829554557800293,23.694162368774414,131.1700897216797,15.953380584716797,15.39874267578125
2013-06-18,,38.187191009521484,,22.02751350402832,14.910550117492676,23.79970932006836,132.20706176757812,16.06651496887207,15.497445106506348
2013-06-19,,37.73663330078125,,21.74477767944336,14.716168403625488,23.31722640991211,130.38038635253906,15.885062217712402,15.32013988494873
2013-06-20,,36.827205657958984,,21.102201461791992,14.384099960327148,22.721670150756836,127.1497802734375,15.462368965148926,14.947237014770508
2013-06-21,,36.97188949584961,,21.07988929748535,14.434603691101074,23.000600814819336,127.55799865722656,15.485736846923828,14.982353210449219
2013-06-24,,36.5089111328125,,20.64215087890625,14.287982940673828,22.895078659057617,125.94615173339844,15.335678100585938,14.796637535095215
2013-06-25,,36.839622497558594,,21.0112247467041,14.38573169708252,23.09107208251953,127.15705108642578,15.4600191116333,14.973163604736328
2013-06-26,,36.971458435058594,,21.16571617126465,14.524213790893555,23.35492515563965,128.41600036621094,15.597204208374023,15.092687606811523
2013-06-27,,37.60581970214844,,21.46611976623535,14.605672836303711,23.490623474121094,129.1697998046875,15.695819854736328,15.201167106628418
2013-06-28,,37.444129943847656,,21.30304718017578,14.54865550994873,23.460468292236328,128.6405792236328,15.575770378112793,15.105557441711426
2013-07-01,,38.02459716796875,,21.551950454711914,14.630107879638672,23.400165557861328,129.3943328857422,15.719396591186523,15.203008651733398
2013-07-02,,38.05775451660156,,21.560535430908203,14.605672836303711,23.400165557861328,129.27407836914062,15.747261047363281,15.188298225402832
2013-07-03,,38.0826416015625,,21.509035110473633,14.597526550292969,23.377531051635742,129.3302001953125,15.762266159057617,15.182787895202637
2013-07-05,,38.6796875,,21.852357864379883,14.719717979431152,23.475540161132812,130.72549438476562,15.90803337097168,15.340912818908691
2013-07-08,,38.7957763671875,,21.83519744873047,14.866342544555664,23.686628341674805,131.47125244140625,15.946619987487793,15.453091621398926
2013-07-09,,39.235260009765625,,22.07550621032715,14.988531112670898,23.837400436401367,132.41748046875,16.07094955444336,15.57260799407959
2013-07-10,,39.301612854003906,,22.07550621032715,15.012969017028809,23.912792205810547,132.4656219482422,16.105255126953125,15.55605697631836
2013-07-11,,39.66647720336914,,22.410253524780273,15.20847225189209,24.259563446044922,134.26988220214844,16.366779327392578,15.758326530456543
2013-07-12,,39.7452507019043,,22.461750030517578,15.20847225189209,24.2746524810791,134.3259735107422,16.38178253173828,15.782227516174316
2013-07-15,,39.93183517456055,,22.521825790405273,15.265496253967285,24.41292381286621,134.83921813964844,16.39678192138672,15.835545539855957
2013-07-16,,39.76598358154297,,22.375925064086914,15.20847225189209,24.32980728149414,134.33401489257812,16.33462142944336,15.763832092285156
2013-07-17,,39.86549377441406,,22.47891616821289,15.22476577758789,24.367582321166992,134.67884826660156,16.405359268188477,15.798772811889648
2013-07-18,,40.20962905883789,41.594913482666016,22.76215934753418,15.314366340637207,24.55647850036621,135.41656494140625,16.433231353759766,15.942195892333984
2013-07-19,,40.21791076660156,41.27145004272461,22.813657760620117,15.37138557434082,24.62448501586914,135.65711975097656,16.435375213623047,15.98265266418457
2013-07-22,,40.31328582763672,41.47050094604492,22.85657501220703,15.379531860351562,24.594257354736328,135.92176818847656,16.467527389526367,16.013914108276367
2013-07-23,,40.24279022216797,41.404144287109375,22.796483993530273,15.363243103027344,24.60181427001953,135.63311767578125,16.39463996887207,16.03230094909668
2013-07-24,,39.944271087646484,41.34611129760742,22.521825790405273,15.265496253967285,24.367582321166992,135.13589477539062,16.3603458404541,15.901745796203613
2013-07-25,,40.32157516479492,41.56174850463867,22.547584533691406,15.33066177368164,24.41292381286621,135.46466064453125,16.42679786682129,15.93483829498291
2013-07-26,,40.12255096435547,41.36267852783203,22.410253524780273,15.3388032913208,24.5338134765625,135.60902404785156,16.431081771850586,15.936685562133789
2013-07-29,,39.83647155761719,41.511962890625,22.298675537109375,15.306224822998047,24.496036529541016,135.19207763671875,16.409656524658203,15.909103393554688
2013-07-30,,39.91109085083008,41.67784881591797,22.444580078125,15.346949577331543,24.503589630126953,135.19207763671875,16.446094512939453,15.881522178649902
2013-07-31,,40.01060485839844,41.570030212402344,22.47891616821289,15.37138557434082,24.443140029907227,135.2882843017578,16.401073455810547,16.013914108276367
2013-08-01,,40.54960632324219,41.570030212402344,22.993894577026367,15.566889762878418,24.63202667236328,136.8519744873047,16.621871948242188,16.061716079711914
2013-08-02,,40.5827751159668,42.06767272949219,23.04539680480957,15.566889762878418,24.60181427001953,137.08453369140625,16.621871948242188,16.081951141357422
2013-08-05,,40.748626708984375,42.075965881347656,23.002479553222656,15.542454719543457,24.54892921447754,136.88404846191406,16.628299713134766,16.076427459716797
2013-08-06,,40.38792419433594,41.852027893066406,22.7707462310791,15.493577003479004,24.458267211914062,136.106201171875,16.544702529907227,15.977140426635742
2013-08-07,,40.12255096435547,41.67784881591797,22.599077224731445,15.428411483764648,24.43558692932129,135.6651153564453,16.50611114501953,15.923811912536621
2013-08-08,,40.31328582763672,41.87690734863281,22.830827713012695,15.485432624816895,24.511137008666992,136.16238403320312,16.55112075805664,15.993692398071289
2013-08-09,,40.28840637207031,41.785682678222656,22.88231658935547,15.452852249145508,24.443140029907227,135.76943969726562,16.50611114501953,15.964261054992676
2013-08-12,,40.53302764892578,41.652976989746094,22.86515235900879,15.428411483764648,24.352481842041016,135.60902404785156,16.48467254638672,15.887036323547363
2013-08-13,,40.520591735839844,41.901798248291016,22.968151092529297,15.460997581481934,24.307144165039062,136.01002502441406,16.563993453979492,15.931163787841797
2013-08-14,,40.3630485534668,41.61980438232422,22.847980499267578,15.346949577331543,24.148460388183594,135.3123779296875,16.480384826660156,15.87416934967041
2013-08-15,,39.70793914794922,41.02262496948242,22.547584533691406,15.127015113830566,23.79405975341797,133.41983032226562,16.231719970703125,15.649833679199219
2013-08-16,,39.5296516418457,40.90651321411133,22.513256072998047,15.061848640441895,23.635019302368164,132.9788055419922,16.186704635620117,15.61306381225586
2013-08-19,,39.17308044433594,40.85674285888672,22.14417839050293,15.021113395690918,23.48356056213379,132.1288604736328,16.126689910888672,15.495379447937012
2013-08-20,,39.757694244384766,41.180213928222656,22.393083572387695,15.08627986907959,23.635019302368164,132.77835083007812,16.180288314819336,15.548697471618652
2013-08-21,,39.496482849121094,41.15533447265625,22.230012893676758,14.964096069335938,23.400253295898438,131.96038818359375,16.188844680786133,15.510090827941895
2013-08-22,,40.03549575805664,41.47050094604492,22.624834060668945,15.118867874145508,23.566871643066406,133.16322326660156,16.25960350036621,15.576281547546387
2013-08-23,,40.134986877441406,41.43733596801758,22.66774559020996,15.151448249816895,23.672883987426758,133.61231994628906,16.3067626953125,15.633286476135254
2013-08-26,,40.06036376953125,41.3792724609375,22.56475067138672,15.09443187713623,23.49870491027832,133.1151123046875,16.27459716796875,15.539505004882812
2013-08-27,,39.21040725708008,40.71574401855469,21.98110008239746,14.874491691589355,23.316967010498047,130.97409057617188,15.983064651489258,15.309660911560059
2013-08-28,,39.25187301635742,40.865028381347656,22.118427276611328,14.84190559387207,23.27911376953125,131.43919372558594,16.096670150756836,15.381379127502441
2013-08-29,,39.61672592163086,40.96456527709961,22.178512573242188,14.898929595947266,23.263954162597656,131.64768981933594,16.096670150756836,15.383213996887207
2013-08-30,,39.07771682739258,40.70744705200195,21.98968505859375,14.858195304870605,23.210948944091797,131.2306365966797,16.038806915283203,15.318852424621582
2013-09-03,,39.235260009765625,40.88161849975586,22.247180938720703,14.898929595947266,23.165496826171875,131.82408142089844,16.10953712463379,15.346435546875
2013-09-04,,39.496482849121094,41.22996139526367,22.581911087036133,15.02926254272461,23.301816940307617,132.9146728515625,16.253164291381836,15.46963119506836
2013-09-05,,39.57940673828125,41.27974319458008,22.693490982055664,15.053703308105469,23.241247177124023,133.08311462402344,16.26388168334961,15.515604019165039
2013-09-06,,39.633304595947266,41.48709487915039,22.719247817993164,15.053703308105469,23.316967010498047,133.14723205566406,16.356063842773438,15.589156150817871
2013-09-09,,40.21791076660156,41.719322204589844,23.114057540893555,15.184035301208496,23.49114418029785,134.4222412109375,16.456806182861328,15.66086483001709
2013-09-10,,40.603515625,41.95986557006836,23.3801326751709,15.306224822998047,23.619876861572266,135.41656494140625,16.540409088134766,15.809810638427734
2013-09-11,,40.66570281982422,42.1091423034668,23.500295639038086,15.387690544128418,23.642593383789062,135.84156799316406,16.55756187438965,15.853938102722168
2013-09-12,,40.38792419433594,42.158912658691406,23.285717010498047,15.363243103027344,23.566871643066406,135.480712890625,16.561857223510742,15.780384063720703
2013-09-13,,40.62839126586914,42.26673126220703,23.33722496032715,15.412121772766113,23.684518814086914,135.78549194335938,16.598291397094727,15.853938102722168
2013-09-16,,40.68645095825195,42.33308792114258,23.500295639038086,15.52617073059082,23.859132766723633,136.5713348388672,16.66045570373535,15.956912994384766
2013-09-17,,41.022274017333984,42.565338134765625,23.611873626708984,15.575041770935059,23.927452087402344,137.18077087402344,16.74405860900879,16.03230094909668
2013-09-18,,41.4161491394043,43.12932205200195,23.912282943725586,15.762394905090332,24.329782485961914,138.76856994628906,16.96270751953125,16.203306198120117
2013-09-19,,41.3373908996582,43.18738555908203,23.78353500366211,15.754252433776855,24.276649475097656,138.5359649658203,16.97128677368164,16.133432388305664
2013-09-20,,41.26690673828125,43.01321029663086,23.530773162841797,15.607013702392578,24.033733367919922,137.5673828125,16.87186622619629,16.011417388916016
2013-09-23,,41.29176712036133,42.780967712402344,23.27286148071289,15.557933807373047,24.079282760620117,136.93077087402344,16.794389724731445,15.922685623168945
2013-09-24,,41.39028549194336,42.64864730834961,23.384632110595703,15.541570663452148,24.033733367919922,136.6084747314453,16.779325485229492,15.870918273925781
2013-09-25,,41.33210754394531,42.47390365600586,23.470592498779297,15.443411827087402,23.88949203491211,136.213623046875,16.695388793945312,15.880167007446289
2013-09-26,,41.57732391357422,42.71521759033203,23.470592498779297,15.508858680725098,23.897075653076172,136.73739624023438,16.755653381347656,15.857980728149414
2013-09-27,,41.373661041259766,42.52382278442383,23.333038330078125,15.435234069824219,23.783218383789062,136.10887145996094,16.734128952026367,15.806208610534668
2013-09-30,,41.48173904418945,42.257530212402344,23.229875564575195,15.345267295837402,23.684518814086914,135.38363647460938,16.628679275512695,15.695298194885254
2013-10-01,,41.95972442626953,42.465576171875,23.453399658203125,15.45977783203125,23.79839515686035,136.45541381835938,16.755653381347656,15.77293586730957
2013-10-02,,41.72695541381836,42.53214645385742,23.5479679107666,15.40251636505127,23.72248649597168,136.3264617919922,16.755653381347656,15.774786949157715
2013-10-03,,41.257286071777344,42.2242546081543,23.32443618774414,15.263463973999023,23.50234031677246,135.06936645507812,16.632986068725586,15.680503845214844
2013-10-04,,41.5316047668457,42.415645599365234,23.590961456298828,15.345267295837402,23.585844039916992,136.09268188476562,16.73843002319336,15.76739501953125
2013-10-07,,41.03699493408203,42.09110641479492,23.29005241394043,15.247103691101074,23.487165451049805,134.91627502441406,16.587797164916992,15.665717124938965
2013-10-08,,40.51325988769531,41.442012786865234,22.842998504638672,15.083507537841797,23.38089370727539,133.34498596191406,16.383350372314453,15.504894256591797
2013-10-09,,40.46339416503906,41.475303649902344,22.851593017578125,15.116232872009277,23.449209213256836,133.4416046142578,16.344615936279297,15.586221694946289
2013-10-10,,41.40276336669922,42.074462890625,23.47919273376465,15.418874740600586,23.897075653076172,136.31834411621094,16.665267944335938,15.857980728149414
2013-10-11,,42.02207565307617,42.44061279296875,23.69411849975586,15.500676155090332,24.033733367919922,137.19674682617188,16.81375503540039,15.941173553466797
2013-10-14,,42.24236297607422,42.76516342163086,23.805883407592773,15.557933807373047,24.04891586303711,137.74465942382812,16.8912296295166,16.024362564086914
2013-10-15,,41.876590728759766,42.49886703491211,23.633939743041992,15.427058219909668,23.802366256713867,136.74545288085938,16.783628463745117,15.90973949432373
2013-10-16,,42.308876037597656,43.05641555786133,24.012231826782227,15.607013702392578,24.175220489501953,138.6551971435547,16.990222930908203,16.08167266845703
2013-10-17,,42.691261291503906,43.22286605834961,24.287336349487305,15.713347434997559,24.44155502319336,139.5818634033203,17.115036010742188,16.22956085205078
2013-10-18,,43.210819244384766,43.638938903808594,24.545255661010742,15.762423515319824,24.44917106628418,140.5247039794922,17.239858627319336,16.292415618896484
2013-10-21,,43.160953521728516,43.7221565246582,24.476486206054688,15.746071815490723,24.365461349487305,140.53271484375,17.26568603515625,16.294267654418945
2013-10-22,,43.256553649902344,43.88859176635742,24.691408157348633,15.893311500549316,24.662235260009766,141.3466033935547,17.38404083251953,16.395944595336914
2013-10-23,,43.19419860839844,43.83865737915039,24.364715576171875,15.868764877319336,24.700279235839844,140.66973876953125,17.30226707458496,16.307205200195312
2013-10-24,,43.42696762084961,43.96349334716797,24.545255661010742,15.934205055236816,24.7307186126709,141.13711547851562,17.388347625732422,16.34418296813965
2013-10-25,,43.48100662231445,44.07166290283203,24.62263298034668,15.991467475891113,24.867685317993164,141.78173828125,17.44645118713379,16.41628074645996
2013-10-28,,43.514251708984375,44.27972412109375,24.605440139770508,16.03235626220703,24.905744552612305,142.0073699951172,17.47873306274414,16.421825408935547
2013-10-29,,43.680519104003906,44.56264114379883,24.8117733001709,16.13869857788086,24.98944091796875,142.7648162841797,17.551902770996094,16.519805908203125
2013-10-30,,43.19004440307617,44.471107482910156,24.665620803833008,16.03235626220703,24.82203483581543,142.05572509765625,17.489490509033203,16.456954956054688
2013-10-31,,42.96559524536133,44.31300354003906,24.528059005737305,16.040542602539062,24.78399085998535,141.6527862548828,17.465824127197266,16.408884048461914
2013-11-01,,42.786865234375,44.34629440307617,24.62263298034668,16.073265075683594,24.867685317993164,141.99122619628906,17.480878829956055,16.440317153930664
2013-11-04,,43.331363677978516,44.54599380493164,24.871957778930664,16.155059814453125,24.958999633789062,142.49085998535156,17.541141510009766,16.488384246826172
2013-11-05,,43.22746276855469,44.537681579589844,24.742992401123047,16.13051986694336,24.867685317993164,142.03961181640625,17.506710052490234,16.45326042175293
2013-11-06,,43.18172836303711,44.762359619140625,24.639827728271484,16.236862182617188,25.065534591674805,142.7648162841797,17.54329490661621,16.560476303100586
2013-11-07,,42.49175262451172,44.18817138671875,24.175573348999023,16.03235626220703,24.77637481689453,140.9598388671875,17.295804977416992,16.482830047607422
2013-11-08,,43.214988708496094,44.57096481323242,24.657018661499023,16.18778419494629,24.92094612121582,142.86158752441406,17.459367752075195,16.540145874023438
2013-11-11,,43.24822235107422,44.720760345458984,24.717195510864258,16.204133987426758,24.936176300048828,142.8857421875,17.521770477294922,16.58820915222168
2013-11-12,,43.25239944458008,44.7457160949707,24.596839904785156,16.163246154785156,24.80681610107422,142.5956573486328,17.517467498779297,16.516109466552734
2013-11-13,,43.64726638793945,45.16181564331055,24.897741317749023,16.294109344482422,24.981830596923828,143.73992919921875,17.657346725463867,16.63812255859375
2013-11-14,,43.63063049316406,45.43641662597656,25.06110191345215,16.40045166015625,25.20250129699707,144.45701599121094,17.792926788330078,16.691736221313477
2013-11-15,,43.79689407348633,45.644466400146484,25.129871368408203,16.449533462524414,25.287155151367188,145.08563232421875,17.866098403930664,16.78416633605957
2013-11-18,,43.62648010253906,45.36984634399414,24.94072914123535,16.416810989379883,25.203266143798828,144.57791137695312,17.752031326293945,16.752744674682617
2013-11-19,,43.37708282470703,45.428104400634766,24.768779754638672,16.35955047607422,25.111759185791016,144.26364135742188,17.702543258666992,16.758283615112305
2013-11-20,,43.33552169799805,45.26998519897461,24.734399795532227,16.285932540893555,24.95924186706543,143.8124237060547,17.633686065673828,16.64366912841797
2013-11-21,,44.141876220703125,45.661109924316406,25.086891174316406,16.40045166015625,25.119388580322266,144.9727783203125,17.805843353271484,16.828533172607422
2013-11-22,,44.2790412902832,45.81922149658203,25.18145179748535,16.47406768798828,25.210895538330078,145.69798278808594,17.881160736083984,16.91542625427246
2013-11-25,,44.312286376953125,45.7692985534668,25.1126766204834,16.457714080810547,25.134632110595703,145.5529022216797,17.870405197143555,16.843326568603516
2013-11-26,,44.62819290161133,45.92740249633789,25.19865608215332,16.482250213623047,25.12701416015625,145.59323120117188,17.958633422851562,16.86920738220215
2013-11-27,,44.910831451416016,46.06886672973633,25.319013595581055,16.51496696472168,25.12701416015625,145.94772338867188,17.9823055267334,16.856266021728516
2013-11-29,,44.89002990722656,46.13544845581055,25.276025772094727,16.449533462524414,25.058382034301758,145.85107421875,17.99736785888672,16.93206024169922
2013-12-02,,44.3663330078125,45.91907501220703,25.2330379486084,16.40045166015625,24.936363220214844,145.47238159179688,17.928508758544922,16.778623580932617
2013-12-03,,44.17096710205078,45.8109016418457,25.052494049072266,16.335012435913086,24.913480758666992,144.8438262939453,17.835968017578125,16.732402801513672
2013-12-04,,43.97978591918945,45.7692985534668,25.02670669555664,16.294109344482422,24.890602111816406,144.8277130126953,17.887617111206055,16.717609405517578
2013-12-05,,44.08784103393555,45.65279006958008,24.880550384521484,16.212326049804688,24.72283172607422,144.19114685058594,17.838119506835938,16.60114860534668
2013-12-06,,44.42036819458008,45.99397277832031,25.164260864257812,16.424991607666016,25.12701416015625,145.80270385742188,18.036109924316406,16.82114028930664
2013-12-09,,44.358009338378906,46.13544845581055,25.224445343017578,16.449533462524414,25.12701416015625,146.17340087890625,18.031810760498047,16.872900009155273
2013-12-10,,43.91328048706055,45.91907501220703,25.241636276245117,16.384098052978516,24.921117782592773,145.649658203125,18.021038055419922,16.810049057006836
2013-12-11,,43.331363677978516,45.486358642578125,24.768779754638672,16.220497131347656,24.66946029663086,144.01382446289062,17.816606521606445,16.582658767700195
2013-12-12,,43.40618133544922,45.38648223876953,24.77737808227539,16.13051986694336,24.562698364257812,143.5384063720703,17.76064682006836,16.556777954101562
2013-12-13,,43.564117431640625,45.27830505371094,24.871957778930664,16.13869857788086,24.584089279174805,143.5223388671875,17.734827041625977,16.580814361572266
2013-12-16,,44.08367919921875,45.57788848876953,25.20724868774414,16.220497131347656,24.70637321472168,144.41671752929688,17.866098403930664,16.675098419189453
2013-12-17,,44.00471878051758,45.40313720703125,25.190052032470703,16.171415328979492,24.568811416625977,143.9573974609375,17.820903778076172,16.61224365234375
2013-12-18,,44.57414245605469,46.0522346496582,25.602731704711914,16.457714080810547,24.996753692626953,146.41517639160156,18.06623649597168,16.865510940551758
2013-12-19,,44.179283142089844,46.12712478637695,25.628509521484375,16.449533462524414,24.920345306396484,146.24591064453125,18.089914321899414,16.865510940551758
2013-12-20,,44.93161392211914,46.43503189086914,25.83547019958496,16.529296875,25.080821990966797,147.09661865234375,18.200366973876953,16.967926025390625
2013-12-23,,45.34443283081055,46.68967819213867,26.02518081665039,16.570417404174805,25.103748321533203,147.88250732421875,18.323564529418945,17.027402877807617
2013-12-24,,45.490394592285156,46.781524658203125,26.128658294677734,16.627981185913086,25.172529220581055,148.20652770996094,18.338695526123047,17.047847747802734
2013-12-26,,45.56544494628906,47.08210754394531,26.249391555786133,16.71021270751953,25.241296768188477,148.9600372314453,18.420841217041016,17.135204315185547
2013-12-27,,45.50706100463867,47.006954193115234,26.232141494750977,16.71843910217285,25.29479217529297,148.95191955566406,18.40787124633789,17.151931762695312
2013-12-30,,45.490394592285156,47.006954193115234,26.20627784729004,16.75956153869629,25.29479217529297,148.9276885986328,18.381935119628906,17.198402404785156
2013-12-31,,45.50706100463867,47.190643310546875,26.38736915588379,16.784223556518555,25.340654373168945,149.63253784179688,18.496492385864258,17.211410522460938
2014-01-02,,44.964969635009766,46.839962005615234,26.085548400878906,16.627981185913086,25.019683837890625,148.1984405517578,18.286828994750977,17.109182357788086
2014-01-03,,45.160972595214844,46.74812698364258,26.10279083251953,16.63620948791504,25.034971237182617,148.17417907714844,18.33437728881836,17.12777328491211
2014-01-06,,44.7856559753418,46.564430236816406,26.01656150817871,16.553964614868164,24.958553314208984,147.7447509765625,18.237112045288086,17.090595245361328
2014-01-07,,45.17348098754883,46.940162658691406,26.171785354614258,16.65265464782715,25.1419677734375,148.6521453857422,18.358156204223633,17.181671142578125
2014-01-08,,45.05670928955078,46.92346954345703,26.275264739990234,16.611541748046875,25.034971237182617,148.68460083007812,18.3948974609375,17.146360397338867
2014-01-09,,45.00666809082031,46.898414611816406,26.30975341796875,16.660877227783203,25.1419677734375,148.7817840576172,18.37112808227539,17.073867797851562
2014-01-10,,45.17763900756836,46.99859619140625,26.413244247436523,16.726659774780273,25.241296768188477,149.1868896484375,18.41435432434082,17.18724822998047
2014-01-13,,44.560482025146484,46.347347259521484,25.89583396911621,16.488178253173828,24.966188430786133,147.20199584960938,18.167938232421875,16.97907257080078
2014-01-14,,45.08589553833008,46.88173294067383,26.318387985229492,16.63620948791504,25.134313583374023,148.8061065673828,18.433807373046875,17.10546875
2014-01-15,,45.45702362060547,47.11550521850586,26.37874412536621,16.669099807739258,25.16341781616211,149.60816955566406,18.51162338256836,17.211410522460938
2014-01-16,,45.415321350097656,47.140533447265625,26.361494064331055,16.63620948791504,25.16341781616211,149.41378784179688,18.496492385864258,17.196542739868164
2014-01-17,,45.17763900756836,47.01530075073242,26.249391555786133,16.595090866088867,25.094505310058594,148.7817840576172,18.440298080444336,17.114757537841797
2014-01-21,,45.415321350097656,47.19898986816406,26.26664161682129,16.603315353393555,25.20171546936035,149.21925354003906,18.531084060668945,17.09988784790039
2014-01-22,,45.694725036621094,47.08210754394531,26.404613494873047,16.611541748046875,25.224681854248047,149.31651306152344,18.587282180786133,17.131486892700195
2014-01-23,,45.38614273071289,46.73143005371094,26.05967903137207,16.455289840698242,24.994937896728516,148.09315490722656,18.38625717163086,16.94190788269043
2014-01-24,,44.32697296142578,45.762916564941406,25.223207473754883,16.1263427734375,24.573766708374023,144.93344116210938,18.064184188842773,16.663097381591797
2014-01-27,,43.72649383544922,45.3955192565918,25.05937385559082,16.101680755615234,24.56610870361328,144.220458984375,17.906391143798828,16.629650115966797
2014-01-28,,44.11430358886719,45.47903060913086,25.412925720214844,16.208587646484375,24.726926803588867,145.07931518554688,17.962594985961914,16.692842483520508
2014-01-29,,43.51798629760742,45.08659744262695,25.1887264251709,16.04410743713379,24.51251792907715,143.68577575683594,17.785341262817383,16.56273078918457
2014-01-30,,44.072593688964844,45.42057418823242,25.576778411865234,16.17568588256836,24.76521873474121,145.20889282226562,18.05122184753418,16.683544158935547
2014-01-31,,43.8223991394043,45.21184158325195,25.42154884338379,16.101680755615234,24.688636779785156,144.3582305908203,17.919357299804688,16.568307876586914
2014-02-03,,42.4754753112793,44.15147399902344,24.671323776245117,15.723401069641113,24.198530197143555,141.10939025878906,17.484888076782227,16.15010643005371
2014-02-04,,42.76321029663086,44.49378967285156,24.955890655517578,15.805625915527344,24.259794235229492,142.09779357910156,17.66861915588379,16.26348304748535
2014-02-05,,42.45880889892578,44.36854553222656,24.878286361694336,15.813855171203613,24.236831665039062,141.91952514648438,17.666461944580078,16.23374366760254
2014-02-06,,42.93419647216797,44.91126251220703,25.309446334838867,15.99476432800293,24.420610427856445,143.7910614013672,17.876131057739258,16.434478759765625
2014-02-07,,43.23027038574219,45.612606048583984,25.697498321533203,16.18391227722168,24.673315048217773,145.57347106933594,18.183067321777344,16.614768981933594
2014-02-10,,43.25944519042969,45.71281433105469,25.663009643554688,16.18391227722168,24.772871017456055,145.84085083007812,18.239269256591797,16.572025299072266
2014-02-11,,43.643089294433594,46.20541763305664,25.982065200805664,16.364826202392578,25.010255813598633,147.43687438964844,18.42516326904297,16.821083068847656
2014-02-12,,43.78904342651367,46.30560302734375,26.042436599731445,16.364826202392578,24.971969604492188,147.5098114013672,18.438135147094727,16.808073043823242
2014-02-13,,44.36032485961914,46.60618209838867,26.232141494750977,16.463516235351562,25.16341781616211,148.2714080810547,18.567825317382812,16.880563735961914
2014-02-14,,44.40201187133789,46.806575775146484,26.335628509521484,16.553964614868164,25.318449020385742,149.0896453857422,18.578632354736328,16.977214813232422
2014-02-18,,44.806514739990234,46.97357177734375,26.499460220336914,16.53752326965332,25.326114654541016,149.2678985595703,18.658615112304688,17.02182388305664
2014-02-19,,44.37284469604492,46.631229400634766,26.335628509521484,16.463516235351562,25.149612426757812,148.279541015625,18.537574768066406,16.88428497314453
2014-02-20,,44.89407730102539,46.981910705566406,26.499460220336914,16.57863998413086,25.34912872314453,149.15451049804688,18.645645141601562,17.036691665649414
2014-02-21,,44.89407730102539,46.88173294067383,26.533964157104492,16.586868286132812,25.379837036132812,148.98435974121094,18.619709014892578,16.96234893798828
2014-02-24,,45.26520538330078,47.140533447265625,26.77541732788086,16.63620948791504,25.410541534423828,149.8107452392578,18.766691207885742,17.103609085083008
2014-02-25,,45.215179443359375,47.08210754394531,26.715051651000977,16.63620948791504,25.418216705322266,149.75404357910156,18.719131469726562,17.02182388305664
2014-02-26,,45.57795333862305,47.240745544433594,26.69780158996582,16.701997756958008,25.395177841186523,149.76206970214844,18.71480941772461,17.03111457824707
2014-02-27,,45.77812194824219,47.36598205566406,26.80990982055664,16.75956153869629,25.49496078491211,150.54795837402344,18.83154296875,17.109182357788086
2014-02-28,,45.753108978271484,47.424434661865234,26.870275497436523,16.866458892822266,25.625425338745117,150.92880249023438,18.850990295410156,17.15378761291504
2014-03-03,,45.52791213989258,46.97357177734375,26.6115779876709,16.767780303955078,25.448915481567383,149.867431640625,18.697525024414062,17.03483772277832
2014-03-04,,46.66632843017578,47.76674270629883,27.10310173034668,16.998035430908203,25.794267654418945,151.9739532470703,19.008787155151367,17.2783260345459
2014-03-05,,46.60794448852539,47.64152145385742,27.137601852416992,16.932254791259766,25.663793563842773,152.1116485595703,19.036884307861328,17.29505729675293
2014-03-06,,46.687164306640625,47.67490005493164,27.292816162109375,16.965147018432617,25.709856033325195,152.4600067138672,19.05200958251953,17.378694534301758
2014-03-07,,46.753902435302734,47.541316986083984,27.26694107055664,17.014490127563477,25.778913497924805,152.52487182617188,19.00014305114746,17.337804794311523
2014-03-10,,46.66632843017578,47.624820709228516,27.172088623046875,16.998035430908203,25.755889892578125,152.44384765625,19.010953903198242,17.367536544799805
2014-03-11,,46.203460693359375,47.50791931152344,26.939258575439453,16.932254791259766,25.663793563842773,151.69033813476562,18.94393539428711,17.302486419677734
2014-03-12,,46.27851867675781,47.52461242675781,26.922012329101562,16.940475463867188,25.763559341430664,151.7308349609375,18.94393539428711,17.24486541748047
2014-03-13,,45.76559829711914,46.898414611816406,26.47360610961914,16.792457580566406,25.640779495239258,150.0294952392578,18.697525024414062,17.16680335998535
2014-03-14,,45.94491958618164,46.75648498535156,26.447729110717773,16.792457580566406,25.67922019958496,149.60816955566406,18.619709014892578,17.150075912475586
2014-03-17,,46.23682403564453,47.240745544433594,26.69780158996582,16.924028396606445,25.848417282104492,150.96119689941406,18.77533721923828,17.259740829467773
2014-03-18,,46.845619201660156,47.658199310302734,27.008241653442383,16.998035430908203,25.917644500732422,152.0387420654297,18.972042083740234,17.36382293701172
2014-03-19,,46.516204833984375,47.31588363647461,26.96512794494629,16.866458892822266,25.65615463256836,151.228515625,18.83154296875,17.298765182495117
2014-03-20,,46.6579704284668,47.37432861328125,27.137601852416992,16.90757942199707,25.740755081176758,152.1116485595703,18.883419036865234,17.401002883911133
2014-03-21,,46.49952697753906,47.12384033203125,27.05191993713379,16.89850616455078,25.756141662597656,151.52171325683594,18.791044235229492,17.38978385925293
2014-03-24,,46.1075325012207,47.03199768066406,26.818267822265625,16.840736389160156,25.67922019958496,150.89512634277344,18.684791564941406,17.395395278930664
2014-03-25,,46.10420227050781,47.1937370300293,26.90480613708496,16.906753540039062,25.833032608032227,151.61119079589844,18.736835479736328,17.50004005432129
2014-03-26,,45.2971076965332,46.79989242553711,26.549999237060547,16.857248306274414,25.74843978881836,150.520751953125,18.585046768188477,17.387920379638672
2014-03-27,,45.16748809814453,46.64068603515625,26.420190811157227,16.824241638183594,25.76383399963379,150.20333862304688,18.49180793762207,17.408466339111328
2014-03-28,,45.2511100769043,46.757991790771484,26.61057472229004,16.923255920410156,25.886871337890625,150.94386291503906,18.55902862548828,17.442110061645508
2014-03-31,,46.05821990966797,47.20210266113281,26.930763244628906,17.088281631469727,26.171424865722656,152.18080139160156,18.72382164001465,17.630836486816406
2014-04-01,,46.61855697631836,47.662994384765625,27.268268585205078,17.154293060302734,26.163738250732422,153.18983459472656,18.903799057006836,17.685028076171875
2014-04-02,,46.84856033325195,47.78868103027344,27.432687759399414,17.220304489135742,26.19451141357422,153.7025909423828,18.96234130859375,17.75417137145996
2014-04-03,,46.50984191894531,47.60432434082031,27.32884407043457,17.245054244995117,26.256025314331055,153.49905395507812,18.914642333984375,17.752309799194336
2014-04-04,,45.5731201171875,46.87530517578125,26.826919555664062,17.080034255981445,26.102209091186523,151.68447875976562,18.604564666748047,17.655132293701172
2014-04-07,,44.975128173828125,46.473079681396484,26.273075103759766,16.915006637573242,25.940723419189453,150.00804138183594,18.33135414123535,17.48695945739746
2014-04-08,,45.32638931274414,46.49822235107422,26.394229888916016,16.96451187133789,26.09452247619629,150.62657165527344,18.435436248779297,17.505640029907227
2014-04-09,,45.798919677734375,47.14344787597656,26.818267822265625,17.121288299560547,26.22525978088379,152.24591064453125,18.70864486694336,17.65326499938965
2014-04-10,,44.65729522705078,46.27198028564453,26.091346740722656,16.87375259399414,25.894569396972656,149.0478515625,18.24245262145996,17.41033935546875
2014-04-11,,44.13039779663086,45.70216751098633,25.658653259277344,16.733482360839844,25.76383399963379,147.7051239013672,18.0603084564209,17.258981704711914
2014-04-14,,44.34784698486328,46.045738220214844,25.961536407470703,16.832490921020508,25.925336837768555,148.86880493164062,18.177398681640625,17.352413177490234
2014-04-15,,44.4858512878418,46.439571380615234,26.16057586669922,16.915006637573242,26.14034080505371,149.89418029785156,18.322675704956055,17.460792541503906
2014-04-16,,44.91657638549805,46.97586441040039,26.593265533447266,17.088281631469727,26.36382484436035,151.46469116210938,18.539518356323242,17.642053604125977
2014-04-17,,45.121498107910156,47.068031311035156,26.766342163085938,17.12953758239746,26.294471740722656,151.67630004882812,18.58071517944336,17.6682186126709
2014-04-21,,45.32221221923828,47.16859436035156,26.84423065185547,17.137792587280273,26.302181243896484,152.20518493652344,18.667451858520508,17.692508697509766
2014-04-22,,45.698570251464844,47.4283561706543,27.10384178161621,17.17078971862793,26.294471740722656,152.89691162109375,18.76935577392578,17.729877471923828
2014-04-23,,45.42256546020508,47.20210266113281,27.069231033325195,17.16253662109375,26.32529067993164,152.5388641357422,18.706480026245117,17.737356185913086
2014-04-24,,45.292945861816406,47.24400329589844,27.086538314819336,17.12953758239746,26.34071159362793,152.84814453125,18.741168975830078,17.739225387573242
2014-04-25,,44.623844146728516,46.892059326171875,26.645191192626953,17.047025680541992,26.32529067993164,151.5949249267578,18.537343978881836,17.698116302490234
2014-04-28,,44.38131332397461,47.23563766479492,26.489425659179688,17.12953758239746,26.53336524963379,152.07508850097656,18.634916305541992,17.737356185913086
2014-04-29,,44.4858512878418,47.487022399902344,26.723068237304688,17.16253662109375,26.53336524963379,152.78298950195312,18.721654891967773,17.7896785736084
2014-04-30,,44.79948806762695,47.554046630859375,26.974037170410156,17.245054244995117,26.65667724609375,153.2386474609375,18.758516311645508,17.82331085205078
2014-05-01,,44.694942474365234,47.62108612060547,26.930763244628906,17.18730354309082,26.6335391998291,153.25503540039062,18.782371520996094,17.821447372436523
2014-05-02,,44.7952995300293,47.51215362548828,27.008649826049805,17.20380210876465,26.502546310424805,153.03530883789062,18.793214797973633,17.759780883789062
2014-05-05,,44.715850830078125,47.730018615722656,26.982690811157227,17.220304489135742,26.571908950805664,153.3282012939453,18.845245361328125,17.74109649658203
2014-05-06,,43.97985076904297,47.34455490112305,26.71441078186035,17.113035202026367,26.410064697265625,151.9936981201172,18.730327606201172,17.630836486816406
2014-05-07,,44.15548324584961,47.31105041503906,26.826919555664062,17.23680305480957,26.702909469604492,152.88880920410156,18.725988388061523,17.797157287597656
2014-05-08,,43.81258010864258,47.327789306640625,26.74037742614746,17.23680305480957,26.641260147094727,152.72601318359375,18.689128875732422,17.75604248046875
2014-05-09,,44.15132141113281,47.52891159057617,26.71441078186035,17.28631019592285,26.595016479492188,152.95387268066406,18.771530151367188,17.769123077392578
2014-05-12,,45.09220504760742,48.03169631958008,27.22500228881836,17.443084716796875,26.679786682128906,154.44302368164062,18.986194610595703,17.911151885986328
2014-05-13,,44.60293960571289,48.115474700927734,27.199037551879883,17.451339721679688,26.702909469604492,154.58145141601562,18.984031677246094,17.914880752563477
2014-05-14,,43.80840301513672,47.83057403564453,26.948076248168945,17.352323532104492,26.641260147094727,153.84898376464844,18.89079475402832,17.881240844726562
2014-05-15,,43.55750274658203,47.336185455322266,26.498075485229492,17.20380210876465,26.432756423950195,152.49818420410156,18.712984085083008,17.683164596557617
2014-05-16,,43.90040588378906,47.570804595947266,26.584609985351562,17.29456329345703,26.571748733520508,153.02713012695312,18.814895629882812,17.735483169555664
2014-05-19,,44.26420974731445,47.73839569091797,26.835573196411133,17.31931495666504,26.494537353515625,153.58859252929688,18.91680908203125,17.75417137145996
2014-05-20,,43.645320892333984,47.44511032104492,26.558652877807617,17.16253662109375,26.34783363342285,152.62025451660156,18.784543991088867,17.6682186126709
2014-05-21,,43.837669372558594,47.78030014038086,26.826919555664062,17.29456329345703,26.533145904541016,153.90597534179688,18.95583724975586,17.776596069335938
2014-05-22,,44.222389221191406,47.897605895996094,27.008649826049805,17.311065673828125,26.56404685974121,154.2802734375,19.05341339111328,17.810237884521484
2014-05-23,,44.68239212036133,48.1406364440918,27.259611129760742,17.368824005126953,26.602649688720703,154.89878845214844,19.15532875061035,17.845741271972656
2014-05-27,,45.24694061279297,48.32497787475586,27.536535263061523,17.434833526611328,26.69532012939453,155.8508758544922,19.27242088317871,17.924230575561523
2014-05-28,,44.96257400512695,48.316593170166016,27.519227981567383,17.418336868286133,26.733917236328125,155.73695373535156,19.237730026245117,17.92795753479004
2014-05-29,,45.06711196899414,48.50094223022461,27.657686233520508,17.509096145629883,26.834312438964844,156.54254150390625,19.359155654907227,18.01205062866211
2014-05-30,,44.870582580566406,48.66015625,27.57980728149414,17.583354949951172,26.942420959472656,156.79476928710938,19.40035057067871,18.066238403320312
2014-06-02,,44.74931716918945,48.69366455078125,27.71827507019043,17.608110427856445,26.942420959472656,156.97386169433594,19.396020889282227,18.0382080078125
2014-06-03,,44.64476776123047,48.58473205566406,27.726924896240234,17.583354949951172,26.91925621032715,156.89244079589844,19.402524948120117,18.084924697875977
2014-06-04,,44.84547424316406,48.69366455078125,27.891347885131836,17.641115188598633,26.996479034423828,157.2098388671875,19.441553115844727,18.092397689819336
2014-06-05,,45.723663330078125,48.99533462524414,28.073076248168945,17.748384475708008,27.143190383911133,158.23519897460938,19.580331802368164,18.187705993652344
2014-06-06,,46.15021514892578,49.188053131103516,28.401918411254883,17.82263946533203,27.189538955688477,158.9919891357422,19.651885986328125,18.30169677734375
2014-06-09,,46.50984191894531,49.22996520996094,28.41922378540039,17.872146606445312,27.212697982788086,159.1547088623047,19.68440818786621,18.312910079956055
2014-06-10,,46.30493927001953,49.129417419433594,28.427881240844727,17.830894470214844,27.166372299194336,159.1709747314453,19.66706085205078,18.311033248901367
2014-06-11,,46.08329772949219,48.97019577026367,28.367313385009766,17.731882095336914,26.988750457763672,158.61766052246094,19.612844467163086,18.241897583007812
2014-06-12,,45.79475021362305,48.50094223022461,28.11634635925293,17.591611862182617,26.88064193725586,157.49465942382812,19.45240020751953,18.137245178222656
2014-06-13,,45.90347671508789,48.559600830078125,28.194236755371094,17.616363525390625,26.96499252319336,157.97474670410156,19.476247787475586,18.21759796142578
2014-06-16,,45.957847595214844,48.643394470214844,28.254806518554688,17.641115188598633,27.0655574798584,158.10496520996094,19.51527214050293,18.226945877075195
2014-06-17,,46.296573638916016,48.73557662963867,28.505767822265625,17.665870666503906,27.112001419067383,158.54443359375,19.56514549255371,18.290475845336914
2014-06-18,,46.57674789428711,48.878028869628906,28.713451385498047,17.83914566040039,27.390533447265625,159.70803833007812,19.71910285949707,18.441848754882812
2014-06-19,,46.61019515991211,49.01209259033203,28.618268966674805,17.872146606445312,27.522085189819336,159.88714599609375,19.701759338378906,18.4623966217041
2014-06-20,,46.73564529418945,49.079124450683594,28.691118240356445,17.902822494506836,27.51433753967285,160.211669921875,19.743976593017578,18.507116317749023
2014-06-23,,46.65202331542969,49.079124450683594,28.665103912353516,17.836515426635742,27.460180282592773,160.1626434326172,19.71350860595703,18.51651382446289
2014-06-24,,46.27415466308594,48.77745819091797,28.587047576904297,17.745342254638672,27.390533447265625,159.1978302001953,19.61992645263672,18.396257400512695
2014-06-25,,46.618064880371094,48.99700164794922,28.7605037689209,17.778491973876953,27.44472312927246,159.91738891601562,19.77009391784668,18.430070877075195
2014-06-26,,46.475467681884766,48.91288757324219,28.7605037689209,17.737045288085938,27.429244995117188,159.80287170410156,19.741804122924805,18.400020599365234
2014-06-27,,46.84032440185547,49.0222282409668,28.812543869018555,17.795068740844727,27.50660514831543,160.1136016845703,19.800567626953125,18.413171768188477
2014-06-30,,47.0080680847168,48.94652557373047,28.85590934753418,17.778491973876953,27.537572860717773,160.03187561035156,19.78533363342285,18.38498306274414
2014-07-01,,47.565834045410156,49.468048095703125,29.246206283569336,17.836515426635742,27.56076431274414,161.1029510498047,19.983381271362305,18.475168228149414
2014-07-02,,47.31001663208008,49.510101318359375,29.211515426635742,17.819942474365234,27.390533447265625,161.26646423339844,19.981201171875,18.49584197998047
2014-07-03,,47.64971160888672,49.787689208984375,29.46303939819336,17.944259643554688,27.452425003051758,162.0596160888672,20.092193603515625,18.58602523803711
2014-07-07,,46.97032928466797,49.63628005981445,29.116125106811523,17.88623809814453,27.39828872680664,161.49537658691406,20.011674880981445,18.520265579223633
2014-07-08,,46.53837203979492,49.37552261352539,28.77785301208496,17.819942474365234,27.4060115814209,160.4569854736328,19.857145309448242,18.450748443603516
2014-07-09,,46.55933380126953,49.535343170166016,28.968664169311523,17.88623809814453,27.42149543762207,161.17654418945312,19.961612701416016,18.525907516479492
2014-07-10,,46.060272216796875,49.24935531616211,28.769184112548828,17.803354263305664,27.390533447265625,160.53871154785156,19.865856170654297,18.45450782775879
2014-07-11,,45.90510940551758,49.29982376098633,28.864591598510742,17.803354263305664,27.382816314697266,160.75953674316406,19.902849197387695,18.435720443725586
2014-07-14,,46.13996124267578,49.611061096191406,29.107439041137695,17.861377716064453,27.37506103515625,161.5690460205078,20.037784576416016,18.524030685424805
2014-07-15,,45.76252746582031,49.38391876220703,28.933977127075195,17.8116455078125,27.38981056213379,161.26646423339844,19.968151092529297,18.531536102294922
2014-07-16,,45.670257568359375,49.459651947021484,28.951313018798828,17.786775588989258,27.38981056213379,161.8633575439453,20.018198013305664,18.6254825592041
2014-07-17,,45.045379638671875,48.87083435058594,28.43092918395996,17.621015548706055,27.102956771850586,160.02366638183594,19.794036865234375,18.450748443603516
2014-07-18,,45.69122314453125,49.510101318359375,28.82122039794922,17.786775588989258,27.382043838500977,161.65890502929688,20.0073184967041,18.574756622314453
2014-07-21,,45.498313903808594,49.325050354003906,28.751834869384766,17.728761672973633,27.304534912109375,161.35646057128906,19.959436416625977,18.540939331054688
2014-07-22,,45.88832092285156,49.66992950439453,28.977340698242188,17.770206451416016,27.296772003173828,162.0596160888672,20.063919067382812,18.616090774536133
2014-07-23,,45.846397399902344,49.91387176513672,29.116125106811523,17.753623962402344,27.289018630981445,162.41941833496094,20.12701988220215,18.634883880615234
2014-07-24,,45.842201232910156,49.7708625793457,29.0727481842041,17.761917114257812,27.35879135131836,162.42750549316406,20.113956451416016,18.65178680419922
2014-07-25,,45.43960189819336,49.54375076293945,28.890607833862305,17.703903198242188,27.211496353149414,161.66714477539062,20.002975463867188,18.567241668701172
2014-07-28,,45.259273529052734,49.72038650512695,28.751834869384766,17.720468521118164,27.289018630981445,161.73252868652344,20.011674880981445,18.601064682006836
2014-07-29,,45.35991287231445,49.54375076293945,28.682449340820312,17.6458797454834,27.095197677612305,161.03753662109375,19.946380615234375,18.527788162231445
2014-07-30,,45.41863250732422,49.552162170410156,28.682449340820312,17.60443878173828,26.940141677856445,161.06204223632812,19.961612701416016,18.480812072753906
2014-07-31,,44.39534378051758,48.57643127441406,28.031957626342773,17.25632667541504,26.43622398376465,157.88137817382812,19.550283432006836,18.131338119506836
2014-08-01,,44.298892974853516,48.37455749511719,27.927875518798828,17.264616012573242,26.498254776000977,157.3989715576172,19.50457191467285,18.10879135131836
2014-08-04,,44.67212677001953,48.68577575683594,28.188068389892578,17.35578727722168,26.51375961303711,158.5354766845703,19.65257453918457,18.21401023864746
2014-08-05,,44.609222412109375,48.3240852355957,27.97123908996582,17.24803924560547,26.26567268371582,156.99835205078125,19.482812881469727,18.005449295043945
2014-08-06,,44.743431091308594,48.450252532958984,28.01460838317871,17.23145866394043,26.288944244384766,157.04734802246094,19.463233947753906,18.02988052368164
2014-08-07,,44.508575439453125,48.13903045654297,27.780431747436523,17.148582458496094,26.23468017578125,156.19699096679688,19.367469787597656,17.943450927734375
2014-08-08,,44.9195671081543,48.69418716430664,28.153379440307617,17.39722442626953,26.63780975341797,158.00405883789062,19.578575134277344,18.152006149291992
2014-08-11,,45.30120086669922,48.811954498291016,28.31817626953125,17.438674926757812,26.65329360961914,158.46189880371094,19.65910530090332,18.19145393371582
2014-08-12,,45.01183319091797,48.769901275634766,28.196746826171875,17.44695281982422,26.63780975341797,158.24111938476562,19.613401412963867,18.1651554107666
2014-08-13,,45.25507354736328,49.08112335205078,28.47429656982422,17.50497817993164,26.800607681274414,159.3123016357422,19.767921447753906,18.24970245361328
2014-08-14,,45.3305549621582,49.3166389465332,28.665103912353516,17.596153259277344,26.916887283325195,160.0644989013672,19.85062599182129,18.31546974182129
2014-08-15,,45.30540084838867,49.367122650146484,28.62174415588379,17.562999725341797,26.902137756347656,160.03187561035156,19.909385681152344,18.31170654296875
2014-08-18,,45.93445587158203,49.863399505615234,28.977340698242188,17.745342254638672,27.065265655517578,161.37277221679688,20.072607040405273,18.42256736755371
2014-08-19,,46.106407165527344,50.23348617553711,29.133453369140625,17.844797134399414,27.220630645751953,162.2149658203125,20.222780227661133,18.510873794555664
2014-08-20,,45.8631706237793,50.44379425048828,29.272220611572266,17.927682876586914,27.27501678466797,162.6483612060547,20.27284049987793,18.567241668701172
2014-08-21,,46.02253341674805,50.4942512512207,29.289579391479492,17.96083641052246,27.376008987426758,163.1226043701172,20.277189254760742,18.674335479736328
2014-08-22,,46.01833724975586,50.485836029052734,29.36764144897461,17.927682876586914,27.236173629760742,162.8690948486328,20.285888671875,18.6066951751709
2014-08-25,,46.072853088378906,50.67930221557617,29.567119598388672,18.010562896728516,27.36048126220703,163.69493103027344,20.377304077148438,18.67621612548828
2014-08-26,,46.399959564208984,50.77183532714844,29.653852462768555,17.969125747680664,27.267253875732422,163.80120849609375,20.401241302490234,18.700641632080078
2014-08-27,,46.2867431640625,50.64564895629883,29.575790405273438,17.969125747680664,27.32940673828125,163.7357940673828,20.355539321899414,18.71004295349121
2014-08-28,,46.039310455322266,50.603614807128906,29.46303939819336,17.969125747680664,27.368234634399414,163.64585876464844,20.34683609008789,18.691251754760742
2014-08-29,,46.28253936767578,50.687721252441406,29.575790405273438,17.993980407714844,27.453672409057617,164.11192321777344,20.386005401611328,18.73634147644043
2014-09-02,,46.54676055908203,50.80549621582031,29.679882049560547,18.010562896728516,27.383790969848633,164.0302276611328,20.405595779418945,18.723186492919922
2014-09-03,,46.36222839355469,50.595184326171875,29.601818084716797,18.02713966369629,27.43816566467285,163.94021606445312,20.357715606689453,18.760765075683594
2014-09-04,,46.240604400634766,50.47743225097656,29.523757934570312,18.068580627441406,27.383790969848633,163.703125,20.316368103027344,18.717552185058594
2014-09-05,,46.3580322265625,50.69612121582031,29.6104736328125,18.143178939819336,27.593530654907227,164.43896484375,20.41212272644043,18.803979873657227
2014-09-08,,46.399959564208984,50.670902252197266,29.619163513183594,18.09345245361328,27.492538452148438,164.01385498046875,20.39471435546875,18.73446273803711
2014-09-09,,45.85478591918945,50.376495361328125,29.306915283203125,17.98570442199707,27.298328399658203,162.97537231445312,20.251066207885742,18.668699264526367
2014-09-10,,45.99317169189453,50.687721252441406,29.497724533081055,18.035429000854492,27.313859939575195,163.58860778808594,20.392536163330078,18.646150588989258
2014-09-11,,46.31189727783203,50.536312103271484,29.523757934570312,18.018857955932617,27.35270118713379,163.77667236328125,20.340303421020508,18.691251754760742
2014-09-12,,45.87155532836914,50.33442687988281,29.419679641723633,17.944259643554688,27.096336364746094,162.82003784179688,20.2750186920166,18.578510284423828
2014-09-15,,45.41024398803711,50.199851989746094,29.16815185546875,17.969125747680664,27.18583106994629,162.6973876953125,20.198843002319336,18.642398834228516
2014-09-16,,45.552825927734375,50.612030029296875,29.428356170654297,18.068580627441406,27.34929656982422,163.9239044189453,20.372947692871094,18.758888244628906
2014-09-17,,45.67444610595703,50.603614807128906,29.46303939819336,18.068580627441406,27.325939178466797,164.14462280273438,20.46870994567871,18.777677536010742
2014-09-18,,45.95124053955078,50.9568977355957,29.688547134399414,18.1348876953125,27.36486053466797,165.01956176757812,20.507890701293945,18.87725830078125
2014-09-19,,45.38088607788086,50.9568977355957,29.50538444519043,18.164026260375977,27.411571502685547,164.870849609375,20.53867530822754,18.876310348510742
2014-09-22,,44.898597717285156,50.586788177490234,29.07136344909668,18.080781936645508,27.36486053466797,163.59759521484375,20.318105697631836,18.732725143432617
2014-09-23,,44.449859619140625,50.31760025024414,28.906429290771484,17.947593688964844,27.18583106994629,162.66107177734375,20.256956100463867,18.6042537689209
2014-09-24,,44.80401611328125,50.828094482421875,29.25364875793457,18.080781936645508,27.34929656982422,163.93435668945312,20.405460357666016,18.723276138305664
2014-09-25,,44.14365005493164,49.96744918823242,28.73280906677246,17.864341735839844,27.053544998168945,161.28916931152344,20.073518753051758,18.466325759887695
2014-09-26,,44.40023422241211,50.48213195800781,29.010587692260742,18.022512435913086,27.224748611450195,162.5706787109375,20.263513565063477,18.557018280029297
2014-09-29,,44.40023422241211,50.406211853027344,28.915103912353516,17.980886459350586,27.23255729675293,162.2749786376953,20.21547508239746,18.507892608642578
2014-09-30,,43.87024688720703,50.296512603759766,28.793577194213867,17.964231491088867,27.216978073120117,161.84776306152344,20.200180053710938,18.477659225463867
2014-10-01,,43.27718734741211,49.5877685546875,28.17725372314453,17.756128311157227,27.022403717041016,159.65447998046875,19.909740447998047,18.23016357421875
2014-10-02,,43.62629318237305,49.5962028503418,28.246702194213867,17.797746658325195,27.04574203491211,159.67910766601562,19.90537452697754,18.23394203186035
2014-10-03,,43.945960998535156,50.11089324951172,28.680728912353516,17.989215850830078,27.318159103393555,161.43710327148438,20.128116607666016,18.428546905517578
2014-10-06,,43.56741714477539,50.00962829589844,28.541841506958008,17.955909729003906,27.302597045898438,161.24810791015625,20.080076217651367,18.42476463317871
2014-10-07,,42.84816360473633,49.284000396728516,27.91683006286621,17.697858810424805,27.014625549316406,158.75901794433594,19.77215576171875,18.137584686279297
2014-10-08,,43.638912200927734,50.186832427978516,28.42031478881836,17.980886459350586,27.512718200683594,161.53562927246094,20.136857986450195,18.35862922668457
2014-10-09,,42.6546745300293,49.29243469238281,27.665098190307617,17.697858810424805,27.092449188232422,158.33184814453125,19.75250244140625,18.05256462097168
2014-10-10,,42.208831787109375,48.60056686401367,26.944608688354492,17.606285095214844,27.022403717041016,156.52462768554688,19.47079849243164,17.96753692626953
2014-10-13,,42.107887268066406,47.7736701965332,26.3022403717041,17.35655403137207,26.788911819458008,153.95335388183594,19.10173225402832,17.661470413208008
2014-10-14,,42.6168327331543,47.841182708740234,26.47585105895996,17.47308921813965,26.975719451904297,154.19163513183594,19.11264991760254,17.627471923828125
2014-10-15,,42.90705490112305,47.596500396728516,26.44113540649414,17.35655403137207,26.714479446411133,153.1483154296875,19.029664993286133,17.504663467407227
2014-10-16,,43.306644439697266,47.57960510253906,26.588699340820312,17.381526947021484,26.714479446411133,153.0169219970703,19.02092170715332,17.48198890686035
2014-10-17,,43.15521240234375,48.10274887084961,27.048778533935547,17.581308364868164,27.010791778564453,154.8241424560547,19.267702102661133,17.737049102783203
2014-10-20,,43.651527404785156,48.347442626953125,27.343915939331055,17.697858810424805,27.244722366333008,156.32745361328125,19.477346420288086,17.8485164642334
2014-10-21,,44.37080001831055,49.29243469238281,28.125171661376953,18.005857467651367,27.6112117767334,159.42449951171875,19.879161834716797,18.148916244506836
2014-10-22,,43.84501647949219,49.03087615966797,27.75189208984375,17.922609329223633,27.55662727355957,158.29075622558594,19.728479385375977,18.09035301208496
2014-10-23,,44.5053825378418,49.7227668762207,28.22064971923828,18.072450637817383,27.67359733581543,160.130859375,20.025482177734375,18.213151931762695
2014-10-24,,44.60212707519531,50.07714080810547,28.472396850585938,18.238950729370117,27.88412857055664,161.36309814453125,20.1783504486084,18.335966110229492
2014-10-27,,44.5684814453125,50.17839813232422,28.437667846679688,18.247276306152344,27.946514129638672,161.1413116455078,20.158695220947266,18.303850173950195
2014-10-28,,45.90183639526367,50.67621994018555,28.949831008911133,18.405437469482422,28.14923095703125,162.98968505859375,20.396728515625,18.479555130004883
2014-10-29,,45.84294891357422,50.583396911621094,28.836978912353516,18.36380958557129,28.040077209472656,162.74322509765625,20.368337631225586,18.475778579711914
2014-10-30,,46.21310043334961,51.15715789794922,29.053998947143555,18.50533103942871,28.3129940032959,163.78648376464844,20.514650344848633,18.57779312133789
2014-10-31,18.391508102416992,46.90290451049805,51.63808822631836,29.52273941040039,18.680147171020508,28.546916961669922,165.6594696044922,20.75486946105957,18.772397994995117
2014-11-03,18.391508102416992,46.856632232666016,51.5621452331543,29.514060974121094,18.680147171020508,28.593706130981445,165.74984741210938,20.77015495300293,18.77051544189453
2014-11-04,18.283218383789062,46.68418884277344,51.42715835571289,29.375167846679688,18.671825408935547,28.593706130981445,165.1748046875,20.704647064208984,18.721391677856445
2014-11-05,18.048583984375,46.80195617675781,51.545291900634766,29.435932159423828,18.771711349487305,28.874420166015625,166.2180633544922,20.798547744750977,18.863088607788086
2014-11-06,18.1749267578125,46.928138732910156,51.78996658325195,29.609554290771484,18.888259887695312,28.84322738647461,166.88343811035156,20.877161026000977,18.955665588378906
2014-11-07,18.156879425048828,46.93654251098633,51.730892181396484,29.57483673095703,18.871610641479492,28.905593872070312,167.03952026367188,20.846590042114258,18.97456169128418
2014-11-10,18.31931495666504,47.09638977050781,52.00934600830078,29.76580810546875,18.9465274810791,29.030364990234375,167.56529235839844,20.929576873779297,19.040685653686523
2014-11-11,18.310291290283203,47.1005973815918,52.068424224853516,29.783164978027344,18.913227081298828,28.999162673950195,167.72958374023438,20.962331771850586,19.031234741210938
2014-11-12,18.37346076965332,47.42025375366211,52.13591384887695,29.774490356445312,18.9465274810791,28.874420166015625,167.5488739013672,20.986356735229492,19.01423454284668
2014-11-13,18.355409622192383,47.05854034423828,52.1865348815918,29.75712013244629,18.963178634643555,28.86663246154785,167.73782348632812,20.999452590942383,18.99911880493164
2014-11-14,18.445653915405273,46.978614807128906,52.11904525756836,29.76580810546875,18.89657974243164,28.75333023071289,167.77891540527344,21.008193969726562,19.0236873626709
2014-11-17,18.418582916259766,46.53276824951172,52.00934600830078,29.600875854492188,18.9465274810791,28.90178871154785,167.8856658935547,20.975439071655273,19.10492706298828
2014-11-18,18.590045928955078,46.75569534301758,52.2540397644043,29.91337776184082,19.029769897460938,29.01897430419922,168.85499572753906,21.132665634155273,19.167272567749023
2014-11-19,18.310291290283203,46.288795471191406,52.13591384887695,29.76580810546875,19.071393966674805,28.964277267456055,168.58396911621094,21.093368530273438,19.146484375
2014-11-20,18.30126953125,46.82719039916992,52.28778839111328,29.835250854492188,19.104698181152344,28.98771858215332,168.87966918945312,21.119564056396484,19.182390213012695
2014-11-21,18.37346076965332,46.8145751953125,52.54936218261719,30.034914016723633,19.229570388793945,29.120546340942383,169.7832794189453,21.215662002563477,19.293859481811523
2014-11-24,18.49077796936035,47.35717010498047,52.72654724121094,30.208518981933594,19.287830352783203,29.13618278503418,170.25970458984375,21.322662353515625,19.31275177001953
2014-11-25,18.517850875854492,47.35717010498047,52.684356689453125,30.199827194213867,19.287830352783203,29.13618278503418,170.13653564453125,21.32921028137207,19.2730712890625
2014-11-26,18.553945541381836,47.4959716796875,52.80248260498047,30.208518981933594,19.3377742767334,29.229930877685547,170.5719451904297,21.403459548950195,19.305192947387695
2014-11-28,18.581018447875977,46.8145751953125,52.81935501098633,29.887331008911133,19.371078491210938,29.370563507080078,170.21047973632812,21.390356063842773,19.206941604614258
2014-12-01,18.2922420501709,46.183650970458984,52.55779266357422,29.435932159423828,19.25452995300293,29.269006729125977,169.02752685546875,21.19382095336914,19.180490493774414
2014-12-02,18.093706130981445,46.67156219482422,52.827796936035156,29.678998947143555,19.35443687438965,29.440898895263672,170.12010192871094,21.300827026367188,19.295738220214844
2014-12-03,18.129804611206055,47.15106201171875,53.0809211730957,30.000173568725586,19.454317092895508,29.4799861907959,170.77725219726562,21.372894287109375,19.380765914916992
2014-12-04,18.102731704711914,46.93234634399414,53.07249450683594,29.939420700073242,19.41269874572754,29.4565486907959,170.5883331298828,21.38162612915039,19.33542823791504
2014-12-05,18.14785385131836,47.226768493652344,53.131561279296875,30.05225372314453,19.454317092895508,29.4565486907959,170.8676300048828,21.388174057006836,19.342985153198242
2014-12-08,17.804933547973633,46.6673583984375,52.734981536865234,29.696359634399414,19.346097946166992,29.4799861907959,169.72584533691406,21.244041442871094,19.259851455688477
2014-12-09,17.850053787231445,47.47073745727539,52.81935501098633,29.75712013244629,19.312807083129883,29.41745948791504,169.6107940673828,21.259326934814453,19.178606033325195
2014-12-10,17.804933547973633,46.40658187866211,51.93342208862305,29.114757537841797,19.029769897460938,29.08930206298828,166.89170837402344,20.916471481323242,18.917877197265625
2014-12-11,17.841028213500977,46.545379638671875,52.21184158325195,29.20156478881836,19.146312713623047,29.24557876586914,167.73782348632812,21.016931533813477,18.99911880493164
2014-12-12,17.694833755493164,45.948097229003906,51.46934127807617,28.654678344726562,18.89657974243164,28.815841674804688,165.0269317626953,20.71119499206543,18.664710998535156
2014-12-15,17.398839950561523,45.573760986328125,51.216209411621094,28.472396850585938,18.829984664916992,28.623231887817383,163.89324951171875,20.60856056213379,18.56079864501953
2014-12-16,17.101037979125977,45.49383544921875,50.608707427978516,28.116491317749023,18.755064010620117,28.584087371826172,162.57894897460938,20.350868225097656,18.473886489868164
2014-12-17,17.290546417236328,46.730430603027344,51.45246887207031,28.810935974121094,19.038095474243164,29.06951141357422,165.7662353515625,20.752689361572266,18.81397247314453
2014-12-18,17.940292358398438,47.42025375366211,52.912166595458984,29.609554290771484,19.421024322509766,29.656688690185547,169.86546325683594,21.241859436035156,19.256067276000977
2014-12-19,18.192975997924805,47.399227142333984,53.139984130859375,29.942340850830078,19.492168426513672,29.727130889892578,170.58816528320312,21.390535354614258,19.404735565185547
2014-12-22,18.34638786315918,47.79882049560547,53.139984130859375,29.93362045288086,19.626068115234375,29.94635772705078,171.3729248046875,21.456315994262695,19.421850204467773
2014-12-23,18.352705001831055,48.03435134887695,53.156864166259766,29.951053619384766,19.734874725341797,30.07162094116211,171.60418701171875,21.408063888549805,19.564430236816406
2014-12-24,18.382484436035156,48.142887115478516,53.05561447143555,30.01203727722168,19.72650146484375,30.11859893798828,171.6207275390625,21.447542190551758,19.545419692993164
2014-12-26,18.590045928955078,48.44694137573242,53.18218231201172,30.099157333374023,19.751615524291992,30.204727172851562,172.17410278320312,21.519908905029297,19.56633758544922
2014-12-29,18.433923721313477,48.69190216064453,53.19904327392578,30.17755889892578,19.776721954345703,30.31434440612793,172.4053955078125,21.557174682617188,19.598648071289062
2014-12-30,18.31931495666504,48.46805953979492,52.99655532836914,29.97719383239746,19.64280891418457,30.087303161621094,171.4803009033203,21.40149688720703,19.53781509399414
2014-12-31,18.192975997924805,48.16823196411133,52.52403259277344,29.733257293701172,19.483793258666992,29.719303131103516,169.77870178222656,21.234840393066406,19.305877685546875
2015-01-02,18.201997756958008,47.81349182128906,52.51560974121094,29.663557052612305,19.458694458007812,29.750619888305664,169.68783569335938,21.18002700805664,19.277362823486328
2015-01-05,17.763418197631836,47.082889556884766,51.72247314453125,28.888219833374023,19.157390594482422,29.437448501586914,166.6233367919922,20.855491638183594,18.935165405273438
2015-01-06,17.696640014648438,46.29741668701172,51.27528381347656,28.409069061279297,19.031845092773438,29.33568572998047,165.05389404296875,20.69322967529297,18.783065795898438
2015-01-07,17.777860641479492,46.77884292602539,51.85746765136719,28.687847137451172,19.266189575195312,29.727130889892578,167.1106414794922,20.94319725036621,18.902843475341797
2015-01-08,18.1749267578125,47.59811782836914,52.827796936035156,29.288959503173828,19.57585334777832,30.126440048217773,170.07601928710938,21.333526611328125,19.252649307250977
2015-01-09,18.021514892578125,47.133575439453125,52.372169494628906,29.027597427368164,19.40846824645996,29.860231399536133,168.7131805419922,21.171253204345703,19.111970901489258
2015-01-12,18.183948516845703,46.97309112548828,51.94184875488281,28.60944366455078,19.274559020996094,29.78193473815918,167.39154052734375,21.015562057495117,18.908552169799805
2015-01-13,18.039560317993164,47.1673698425293,51.79840850830078,28.504901885986328,19.215974807739258,29.758459091186523,166.92071533203125,20.993642807006836,18.830602645874023
2015-01-14,17.985414505004883,46.9393196105957,51.595909118652344,28.25225257873535,19.149015426635742,29.758459091186523,165.91294860839844,20.90153694152832,18.695613861083984
2015-01-15,17.579320907592773,46.20028305053711,51.114967346191406,27.720840454101562,19.073694229125977,29.754539489746094,164.3931427001953,20.68226432800293,18.53972625732422
2015-01-16,17.696640014648438,46.947757720947266,51.80685806274414,28.217416763305664,19.232711791992188,30.052631378173828,166.54904174804688,20.971715927124023,18.807785034179688
2015-01-20,17.94931983947754,46.64792251586914,52.04309844970703,28.339387893676758,19.266189575195312,30.044782638549805,166.9041748046875,21.024337768554688,18.773561477661133
2015-01-21,18.274194717407227,46.567691802978516,52.14435577392578,28.60944366455078,19.349882125854492,30.131072998046875,167.74676513671875,21.12739372253418,18.912349700927734
2015-01-22,18.525068283081055,47.53899383544922,52.979671478271484,29.053747177124023,19.64280891418457,30.51544952392578,170.24130249023438,21.445348739624023,19.163297653198242
2015-01-23,18.617115020751953,47.40808868408203,52.86156463623047,28.931781768798828,19.508901596069336,30.295827865600586,169.30789184570312,21.39272117614746,19.02641487121582
2015-01-26,18.72540855407715,47.830387115478516,52.9543571472168,29.123437881469727,19.542383193969727,30.358562469482422,169.70433044433594,21.467275619506836,19.037818908691406
2015-01-27,18.445653915405273,47.57699203491211,52.068424224853516,28.76625633239746,19.349882125854492,30.225202560424805,167.46583557128906,21.087923049926758,18.87812614440918
2015-01-28,18.364437103271484,46.871742248535156,51.57903289794922,28.278398513793945,19.107173919677734,29.864364624023438,165.3182373046875,20.8708438873291,18.551137924194336
2015-01-29,18.40053367614746,47.42496109008789,52.07683563232422,28.652992248535156,19.291296005249023,30.099685668945312,166.84634399414062,21.10984992980957,18.697526931762695
2015-01-30,18.26517105102539,46.44099044799805,51.61277770996094,28.391645431518555,18.956525802612305,29.550580978393555,164.74826049804688,20.829185485839844,18.442768096923828
2015-02-02,18.379777908325195,47.0026741027832,52.07683563232422,28.73141098022461,19.149015426635742,29.895740509033203,166.7885284423828,21.02872085571289,18.733646392822266
2015-02-03,18.25614356994629,47.83460235595703,52.86156463623047,29.34122657775879,19.458694458007812,30.185998916625977,169.2005157470703,21.234840393066406,19.060632705688477
2015-02-04,18.463703155517578,47.73326110839844,52.48185729980469,29.10601043701172,19.349882125854492,30.099685668945312,168.55621337890625,21.177831649780273,18.95227813720703
2015-02-05,18.806625366210938,48.35826873779297,53.123104095458984,29.40220069885254,19.542383193969727,30.41347885131836,170.25782775878906,21.423423767089844,19.203216552734375
2015-02-06,18.763307571411133,48.32024383544922,52.768733978271484,29.31509017944336,19.46705436706543,29.989887237548828,169.78697204589844,21.261154174804688,19.195613861083984
2015-02-09,18.660430908203125,47.87261199951172,52.5999870300293,29.166990280151367,19.383363723754883,29.825136184692383,169.0270538330078,21.16686248779297,19.142385482788086
2015-02-10,18.815650939941406,48.1175537109375,53.156864166259766,29.567731857299805,19.57585334777832,30.1075382232666,170.8277130126953,21.438772201538086,19.260251998901367
2015-02-11,18.974477767944336,48.07532501220703,53.18218231201172,29.524179458618164,19.550750732421875,29.974184036254883,170.92689514160156,21.508935928344727,19.252649307250977
2015-02-12,19.117063522338867,48.66654586791992,53.62092590332031,30.073020935058594,19.64280891418457,30.162445068359375,172.5706329345703,21.70848274230957,19.42565155029297
2015-02-13,19.35710906982422,48.932594299316406,53.95000076293945,30.334369659423828,19.751615524291992,30.013874053955078,173.28102111816406,21.818124771118164,19.5017032623291
2015-02-17,19.257841110229492,48.97904586791992,53.98374938964844,30.430192947387695,19.734874725341797,30.013874053955078,173.55357360839844,21.844430923461914,19.54351806640625
2015-02-18,19.284915924072266,49.09729766845703,54.093441009521484,30.447620391845703,19.810197830200195,30.233976364135742,173.57012939453125,21.91678810119629,19.46367835998535
2015-02-19,19.438329696655273,49.050846099853516,54.19468688964844,30.621856689453125,19.776721954345703,30.006011962890625,173.4462127685547,21.903642654418945,19.437055587768555
2015-02-20,19.56827735900879,49.13109588623047,54.591251373291016,30.900636672973633,19.902257919311523,30.108230590820312,174.4869384765625,22.06810188293457,19.469375610351562
2015-02-23,19.384180068969727,49.215538024902344,54.63344192504883,30.700265884399414,19.902257919311523,30.17110252380371,174.46218872070312,22.120723724365234,19.5017032623291
2015-02-24,19.331844329833984,49.33378982543945,54.7515754699707,30.787399291992188,19.960851669311523,30.131813049316406,174.9578094482422,22.125112533569336,19.575834274291992
2015-02-25,19.339061737060547,49.325340270996094,54.83595275878906,30.86579132080078,19.969215393066406,30.068906784057617,174.8091278076172,22.11414909362793,19.549224853515625
2015-02-26,19.5285701751709,49.47739028930664,54.80219268798828,30.674123764038086,19.94410514831543,29.99030303955078,174.6026611328125,22.15142250061035,19.513099670410156
2015-02-27,19.4112548828125,49.2324333190918,54.71781921386719,30.526029586791992,19.877151489257812,29.98241424560547,174.00791931152344,22.072481155395508,19.484586715698242
2015-03-02,19.40132713317871,49.604068756103516,55.13970184326172,30.708972930908203,20.01105499267578,30.061065673828125,175.10647583007812,22.250099182128906,19.520708084106445
2015-03-03,19.257841110229492,49.31266784667969,54.8275146484375,30.587020874023438,19.91899299621582,29.99815559387207,174.38784790039062,22.129493713378906,19.461769104003906
2015-03-04,19.14864730834961,49.00862121582031,54.59969711303711,30.430192947387695,19.793458938598633,29.754446029663086,173.65267944335938,22.041784286499023,19.36100959777832
2015-03-05,19.2686710357666,49.071956634521484,54.768455505371094,30.48247528076172,19.877151489257812,29.943138122558594,173.84274291992188,22.09002685546875,19.397136688232422
2015-03-06,18.920331954956055,48.39627456665039,53.941566467285156,30.04688835144043,19.567487716674805,29.353527069091797,171.39772033691406,21.763303756713867,19.121469497680664
2015-03-09,18.77052879333496,48.71722412109375,54.24531936645508,30.020750045776367,19.709758758544922,29.52651023864746,172.10804748535156,21.861976623535156,19.231733322143555
2015-03-10,18.570188522338867,48.142887115478516,53.342491149902344,29.38479995727539,19.425209045410156,29.188478469848633,169.31613159179688,21.511131286621094,18.92184829711914
2015-03-11,18.648704528808594,48.451171875,53.07249450683594,29.498050689697266,19.37498664855957,29.10983657836914,168.919677734375,21.427806854248047,18.880029678344727
2015-03-12,18.66223907470703,49.29155349731445,53.62936782836914,29.83779525756836,19.626068115234375,29.612958908081055,171.06727600097656,21.66682243347168,19.144283294677734
2015-03-13,18.604482650756836,49.11842727661133,53.26655197143555,29.611295700073242,19.517271041870117,29.41288185119629,170.01820373535156,21.56594467163086,18.997901916503906
2015-03-16,18.77052879333496,49.28733444213867,54.051239013671875,30.00331687927246,19.74323844909668,29.830360412597656,172.289794921875,21.853206634521484,19.23933982849121
2015-03-17,18.83370018005371,49.392906188964844,53.814998626708984,29.916210174560547,19.651182174682617,29.704315185546875,171.7777099609375,21.833467483520508,19.14808464050293
2015-03-18,18.77052879333496,49.84477996826172,54.47312545776367,30.42149543762207,19.86878204345703,30.129701614379883,173.84274291992188,22.043973922729492,19.40663719177246
2015-03-19,19.041259765625,49.93768310546875,54.464698791503906,30.18627166748047,19.768352508544922,29.948524475097656,173.04966735839844,22.074676513671875,19.2469482421875
2015-03-20,19.248817443847656,50.465572357177734,54.98782730102539,30.540437698364258,19.945478439331055,30.29511070251465,174.5772247314453,22.25704574584961,19.447267532348633
2015-03-23,19.21272087097168,50.541587829589844,54.979393005371094,30.374698638916016,19.920289993286133,30.287229537963867,174.23704528808594,22.177852630615234,19.43006706237793
2015-03-24,19.21272087097168,50.56694030761719,54.59969711303711,30.278738021850586,19.853137969970703,30.082429885864258,173.2580108642578,22.10085105895996,19.284793853759766
2015-03-25,18.779552459716797,49.52014923095703,53.816490173339844,29.78150177001953,19.584514617919922,29.696460723876953,170.71910095214844,21.65866470336914,19.110851287841797
2015-03-26,18.761505126953125,49.363365173339844,53.7318229675293,29.746612548828125,19.5257511138916,29.62556266784668,170.31260681152344,21.61466407775879,19.047767639160156
2015-03-27,18.734432220458984,49.61337661743164,53.757225036621094,29.772789001464844,19.60130500793457,29.712207794189453,170.70252990722656,21.693859100341797,19.03630256652832
2015-03-30,18.951013565063477,50.215171813964844,54.37531280517578,30.15660858154297,19.836345672607422,30.098194122314453,172.78504943847656,21.89626121520996,19.34404945373535
2015-03-31,18.802114486694336,50.020233154296875,53.85883331298828,29.92108154296875,19.69363784790039,29.87761116027832,171.2750244140625,21.689462661743164,19.194950103759766
2015-04-01,18.499799728393555,49.952430725097656,53.53707504272461,29.81640625,19.609695434570312,29.80674171447754,170.66932678222656,21.577260971069336,19.10129165649414
2015-04-02,18.642385482788086,50.1049919128418,53.63867950439453,30.008310317993164,19.668453216552734,29.940641403198242,171.28329467773438,21.66745948791504,19.206422805786133
2015-04-06,18.9239444732666,50.26179504394531,53.93503189086914,30.339799880981445,19.794370651245117,30.153318405151367,172.4365692138672,21.788467407226562,19.34022331237793
2015-04-07,18.9149169921875,49.90581130981445,54.03663635253906,30.270008087158203,19.744001388549805,29.948524475097656,171.9802703857422,21.757658004760742,19.365074157714844
2015-04-08,19.14594078063965,50.23211669921875,54.1043815612793,30.392147064208984,19.777587890625,29.9879150390625,172.56103515625,21.852262496948242,19.284793853759766
2015-04-09,19.239791870117188,50.020233154296875,54.37531280517578,30.662569046020508,19.853137969970703,29.917007446289062,173.32435607910156,21.92486000061035,19.361251831054688
2015-04-10,19.393207550048828,50.249080657958984,54.51079177856445,30.68001365661621,19.90349769592285,30.035167694091797,174.2701873779297,22.01725959777832,19.550485610961914
2015-04-13,19.429304122924805,50.24059295654297,54.332984924316406,30.601503372192383,19.794370651245117,29.885496139526367,173.4819793701172,21.946861267089844,19.470205307006836
2015-04-14,19.302963256835938,50.24059295654297,54.19749450683594,30.741073608398438,19.811166763305664,29.932769775390625,173.81390380859375,21.902854919433594,19.50652313232422
2015-04-15,19.492473602294922,50.596595764160156,54.53618621826172,31.194690704345703,19.853137969970703,29.915414810180664,174.5937957763672,22.012855529785156,19.65943717956543
2015-04-16,19.709054946899414,50.465206146240234,54.40071487426758,31.133630752563477,19.836345672607422,29.915414810180664,174.5440216064453,21.997455596923828,19.609737396240234
2015-04-17,19.311988830566406,49.66847229003906,53.714874267578125,30.73233985900879,19.626482009887695,29.61545753479004,172.53614807128906,21.740062713623047,19.391834259033203
2015-04-20,19.40222930908203,50.22789001464844,54.30758285522461,30.97661018371582,19.819555282592773,29.820690155029297,174.11257934570312,21.990861892700195,19.5313720703125
2015-04-21,19.485254287719727,50.092281341552734,54.35838317871094,30.941713333129883,19.802762985229492,29.71807098388672,173.90516662597656,22.02165985107422,19.447267532348633
2015-04-22,19.636863708496094,50.18552017211914,54.680137634277344,31.124897003173828,19.86992645263672,29.804901123046875,174.75978088378906,22.15585708618164,19.502704620361328
2015-04-23,19.839906692504883,50.494895935058594,54.9426155090332,31.264482498168945,19.90349769592285,29.875919342041016,175.19949340820312,22.23285484313965,19.621204376220703
2015-04-24,19.841711044311523,50.39318084716797,55.14580535888672,31.090007781982422,19.90349769592285,29.939083099365234,175.60601806640625,22.294450759887695,19.56386947631836
2015-04-27,20.06100082397461,50.02447509765625,54.934146881103516,30.89809226989746,19.844741821289062,29.773332595825195,174.87588500976562,22.184452056884766,19.50843620300293
2015-04-28,19.60978889465332,50.35503387451172,54.993404388427734,31.011507034301758,19.836345672607422,29.875919342041016,175.43182373046875,22.217453002929688,19.581064224243164
2015-04-29,19.44734764099121,49.80409240722656,54.680137634277344,31.081295013427734,19.727216720581055,29.57598114013672,174.70994567871094,22.089853286743164,19.5313720703125
2015-04-30,18.91040802001953,48.867523193359375,53.95196533203125,30.73233985900879,19.5257511138916,29.268152236938477,172.9593048095703,21.768657684326172,19.44917106628418
2015-05-01,18.761505126953125,49.159934997558594,54.722442626953125,31.037670135498047,19.727216720581055,29.52863121032715,174.83441162109375,22.061256408691406,19.602096557617188
2015-05-04,18.961843490600586,49.28707504272461,54.84099578857422,31.07254981994629,19.811166763305664,29.63124656677246,175.33221435546875,22.092058181762695,19.707225799560547
2015-05-05,18.743459701538086,48.770042419433594,54.27372360229492,30.697460174560547,19.60130500793457,29.236572265625,173.32435607910156,21.806055068969727,19.5199031829834
2015-05-06,18.626140594482422,48.867523193359375,53.968894958496094,30.531719207763672,19.550935745239258,29.165538787841797,172.61085510253906,21.711458206176758,19.38800621032715
2015-05-07,18.824676513671875,49.07941818237305,54.25677490234375,30.540437698364258,19.651670455932617,29.354976654052734,173.29946899414062,21.854459762573242,19.493141174316406
2015-05-08,18.806625366210938,49.388771057128906,55.06962203979492,30.9504337310791,19.844741821289062,29.66282081604004,175.58116149902344,22.15585708618164,19.716781616210938
2015-05-11,18.951013565063477,49.42269515991211,54.9002685546875,30.845766067504883,19.769184112548828,29.449678421020508,174.7432098388672,22.052459716796875,19.647966384887695
2015-05-12,18.86077117919922,49.28707504272461,54.730934143066406,30.706188201904297,19.76079559326172,29.386558532714844,174.22047424316406,21.99305534362793,19.590625762939453
2015-05-13,18.960041046142578,49.257408142089844,54.713993072509766,30.741073608398438,19.744001388549805,29.323402404785156,174.25363159179688,21.96666145324707,19.577247619628906
2015-05-14,19.113454818725586,49.81681823730469,55.37442398071289,30.889373779296875,19.937082290649414,29.74175453186035,176.07069396972656,22.272451400756836,19.701488494873047
2015-05-15,19.07013702392578,49.753257751464844,55.416748046875,30.845766067504883,19.979055404663086,29.804243087768555,176.2615203857422,22.279054641723633,19.72633934020996
2015-05-18,19.175724029541016,50.22365951538086,55.56916046142578,31.011507034301758,20.01262855529785,29.875425338745117,176.80908203125,22.3802490234375,19.80279541015625
2015-05-19,19.18564796447754,50.20246124267578,55.61997985839844,30.697460174560547,20.021034240722656,29.938692092895508,176.75106811523438,22.347253799438477,19.764572143554688
2015-05-20,19.14954948425293,50.236358642578125,55.56068801879883,30.68001365661621,20.01262855529785,29.883344650268555,176.62661743164062,22.32744789123535,19.80279541015625
2015-05-21,19.32101058959961,50.206703186035156,55.65382385253906,30.924253463745117,20.04620933532715,29.851713180541992,177.14102172851562,22.364845275878906,19.84103012084961
2015-05-22,19.363428115844727,49.96937942504883,55.48451232910156,30.871925354003906,19.962263107299805,29.820070266723633,176.7178497314453,22.37364959716797,19.81809425354004
2015-05-26,19.23076629638672,49.388771057128906,54.807132720947266,30.3659725189209,19.785978317260742,29.5432186126709,174.81788635253906,22.10965919494629,19.54475212097168
2015-05-27,19.239791870117188,49.952430725097656,55.255897521972656,30.68001365661621,19.911901473999023,29.788429260253906,176.47723388671875,22.37364959716797,19.737804412841797
2015-05-28,19.474422454833984,49.97785186767578,55.222007751464844,30.48810577392578,19.878318786621094,29.756778717041016,176.27809143066406,22.33184242248535,19.69766616821289
2015-05-29,19.48886489868164,49.57949447631836,54.77325439453125,30.287464141845703,19.76079559326172,29.5432186126709,175.18287658691406,22.184452056884766,19.632678985595703
2015-06-01,19.42028045654297,49.77866744995117,54.917198181152344,30.278738021850586,19.819555282592773,29.582761764526367,175.5396728515625,22.23285484313965,19.678558349609375
2015-06-02,19.454570770263672,49.91427993774414,54.866397857666016,30.453214645385742,19.744001388549805,29.511552810668945,175.36544799804688,22.217453002929688,19.609737396240234
2015-06-03,19.56467056274414,50.42706298828125,54.96800994873047,30.427038192749023,19.802762985229492,29.582761764526367,175.8300323486328,22.230653762817383,19.69576072692871
2015-06-04,19.492473602294922,49.96513748168945,54.468448638916016,30.104265213012695,19.643272399902344,29.313825607299805,174.34487915039062,22.037057876586914,19.479761123657227
2015-06-05,19.515033721923828,50.27876281738281,54.35838317871094,30.304908752441406,19.5593204498291,29.171459197998047,174.04623413085938,22.01725959777832,19.49696159362793
2015-06-08,19.492473602294922,50.04989242553711,54.011234283447266,30.025758743286133,19.475379943847656,29.060710906982422,172.9758758544922,21.880861282348633,19.41094970703125
2015-06-09,19.366132736206055,49.91853332519531,54.00276184082031,30.01704216003418,19.475379943847656,29.0765323638916,172.9509735107422,21.81926155090332,19.42241859436035
2015-06-10,19.718082427978516,50.62626266479492,54.73939514160156,30.444480895996094,19.651670455932617,29.400840759277344,175.02520751953125,22.107454299926758,19.66899871826172
2015-06-11,19.654909133911133,50.66439437866211,54.95953369140625,30.392147064208984,19.727216720581055,29.57485008239746,175.58949279785156,22.16905975341797,19.684289932250977
2015-06-12,19.537593841552734,50.57115936279297,54.519256591796875,30.20022964477539,19.626482009887695,29.36919403076172,174.24530029296875,21.999658584594727,19.540931701660156
2015-06-15,19.284915924072266,50.44402313232422,54.23136520385742,30.025758743286133,19.54253578186035,29.179798126220703,173.4985809326172,21.898456573486328,19.470205307006836
2015-06-16,19.51052474975586,50.81696319580078,54.58700180053711,30.191505432128906,19.61808967590332,29.41751480102539,174.4444580078125,22.023860931396484,19.55813217163086
2015-06-17,19.700031280517578,50.68558883666992,54.798667907714844,30.23512077331543,19.718822479248047,29.496789932250977,174.72654724121094,22.10525894165039,19.61355972290039
2015-06-18,19.8985652923584,51.27041244506836,55.365928649902344,30.470651626586914,19.928688049316406,29.82964515686035,176.54356384277344,22.36264991760254,19.73398208618164
2015-06-19,19.853443145751953,51.27889633178711,55.188133239746094,30.283193588256836,19.86962127685547,29.631507873535156,175.7598876953125,22.250476837158203,19.64708137512207
2015-06-22,19.8985652923584,51.56283950805664,55.382896423339844,30.607309341430664,19.91181755065918,29.766246795654297,176.66030883789062,22.378551483154297,19.76051139831543
2015-06-23,20.06100082397461,51.69844055175781,55.28974914550781,30.6511173248291,19.894935607910156,29.686988830566406,176.7853546142578,22.38076400756836,19.793203353881836
2015-06-24,19.799299240112305,51.34906768798828,54.986915588378906,30.370779037475586,19.75994300842285,29.520553588867188,175.50140380859375,22.248262405395508,19.622093200683594
2015-06-25,19.763202667236328,51.28105926513672,54.782737731933594,30.151784896850586,19.70088768005371,29.393749237060547,174.96783447265625,22.2305965423584,19.54326820373535
2015-06-26,19.618816375732422,51.20456314086914,54.731712341308594,30.06418800354004,19.751506805419922,29.5522518157959,174.9344940185547,22.16213607788086,19.564407348632812
2015-06-29,19.09540557861328,50.022953033447266,53.5152587890625,29.23198699951172,19.422456741333008,28.97374725341797,171.26602172851562,21.685157775878906,19.18950653076172
2015-06-30,19.26686668395996,50.103702545166016,53.76195526123047,29.38091278076172,19.43088722229004,29.037126541137695,171.62449645996094,21.777896881103516,19.220264434814453
2015-07-01,19.23076629638672,50.345970153808594,54.034183502197266,29.337112426757812,19.641820907592773,29.480926513671875,173.00021362304688,21.857402801513672,19.32408332824707
2015-07-02,19.174819946289062,50.01868438720703,54.119239807128906,29.310823440551758,19.624950408935547,29.425460815429688,172.84178161621094,21.93027687072754,19.32793426513672
2015-07-06,19.039451599121094,49.93793869018555,53.88956832885742,28.969188690185547,19.574317932128906,29.385833740234375,172.3498992919922,21.855195999145508,19.156822204589844
2015-07-07,18.932966232299805,50.01020812988281,54.263858795166016,29.18819808959961,19.75994300842285,29.766246795654297,173.4337615966797,21.987689971923828,19.32408332824707
2015-07-08,18.75248146057129,49.351375579833984,53.4387092590332,28.408554077148438,19.5068302154541,29.362071990966797,170.52403259277344,21.667484283447266,19.024160385131836
2015-07-09,18.905895233154297,49.46189498901367,53.60032653808594,28.627561569213867,19.54057502746582,29.44923973083496,170.83253479003906,21.696191787719727,19.12029457092285
2015-07-10,19.104427337646484,50.133460998535156,54.161773681640625,28.86408042907715,19.709320068359375,29.726612091064453,172.98348999023438,21.987689971923828,19.28755760192871
2015-07-13,19.34808349609375,50.532989501953125,54.88482666015625,29.205713272094727,19.894935607910156,29.964365005493164,174.89285278320312,22.24163818359375,19.468278884887695
2015-07-14,19.460887908935547,50.758262634277344,55.123023986816406,29.407201766967773,19.9371280670166,30.027759552001953,175.6514892578125,22.347633361816406,19.554798126220703
2015-07-15,19.325525283813477,50.405487060546875,55.08897399902344,29.109352111816406,19.86962127685547,30.020620346069336,175.59317016601562,22.32113265991211,19.524028778076172
2015-07-16,19.71627426147461,50.74126434326172,55.48029327392578,29.310823440551758,19.979305267333984,30.227041244506836,177.002197265625,22.55300521850586,19.6547794342041
2015-07-17,19.78125,50.43948745727539,55.86311340332031,29.1005916595459,19.9371280670166,30.100011825561523,177.1522674560547,22.667835235595703,19.568254470825195
2015-07-20,19.808324813842773,50.18870162963867,55.98219680786133,28.872835159301758,19.92868995666504,30.14764976501465,177.24392700195312,22.75616455078125,19.545183181762695
2015-07-21,19.736129760742188,50.05270004272461,55.82056427001953,28.802757263183594,19.82744026184082,30.004722595214844,176.5435791015625,22.689924240112305,19.431753158569336
2015-07-22,19.537593841552734,50.17594528198242,55.59088897705078,28.574993133544922,19.81056785583496,30.076202392578125,176.2267608642578,22.575090408325195,19.431753158569336
2015-07-23,19.672956466674805,49.55964279174805,55.29316329956055,28.4786319732666,19.709320068359375,29.909454345703125,175.23460388183594,22.43596649169922,19.314477920532227
2015-07-24,19.763202667236328,48.9135856628418,54.46800994873047,27.85668182373047,19.565889358520508,29.750648498535156,173.41709899902344,22.270347595214844,19.060688018798828
2015-07-27,19.537593841552734,48.603328704833984,54.119239807128906,27.42743682861328,19.456199645996094,29.687137603759766,172.40821838378906,22.120189666748047,18.94148826599121
2015-07-28,19.826372146606445,48.97309875488281,54.84231948852539,28.014358520507812,19.71775245666504,29.965057373046875,174.52598571777344,22.405052185058594,19.204885482788086
2015-07-29,19.691007614135742,49.23663330078125,55.301673889160156,28.312198638916016,19.920249938964844,30.19530487060547,175.72653198242188,22.550796508789062,19.341392517089844
2015-07-30,19.537593841552734,49.44063949584961,55.48029327392578,28.338476181030273,19.9371280670166,30.274694442749023,175.7682342529297,22.572879791259766,19.35869789123535
2015-07-31,19.40222930908203,49.687164306640625,55.31016540527344,28.172035217285156,19.953998565673828,30.28262710571289,175.50140380859375,22.546377182006836,19.302940368652344
2015-08-03,19.050283432006836,49.41939163208008,55.08897399902344,27.918006896972656,19.886497497558594,30.354087829589844,174.90943908691406,22.471290588378906,19.135671615600586
2015-08-04,18.996135711669922,49.41513442993164,55.106014251708984,28.02311897277832,19.878067016601562,30.29056739807129,174.56761169433594,22.477922439575195,19.154897689819336
2015-08-05,19.041259765625,49.61491012573242,55.556846618652344,28.119478225708008,19.996185302734375,30.46525001525879,175.1428985595703,22.546377182006836,19.22796058654785
2015-08-06,18.77052879333496,49.194122314453125,54.88482666015625,28.02311897277832,19.878067016601562,30.306447982788086,173.70889282226562,22.31451988220215,19.160661697387695
2015-08-07,18.749774932861328,48.94335174560547,54.765743255615234,27.830402374267578,19.82744026184082,30.28262710571289,173.3754119873047,22.24605941772461,19.072221755981445
2015-08-10,19.203697204589844,49.48313522338867,55.395240783691406,28.548721313476562,20.038368225097656,30.56053352355957,175.55978393554688,22.4977970123291,19.34908103942871
2015-08-11,18.94921112060547,49.14311218261719,54.961395263671875,28.119478225708008,19.886497497558594,30.449369430541992,173.97572326660156,22.310096740722656,19.187578201293945
2015-08-12,18.77052879333496,48.97734451293945,55.037960052490234,28.21584129333496,19.86962127685547,30.42556381225586,174.1841278076172,22.299057006835938,19.15104866027832
2015-08-13,18.940183639526367,48.900848388671875,55.04647445678711,28.005598068237305,19.861183166503906,30.48111915588379,173.9674072265625,22.325550079345703,19.158740997314453
2015-08-14,18.9149169921875,49.33863067626953,55.174049377441406,28.049400329589844,19.979305267333984,30.65854835510254,174.60093688964844,22.413883209228516,19.15297508239746
2015-08-17,19.05660057067871,49.704158782958984,55.46328353881836,28.21584129333496,20.02993392944336,30.76194953918457,175.5764617919922,22.56625747680664,19.310626983642578
2015-08-18,18.932966232299805,49.410884857177734,55.395240783691406,28.04063606262207,20.021495819091797,30.76988410949707,175.0679168701172,22.50662612915039,19.24718475341797
2015-08-19,18.72540855407715,48.93059539794922,55.18256378173828,27.611404418945312,19.92868995666504,30.555110931396484,173.68386840820312,22.411678314208984,19.102985382080078
2015-08-20,17.94931983947754,47.88924789428711,54.034183502197266,26.814245223999023,19.582759857177734,30.101686477661133,170.05711364746094,21.87285614013672,18.73577308654785
2015-08-21,17.624446868896484,47.27294158935547,52.128692626953125,25.920734405517578,19.07653045654297,29.35390853881836,164.93804931640625,21.163999557495117,18.166683197021484
2015-08-24,17.110057830810547,45.436763763427734,50.13813781738281,24.77318000793457,18.4352970123291,27.802671432495117,157.99293518066406,20.318235397338867,17.453386306762695
2015-08-25,17.489078521728516,44.92671203613281,49.55118179321289,24.370216369628906,18.561857223510742,27.293567657470703,156.1337127685547,20.073123931884766,17.143848419189453
2015-08-26,17.54773712158203,46.04882049560547,51.830955505371094,25.316293716430664,18.730600357055664,28.62204933166504,162.12831115722656,20.938758850097656,17.714868545532227
2015-08-27,18.088293075561523,46.79262924194336,52.87727737426758,26.455093383789062,19.11027717590332,29.14707374572754,166.13851928710938,21.40691566467285,18.139759063720703
2015-08-28,18.26517105102539,47.141170501708984,52.894287109375,26.682846069335938,19.0849609375,29.035701751708984,166.14694213867188,21.369382858276367,18.182064056396484
2015-08-31,18.138830184936523,47.10717010498047,52.31582260131836,26.744165420532227,18.92466163635254,28.765226364135742,164.8046112060547,21.17725944519043,18.132076263427734
2015-09-01,17.480056762695312,45.82780456542969,50.886714935302734,25.763050079345703,18.426862716674805,28.041343688964844,159.88552856445312,20.605310440063477,17.589902877807617
2015-09-02,17.674076080322266,46.461116790771484,51.77140808105469,26.19228744506836,18.76435089111328,28.502723693847656,162.92037963867188,21.01163673400879,17.862903594970703
2015-09-03,17.877124786376953,46.541866302490234,51.88200378417969,26.297409057617188,18.874034881591797,28.62204933166504,163.0370635986328,20.98514175415039,17.905202865600586
2015-09-04,17.525177001953125,46.14658737182617,51.14192199707031,25.920734405517578,18.570297241210938,28.176559448242188,160.5692596435547,20.70027732849121,17.697561264038086
2015-09-08,18.066635131835938,47.10717010498047,52.392391204833984,26.761686325073242,18.992156982421875,28.805025100708008,164.60446166992188,21.201547622680664,18.055171966552734
2015-09-09,18.129804611206055,46.66514205932617,51.54173278808594,26.349964141845703,18.781227111816406,28.383394241333008,162.40342712402344,20.901222229003906,17.795618057250977
2015-09-10,18.0576114654541,46.69488525390625,51.87348937988281,26.481367111206055,18.806541442871094,28.486812591552734,163.28720092773438,21.053590774536133,17.86098289489746
2015-09-11,18.14785385131836,46.86489486694336,52.19674301147461,26.37624740600586,18.874034881591797,28.701601028442383,164.02919006347656,21.141925811767578,17.93212127685547
2015-09-14,18.111757278442383,46.6863899230957,51.98406982421875,26.28864860534668,18.814971923828125,28.62204933166504,163.42059326171875,21.09113311767578,17.851375579833984
2015-09-15,18.34638786315918,47.200687408447266,52.656105041503906,26.682846069335938,19.042781829833984,28.915332794189453,165.4632110595703,21.37600326538086,18.099393844604492
2015-09-16,18.562969207763672,47.6937255859375,53.013370513916016,27.164634704589844,19.20308494567871,29.162418365478516,166.89724731445312,21.510704040527344,18.2705020904541
2015-09-17,18.72540855407715,47.73197555541992,52.95382308959961,26.998197555541992,19.16089630126953,29.11458969116211,166.52207946777344,21.515117645263672,18.147457122802734
2015-09-18,18.43663215637207,46.941402435302734,52.15420913696289,26.307518005371094,18.87347412109375,28.74798583984375,163.80087280273438,21.23200798034668,17.828004837036133
2015-09-21,18.31931495666504,47.12417221069336,52.38389205932617,26.351516723632812,19.00065040588379,28.995058059692383,164.64735412597656,21.30295753479004,17.94215965270996
2015-09-22,17.940292358398438,46.47811508178711,51.95003890991211,25.79720687866211,18.780208587646484,28.652318954467773,162.51026916503906,21.061304092407227,17.715782165527344
2015-09-23,17.904197692871094,46.431358337402344,51.830955505371094,25.454063415527344,18.72933578491211,28.70813751220703,162.25045776367188,21.039133071899414,17.667407989501953
2015-09-24,17.696640014648438,46.38036346435547,51.686336517333984,25.313291549682617,18.71238136291504,28.6284236907959,161.66380310058594,20.946016311645508,17.59969139099121
2015-09-25,17.50712776184082,46.33259201049805,51.73160934448242,25.269296646118164,18.746292114257812,28.74798583984375,161.62185668945312,20.87063980102539,17.6848201751709
2015-09-28,17.146156311035156,45.08738327026367,50.595497131347656,24.319059371948242,18.3817081451416,28.221961975097656,157.5655975341797,20.280925750732422,17.332670211791992
2015-09-29,16.866403579711914,44.886966705322266,50.74925231933594,24.345457077026367,18.449546813964844,28.36541748046875,157.65777587890625,20.285362243652344,17.245603561401367
2015-09-30,16.956645965576172,45.445587158203125,51.637657165527344,25.02293586730957,18.703899383544922,28.660293579101562,160.59945678710938,20.671110153198242,17.545513153076172
2015-10-01,16.722015380859375,45.270774841308594,51.62910461425781,25.110929489135742,18.644554138183594,28.620458602905273,161.0184783935547,20.684419631958008,17.576465606689453
2015-10-02,17.218353271484375,45.78248977661133,52.3124885559082,25.79720687866211,18.898914337158203,28.915332794189453,163.4237518310547,21.094560623168945,17.76222038269043
2015-10-05,17.615421295166016,47.006370544433594,53.14106750488281,26.536283493041992,19.2719669342041,29.425432205200195,166.33181762695312,21.42711067199707,18.23046112060547
2015-10-06,17.353713989257812,46.78461837768555,52.95315170288086,26.721046447753906,19.170223236083984,29.21820640563965,165.76193237304688,21.29408836364746,18.253679275512695
2015-10-07,17.606395721435547,47.56072235107422,53.38026809692383,27.160972595214844,19.28044891357422,29.489187240600586,167.11961364746094,21.453716278076172,18.3717098236084
2015-10-08,17.498106002807617,48.08524703979492,53.901329040527344,27.58330726623535,19.517854690551758,29.847837448120117,168.62811279296875,21.626630783081055,18.578731536865234
2015-10-09,17.890663146972656,48.14923858642578,53.94405746459961,27.486522674560547,19.560245513916016,29.83987808227539,168.7287139892578,21.69314193725586,18.52263069152832
2015-10-12,17.75078582763672,48.20892333984375,53.88425827026367,27.231361389160156,19.568723678588867,29.919574737548828,168.8878936767578,21.741914749145508,18.4877986907959
2015-10-13,17.68761444091797,47.58631896972656,53.491302490234375,26.83542823791504,19.458498001098633,29.71234703063965,167.82362365722656,21.595596313476562,18.423948287963867
2015-10-14,17.597370147705078,47.083126068115234,53.16670608520508,27.090593338012695,19.314363479614258,29.433401107788086,167.01902770996094,21.49361228942871,18.31559944152832
2015-10-15,17.619932174682617,47.982913970947266,53.97821044921875,27.468923568725586,19.492408752441406,29.825481414794922,169.58349609375,21.81064796447754,18.58647346496582
2015-10-16,17.877124786376953,47.982913970947266,54.28572082519531,27.257762908935547,19.551767349243164,29.985197067260742,170.35458374023438,21.877153396606445,18.69483184814453
2015-10-19,17.877124786376953,48.09805679321289,54.35407257080078,27.02019691467285,19.543285369873047,30.096982955932617,170.43833923339844,21.99465560913086,18.625179290771484
2015-10-20,17.593761444091797,48.18758773803711,54.371158599853516,27.099382400512695,19.551767349243164,30.12893295288086,170.22048950195312,21.92592430114746,18.663875579833984
2015-10-21,17.741762161254883,47.44559860229492,54.24301528930664,26.888219833374023,19.534807205200195,30.120935440063477,169.16448974609375,21.812864303588867,18.526498794555664
2015-10-22,17.551347732543945,47.87630081176758,55.456024169921875,27.31055450439453,19.890911102294922,30.727853775024414,172.0223846435547,22.1431941986084,18.867033004760742
2015-10-23,17.877124786376953,48.35392379760742,55.97710037231445,27.61849594116211,19.899385452270508,30.67990493774414,173.9080047607422,22.513429641723633,18.959909439086914
2015-10-26,17.850053787231445,48.13216781616211,55.92583084106445,27.28414535522461,19.882431030273438,30.616039276123047,173.4805450439453,22.513429641723633,18.87091064453125
2015-10-27,17.696640014648438,47.59486389160156,55.80624771118164,26.97620964050293,19.76372718811035,30.600078582763672,173.14535522460938,22.475736618041992,18.77996253967285
2015-10-28,17.886146545410156,48.87416076660156,56.36149978637695,27.416133880615234,19.899385452270508,30.81566619873047,175.11480712890625,22.72182273864746,19.037307739257812
2015-10-29,17.7959041595459,48.4306755065918,56.31877517700195,27.35453987121582,19.95026206970215,30.84761619567871,175.0142364501953,22.75507354736328,19.00634765625
2015-10-30,17.958343505859375,48.20892333984375,56.1052360534668,27.61849594116211,19.865478515625,30.631996154785156,174.25997924804688,22.639795303344727,18.9289493560791
2015-11-02,18.463703155517578,49.12577438354492,56.651920318603516,28.014434814453125,20.052003860473633,30.991336822509766,176.32168579101562,22.910263061523438,19.207569122314453
2015-11-03,18.45919418334961,49.368839263916016,56.92529296875,28.278390884399414,20.060483932495117,30.791717529296875,176.83287048339844,22.923572540283203,19.25014305114746
2015-11-04,18.80301856994629,49.257965087890625,56.75444412231445,28.120018005371094,20.018095016479492,30.727853775024414,176.29647827148438,22.9124813079834,19.132112503051758
2015-11-05,18.644189834594727,49.35179901123047,56.5067138671875,28.02323341369629,20.052003860473633,30.791717529296875,176.12046813964844,22.857057571411133,19.101158142089844
2015-11-06,18.813844680786133,49.61616897583008,56.52378845214844,28.120018005371094,19.916345596313477,30.552152633666992,176.02835083007812,22.834888458251953,19.17081069946289
2015-11-09,18.666748046875,48.89548873901367,55.90019989013672,27.90004539489746,19.789167404174805,30.376461029052734,174.3857421875,22.61319351196289,19.00054359436035
2015-11-10,18.4393367767334,49.002098083496094,56.01979064941406,27.671289443969727,19.840044021606445,30.480295181274414,174.7879180908203,22.597679138183594,19.0198974609375
2015-11-11,18.40053367614746,48.57992935180664,55.88311767578125,27.363344192504883,19.797651290893555,30.536195755004883,174.1007537841797,22.56220054626465,18.96184730529785
2015-11-12,18.084686279296875,47.70147705078125,55.105796813964844,26.81783676147461,19.50089454650879,30.152883529663086,171.6703338623047,22.313892364501953,18.679357528686523
2015-11-13,17.886146545410156,47.38163375854492,54.439491271972656,26.69465446472168,19.297409057617188,29.910493850708008,169.74270629882812,21.974695205688477,18.545848846435547
2015-11-16,17.97639274597168,47.91042709350586,55.26809310913086,27.178573608398438,19.60264015197754,30.358482360839844,172.32400512695312,22.28507423400879,18.793508529663086
2015-11-17,18.001657485961914,47.791015625,55.28516387939453,27.108186721801758,19.628070831298828,30.414472579956055,172.19834899902344,22.316116333007812,18.762557983398438
2015-11-18,18.220048904418945,48.4989013671875,56.147926330566406,27.71527862548828,19.899385452270508,30.8304500579834,174.93040466308594,22.646446228027344,19.064393997192383
2015-11-19,18.50882339477539,48.37096405029297,56.1650276184082,27.5305118560791,19.924823760986328,30.91844367980957,174.77955627441406,22.664186477661133,19.035371780395508
2015-11-20,18.635164260864258,48.750511169433594,56.4383659362793,27.43372917175293,20.077436447143555,30.998445510864258,175.41651916503906,22.792766571044922,19.046979904174805
2015-11-23,18.66223907470703,48.91682434082031,56.4981689453125,27.468923568725586,20.068965911865234,31.02242660522461,175.21542358398438,22.770597457885742,19.00247573852539
2015-11-24,18.617115020751953,49.24942398071289,56.5323486328125,27.77687644958496,20.094398498535156,30.934463500976562,175.45004272460938,22.788330078125,19.074071884155273
2015-11-25,18.86077117919922,49.582069396972656,56.5750617980957,27.7592716217041,20.145273208618164,30.98244857788086,175.4249267578125,22.80607032775879,19.046979904174805
2015-11-27,19.194671630859375,49.718509674072266,56.64337921142578,27.662494659423828,20.162227630615234,31.086442947387695,175.62603759765625,22.80828857421875,19.068260192871094
2015-11-30,19.131502151489258,49.50957489013672,56.35294723510742,27.732879638671875,20.052003860473633,30.95843505859375,174.89694213867188,22.673051834106445,19.031497955322266
2015-12-01,19.23076629638672,49.876304626464844,56.72880554199219,28.076017379760742,20.17070960998535,31.206438064575195,176.56466674804688,22.910263061523438,19.201772689819336
2015-12-02,19.275888442993164,49.424278259277344,56.28461456298828,27.5305118560791,19.958738327026367,30.862442016601562,174.76283264160156,22.72182273864746,18.94056510925293
2015-12-03,18.815650939941406,48.648155212402344,55.438934326171875,27.081790924072266,19.729816436767578,30.470474243164062,172.31568908691406,22.369321823120117,18.702571868896484
2015-12-04,19.00065040588379,49.142826080322266,56.67756652832031,27.27536392211914,20.077436447143555,31.110437393188477,175.6763458251953,22.8437557220459,19.014087677001953
2015-12-07,18.761505126953125,48.405086517333984,56.38713073730469,26.492294311523438,20.02657127380371,31.03845977783203,174.6120147705078,22.7063045501709,18.882509231567383
2015-12-08,18.941991806030273,48.08524703979492,56.062496185302734,26.228334426879883,19.882431030273438,30.926441192626953,173.43869018554688,22.679697036743164,18.718048095703125
2015-12-09,18.69382095336914,47.52236557006836,55.558536529541016,26.175540924072266,19.76372718811035,30.670461654663086,172.08934020996094,22.42475128173828,18.61356544494629
2015-12-10,19.014183044433594,47.641754150390625,55.729366302490234,26.369110107421875,19.76372718811035,30.59846305847168,172.5335693359375,22.462432861328125,18.636783599853516
2015-12-11,18.878820419311523,46.75051498413086,54.61888122558594,25.48045539855957,19.517854690551758,30.198476791381836,169.1896514892578,22.038997650146484,18.284635543823242
2015-12-14,18.238096237182617,46.49037551879883,54.9862060546875,25.295692443847656,19.585689544677734,30.39846420288086,170.0444793701172,22.17644691467285,18.35235595703125
2015-12-15,18.54672622680664,47.13429260253906,55.49018478393555,25.902788162231445,19.72134017944336,30.629287719726562,171.82960510253906,22.322769165039062,18.63872718811035
2015-12-16,18.75248146057129,47.786746978759766,56.19063949584961,26.140348434448242,20.009613037109375,31.134136199951172,174.34378051757812,22.67747688293457,18.894128799438477
2015-12-17,18.944698333740234,47.24944305419922,55.40475082397461,25.515653610229492,19.738300323486328,30.821605682373047,171.68707275390625,22.349369049072266,18.677413940429688
2015-12-18,18.88784408569336,46.47332000732422,54.379703521728516,25.027149200439453,19.418933868408203,30.29269027709961,168.62844848632812,21.911893844604492,18.306190490722656
2015-12-21,18.83370018005371,46.844329833984375,54.858062744140625,25.266096115112305,19.564483642578125,30.52507781982422,170.01954650878906,22.1168155670166,18.38608169555664
2015-12-22,18.9149169921875,47.30060958862305,55.31932067871094,25.59354019165039,19.778541564941406,30.821605682373047,171.5623016357422,22.268285751342773,18.6413631439209
2015-12-23,19.191965103149414,47.837913513183594,55.959999084472656,26.40770721435547,20.001155853271484,31.142179489135742,173.6868438720703,22.462080001831055,18.9180850982666
2015-12-24,19.26300621032715,47.97455978393555,55.899967193603516,26.40770721435547,19.9754695892334,31.070037841796875,173.40023803710938,22.475444793701172,18.900543212890625
2015-12-28,19.291606903076172,47.781803131103516,55.762725830078125,25.974077224731445,19.949777603149414,31.166200637817383,173.00392150878906,22.4309024810791,18.808958053588867
2015-12-29,19.171667098999023,48.2744026184082,56.35457992553711,26.336915969848633,20.121023178100586,31.414627075195312,174.8502655029297,22.709335327148438,18.99017906188965
2015-12-30,19.227022171020508,47.7946662902832,55.9771728515625,26.00947380065918,20.001155853271484,31.25437355041504,173.61093139648438,22.564546585083008,18.838184356689453
2015-12-31,18.876436233520508,47.16499710083008,55.385311126708984,25.912126541137695,19.80422019958496,30.909759521484375,171.87429809570312,22.312841415405273,18.692028045654297
2016-01-04,18.46126365661621,46.064144134521484,54.5704345703125,25.66433334350586,19.590167999267578,30.420909881591797,169.47161865234375,21.86733627319336,18.465980529785156
2016-01-05,18.6088809967041,46.20550537109375,54.71626281738281,25.584686279296875,19.667226791381836,30.66933822631836,169.7581329345703,21.94530487060547,18.508852005004883
2016-01-06,18.295194625854492,45.67863845825195,54.064361572265625,24.690855026245117,19.427492141723633,30.396852493286133,167.61683654785156,21.733686447143555,18.241886138916016
2016-01-07,17.575563430786133,44.504974365234375,52.77772521972656,23.797029495239258,19.102134704589844,29.89197540283203,163.5954132080078,21.172372817993164,17.826799392700195
2016-01-08,17.372594833374023,43.76394271850586,52.17729949951172,23.40764045715332,18.862388610839844,29.603485107421875,161.79969787597656,20.980792999267578,17.61439323425293
2016-01-11,16.7636775970459,43.768218994140625,52.25448989868164,23.000553131103516,18.845260620117188,29.667606353759766,161.9599151611328,21.040943145751953,17.598806381225586
2016-01-12,17.008167266845703,43.883880615234375,52.786319732666016,23.027099609375,19.033632278442383,29.819860458374023,163.2666015625,21.248104095458984,17.692344665527344
2016-01-13,16.486896514892578,42.688804626464844,51.594024658203125,22.10672378540039,18.63977813720703,29.3710880279541,159.19464111328125,20.65113067626953,17.30259895324707
2016-01-14,16.63451385498047,43.2713508605957,52.36600875854492,22.602310180664062,18.83670425415039,29.699670791625977,161.80812072753906,20.971887588500977,17.602703094482422
2016-01-15,15.979462623596191,42.75733184814453,51.33671188354492,21.894330978393555,18.596960067749023,29.282936096191406,158.33477783203125,20.535306930541992,17.209068298339844
2016-01-19,16.14553451538086,42.28615188598633,51.39674377441406,21.5491943359375,18.63121795654297,29.51578140258789,158.5454864501953,20.577621459960938,17.23634147644043
2016-01-20,15.730360984802246,42.376094818115234,50.76200485229492,21.398746490478516,18.45140838623047,29.050079345703125,156.5137481689453,20.388280868530273,16.955734252929688
2016-01-21,15.868751525878906,42.28615188598633,50.98503112792969,21.743885040283203,18.53702735900879,29.082181930541992,157.39056396484375,20.459556579589844,17.045372009277344
2016-01-22,16.17321014404297,43.18568801879883,52.09152603149414,22.266023635864258,18.819578170776367,29.580015182495117,160.61941528320312,20.927331924438477,17.331832885742188
2016-01-25,15.979462623596191,42.38895797729492,51.29381561279297,21.513792037963867,18.579832077026367,29.315048217773438,158.19142150878906,20.6689395904541,17.03952407836914
2016-01-26,15.730360984802246,43.39985656738281,52.057212829589844,22.062480926513672,18.862388610839844,29.676374435424805,160.3496856689453,20.882789611816406,17.331832885742188
2016-01-27,15.570754051208496,42.791595458984375,51.40532302856445,21.885478973388672,18.7596492767334,29.57198143005371,158.6045379638672,20.539751052856445,17.24997901916504
2016-01-28,15.204480171203613,42.8986930847168,51.585453033447266,21.98283576965332,18.913761138916016,29.708499908447266,159.43075561523438,20.69790267944336,17.337682723999023
2016-01-29,15.444355010986328,44.26081848144531,52.82919692993164,22.726207733154297,19.401803970336914,30.36688804626465,163.31723022460938,21.16122055053711,17.7313175201416
2016-02-01,15.568907737731934,44.110897064208984,52.87208938598633,22.58461570739746,19.427492141723633,30.439163208007812,163.2581787109375,21.210227966308594,17.75275230407715
2016-02-02,15.186025619506836,43.241363525390625,51.98859405517578,21.770437240600586,19.196311950683594,30.085859298706055,160.31591796875,20.844924926757812,17.382495880126953
2016-02-03,15.100227355957031,43.34416580200195,52.36600875854492,22.274864196777344,19.333301544189453,30.246440887451172,161.27703857421875,20.840463638305664,17.54424285888672
2016-02-04,15.241382598876953,43.56690979003906,52.468936920166016,22.460718154907227,19.39324378967285,30.18221092224121,161.52996826171875,20.822647094726562,17.678707122802734
2016-02-05,14.300329208374023,42.57743453979492,51.516841888427734,21.965126037597656,19.213438034057617,29.877107620239258,158.45277404785156,20.243497848510742,17.431217193603516
2016-02-08,13.654507637023926,42.17478561401367,50.98503112792969,21.19519805908203,19.076446533203125,29.636213302612305,156.3198699951172,19.94278907775879,17.300655364990234
2016-02-09,13.709864616394043,41.964900970458984,51.11367416381836,20.93855094909668,19.136377334594727,29.76468849182129,156.32827758789062,19.978422164916992,17.246089935302734
2016-02-10,13.889772415161133,41.836387634277344,51.17373275756836,20.894306182861328,19.067882537841797,29.804834365844727,156.19337463378906,20.036340713500977,17.17203712463379
2016-02-11,13.636056900024414,41.35664367675781,50.54756546020508,20.47835922241211,18.82814598083496,29.467618942260742,154.16163635253906,19.867048263549805,16.9187068939209
2016-02-12,13.792898178100586,42.06340789794922,51.439632415771484,21.257150650024414,19.136377334594727,29.894804000854492,157.3399200439453,20.174442291259766,17.27726936340332
2016-02-16,14.346458435058594,42.997196197509766,52.2630729675293,21.85008430480957,19.436054229736328,30.24070930480957,159.99557495117188,20.573163986206055,17.552032470703125
2016-02-17,14.88156795501709,43.519775390625,53.03506851196289,22.522666931152344,19.667226791381836,30.457921981811523,162.60902404785156,20.936243057250977,17.81901741027832
2016-02-18,14.826212882995605,43.43839645385742,52.923545837402344,22.212926864624023,19.65010643005371,30.514259338378906,161.94309997558594,20.791454315185547,17.778085708618164
2016-02-19,14.853891372680664,43.61402893066406,52.87208938598633,22.027080535888672,19.658668518066406,30.54642677307129,161.86717224121094,20.829326629638672,17.70987892150879
2016-02-22,15.195253372192383,44.12376022338867,53.498252868652344,22.80585289001465,19.881288528442383,30.795820236206055,164.21087646484375,21.123353958129883,18.00023651123047
2016-02-23,15.038411140441895,43.85818099975586,52.91496276855469,22.124425888061523,19.7357234954834,30.683195114135742,162.1369171142578,20.882789611816406,17.791725158691406
2016-02-24,15.16757583618164,44.277950286865234,53.19804000854492,22.41646957397461,19.82990837097168,30.77167510986328,162.87881469726562,20.99639129638672,17.832653045654297
2016-02-25,15.2506103515625,44.680599212646484,53.76414108276367,22.531517028808594,20.026836395263672,31.149797439575195,164.85159301757812,21.250324249267578,18.013883590698242
2016-02-26,15.70268440246582,44.886192321777344,53.54113006591797,22.94745445251465,19.949777603149414,30.836048126220703,164.4722137451172,21.210227966308594,18.011934280395508
2016-02-29,15.776494979858398,44.74485778808594,53.146575927734375,22.761606216430664,19.79566192626953,30.667104721069336,163.18234252929688,21.00084686279297,17.877471923828125
2016-03-01,16.131694793701172,45.584407806396484,54.34741973876953,23.504985809326172,20.17239761352539,31.069337844848633,167.01828002929688,21.544347763061523,18.253564834594727
2016-03-02,16.35773277282715,45.98276138305664,54.44178009033203,24.159870147705078,20.18952178955078,31.117605209350586,167.7686309814453,21.555496215820312,18.358800888061523
2016-03-03,16.740615844726562,46.47964096069336,54.51039505004883,24.752805709838867,20.283706665039062,31.23829460144043,168.42613220214844,21.562175750732422,18.51079559326172
2016-03-04,17.105039596557617,46.74094009399414,54.6304931640625,25.239545822143555,20.360767364501953,31.326784133911133,168.97413635253906,21.613401412963867,18.633567810058594
2016-03-07,17.077362060546875,47.280635833740234,54.664791107177734,25.50503921508789,20.377880096435547,31.26241111755371,169.10899353027344,21.533222198486328,18.684236526489258
2016-03-08,16.800579071044922,46.2269172668457,54.3045539855957,24.319168090820312,20.283706665039062,31.26241111755371,167.26275634765625,21.390655517578125,18.464033126831055
2016-03-09,16.588382720947266,46.47964096069336,54.4074821472168,24.602357864379883,20.32651138305664,31.350919723510742,168.08892822265625,21.484207153320312,18.51079559326172
2016-03-10,16.43430519104004,46.145538330078125,54.450347900390625,24.566959381103516,20.32651138305664,31.38310432434082,168.2238006591797,21.473068237304688,18.516645431518555
2016-03-11,16.542253494262695,47.10931396484375,55.230918884277344,25.425392150878906,20.591938018798828,31.7451229095459,170.93846130371094,21.818328857421875,18.85767364501953
2016-03-14,16.975875854492188,46.87800979614258,55.22232437133789,25.29264259338379,20.566251754760742,31.672704696655273,170.71926879882812,21.8651180267334,18.840129852294922
2016-03-15,16.459217071533203,46.28688430786133,55.28237533569336,24.8944034576416,20.54056167602539,31.69043731689453,170.44105529785156,21.847291946411133,18.75438690185547
2016-03-16,16.597606658935547,46.5567512512207,55.53112030029297,25.416540145874023,20.660436630249023,31.87580680847168,171.42745971679688,21.99430274963379,18.86936378479004
2016-03-17,16.6990966796875,47.36631393432617,55.96858215332031,25.77052879333496,20.908742904663086,32.15789794921875,172.5149688720703,22.061132431030273,19.023317337036133
2016-03-18,17.075515747070312,47.82465744018555,56.09725570678711,26.00257110595703,20.960113525390625,32.149845123291016,173.1929473876953,22.106739044189453,19.157054901123047
2016-03-21,17.238815307617188,47.67901611328125,56.21733474731445,25.97600555419922,20.985795974731445,32.149845123291016,173.43862915039062,22.164865493774414,19.145286560058594
2016-03-22,17.409500122070312,47.53765869140625,56.191593170166016,25.99371337890625,20.951549530029297,32.093421936035156,173.34542846679688,22.18499183654785,19.096256256103516
2016-03-23,17.409500122070312,46.79767608642578,55.65121078491211,25.161205291748047,20.823122024536133,32.117584228515625,172.2014617919922,22.073205947875977,18.947229385375977
2016-03-24,16.855939865112305,46.93956756591797,55.58258819580078,25.178916931152344,20.80599021911621,32.04505157470703,172.12518310546875,22.09108543395996,18.919771194458008
2016-03-28,16.855939865112305,46.99116516113281,55.6598014831543,25.09035873413086,20.85736846923828,32.133724212646484,172.2268524169922,22.088855743408203,18.937419891357422
2016-03-29,17.377208709716797,48.30255889892578,56.14870834350586,25.249773025512695,21.02004623413086,32.480308532714844,173.8199462890625,22.35043716430664,19.039392471313477
2016-03-30,17.437175750732422,48.3498649597168,56.43177795410156,25.382619857788086,21.079984664916992,32.56087875366211,174.5826873779297,22.455516815185547,19.123720169067383
2016-03-31,17.649372100830078,48.401451110839844,56.285953521728516,25.49775505065918,21.062864303588867,32.50445556640625,174.158935546875,22.475631713867188,19.121753692626953
2016-04-01,17.649372100830078,48.52614974975586,56.7148323059082,25.35604476928711,21.242658615112305,32.78654479980469,175.34536743164062,22.6500186920166,19.135488510131836
2016-04-04,18.018415451049805,47.99728775024414,56.517539978027344,25.054922103881836,21.182727813720703,32.625362396240234,174.77755737304688,22.567302703857422,19.078617095947266
2016-04-05,17.898479461669922,47.41252517700195,56.12298583984375,24.78923225402832,21.097110748291016,32.30298614501953,173.03187561035156,22.357145309448242,18.87466812133789
2016-04-06,17.975053787231445,47.82530212402344,56.6547966003418,25.22319793701172,21.302593231201172,32.536685943603516,174.9215850830078,22.643306732177734,19.049198150634766
2016-04-07,17.990734100341797,47.16744613647461,56.04576873779297,24.842369079589844,21.105670928955078,32.246543884277344,172.8285369873047,22.35043716430664,18.825647354125977
2016-04-08,17.889249801635742,47.43832015991211,56.18303298950195,25.15234375,21.148475646972656,32.383567810058594,173.2946014404297,22.383970260620117,18.892322540283203
2016-04-11,17.889249801635742,47.31793975830078,56.037193298339844,25.347192764282227,21.071420669555664,32.238494873046875,172.8878631591797,22.276660919189453,18.894277572631836
2016-04-12,17.981510162353516,47.81241989135742,56.54328155517578,26.108844757080078,21.234100341796875,32.48834991455078,174.49790954589844,22.448802947998047,19.108030319213867
2016-04-13,18.276742935180664,48.84862518310547,57.015037536621094,26.640235900878906,21.37109375,32.480308532714844,176.26048278808594,22.62319564819336,19.33550453186035
2016-04-14,18.470491409301758,48.73683166503906,56.98931884765625,26.587095260620117,21.362539291381836,32.423866271972656,176.26898193359375,22.647790908813477,19.36688232421875
2016-04-15,18.23984146118164,48.85722732543945,56.997894287109375,26.392250061035156,21.422468185424805,32.55223083496094,176.07408142089844,22.625431060791016,19.288440704345703
2016-04-18,18.28227996826172,49.192596435546875,57.349578857421875,26.613662719726562,21.56801986694336,32.74599075317383,177.3113250732422,22.768508911132812,19.443357467651367
2016-04-19,17.8929386138916,49.37318420410156,57.478240966796875,27.012208938598633,21.533775329589844,32.76216506958008,177.87057495117188,22.73944664001465,19.594356536865234
2016-04-20,18.05070686340332,49.394683837890625,57.435359954833984,27.339895248413086,21.533775329589844,32.48762130737305,178.04006958007812,22.72603416442871,19.653188705444336
2016-04-21,18.227846145629883,48.99911117553711,57.10082244873047,27.23362159729004,21.473838806152344,31.987106323242188,177.08251953125,22.64107322692871,19.517881393432617
2016-04-22,18.184480667114258,49.51937484741211,57.04935836791992,27.596731185913086,21.46527862548828,32.20510482788086,177.08251953125,22.515878677368164,19.6571102142334
2016-04-25,18.101449966430664,49.1023063659668,57.006465911865234,27.180482864379883,21.46527862548828,32.22124481201172,176.77743530273438,22.513643264770508,19.52964210510254
2016-04-26,18.05624008178711,49.74295425415039,57.09223937988281,27.596731185913086,21.499528884887695,32.2696647644043,177.0401611328125,22.464454650878906,19.672800064086914
2016-04-27,17.963058471679688,49.97945022583008,57.12655258178711,28.030698776245117,21.593711853027344,32.47957229614258,177.40451049804688,22.4376277923584,19.8061466217041
2016-04-28,18.078384399414062,49.26140594482422,56.59475326538086,27.455026626586914,21.345407485961914,32.27774429321289,175.79444885253906,22.20958709716797,19.60808753967285
2016-04-29,17.41872215270996,48.981910705566406,56.06294631958008,27.171627044677734,21.148475646972656,32.24543762207031,174.84535217285156,22.12462615966797,19.506113052368164
2016-05-02,17.529436111450195,49.42048263549805,56.56901931762695,27.162761688232422,21.3111629486084,32.57644271850586,176.23507690429688,22.334787368774414,19.604158401489258
2016-05-03,17.271108627319336,48.676631927490234,56.12298583984375,26.44539451599121,21.165607452392578,32.46342086791992,174.70127868652344,22.173810958862305,19.38844871520996
2016-05-04,16.800579071044922,48.43585968017578,55.771278381347656,26.00257110595703,21.062864303588867,32.53610610961914,173.72679138183594,22.088855743408203,19.264911651611328
2016-05-05,16.754453659057617,48.14779281616211,55.79702377319336,25.99371337890625,21.088544845581055,32.56837844848633,173.69290161132812,22.086620330810547,19.247257232666016
2016-05-06,16.55147933959961,48.52614974975586,55.92570114135742,25.87858009338379,21.165607452392578,32.66526412963867,174.32843017578125,22.200647354125977,19.292362213134766
2016-05-09,16.88361358642578,48.51757049560547,56.04576873779297,25.462324142456055,21.242658615112305,32.794437408447266,174.47247314453125,22.258769989013672,19.274709701538086
2016-05-10,17.014625549316406,48.93891525268555,56.68051528930664,25.984853744506836,21.46527862548828,33.11738204956055,176.641845703125,22.553884506225586,19.50023078918457
2016-05-11,16.8909969329834,48.319766998291016,56.0800895690918,26.037996292114258,21.191293716430664,32.86709213256836,174.98936462402344,22.337020874023438,19.380613327026367
2016-05-12,16.559782028198242,48.164981842041016,56.191593170166016,25.78116226196289,21.225536346435547,33.077030181884766,175.0403289794922,22.285600662231445,19.331581115722656
2016-05-13,16.70831871032715,47.773712158203125,55.6941032409668,25.40918731689453,21.028610229492188,32.79476547241211,173.51492309570312,22.18499183654785,19.174701690673828
2016-05-16,16.865163803100586,48.31114959716797,56.22591781616211,25.81658935546875,21.225536346435547,33.03738784790039,175.2266845703125,22.395143508911133,19.321775436401367
2016-05-17,16.74522590637207,47.48991775512695,55.70268630981445,25.922861099243164,20.985795974731445,32.5440559387207,173.59117126464844,22.131332397460938,19.14725112915039
2016-05-18,16.865163803100586,47.72211837768555,55.61690902709961,25.83429718017578,20.908742904663086,32.38230514526367,173.6420135498047,22.12238311767578,19.198240280151367
2016-05-19,16.578235626220703,47.35664367675781,55.385311126708984,25.79886817932129,20.80599021911621,32.32567596435547,173.04042053222656,22.026256561279297,19.12567710876465
2016-05-20,16.79135513305664,48.100486755371094,55.64263153076172,26.108844757080078,20.900178909301758,32.390384674072266,174.13357543945312,22.151453018188477,19.255107879638672
2016-05-23,16.953733444213867,47.958595275878906,55.54826736450195,26.1619815826416,20.8830509185791,32.2609748840332,173.896240234375,22.12462615966797,19.26295280456543
2016-05-24,17.45562744140625,48.99911117553711,56.39746856689453,26.604808807373047,21.191293716430664,32.63301086425781,176.15042114257812,22.48233985900879,19.464935302734375
2016-05-25,17.612472534179688,49.26140594482422,56.63763427734375,27.07420539855957,21.285472869873047,32.576393127441406,177.34518432617188,22.60530662536621,19.66103744506836
2016-05-26,17.73240852355957,49.2356071472168,56.62046813964844,26.9325008392334,21.276912689208984,32.7381477355957,177.39608764648438,22.63660430908203,19.619857788085938
2016-05-27,17.796993255615234,49.67416000366211,56.81776809692383,27.047637939453125,21.353975296020508,32.82710647583008,178.15872192382812,22.7282772064209,19.639461517333984
2016-05-31,17.981510162353516,49.76875686645508,56.66339111328125,27.162761688232422,21.302593231201172,32.78667068481445,177.8197021484375,22.719329833984375,19.67476463317871
2016-06-01,18.009191513061523,50.12992858886719,56.749141693115234,27.23362159729004,21.336851119995117,32.9079704284668,178.18417358398438,22.732742309570312,19.704179763793945
2016-06-02,18.214008331298828,50.40080642700195,56.792015075683594,27.331037521362305,21.439590454101562,32.956504821777344,178.72647094726562,22.7998104095459,19.766925811767578
2016-06-03,18.055316925048828,50.11702346801758,56.68051528930664,27.07420539855957,21.422468185424805,33.15061569213867,178.19259643554688,22.737211227416992,19.66887664794922
2016-06-06,18.378231048583984,50.68888854980469,57.0407829284668,27.623302459716797,21.499528884887695,33.14249801635742,179.09938049316406,22.810989379882812,19.855165481567383
2016-06-07,18.387453079223633,50.85227966308594,56.997894287109375,27.78271484375,21.482402801513672,33.17485809326172,179.37899780273438,22.8132266998291,19.935577392578125
2016-06-08,18.378231048583984,51.316650390625,57.16944885253906,27.79157257080078,21.559459686279297,33.36896896362305,179.96368408203125,22.86911964416504,19.953222274780273
2016-06-09,18.110673904418945,51.05006408691406,57.10082244873047,27.455026626586914,21.533775329589844,33.554988861083984,179.71791076660156,22.878061294555664,19.917917251586914
2016-06-10,18.082996368408203,50.38361358642578,56.63763427734375,26.62252426147461,21.38821792602539,33.45793533325195,178.01467895507812,22.6500186920166,19.708097457885742
2016-06-13,17.81544303894043,49.82035446166992,56.191593170166016,26.35682487487793,21.191293716430664,33.23147964477539,176.641845703125,22.50246238708496,19.58847427368164
2016-06-14,17.7508602142334,49.74295425415039,56.1143913269043,26.1619815826416,21.182727813720703,33.36089324951172,176.2943878173828,22.48681640625,19.496305465698242
2016-06-15,17.898479461669922,49.738643646240234,55.959999084472656,26.23283576965332,21.1313533782959,33.21013259887695,176.04864501953125,22.428680419921875,19.48258399963379
2016-06-16,17.916929244995117,49.704261779785156,56.24306869506836,26.064565658569336,21.208417892456055,33.420860290527344,176.57408142089844,22.5225830078125,19.5355281829834
2016-06-17,18.055316925048828,49.57096862792969,56.0200309753418,26.298067092895508,21.142187118530273,33.323612213134766,175.91650390625,22.374235153198242,19.56611442565918
2016-06-20,18.147581100463867,50.177223205566406,56.38030242919922,26.662080764770508,21.288410186767578,33.4937858581543,177.04937744140625,22.490934371948242,19.700305938720703
2016-06-21,18.064544677734375,50.093997955322266,56.4890251159668,26.77750587463379,21.305612564086914,33.55860900878906,177.55197143554688,22.547048568725586,19.745691299438477
2016-06-22,17.933534622192383,49.869720458984375,56.402732849121094,26.679838180541992,21.271211624145508,33.526206970214844,177.26235961914062,22.51338005065918,19.71609115600586
2016-06-23,18.101449966430664,50.8875732421875,57.11875534057617,27.399002075195312,21.494836807250977,33.79362487792969,179.5707550048828,22.749040603637695,19.905536651611328
2016-06-24,17.49253273010254,48.933834075927734,55.143211364746094,25.59666633605957,20.789525985717773,33.21825408935547,173.1224822998047,22.00390625,19.311552047729492
2016-06-27,16.846710205078125,47.4243278503418,54.29777908325195,24.229387283325195,20.419666290283203,33.16964340209961,170.0219268798828,21.640321731567383,18.865562438964844
2016-06-28,17.250812530517578,48.05833053588867,55.194976806640625,25.09058952331543,20.712112426757812,33.518104553222656,173.08843994140625,22.00839614868164,19.173418045043945
2016-06-29,17.677974700927734,49.0373420715332,56.100791931152344,25.783124923706055,21.021764755249023,33.915199279785156,176.03573608398438,22.385448455810547,19.530588150024414
2016-06-30,17.796993255615234,50.11985397338867,56.93759536743164,26.067222595214844,21.35721778869629,34.66886901855469,178.4378204345703,22.648042678833008,19.81476402282715
2016-07-01,17.945528030395508,50.19318389892578,57.04113006591797,26.21816635131836,21.434635162353516,34.61212921142578,178.81265258789062,22.73333168029785,19.86014747619629
2016-07-05,17.758241653442383,49.51176452636719,56.70467758178711,25.392454147338867,21.314212799072266,34.76610565185547,177.5264129638672,22.641311645507812,19.664785385131836
2016-07-06,17.70473289489746,49.84383010864258,56.93759536743164,25.57891082763672,21.38302230834961,34.83904266357422,178.59117126464844,22.77822494506836,19.749643325805664
2016-07-07,18.101449966430664,49.904232025146484,56.90310287475586,25.632184982299805,21.417430877685547,34.61212921142578,178.48045349121094,22.74679946899414,19.71017074584961
2016-07-08,18.479717254638672,51.120460510253906,57.68815231323242,26.227033615112305,21.77867889404297,35.00114059448242,181.13804626464844,23.10141372680664,20.02788543701172
2016-07-11,18.553525924682617,51.698387145996094,57.843421936035156,26.37796974182129,21.830289840698242,35.00114059448242,181.7769317626953,23.18445587158203,20.08511734008789
2016-07-12,18.876436233520508,52.39274597167969,58.15401840209961,27.283578872680664,21.933513641357422,34.83094787597656,183.09725952148438,23.292179107666016,20.298242568969727
2016-07-13,18.89488410949707,52.28924560546875,58.14537811279297,27.114892959594727,21.95071792602539,34.9930534362793,183.07168579101562,23.28769302368164,20.319950103759766
2016-07-14,18.71497917175293,52.30649185180664,58.412818908691406,27.381248474121094,22.07973861694336,34.96060562133789,184.0938262939453,23.399911880493164,20.428485870361328
2016-07-15,18.724205017089844,52.4401969909668,58.421451568603516,27.416751861572266,22.07973861694336,34.95737075805664,183.8468475341797,23.381956100463867,20.398881912231445
2016-07-18,18.88750648498535,52.466068267822266,58.52496337890625,27.585445404052734,22.139942169189453,34.90867614746094,184.34092712402344,23.444801330566406,20.446243286132812
2016-07-19,18.53507423400879,52.14260482788086,58.55946731567383,27.319089889526367,22.157142639160156,34.94927215576172,184.1535186767578,23.413372039794922,20.387042999267578
2016-07-20,18.83584213256836,52.47037887573242,58.8268928527832,27.585445404052734,22.20875358581543,34.91679000854492,184.920166015625,23.581710815429688,20.46598243713379
2016-07-21,18.80262565612793,52.138282775878906,58.593963623046875,27.49666404724121,22.09694480895996,34.81126022338867,184.22166442871094,23.487443923950195,20.363361358642578
2016-07-22,18.576587677001953,52.52213668823242,58.87866973876953,27.567691802978516,22.174345016479492,35.006065368652344,185.04791259765625,23.590686798095703,20.471904754638672
2016-07-25,18.567363739013672,52.31943130493164,58.792415618896484,27.363479614257812,22.174345016479492,34.924903869628906,184.5453338623047,23.54355239868164,20.36138916015625
2016-07-26,18.765724182128906,52.61701202392578,58.645729064941406,27.683109283447266,22.114137649536133,34.78691101074219,184.6305389404297,23.523347854614258,20.432435989379883
2016-07-27,18.92902374267578,52.75935363769531,58.611228942871094,27.541051864624023,22.0023250579834,34.51096725463867,184.43460083007812,23.54355239868164,20.351526260375977
2016-07-28,19.097858428955078,52.548004150390625,58.62847900390625,27.585445404052734,22.036727905273438,34.70575714111328,184.64749145507812,23.637813568115234,20.363361358642578
2016-07-29,18.99637222290039,52.62133026123047,58.67162322998047,27.700870513916016,22.010923385620117,34.746334075927734,184.94569396972656,23.687185287475586,20.369285583496094
2016-08-01,19.03420066833496,52.66013717651367,58.611228942871094,27.1859130859375,21.985116958618164,34.81126022338867,184.79241943359375,23.714130401611328,20.23114585876465
2016-08-02,18.648550033569336,51.879520416259766,58.395565032958984,27.043859481811523,21.82169532775879,34.6651725769043,183.60833740234375,23.586193084716797,20.128530502319336
2016-08-03,18.848756790161133,52.15122604370117,58.48181915283203,27.567691802978516,21.813087463378906,34.47037124633789,184.14500427246094,23.628835678100586,20.18181037902832
2016-08-04,19.079408645629883,52.159854888916016,58.46455383300781,27.49666404724121,21.830289840698242,34.55155563354492,184.34092712402344,23.655773162841797,20.2370662689209
2016-08-05,19.219642639160156,52.880104064941406,58.956302642822266,27.993854522705078,21.99371910095215,34.49470901489258,185.84860229492188,23.812875747680664,20.418621063232422
2016-08-08,19.282379150390625,52.811100006103516,58.921791076660156,28.127037048339844,21.959321975708008,34.462249755859375,185.7379150390625,23.761260986328125,20.44230079650879
2016-08-09,19.282379150390625,52.828346252441406,58.87866973876953,28.056011199951172,21.95071792602539,34.50284194946289,185.84860229492188,23.79941177368164,20.430452346801758
2016-08-10,19.310977935791016,52.5307731628418,58.77512741088867,27.745256423950195,21.95071792602539,34.51096725463867,185.3886260986328,23.75452423095703,20.375202178955078
2016-08-11,19.471513748168945,52.78522872924805,59.08570098876953,28.127037048339844,22.07113265991211,34.60023498535156,186.2489471435547,23.89143180847168,20.507415771484375
2016-08-12,19.54071044921875,52.71622848510742,59.008060455322266,28.073762893676758,22.045330047607422,34.55966567993164,186.08709716796875,23.830839157104492,20.479793548583984
2016-08-15,19.54071044921875,53.225135803222656,59.171966552734375,28.464426040649414,22.114137649536133,34.48244857788086,186.62376403808594,23.907142639160156,20.5685977935791
2016-08-16,19.679100036621094,52.85424041748047,58.809635162353516,28.393390655517578,21.976516723632812,34.206058502197266,185.66123962402344,23.74106216430664,20.487688064575195
2016-08-17,19.52594757080078,52.681724548339844,58.98219680786133,28.393390655517578,22.010923385620117,34.384883880615234,186.0104217529297,23.8061466217041,20.523204803466797
2016-08-18,19.582225799560547,53.056922912597656,59.02531814575195,28.792919158935547,22.019521713256836,34.474300384521484,186.42788696289062,23.772476196289062,20.598194122314453
2016-08-19,19.448448181152344,53.039676666259766,59.01669692993164,28.748533248901367,22.036727905273438,34.344261169433594,186.1552276611328,23.80165672302246,20.562673568725586
2016-08-22,19.527790069580078,53.18630599975586,58.98219680786133,28.58871841430664,22.028125762939453,34.433650970458984,186.14671325683594,23.788185119628906,20.507415771484375
2016-08-23,19.621896743774414,53.5485954284668,59.111595153808594,28.908348083496094,22.07973861694336,34.30360794067383,186.5215301513672,23.89143180847168,20.5685977935791
2016-08-24,19.5960636138916,53.2855110168457,58.87004089355469,28.526565551757812,22.0023250579834,34.246707916259766,185.56753540039062,23.698413848876953,20.452163696289062
2016-08-25,19.300830841064453,53.44078063964844,58.87004089355469,28.597593307495117,22.0023250579834,34.29548263549805,185.43975830078125,23.664751052856445,20.44230079650879
2016-08-26,19.273155212402344,53.26826477050781,58.697505950927734,28.704143524169922,21.933513641357422,33.97844696044922,185.09048461914062,23.673723220825195,20.400856018066406
2016-08-29,19.410621643066406,53.58310317993164,58.90453338623047,28.872821807861328,22.036727905273438,34.26294708251953,186.001953125,23.73207664489746,20.546894073486328
2016-08-30,19.222410202026367,53.63055419921875,58.697505950927734,28.917217254638672,21.96791648864746,34.06785583496094,185.69529724121094,23.646793365478516,20.531097412109375
2016-08-31,19.01851463317871,53.35883331298828,58.542198181152344,28.64198112487793,21.942115783691406,34.084129333496094,185.16717529296875,23.624351501464844,20.4857120513916
2016-09-01,18.88566017150879,53.3890266418457,58.49906921386719,28.535446166992188,21.959321975708008,34.05973434448242,185.1756591796875,23.646793365478516,20.41072654724121
2016-09-02,19.091402053833008,54.02732467651367,58.77512741088867,28.748533248901367,22.019521713256836,34.30360794067383,186.0104217529297,23.767988204956055,20.540969848632812
2016-09-06,19.530561447143555,53.9108772277832,58.84414291381836,28.84619140625,22.028125762939453,34.42552185058594,186.57269287109375,23.8061466217041,20.578462600708008
2016-09-07,19.63020133972168,54.23866653442383,58.852783203125,29.023759841918945,22.019521713256836,34.2873649597168,186.5555877685547,23.82634735107422,20.592275619506836
2016-09-08,19.632047653198242,54.03163528442383,58.60260009765625,29.37002182006836,21.933513641357422,34.18979263305664,186.1297149658203,23.709636688232422,20.63964080810547
2016-09-09,19.35618782043457,52.453128814697266,57.27405548095703,28.562082290649414,21.38302230834961,33.18182373046875,181.6747283935547,23.110389709472656,20.195627212524414
2016-09-12,19.35618782043457,53.039676666259766,58.03321838378906,29.032636642456055,21.67547035217285,33.6858024597168,184.2812957763672,23.44929313659668,20.418621063232422
2016-09-13,19.012060165405273,52.129661560058594,57.36033630371094,28.304601669311523,21.36581802368164,33.214351654052734,181.6321258544922,23.22709083557129,20.106822967529297
2016-09-14,19.116310119628906,51.97008514404297,57.36033630371094,28.16254997253418,21.322811126708984,33.214351654052734,181.56399536132812,23.213624954223633,20.006183624267578
2016-09-15,19.559158325195312,52.595462799072266,57.92107009887695,28.5798397064209,21.51204490661621,33.50337600708008,183.37831115722656,23.496417999267578,20.227203369140625
2016-09-16,19.559158325195312,52.50056076049805,57.662269592285156,28.42331314086914,21.409311294555664,33.47895431518555,182.66952514648438,23.445514678955078,20.078283309936523
2016-09-19,19.725229263305664,52.84129333496094,57.73128128051758,28.369958877563477,21.435211181640625,33.61735916137695,182.7037353515625,23.441007614135742,20.11005210876465
2016-09-20,19.789810180664062,52.6342658996582,57.8003044128418,28.2276611328125,21.487010955810547,33.64992141723633,182.71226501464844,23.49056625366211,20.12394905090332
2016-09-21,19.60529136657715,53.44508743286133,58.412818908691406,28.734580993652344,21.676929473876953,34.09772872924805,184.76698303222656,23.69780731201172,20.32449722290039
2016-09-22,20.15885353088379,54.21278762817383,58.723384857177734,28.948020935058594,21.797788619995117,34.32569885253906,185.9312744140625,23.88027000427246,20.43568229675293
2016-09-23,20.167156219482422,53.85481643676758,58.35240173339844,28.654544830322266,21.71146011352539,34.16286087036133,184.9125213623047,23.745119094848633,20.346338272094727
2016-09-26,20.0112361907959,53.241939544677734,57.962486267089844,28.316593170166016,21.512910842895508,34.02445602416992,183.4143524169922,23.52885627746582,20.169618606567383
2016-09-27,20.394113540649414,53.319793701171875,58.2917594909668,28.44110107421875,21.676929473876953,34.07328796386719,184.5529022216797,23.700061798095703,20.223228454589844
2016-09-28,20.44485855102539,53.79988479614258,58.465084075927734,29.063642501831055,21.71146011352539,34.065155029296875,185.46896362304688,23.78791046142578,20.392009735107422
2016-09-29,20.26033592224121,53.13381576538086,57.95380783081055,28.832406997680664,21.573333740234375,33.690650939941406,183.79098510742188,23.558149337768555,20.241100311279297
2016-09-30,20.46331214904785,53.69608688354492,58.4824104309082,29.232616424560547,21.737356185913086,33.78019714355469,185.17788696289062,23.70456314086914,20.437667846679688
2016-10-03,20.49098777770996,53.557674407958984,58.30042266845703,29.232616424560547,21.659664154052734,33.487098693847656,184.73272705078125,23.65050506591797,20.348316192626953
2016-10-04,20.371047973632812,53.3414306640625,57.92782211303711,29.15256690979004,21.53881072998047,33.096282958984375,183.79098510742188,23.540117263793945,20.195432662963867
2016-10-05,20.659822463989258,53.644168853759766,58.14445877075195,29.712852478027344,21.59060287475586,33.023014068603516,184.6042938232422,23.578418731689453,20.409875869750977
2016-10-06,20.131174087524414,53.58796310424805,58.19645309448242,29.650604248046875,21.642398834228516,33.08001708984375,184.73272705078125,23.607702255249023,20.382080078125
2016-10-07,20.021385192871094,53.15111541748047,58.023155212402344,29.41937255859375,21.50428009033203,32.99042892456055,184.09918212890625,23.537860870361328,20.334426879882812
2016-10-10,20.20498275756836,53.74365997314453,58.309104919433594,29.695079803466797,21.54743766784668,33.16143035888672,185.05807495117188,23.627973556518555,20.429729461669922
2016-10-11,19.3746395111084,52.86133575439453,57.66786193847656,29.02806282043457,21.322980880737305,32.76245880126953,182.72080993652344,23.33062744140625,20.18549919128418
2016-10-12,19.236249923706055,52.947837829589844,57.7458610534668,28.939132690429688,21.366151809692383,33.03115463256836,182.96054077148438,23.395954132080078,20.179546356201172
2016-10-13,18.995452880859375,52.424503326416016,57.61585998535156,28.654544830322266,21.322980880737305,33.08816146850586,182.36123657226562,23.28557777404785,20.121959686279297
2016-10-14,18.80262565612793,52.281776428222656,57.6765251159668,28.645648956298828,21.35751724243164,33.019630432128906,182.4554443359375,23.335126876831055,20.12394905090332
2016-10-17,18.673463821411133,52.19527053833008,57.58121109008789,28.43220329284668,21.27119255065918,33.02778244018555,181.82186889648438,23.229263305664062,20.070337295532227
2016-10-18,18.977920532226562,52.35962677001953,57.60721206665039,28.743478775024414,21.314350128173828,33.10934829711914,182.96054077148438,23.40045928955078,20.165645599365234
2016-10-19,19.051729202270508,52.57155990600586,57.711185455322266,29.15256690979004,21.340253829956055,33.04408264160156,183.44851684570312,23.431987762451172,20.256975173950195
2016-10-20,18.977920532226562,52.24284744262695,57.52920913696289,29.205936431884766,21.30571937561035,32.88101577758789,183.10610961914062,23.39820671081543,20.205358505249023
2016-10-21,18.941017150878906,52.09577941894531,57.433876037597656,29.081418991088867,21.322980880737305,32.82391357421875,183.19171142578125,23.465784072875977,20.167625427246094
2016-10-24,19.068334579467773,52.53696060180664,57.693843841552734,29.090322494506836,21.435211181640625,32.946224212646484,183.97080993652344,23.64373779296875,20.189470291137695
2016-10-25,18.848756790161133,52.0482292175293,57.433876037597656,28.876876831054688,21.322980880737305,32.93809509277344,183.3543701171875,23.50858497619629,20.205358505249023
2016-10-26,18.75649642944336,51.66328430175781,57.49456024169922,29.063642501831055,21.39204978942871,32.88101577758789,182.98622131347656,23.393705368041992,20.209331512451172
2016-10-27,18.605188369750977,51.13130187988281,57.26925277709961,29.081418991088867,21.29708480834961,32.66898727416992,182.49827575683594,23.27880859375,20.19145965576172
2016-10-28,18.43358612060547,51.03615951538086,57.28657913208008,28.912450790405273,21.39204978942871,32.79944610595703,181.95889282226562,23.215742111206055,20.09813690185547
2016-10-31,18.37546157836914,51.32592010498047,57.28657913208008,28.72568702697754,21.3834171295166,32.99517822265625,181.9674530029297,23.197721481323242,20.11005210876465
2016-11-01,18.192787170410156,50.625274658203125,56.88796615600586,28.610074996948242,21.21939468383789,32.61189270019531,180.6490478515625,22.994983673095703,19.95318603515625
2016-11-02,17.82466697692871,50.132205963134766,56.60202407836914,28.272123336791992,21.141700744628906,32.448795318603516,179.561767578125,22.85306739807129,19.92340660095215
2016-11-03,17.713956832885742,49.98947525024414,56.47203826904297,28.24544906616211,21.081270217895508,32.40801239013672,178.73992919921875,22.729169845581055,19.786401748657227
2016-11-04,17.763776779174805,50.22734451293945,56.37671661376953,28.209871292114258,21.038101196289062,32.302005767822266,178.54298400878906,22.684118270874023,19.8300838470459
2016-11-07,18.285968780517578,51.451351165771484,57.563880920410156,28.930234909057617,21.452478408813477,32.89732360839844,182.48118591308594,23.202226638793945,20.241100311279297
2016-11-08,18.442811965942383,51.572471618652344,57.84117889404297,28.939132690429688,21.581966400146484,33.1419792175293,183.30300903320312,23.312599182128906,20.300668716430664
2016-11-09,18.493555068969727,53.1727409362793,58.5257453918457,29.979650497436523,21.728729248046875,32.89732360839844,185.24636840820312,23.431987762451172,20.664031982421875
2016-11-10,18.857982635498047,54.17616653442383,58.603729248046875,30.539949417114258,21.771892547607422,32.71792221069336,185.708740234375,23.25403594970703,20.89236831665039
2016-11-11,18.785097122192383,55.53858184814453,58.54305648803711,30.459903717041016,21.797788619995117,32.74235916137695,185.28060913085938,23.27431297302246,20.83479118347168
2016-11-14,19.079408645629883,56.38629913330078,58.3870735168457,31.02908706665039,21.75462532043457,32.766822814941406,185.4261474609375,23.105356216430664,20.993635177612305
2016-11-15,19.000988006591797,56.546321868896484,58.63836669921875,31.50932502746582,21.840957641601562,32.96454620361328,186.87298583984375,23.299081802368164,21.120718002319336
2016-11-16,19.000988006591797,56.57227325439453,58.73369598388672,31.162487030029297,21.875484466552734,32.89918518066406,186.52200317382812,23.37342643737793,21.02540397644043
2016-11-17,19.116310119628906,56.840423583984375,59.010990142822266,31.322568893432617,21.987707138061523,32.98088073730469,187.4808349609375,23.50408172607422,21.04526138305664
2016-11-18,19.051729202270508,57.10856628417969,58.90700149536133,31.384815216064453,21.961811065673828,32.89918518066406,187.0613555908203,23.42974090576172,21.037321090698242
2016-11-21,19.26392936706543,57.33781814575195,59.28827667236328,31.90064239501953,22.099933624267578,33.1197624206543,188.47390747070312,23.63924217224121,21.210063934326172
2016-11-22,19.310977935791016,58.07740783691406,59.47024154663086,31.873947143554688,22.263957977294922,33.25048065185547,188.842041015625,23.691049575805664,21.25971031188965
2016-11-23,19.217798233032227,58.432064056396484,59.296932220458984,32.12297439575195,22.28985595703125,33.15243911743164,188.94479370117188,23.65050506591797,21.32721519470215
2016-11-25,19.328508377075195,58.6785888671875,59.539554595947266,32.042930603027344,22.393449783325195,33.4547233581543,189.64688110351562,23.73159408569336,21.408628463745117
2016-11-28,19.2454776763916,57.97794723510742,59.34025955200195,31.598255157470703,22.333023071289062,33.56909942626953,188.75645446777344,23.63473129272461,21.265663146972656
2016-11-29,18.784175872802734,57.96062469482422,59.35759735107422,31.34035301208496,22.35028839111328,33.691627502441406,189.12461853027344,23.68654441833496,21.293460845947266
2016-11-30,18.553525924682617,57.753028869628906,59.010990142822266,32.425357818603516,22.186269760131836,33.16878890991211,188.67083740234375,23.49281883239746,21.37685775756836
2016-12-01,18.119901657104492,57.5756950378418,58.81170654296875,32.43423843383789,22.099933624267578,32.98088073730469,187.9774169921875,23.238262176513672,21.452301025390625
2016-12-02,18.262903213500977,57.58435821533203,58.81170654296875,32.47871017456055,22.125835418701172,33.09524154663086,188.0715789794922,23.2833194732666,21.422523498535156
2016-12-05,18.63471031188965,58.579105377197266,59.071624755859375,32.870018005371094,22.220794677734375,33.17695236206055,189.20164489746094,23.436500549316406,21.533723831176758
2016-12-06,18.613492965698242,59.2408447265625,59.175621032714844,33.20796585083008,22.25532341003418,33.25048065185547,189.80093383789062,23.481552124023438,21.64491081237793
2016-12-07,18.52584457397461,59.85934066772461,59.95551300048828,33.634849548339844,22.626535415649414,33.675296783447266,192.28369140625,23.79241943359375,21.93877601623535
2016-12-08,18.7528076171875,60.854103088378906,60.07682418823242,33.92833709716797,22.643802642822266,33.62626266479492,192.75450134277344,23.810441970825195,21.986431121826172
2016-12-09,18.821077346801758,60.97954559326172,60.397438049316406,33.92833709716797,22.756027221679688,33.855045318603516,193.91885375976562,23.981637954711914,22.11748504638672
2016-12-12,18.82015609741211,60.36538314819336,60.501441955566406,33.519229888916016,22.730131149291992,34.05111312866211,193.69627380371094,23.932083129882812,22.07776641845703
2016-12-13,18.959468841552734,60.4345817565918,60.9346923828125,33.661529541015625,22.842355728149414,34.181827545166016,194.98898315429688,24.132568359375,22.2187442779541
2016-12-14,18.83123016357422,59.68199920654297,60.44077682495117,33.163490295410156,22.70423126220703,33.79783248901367,193.37945556640625,24.02444076538086,22.057912826538086
2016-12-15,19.172588348388672,60.23994445800781,60.605411529541016,33.35025405883789,22.77328872680664,33.92224884033203,194.17568969726562,24.0830135345459,22.107553482055664
2016-12-16,19.217798233032227,59.8809700012207,60.57942199707031,33.200984954833984,22.757612228393555,34.04498291015625,193.79588317871094,23.96531867980957,22.066768646240234
2016-12-19,19.273155212402344,60.21400451660156,60.70072937011719,33.200984954833984,22.84471321105957,34.21686935424805,194.21791076660156,24.10111427307129,22.070770263671875
2016-12-20,19.215951919555664,60.82817077636719,60.900020599365234,33.361881256103516,22.905672073364258,34.2741584777832,194.9671173095703,24.18259048461914,22.150728225708008
2016-12-21,18.91333770751953,60.489959716796875,60.744049072265625,33.361881256103516,22.879547119140625,34.13501739501953,194.42457580566406,24.123741149902344,22.13673973083496
2016-12-22,18.655010223388672,59.890769958496094,60.710933685302734,33.254608154296875,22.836002349853516,34.20866775512695,194.0886993408203,24.042266845703125,22.112749099731445
2016-12-23,18.738046646118164,60.155635833740234,60.754512786865234,33.35294723510742,22.84471321105957,34.20049285888672,194.3728790283203,24.083003997802734,22.144729614257812
2016-12-27,19.111696243286133,60.52035903930664,60.8067626953125,33.504913330078125,22.870838165283203,34.20866775512695,194.8551788330078,24.1667423248291,22.150728225708008
2016-12-28,18.71959114074707,59.81263732910156,60.37126159667969,33.00429916381836,22.705364227294922,33.946781158447266,193.2447509765625,23.949478149414062,21.95682716369629
2016-12-29,18.62733268737793,59.9428596496582,60.4409294128418,32.80763626098633,22.7227840423584,34.16775131225586,193.20167541503906,23.98794937133789,21.958829879760742
2016-12-30,18.498167037963867,59.708412170410156,60.18832015991211,32.70930862426758,22.63568878173828,34.028621673583984,192.49554443359375,23.838573455810547,21.882869720458984
2017-01-03,18.855215072631836,60.042724609375,60.62385177612305,33.236724853515625,22.731483459472656,34.06953430175781,193.9681854248047,23.99700355529785,22.102752685546875
2017-01-04,19.706777572631836,61.04569625854492,60.96354675292969,33.621131896972656,22.91438102722168,34.23320388793945,195.1221466064453,24.132802963256836,22.228689193725586
2017-01-05,19.513029098510742,60.16432571411133,60.902584075927734,33.58535385131836,22.84471321105957,34.249610900878906,194.9671173095703,24.187118530273438,22.158727645874023
2017-01-06,19.711389541625977,59.83000183105469,61.11162185668945,33.65687942504883,22.870838165283203,34.31507110595703,195.6646270751953,24.363649368286133,22.20071029663086
2017-01-09,19.96971893310547,59.31330871582031,60.8067626953125,33.317176818847656,22.80987548828125,34.028621673583984,195.01878356933594,24.30933380126953,22.056777954101562
2017-01-10,20.251113891601562,59.84737777709961,60.710933685302734,33.451271057128906,22.80987548828125,33.97952651977539,195.01878356933594,24.320646286010742,22.070770263671875
2017-01-11,20.094268798828125,60.042724609375,60.745792388916016,33.66582107543945,22.86212921142578,34.06953430175781,195.5698699951172,24.33875846862793,22.132741928100586
2017-01-12,20.140399932861328,59.400142669677734,60.676124572753906,33.397640228271484,22.84471321105957,34.04498291015625,195.07901000976562,24.33422088623047,22.12274169921875
2017-01-13,20.352598190307617,59.83433532714844,60.676124572753906,33.504913330078125,22.853424072265625,34.057308197021484,195.52682495117188,24.381750106811523,22.102752685546875
2017-01-17,20.038909912109375,59.06150436401367,60.710933685302734,33.13839340209961,22.853424072265625,34.1884880065918,194.8379364013672,24.327438354492188,21.984813690185547
2017-01-18,20.112722396850586,59.29159164428711,60.81549072265625,33.24566650390625,22.905672073364258,34.27865982055664,195.26852416992188,24.38627815246582,22.038785934448242
2017-01-19,20.140399932861328,58.7271614074707,60.51063919067383,33.05794906616211,22.836002349853516,34.06547927856445,194.54513549804688,24.33875846862793,21.93083953857422
2017-01-20,20.157930374145508,59.01372528076172,60.676124572753906,33.28141403198242,22.957935333251953,34.22126770019531,195.25994873046875,24.420230865478516,21.988813400268555
2017-01-23,20.203136444091797,58.81401062011719,60.589019775390625,33.10263442993164,22.905672073364258,34.06547927856445,194.7517547607422,24.3930721282959,21.89286231994629
2017-01-24,20.352598190307617,59.67367935180664,60.99839782714844,33.621131896972656,23.105987548828125,34.196685791015625,196.00050354003906,24.524337768554688,22.096755981445312
2017-01-25,20.523279190063477,60.342323303222656,61.51230239868164,34.08597183227539,23.26276397705078,34.24586868286133,197.69696044921875,24.685020446777344,22.270673751831055
2017-01-26,20.398727416992188,60.02103042602539,61.36423110961914,34.0323371887207,23.21050453186035,34.237667083740234,197.49029541015625,24.69182014465332,22.24468231201172
2017-01-27,20.458696365356445,59.769195556640625,61.277130126953125,33.88037109375,23.193086624145508,34.22946548461914,197.18026733398438,24.716707229614258,22.162723541259766
2017-01-30,20.300006866455078,58.96161651611328,61.007118225097656,33.406578063964844,23.088573455810547,34.15568923950195,195.95742797851562,24.544706344604492,22.036788940429688
2017-01-31,20.381196975708008,59.361080169677734,60.88517379760742,33.35294723510742,22.940519332885742,34.28683853149414,195.94017028808594,24.52886199951172,22.048786163330078
2017-02-01,20.55003547668457,59.300296783447266,60.798057556152344,33.46022415161133,22.853424072265625,33.97531509399414,196.0177459716797,24.592241287231445,21.970823287963867
2017-02-02,20.675508499145508,59.00503158569336,60.81549072265625,33.35294723510742,22.853424072265625,34.18027114868164,196.14686584472656,24.5854434967041,22.00480079650879
2017-02-03,20.647830963134766,59.95155715942383,61.259708404541016,33.835670471191406,23.03632354736328,34.352439880371094,197.4989013671875,24.712181091308594,22.232688903808594
2017-02-06,20.657054901123047,59.39580535888672,61.190032958984375,33.63006591796875,23.010190963745117,34.21305847167969,197.1458740234375,24.718978881835938,22.140737533569336
2017-02-07,20.555572509765625,59.19607162475586,61.28584289550781,33.3797607421875,23.05373764038086,34.311466217041016,197.1544647216797,24.746126174926758,22.11075210571289
2017-02-08,20.749317169189453,59.1005744934082,61.259708404541016,33.29035186767578,23.09728240966797,34.4918212890625,197.41282653808594,24.807241439819336,22.140737533569336
2017-02-09,21.15064811706543,60.047080993652344,61.564537048339844,33.72840118408203,23.236635208129883,34.5492057800293,198.58401489257812,24.922666549682617,22.306655883789062
2017-02-10,21.19216537475586,60.533363342285156,61.8607292175293,33.969757080078125,23.30630874633789,34.72960662841797,199.36764526367188,25.013195037841797,22.380613327026367
2017-02-13,21.265974044799805,60.67231369018555,62.200416564941406,34.14855194091797,23.393402099609375,34.877166748046875,200.4527130126953,25.137676239013672,22.49854850769043
2017-02-14,21.42281723022461,60.81124496459961,62.47044372558594,34.3809700012207,23.471786499023438,34.8443489074707,201.2535858154297,25.219152450561523,22.64447593688965
2017-02-15,21.374839782714844,61.16726303100586,62.86238479614258,34.53293991088867,23.611141204833984,34.965919494628906,202.30421447753906,25.343631744384766,22.774415969848633
2017-02-16,21.201393127441406,61.04569625854492,62.93208694458008,34.22006607055664,23.628557205200195,35.13841247558594,202.13198852539062,25.33004379272461,22.738433837890625
2017-02-17,21.34900665283203,60.95884704589844,63.19340515136719,34.193233489990234,23.64597511291504,35.22875213623047,202.45057678222656,25.370790481567383,22.728431701660156
2017-02-21,21.404367446899414,61.488555908203125,63.472129821777344,34.40779113769531,23.80274200439453,35.42591857910156,203.65621948242188,25.49752426147461,22.8963565826416
2017-02-22,21.37945556640625,61.27146530151367,63.463401794433594,34.094905853271484,23.820159912109375,35.45875930786133,203.47535705566406,25.508846282958984,22.88835906982422
2017-02-23,21.19216537475586,60.8372802734375,63.64632034301758,34.01445007324219,23.820159912109375,35.60659408569336,203.61317443847656,25.48168182373047,22.912342071533203
2017-02-24,21.090681076049805,60.819915771484375,63.846675872802734,33.755210876464844,23.933378219604492,35.83658981323242,203.8715057373047,25.529211044311523,22.930334091186523
2017-02-27,21.468948364257812,61.29751968383789,63.837947845458984,34.0323371887207,23.872417449951172,35.73800277709961,204.19015502929688,25.597110748291016,22.950321197509766
2017-02-28,21.335168838500977,60.31626510620117,63.74213790893555,33.76414489746094,23.80274200439453,35.77909469604492,203.6389923095703,25.52242088317871,22.8963565826416
2017-03-01,21.676532745361328,61.42776870727539,64.5783462524414,34.54188919067383,24.116281509399414,36.06657409667969,206.4894256591797,25.832487106323242,23.234180450439453
2017-03-02,21.45049476623535,60.75912857055664,64.3431625366211,33.987648010253906,24.0030574798584,35.976219177246094,205.18914794921875,25.70574188232422,23.110244750976562
2017-03-03,21.404367446899414,60.58544921875,64.3170166015625,34.04127883911133,24.0030574798584,35.88587188720703,205.3183135986328,25.732906341552734,23.098247528076172
2017-03-06,21.468948364257812,60.16865921020508,64.15153503417969,33.862483978271484,23.89854621887207,35.80372619628906,204.7068634033203,25.696693420410156,22.99429702758789
2017-03-07,21.445880889892578,59.743167877197266,63.98603820800781,33.59430694580078,23.846288681030273,35.7708625793457,204.09539794921875,25.64463233947754,22.876361846923828
2017-03-08,21.440343856811523,59.352386474609375,63.881507873535156,33.33505630493164,23.872417449951172,35.581966400146484,203.71644592285156,25.610685348510742,22.822389602661133
2017-03-09,21.21523094177246,59.01372528076172,63.881507873535156,33.343990325927734,23.820159912109375,35.60659408569336,203.974853515625,25.635576248168945,22.810396194458008
2017-03-10,21.41358757019043,59.308982849121094,64.13408660888672,33.433406829833984,23.907251358032227,35.77909469604492,204.68966674804688,25.7374267578125,22.872364044189453
2017-03-13,21.61656379699707,59.49131774902344,64.142822265625,33.5674934387207,23.942100524902344,35.83658981323242,204.79298400878906,25.755537033081055,22.88035774230957
2017-03-14,21.570432662963867,59.21345901489258,63.94247817993164,33.272499084472656,23.83757781982422,35.73800277709961,204.00929260253906,25.698951721191406,22.824392318725586
2017-03-15,21.76879119873047,60.15127944946289,64.53479766845703,33.71944808959961,24.02047348022461,36.10665512084961,205.77468872070312,25.895851135253906,23.00229835510254
2017-03-16,21.884117126464844,60.264163970947266,64.39543914794922,33.68370056152344,24.02047348022461,35.95033264160156,205.36996459960938,25.855119705200195,22.942323684692383
2017-03-17,21.877656936645508,60.602821350097656,64.38671112060547,33.44741439819336,24.075389862060547,36.081993103027344,205.0092315673828,25.901897430419922,22.88466453552246
2017-03-20,21.865665435791016,60.27284622192383,64.29959869384766,33.3310432434082,24.014371871948242,36.007911682128906,204.784423828125,25.876922607421875,22.76411247253418
2017-03-21,21.25582504272461,58.67508316040039,63.66373825073242,32.46286392211914,23.752872467041016,35.88448715209961,202.1550750732422,25.597576141357422,22.44866943359375
2017-03-22,21.23829460144043,58.579559326171875,63.78570556640625,32.53447341918945,23.83132553100586,35.95033264160156,202.63076782226562,25.6793270111084,22.490861892700195
2017-03-23,21.24290657043457,58.95294189453125,63.70729064941406,32.62398147583008,23.83132553100586,35.90916442871094,202.4145965576172,25.62709617614746,22.454700469970703
2017-03-24,21.367460250854492,58.94772720336914,63.625911712646484,32.63294219970703,23.813894271850586,35.85981750488281,202.2675018310547,25.60211753845215,22.436614990234375
2017-03-27,21.61656379699707,59.008705139160156,63.51214599609375,32.570274353027344,23.735445022583008,35.78575897216797,202.0599365234375,25.60211753845215,22.414514541625977
2017-03-28,21.76879119873047,59.47915267944336,63.8359489440918,33.062538146972656,23.88362693786621,35.89271545410156,203.53024291992188,25.776987075805664,22.605390548706055
2017-03-29,21.948699951171875,59.635990142822266,63.77470016479492,33.429508209228516,23.866186141967773,35.77750778198242,203.72055053710938,25.8292236328125,22.559171676635742
2017-03-30,22.004056930541992,60.14129638671875,63.844722747802734,33.68011474609375,23.8923397064209,35.8268928527832,204.36924743652344,25.83831214904785,22.695802688598633
2017-03-31,22.105539321899414,60.25456237792969,63.71342086791992,33.64431381225586,23.857471466064453,35.769287109375,203.89352416992188,25.824676513671875,22.64959144592285
2017-04-03,22.170122146606445,59.148109436035156,63.55590057373047,33.40266418457031,23.813894271850586,35.69525146484375,203.5389404296875,25.81559944152832,22.56922149658203
2017-04-04,22.077861785888672,59.19166564941406,63.53838348388672,33.474266052246094,23.80517578125,35.73636245727539,203.6686553955078,25.8065128326416,22.58529281616211
2017-04-05,21.82415008544922,58.54693603515625,63.363346099853516,33.19679641723633,23.735445022583008,35.752845764160156,203.063232421875,25.75428009033203,22.474788665771484
2017-04-06,21.926555633544922,59.113243103027344,63.51214599609375,33.57270812988281,23.779024124145508,35.72814178466797,203.634033203125,25.79970359802246,22.56520652770996
2017-04-07,22.090776443481445,59.104530334472656,63.494651794433594,33.510066986083984,23.796459197998047,35.70346450805664,203.4264678955078,25.813325881958008,22.537073135375977
2017-04-10,22.22271156311035,59.287506103515625,63.494651794433594,33.59062576293945,23.787738800048828,35.79397201538086,203.54757690429688,25.78607749938965,22.56922149658203
2017-04-11,22.167356491088867,59.84511184692383,63.50336837768555,33.57270812988281,23.796459197998047,35.79397201538086,203.30538940429688,25.738386154174805,22.52703094482422
2017-04-12,21.972686767578125,58.97386932373047,63.30211639404297,33.14309310913086,23.700578689575195,35.79397201538086,202.4145965576172,25.65662384033203,22.454700469970703
2017-04-13,22.004056930541992,58.28559112548828,62.97826385498047,32.731388092041016,23.578542709350586,35.60438919067383,201.0998992919922,25.581676483154297,22.279897689819336
2017-04-17,22.129528045654297,58.94772720336914,63.45088195800781,33.08938980102539,23.752872467041016,35.901145935058594,202.88156127929688,25.76336097717285,22.46474838256836
2017-04-18,22.290061950683594,58.999996185302734,63.24958038330078,32.86564636230469,23.80517578125,35.925880432128906,202.27615356445312,25.692964553833008,22.380359649658203
2017-04-19,22.419225692749023,59.331058502197266,63.030784606933594,32.80298614501953,23.744157791137695,35.82696533203125,201.9042510986328,25.681604385375977,22.279897689819336
2017-04-20,22.64987564086914,60.150028228759766,63.485862731933594,33.161006927490234,23.927207946777344,35.96711349487305,203.54757690429688,25.888269424438477,22.492870330810547
2017-04-21,22.456130981445312,59.993194580078125,63.37211608886719,32.93723678588867,23.840042114257812,35.95061492919922,202.89892578125,25.856475830078125,22.336156845092773
2017-04-24,22.76981544494629,60.742435455322266,63.90598678588867,33.4116096496582,24.118980407714844,36.23089599609375,205.1303253173828,26.131282806396484,22.60137367248535
2017-04-25,23.083499908447266,61.28263473510742,64.33482360839844,33.671173095703125,24.232295989990234,36.338069915771484,206.3239288330078,26.303884506225586,22.733976364135742
2017-04-26,23.369504928588867,61.683372497558594,64.22100830078125,33.64431381225586,24.197423934936523,36.20615768432617,206.19419860839844,26.26072883605957,22.754064559936523
2017-04-27,23.600156784057617,61.62240982055664,64.2735595703125,33.393714904785156,24.214859008789062,36.30509567260742,206.3671875,26.324323654174805,22.683744430541992
2017-04-28,23.22188949584961,60.803466796875,64.10726928710938,33.17890167236328,24.066675186157227,36.14021682739258,205.9174041748047,26.326595306396484,22.59332847595215
2017-05-01,23.7200927734375,61.12582778930664,64.03726196289062,33.223636627197266,24.014371871948242,36.08252716064453,206.43637084960938,26.424251556396484,22.6214599609375
2017-05-02,23.69241714477539,60.87314987182617,64.15103912353516,33.16994857788086,24.049245834350586,36.04130172729492,206.51422119140625,26.465137481689453,22.57323455810547
2017-05-03,23.609384536743164,60.4985237121582,64.0634994506836,33.20575714111328,24.023086547851562,35.9918212890625,206.26341247558594,26.412900924682617,22.609403610229492
2017-05-04,23.526348114013672,60.44624328613281,64.13352966308594,32.99988555908203,24.049245834350586,36.22264099121094,206.5055389404297,26.437883377075195,22.587303161621094
2017-05-05,23.766225814819336,60.716331481933594,64.35232543945312,33.313167572021484,24.162565231323242,36.38753128051758,207.318603515625,26.54916000366211,22.707860946655273
2017-05-08,23.701642990112305,60.4985237121582,64.32605743408203,33.29525375366211,24.12769317626953,36.27211380004883,207.28396606445312,26.576419830322266,22.67972755432129
2017-05-09,24.236751556396484,60.57693099975586,64.31729888916016,33.268402099609375,24.12769317626953,36.15669631958008,207.09365844726562,26.5877742767334,22.579273223876953
2017-05-10,24.46647834777832,60.908023834228516,64.3085708618164,33.48321533203125,24.14512825012207,36.19791793823242,207.46560668945312,26.624107360839844,22.64959144592285
2017-05-11,24.512609481811523,60.45497131347656,64.15977478027344,33.24156188964844,24.066675186157227,36.12370300292969,207.0417938232422,26.60367202758789,22.58127784729004
2017-05-12,24.643619537353516,59.97577667236328,64.072265625,33.0267448425293,23.98822784423828,36.057796478271484,206.69586181640625,26.578683853149414,22.514972686767578
2017-05-15,24.86412239074707,60.3591194152832,64.4398422241211,33.36686325073242,24.09282112121582,36.24193572998047,207.83746337890625,26.71041488647461,22.64556884765625
2017-05-16,24.97944450378418,60.3591194152832,64.38731384277344,33.35790252685547,24.10154151916504,36.06025314331055,207.64718627929688,26.71722412109375,22.571229934692383
2017-05-17,24.098363876342773,58.84318542480469,63.564632415771484,32.355472564697266,23.735445022583008,35.911582946777344,203.96270751953125,26.213045120239258,22.259811401367188
2017-05-18,24.799537658691406,58.9303092956543,63.695919036865234,32.45391845703125,23.752872467041016,36.052001953125,204.784423828125,26.378829956054688,22.203550338745117
2017-05-19,24.845670700073242,59.200382232666016,64.02850341796875,32.92829513549805,23.96207618713379,36.20890426635742,206.11636352539062,26.551433563232422,22.398447036743164
2017-05-22,25.23316192626953,59.67082977294922,64.4398422241211,33.062538146972656,24.09282112121582,36.49802017211914,207.1628875732422,26.7081356048584,22.4727840423584
2017-05-23,25.31619644165039,59.871238708496094,64.41358184814453,33.12519454956055,24.09282112121582,36.547550201416016,207.62127685546875,26.746746063232422,22.571229934692383
2017-05-24,26.072729110717773,59.84511184692383,64.59736633300781,33.1072998046875,24.171279907226562,36.704463958740234,208.1055908203125,26.855764389038086,22.547117233276367
2017-05-25,26.395641326904297,59.92351150512695,64.97370147705078,32.981990814208984,24.34561538696289,36.94399642944336,209.1002655029297,27.019277572631836,22.6254825592041
2017-05-26,26.06350326538086,59.914794921875,64.95622253417969,32.99093246459961,24.35432243347168,36.935752868652344,209.0570068359375,27.030630111694336,22.6254825592041
2017-05-30,25.96201515197754,59.57500076293945,64.92119598388672,32.785091400146484,24.371761322021484,36.98530197143555,208.87538146972656,27.06243133544922,22.58529281616211
2017-05-31,26.155765533447266,59.53144836425781,65.06121826171875,32.65082550048828,24.39790916442871,37.12569046020508,208.82351684570312,27.107845306396484,22.551136016845703
2017-06-01,26.718551635742188,60.56821060180664,65.50757598876953,33.05360412597656,24.580955505371094,37.39000701904297,210.48414611816406,27.248661041259766,22.707860946655273
2017-06-02,26.90306854248047,60.96027755737305,65.69133758544922,32.87458801269531,24.633258819580078,37.472591400146484,211.1846923828125,27.423532485961914,22.752059936523438
2017-06-05,26.949199676513672,60.55949783325195,65.64759063720703,32.80298614501953,24.633258819580078,37.406517028808594,211.029052734375,27.405364990234375,22.729955673217773
2017-06-06,27.13372230529785,60.472389221191406,65.41130065917969,32.79403305053711,24.528656005859375,37.274375915527344,210.35440063476562,27.3008975982666,22.643564224243164
2017-06-07,27.174318313598633,60.56821060180664,65.46379852294922,32.65082550048828,24.528656005859375,37.307403564453125,210.74362182617188,27.362218856811523,22.681737899780273
2017-06-08,27.447406768798828,61.38717269897461,65.53380584716797,32.93723678588867,24.554811477661133,37.1669921875,210.84739685058594,27.33950424194336,22.752059936523438
2017-06-09,26.594921112060547,61.892478942871094,65.5863265991211,33.3310432434082,24.572242736816406,37.274375915527344,210.52735900878906,27.06924057006836,22.928863525390625
2017-06-12,26.08195686340332,61.761802673339844,65.55131530761719,33.429508209228516,24.554811477661133,37.274375915527344,210.48414611816406,26.942060470581055,22.969057083129883
2017-06-13,26.487897872924805,62.058013916015625,65.89263153076172,33.724876403808594,24.65069007873535,37.43130874633789,211.51341247558594,27.151004791259766,23.057458877563477
2017-06-14,26.25724983215332,61.674659729003906,65.87515258789062,33.313167572021484,24.659406661987305,37.55520248413086,211.24526977539062,27.107845306396484,23.03736114501953
2017-06-15,26.164987564086914,61.37847137451172,65.84014129638672,33.134151458740234,24.70298957824707,37.64870071411133,210.83880615234375,27.06470489501953,22.956995010375977
2017-06-16,26.32090950012207,61.04739761352539,65.89263153076172,33.16477584838867,24.717864990234375,37.66522979736328,210.88485717773438,27.117359161376953,22.9573974609375
2017-06-19,27.050689697265625,61.326194763183594,66.37397766113281,33.507049560546875,24.884109497070312,37.805912017822266,212.6405029296875,27.32937240600586,23.141319274902344
2017-06-20,27.078365325927734,60.594364166259766,65.92762756347656,33.14675521850586,24.69161605834961,37.607303619384766,211.20635986328125,27.18575668334961,22.95133399963379
2017-06-21,27.46586036682129,60.315547943115234,65.86637878417969,32.8585205078125,24.665369033813477,37.44184112548828,211.15426635742188,27.263269424438477,22.866455078125
2017-06-22,27.72418785095215,60.53337478637695,65.80513763427734,32.86753463745117,24.61286735534668,37.309452056884766,211.05865478515625,27.27238655090332,22.811887741088867
2017-06-23,27.954835891723633,61.04739761352539,65.91891479492188,32.9485969543457,24.62161636352539,37.33424377441406,211.31065368652344,27.38637351989746,22.848257064819336
2017-06-26,27.53966522216797,61.16065216064453,65.94515228271484,33.02064895629883,24.6566219329834,37.40875244140625,211.4497528076172,27.295190811157227,22.87049102783203
2017-06-27,26.945512771606445,60.70277786254883,65.47269439697266,32.8585205078125,24.46412467956543,37.152225494384766,209.74624633789062,27.021610260009766,22.81997299194336
2017-06-28,27.480621337890625,61.681434631347656,65.97417449951172,33.33591079711914,24.62161636352539,37.29290008544922,211.6236114501953,27.25642204284668,22.989742279052734
2017-06-29,26.964885711669922,61.29694747924805,65.20878601074219,33.33591079711914,24.350385665893555,36.879180908203125,209.76365661621094,26.898513793945312,22.9573974609375
2017-06-30,26.709325790405273,61.262027740478516,65.42874908447266,33.47102355957031,24.46412467956543,37.01156997680664,210.1547393798828,26.955509185791016,22.97356414794922
2017-07-03,26.570932388305664,61.83870315551758,65.6662826538086,33.85831832885742,24.53412437438965,37.01984786987305,210.5111083984375,26.973739624023438,23.106958389282227
2017-07-05,26.74622917175293,61.47171401977539,65.6398696899414,33.76825714111328,24.551618576049805,37.01156997680664,210.99778747558594,27.017059326171875,23.10494041442871
2017-07-06,26.201894760131836,60.624141693115234,65.10320281982422,33.380943298339844,24.324134826660156,36.77159118652344,209.0683135986328,26.75716781616211,22.872514724731445
2017-07-07,26.36795997619629,61.262027740478516,65.53429412841797,33.58810806274414,24.46412467956543,36.98674392700195,210.42417907714844,27.003381729125977,22.943246841430664
2017-07-10,26.3310604095459,60.895023345947266,65.57826232910156,33.84030532836914,24.41162109375,36.9205436706543,210.65016174316406,27.074050903320312,22.959421157836914
2017-07-11,26.663196563720703,61.034820556640625,65.38473510742188,33.84030532836914,24.41162109375,36.82125473022461,210.49368286132812,27.062654495239258,22.914958953857422
2017-07-12,27.11526870727539,61.49791717529297,65.91259765625,34.101531982421875,24.551618576049805,37.06120300292969,212.07550048828125,27.340774536132812,23.032180786132812
2017-07-13,26.995330810546875,61.64649200439453,65.96538543701172,34.26366424560547,24.586624145507812,37.01984786987305,212.4318389892578,27.400054931640625,23.05845069885254
2017-07-14,27.04607582092285,61.803768157958984,66.37008666992188,34.407779693603516,24.717864990234375,37.16324996948242,213.42271423339844,27.559635162353516,23.17365264892578
2017-07-17,26.856943130493164,61.96104431152344,66.29972076416016,34.38075256347656,24.717864990234375,37.221275329589844,213.39654541015625,27.564193725585938,23.121110916137695
2017-07-18,27.15217399597168,61.768798828125,66.39647674560547,34.227630615234375,24.717864990234375,37.24615478515625,213.50958251953125,27.64626121520996,23.0624942779541
2017-07-19,27.18907928466797,62.47659683227539,66.59883880615234,34.61494445800781,24.866609573364258,37.37879180908203,214.6654815673828,27.80128288269043,23.151418685913086
2017-07-20,27.428951263427734,62.56398391723633,66.77479553222656,34.48884201049805,24.814115524291992,37.42024612426758,214.7611083984375,27.792171478271484,23.19588279724121
2017-07-21,27.631925582885742,62.25813674926758,66.75718688964844,34.42579650878906,24.761613845825195,37.48656463623047,214.5699005126953,27.798999786376953,23.127168655395508
2017-07-24,28.028644561767578,62.26688003540039,66.59002685546875,34.50686264038086,24.6566219329834,37.3870849609375,214.5177764892578,27.798999786376953,23.125146865844727
2017-07-25,27.954835891723633,62.852317810058594,66.6780014038086,34.79508972167969,24.717864990234375,37.40363311767578,215.03924560546875,27.81951332092285,23.28683090209961
2017-07-26,27.94561195373535,62.42416000366211,66.6692123413086,34.596920013427734,24.779111862182617,37.353919982910156,215.0479278564453,27.85143280029297,23.220136642456055
2017-07-27,27.521215438842773,62.13580322265625,66.5811996459961,34.47983169555664,24.805368423461914,37.48656463623047,214.8480682373047,27.74201011657715,23.183761596679688
2017-07-28,27.65037727355957,62.03969955444336,66.09734344482422,34.353729248046875,24.682872772216797,37.44510269165039,214.59597778320312,27.732898712158203,23.2443904876709
2017-07-31,27.329313278198242,61.8736686706543,66.09734344482422,34.34471893310547,24.700368881225586,37.51969528198242,214.4742889404297,27.659944534301758,23.262584686279297
2017-08-01,27.401277542114258,62.057186126708984,66.32610321044922,34.24565505981445,24.761613845825195,37.61917495727539,214.9523468017578,27.730613708496094,23.32119369506836
2017-08-02,27.504606246948242,61.25327682495117,66.31729888916016,34.13755416870117,24.735363006591797,37.61917495727539,215.05662536621094,27.755693435668945,23.32321548461914
2017-08-03,27.71034812927246,61.04358673095703,66.20291900634766,34.01145935058594,24.717864990234375,37.677223205566406,214.63946533203125,27.659944534301758,23.298961639404297
2017-08-04,28.047094345092773,61.28822708129883,66.28211212158203,34.236637115478516,24.735363006591797,37.718658447265625,215.03057861328125,27.753414154052734,23.30097770690918
2017-08-07,28.572978973388672,61.2270622253418,66.47563934326172,34.19160079956055,24.822866439819336,37.693782806396484,215.4303436279297,27.830923080444336,23.327259063720703
2017-08-08,28.526851654052734,61.06105422973633,66.32610321044922,34.047481536865234,24.75286293029785,37.65233612060547,214.90013122558594,27.721492767333984,23.254497528076172
2017-08-09,28.26852035522461,60.54550552368164,66.2732925415039,33.921390533447266,24.779111862182617,37.677223205566406,214.8914794921875,27.769363403320312,23.19386863708496
2017-08-10,27.761091232299805,59.61052703857422,65.37592315673828,33.14675521850586,24.490375518798828,37.453392028808594,211.8582000732422,27.33165740966797,23.016008377075195
2017-08-11,28.370006561279297,59.593055725097656,65.35836029052734,33.16477584838867,24.53412437438965,37.411949157714844,212.1710968017578,27.43424415588379,22.90283203125
2017-08-14,29.29261016845703,60.4755859375,65.98297882080078,33.48003005981445,24.709115982055664,37.7435302734375,214.27435302734375,27.753414154052734,23.094831466674805
2017-08-15,28.85898780822754,59.88141632080078,65.98297882080078,33.47102355957031,24.647871017456055,37.78839111328125,214.24832153320312,27.76708221435547,23.135251998901367
2017-08-16,29.089637756347656,59.96004104614258,66.11495208740234,33.48003005981445,24.744117736816406,37.9461784362793,214.62210083007812,27.83319854736328,23.10291290283203
2017-08-17,28.572978973388672,58.79790496826172,65.08563995361328,32.66036605834961,24.367883682250977,37.48939895629883,211.27590942382812,27.374975204467773,22.75731086730957
2017-08-18,28.370006561279297,58.69304656982422,64.91848754882812,32.687381744384766,24.280376434326172,37.42295455932617,210.94569396972656,27.32937240600586,22.72698974609375
2017-08-21,28.370006561279297,58.61441421508789,65.0680160522461,32.597312927246094,24.350385665893555,37.539222717285156,211.1107940673828,27.37725067138672,22.72295379638672
2017-08-22,28.895891189575195,59.182376861572266,65.6662826538086,33.011653900146484,24.586624145507812,37.838218688964844,213.318359375,27.694133758544922,22.910913467407227
2017-08-23,29.052734375,59.02509689331055,65.48150634765625,32.95761489868164,24.455373764038086,37.6887321472168,212.55355834960938,27.596111297607422,22.856340408325195
2017-08-24,29.283382415771484,59.10374450683594,65.4375228881836,32.93056869506836,24.41162109375,37.52262496948242,212.05813598632812,27.54138946533203,22.807836532592773
2017-08-25,29.206809997558594,59.3920783996582,65.57826232910156,33.011653900146484,24.48162269592285,37.66379928588867,212.55355834960938,27.545961380004883,22.894744873046875
2017-08-28,29.809268951416016,59.453250885009766,65.63107299804688,32.92157745361328,24.490375518798828,37.613983154296875,212.562255859375,27.596111297607422,22.842201232910156
2017-08-29,30.26133918762207,59.43576431274414,65.61348724365234,32.912574768066406,24.490375518798828,37.67212677001953,212.8055877685547,27.67817497253418,22.82805061340332
2017-08-30,30.833354949951172,59.76780700683594,66.01818084716797,33.14675521850586,24.54286766052246,37.67212677001953,213.81378173828125,27.840044021606445,22.88059425354004
2017-08-31,31.499473571777344,60.353248596191406,66.40528869628906,33.371944427490234,24.639116287231445,37.80498123168945,215.1000518798828,28.05205726623535,22.959421157836914
2017-09-01,31.036327362060547,60.78142547607422,66.5284652709961,33.696205139160156,24.744117736816406,37.78839111328125,215.40426635742188,28.07714080810547,23.072601318359375
2017-09-05,30.84258460998535,60.15229034423828,66.07096099853516,33.18279266357422,24.595369338989258,37.54752731323242,213.85720825195312,27.901586532592773,22.82401466369629
2017-09-06,31.036327362060547,60.335777282714844,66.22053527832031,33.41697692871094,24.69161605834961,37.57245635986328,214.58726501464844,27.976823806762695,22.91900062561035
2017-09-07,31.137815475463867,60.16101837158203,66.42286682128906,33.29087829589844,24.735363006591797,37.54752731323242,214.56118774414062,28.072574615478516,22.815921783447266
2017-09-08,30.694963455200195,60.248409271240234,66.49327087402344,33.23683166503906,24.744117736816406,37.77177429199219,214.30917358398438,27.974544525146484,22.862409591674805
2017-09-11,31.110139846801758,60.895023345947266,67.13545989990234,33.68720626831055,24.962858200073242,38.1620979309082,216.5950164794922,28.25039291381836,23.141319274902344
2017-09-12,31.24852752685547,61.34064865112305,67.34662628173828,34.047481536865234,25.050357818603516,38.087379455566406,217.3249969482422,28.28230857849121,23.264606475830078
2017-09-13,31.110139846801758,61.541629791259766,67.24987030029297,34.20060729980469,25.041606903076172,37.97108459472656,217.42930603027344,28.302820205688477,23.311084747314453
2017-09-14,30.953292846679688,61.51542663574219,67.30264282226562,34.182586669921875,25.094106674194336,38.03752899169922,217.3598175048828,28.25494956970215,23.311084747314453
2017-09-15,31.32233238220215,61.847450256347656,67.57537841796875,34.281681060791016,25.164106369018555,38.137210845947266,217.65240478515625,28.272802352905273,23.346471786499023
2017-09-18,31.70060157775879,62.33677673339844,67.78650665283203,34.62074661254883,25.29356575012207,38.19044876098633,218.11532592773438,28.304841995239258,23.452213287353516
2017-09-19,31.56220817565918,62.205726623535156,67.89207458496094,34.72018814086914,25.27594757080078,38.19876480102539,218.333740234375,28.307125091552734,23.511178970336914
2017-09-20,31.645248413085938,62.43290328979492,67.76890563964844,34.837738037109375,25.258337020874023,38.19044876098633,218.4122772216797,28.31627655029297,23.531517028808594
2017-09-21,31.340787887573242,62.46784591674805,67.57537841796875,34.85582733154297,25.205495834350586,38.06563949584961,217.8270721435547,28.201858520507812,23.513219833374023
2017-09-22,31.276203155517578,62.869808197021484,67.79531860351562,35.036659240722656,25.27594757080078,38.06563949584961,217.8708038330078,28.194990158081055,23.54168701171875
2017-09-25,30.796449661254883,63.062042236328125,67.86569213867188,35.00953674316406,25.31117820739746,38.11555862426758,217.42529296875,28.021074295043945,23.594558715820312
2017-09-26,30.676513671875,63.38284683227539,67.94522094726562,35.06377410888672,25.33759880065918,38.00740432739258,217.55638122558594,28.05311393737793,23.57421875
2017-09-27,31.211624145507812,64.68014526367188,68.17496490478516,35.542991638183594,25.31117820739746,37.915889739990234,218.403564453125,28.20643424987793,23.63522720336914
2017-09-28,31.47918128967285,64.8554458618164,68.10430908203125,35.515872955322266,25.319984436035156,37.99909210205078,218.6655731201172,28.23848533630371,23.671831130981445
2017-09-29,31.634170532226562,65.05706024169922,68.16615295410156,35.65149688720703,25.355215072631836,38.09892654418945,219.43423461914062,28.357465744018555,23.72063446044922
2017-10-02,31.80208969116211,65.9423828125,68.55496215820312,35.877532958984375,25.504928588867188,38.256996154785156,220.3863067626953,28.428409576416016,23.86501121520996
2017-10-03,32.10654830932617,66.09135437011719,68.72284698486328,36.067405700683594,25.59299659729004,38.29029846191406,220.85794067382812,28.494770050048828,23.919910430908203
2017-10-04,31.977384567260742,65.80209350585938,68.84658813476562,36.07646179199219,25.62822914123535,38.40679931640625,221.11996459960938,28.529094696044922,23.95652198791504
2017-10-05,32.401771545410156,65.9423828125,69.27957916259766,36.230159759521484,25.716291427612305,38.47335433959961,222.43014526367188,28.719032287597656,24.078523635864258
2017-10-06,32.30952072143555,65.82840728759766,69.14702606201172,36.1849479675293,25.698678970336914,38.423423767089844,222.17681884765625,28.73733901977539,23.999223709106445
2017-10-09,32.24216842651367,65.5216064453125,69.21772766113281,36.13974380493164,25.610614776611328,38.415103912353516,221.8099822998047,28.719032287597656,23.911785125732422
2017-10-10,32.097320556640625,65.67939758300781,69.50930786132812,36.20303726196289,25.68987464904785,38.5898323059082,222.39520263671875,28.748775482177734,24.015487670898438
2017-10-11,32.11576843261719,65.48655700683594,69.67720794677734,36.21207809448242,25.7251033782959,38.64806365966797,222.74452209472656,28.84031105041504,24.019563674926758
2017-10-12,32.217254638671875,65.40768432617188,69.68606567382812,36.1849479675293,25.786746978759766,38.739593505859375,222.41268920898438,28.847177505493164,23.944320678710938
2017-10-13,32.092708587646484,65.38137817382812,69.73023223876953,36.23920822143555,25.821983337402344,38.74790573120117,222.68348693847656,28.902101516723633,23.944320678710938
2017-10-16,32.00505828857422,65.27619934082031,69.71255493164062,36.447174072265625,25.79555892944336,38.739593505859375,222.9803924560547,28.96160125732422,23.9788875579834
2017-10-17,32.04196548461914,65.118408203125,69.80093383789062,36.24824523925781,25.813167572021484,38.731266021728516,223.13763427734375,29.00736427307129,23.970754623413086
2017-10-18,32.00505828857422,65.54789733886719,69.8892593383789,36.32057189941406,25.857208251953125,38.72296905517578,223.35597229003906,29.03482437133789,23.99515151977539
2017-10-19,31.70060157775879,65.40768432617188,70.00413513183594,36.23920822143555,25.901243209838867,38.856056213378906,223.41708374023438,28.989057540893555,24.03582191467285
2017-10-20,32.14344787597656,65.72321319580078,70.32228088378906,36.637046813964844,26.006929397583008,39.039127349853516,224.57003784179688,29.08974838256836,24.182235717773438
2017-10-23,31.848215103149414,65.39891052246094,70.20741271972656,36.4200439453125,25.927663803100586,38.95909881591797,223.69664001464844,28.952442169189453,24.157825469970703
2017-10-24,31.70060157775879,65.5829849243164,70.23392486572266,36.673213958740234,25.936466217041016,38.97576904296875,224.08966064453125,28.96160125732422,24.206640243530273
2017-10-25,31.11936378479004,65.24114227294922,70.03955078125,36.08550262451172,25.848400115966797,38.81739807128906,222.9803924560547,28.86091423034668,24.084627151489258
2017-10-26,31.56220817565918,65.54789733886719,70.15440368652344,36.266326904296875,25.87481689453125,38.95909881591797,223.2686309814453,28.87921142578125,24.125293731689453
2017-10-27,32.15267562866211,65.8985366821289,70.32228088378906,36.32962417602539,25.813167572021484,38.95909881591797,225.09414672851562,29.309432983398438,24.07649803161621
2017-10-30,32.327972412109375,64.96940612792969,70.0925521850586,36.19399642944336,25.663455963134766,38.78408432006836,224.25563049316406,29.263656616210938,23.987022399902344
2017-10-31,32.76158905029297,65.61804962158203,70.15440368652344,36.275367736816406,25.645837783813477,38.78408432006836,224.60498046875,29.300281524658203,24.019563674926758
2017-11-01,32.2541618347168,65.15347290039062,70.1897201538086,36.293453216552734,25.68107032775879,38.867435455322266,224.90199279785156,29.309432983398438,24.084627151489258
2017-11-02,32.13422775268555,65.23236083984375,70.32228088378906,36.338680267333984,25.68987464904785,38.967430114746094,224.9893035888672,29.32773780822754,24.100893020629883
2017-11-03,32.567848205566406,64.81161499023438,70.44601440429688,36.465248107910156,25.742717742919922,39.00080108642578,225.74044799804688,29.474193572998047,24.084627151489258
2017-11-06,32.512489318847656,64.95186614990234,70.53436279296875,36.89925003051758,25.73391342163086,38.942420959472656,226.08985900878906,29.593189239501953,24.084627151489258
2017-11-07,32.189579010009766,64.2506332397461,70.42835235595703,36.58279800415039,25.769142150878906,39.117496490478516,225.9326171875,29.60234832763672,24.02768898010254
2017-11-08,32.22648620605469,64.53987884521484,70.67576599121094,36.5556640625,25.839590072631836,39.225833892822266,226.31690979003906,29.675567626953125,24.01141929626465
2017-11-09,31.977384567260742,64.24186706542969,70.4106674194336,36.230159759521484,25.707489013671875,39.100799560546875,225.49594116210938,29.538265228271484,23.987022399902344
2017-11-10,32.01428985595703,64.29447937011719,70.49903106689453,36.266326904296875,25.742717742919922,39.13414764404297,225.4260711669922,29.547420501708984,23.9788875579834
2017-11-13,32.15267562866211,64.40840911865234,70.56089782714844,36.257286071777344,25.7251033782959,39.28417205810547,225.63563537597656,29.584028244018555,23.987022399902344
2017-11-14,31.838987350463867,64.39088439941406,70.58738708496094,36.049320220947266,25.68107032775879,39.500892639160156,225.1116180419922,29.519956588745117,23.921947479248047
2017-11-15,31.922027587890625,64.0402603149414,70.17208862304688,35.904659271240234,25.531347274780273,39.217498779296875,223.9848175048828,29.32773780822754,23.84061050415039
2017-11-16,32.567848205566406,65.13594055175781,70.70230102539062,36.32057189941406,25.848400115966797,39.3675422668457,225.88894653320312,29.584028244018555,24.019563674926758
2017-11-17,32.73391342163086,65.41643524169922,70.71110534667969,36.41100311279297,25.857208251953125,39.200828552246094,225.22509765625,29.48334312438965,23.987022399902344
2017-11-20,33.06605529785156,65.91606903076172,70.84365844726562,36.609928131103516,25.927663803100586,39.31272888183594,225.60943603515625,29.519956588745117,24.02768898010254
2017-11-21,33.61961364746094,66.81015014648438,71.28548431396484,36.79075241088867,26.05095863342285,39.5047721862793,227.08554077148438,29.767107009887695,24.125293731689453
2017-11-22,33.91484832763672,66.6698989868164,71.13529205322266,36.73649215698242,25.980506896972656,39.36281967163086,226.88467407226562,29.75794219970703,24.109033584594727
2017-11-24,34.080909729003906,66.71372985839844,71.25898742675781,36.75458526611328,26.03334617614746,39.429649353027344,227.40872192382812,29.8586368560791,24.117162704467773
2017-11-27,34.37614440917969,66.38938903808594,71.2413101196289,36.59184265136719,26.042158126831055,39.52983856201172,227.295166015625,29.876951217651367,24.092754364013672
2017-11-28,34.754417419433594,67.52013397216797,72.01008605957031,37.24282455444336,26.359209060668945,39.87218475341797,229.60105895996094,30.060014724731445,24.426258087158203
2017-11-29,34.117820739746094,67.93209838867188,72.14263153076172,37.324214935302734,26.403242111206055,39.98075866699219,229.4613494873047,29.822025299072266,24.637731552124023
2017-11-30,34.320796966552734,67.91458129882812,72.68170928955078,37.568336486816406,26.5617618560791,40.28972244262695,231.47024536132812,30.11493682861328,24.841079711914062
2017-12-01,34.50531005859375,67.51138305664062,72.70819854736328,37.405582427978516,26.464885711669922,40.16445541381836,230.98977661132812,30.03255844116211,24.808551788330078
2017-12-04,33.89639663696289,67.54641723632812,72.76121520996094,37.61354446411133,26.5617618560791,40.172794342041016,230.71031188964844,29.822025299072266,24.963096618652344
2017-12-05,33.53657913208008,66.83646392822266,72.57563018798828,37.369422912597656,26.473691940307617,39.905609130859375,229.8805389404297,29.75794219970703,24.824817657470703
2017-12-06,33.69342041015625,66.54717254638672,72.53145599365234,37.233795166015625,26.508920669555664,39.98075866699219,229.9242706298828,29.840328216552734,24.743484497070312
2017-12-07,34.191627502441406,66.8802719116211,72.8142318725586,37.658756256103516,26.57938003540039,39.98075866699219,230.6492156982422,29.959331512451172,24.79228401184082
2017-12-08,33.89639663696289,66.83646392822266,73.1500244140625,37.89384078979492,26.71148109436035,40.139373779296875,231.90692138671875,30.096635818481445,24.946826934814453
2017-12-11,34.127044677734375,66.65237426757812,73.2825927734375,37.89384078979492,26.737903594970703,40.21452713012695,232.60577392578125,30.215625762939453,25.011899948120117
2017-12-12,34.63447570800781,66.49458312988281,73.31793212890625,37.975215911865234,26.781936645507812,40.072593688964844,233.01625061035156,30.243085861206055,25.060697555541992
2017-12-13,34.6898307800293,66.82764434814453,73.35327911376953,37.79438781738281,26.86119842529297,40.072593688964844,232.99002075195312,30.288860321044922,25.020034790039062
2017-12-14,34.66215133666992,66.06507873535156,73.05282592773438,37.50505065917969,26.7467098236084,39.9139404296875,232.03790283203125,30.215625762939453,24.898027420043945
2017-12-15,35.47404098510742,67.16952514648438,73.60070037841797,37.90288162231445,26.93165397644043,40.20618438720703,233.9702606201172,30.432538986206055,25.08816146850586
2017-12-18,36.84872055053711,68.14244842529297,74.04252624511719,38.459041595458984,27.04853057861328,40.20201110839844,235.45391845703125,30.653141021728516,25.25278663635254
2017-12-19,36.06450653076172,67.53121185302734,73.90113830566406,38.350162506103516,26.995405197143555,39.951107025146484,234.54965209960938,30.542829513549805,25.15400505065918
2017-12-20,35.36333465576172,67.68070983886719,73.8746337890625,38.504398345947266,26.968841552734375,39.82565689086914,234.42669677734375,30.48769187927246,25.15400505065918
2017-12-21,34.828224182128906,67.95338439941406,73.82848358154297,38.685855865478516,26.959985733032227,39.6834831237793,234.9095001220703,30.469308853149414,25.285703659057617
2017-12-22,34.828224182128906,67.77745819091797,73.77521514892578,38.71306610107422,26.942279815673828,39.691856384277344,234.84814453125,30.432538986206055,25.293933868408203
2017-12-26,35.298744201660156,67.83905029296875,73.79296112060547,38.722137451171875,26.995405197143555,39.67510986328125,234.5672607421875,30.368207931518555,25.293933868408203
2017-12-27,35.091285705566406,67.7598876953125,73.87286376953125,38.685855865478516,27.013111114501953,39.8089485168457,234.6813507080078,30.423349380493164,25.285703659057617
2017-12-28,34.988487243652344,68.03253936767578,73.96163177490234,38.8128662109375,27.039669036865234,39.951107025146484,235.16419982910156,30.460115432739258,25.351552963256836
2017-12-29,34.652061462402344,67.5575942993164,73.58881378173828,38.549766540527344,26.959985733032227,39.926029205322266,234.27752685546875,30.331439971923828,25.25278663635254
2018-01-02,36.0538444519043,68.0677261352539,73.92613220214844,39.05784225463867,27.092796325683594,39.64167022705078,235.9542694091797,30.58879280090332,25.409168243408203
2018-01-03,36.203372955322266,68.00614166259766,74.4498519897461,39.302791595458984,27.261022567749023,39.76711654663086,237.44671630859375,30.8553409576416,25.499713897705078
2018-01-04,36.324851989746094,68.19087219238281,74.78718566894531,39.556827545166016,27.37611961364746,39.8758544921875,238.4475555419922,30.974830627441406,25.639636993408203
2018-01-05,36.913604736328125,68.48109436035156,75.27539825439453,39.674781799316406,27.606321334838867,40.01802444458008,240.03659057617188,31.278139114379883,25.73017692565918
2018-01-08,36.66128158569336,68.58665466308594,75.50621032714844,39.756431579589844,27.66829490661621,40.14347457885742,240.4755401611328,31.34248161315918,25.763105392456055
2018-01-09,36.736045837402344,68.51630401611328,75.73699188232422,39.810874938964844,27.730274200439453,40.13509750366211,241.01979064941406,31.425203323364258,25.80426025390625
2018-01-10,36.82949447631836,68.40192413330078,75.5949478149414,39.97417449951172,27.712568283081055,39.90093994140625,240.6510772705078,31.3241024017334,25.796031951904297
2018-01-11,36.922950744628906,69.65971374511719,75.99445343017578,40.60926055908203,27.94277000427246,39.99293899536133,242.40689086914062,31.517118453979492,26.018266677856445
2018-01-12,37.1098518371582,69.97631072998047,76.54480743408203,40.97216033935547,28.137550354003906,40.068206787109375,243.98716735839844,31.74689292907715,26.174654006958008
2018-01-16,36.27812194824219,69.281494140625,76.27851104736328,40.58203887939453,27.978179931640625,39.951107025146484,243.15313720703125,31.65498924255371,26.06765365600586
2018-01-17,37.1285400390625,69.97631072998047,77.34368133544922,40.96308898925781,28.243797302246094,40.3358268737793,245.4707489013672,32.013450622558594,26.248735427856445
2018-01-18,37.259376525878906,69.40460968017578,77.12175750732422,40.89051055908203,28.15526008605957,40.193660736083984,245.05819702148438,32.03183364868164,26.174654006958008
2018-01-19,37.324790954589844,70.41612243652344,77.60999298095703,41.17177200317383,28.31463050842285,40.3358268737793,246.17312622070312,32.16050720214844,26.265193939208984
2018-01-22,38.36211013793945,70.59201049804688,78.0183334350586,41.507450103759766,28.48285484313965,40.48994445800781,248.1747589111328,32.39949417114258,26.495662689208984
2018-01-23,38.84806442260742,70.66236877441406,78.03607177734375,41.607242584228516,28.420869827270508,40.5904541015625,248.701416015625,32.54655838012695,26.512121200561523
2018-01-24,38.61443328857422,70.2490005493164,77.83191680908203,41.44394302368164,28.35004425048828,40.65746307373047,248.60484313964844,32.454647064208984,26.577970504760742
2018-01-25,38.58639907836914,70.44247436523438,77.84967803955078,41.062889099121094,28.438579559326172,40.93387222290039,248.71022033691406,32.500606536865234,26.5615177154541
2018-01-26,39.296634674072266,70.67998504638672,78.65748596191406,41.67076110839844,28.695344924926758,41.252159118652344,251.5897216796875,32.95096206665039,26.783748626708984
2018-01-29,39.55829620361328,70.28417205810547,77.965087890625,41.47115707397461,28.4917049407959,40.93387222290039,249.92172241210938,32.73037338256836,26.619131088256836
2018-01-30,38.8760986328125,69.63330078125,77.13066864013672,40.78165054321289,28.20838165283203,40.74961853027344,247.35826110839844,32.39949417114258,26.314577102661133
2018-01-31,38.5396728515625,69.25509643554688,76.953125,40.817928314208984,28.22608757019043,40.9003791809082,247.4811553955078,32.50978469848633,26.289886474609375
2018-02-01,38.081756591796875,69.54533386230469,77.01528930664062,40.89958190917969,28.19953155517578,40.69098663330078,247.20021057128906,32.381107330322266,26.306352615356445
2018-02-02,37.19395446777344,68.1644515991211,75.4262924194336,39.80179214477539,27.69485855102539,40.09626770019531,241.81866455078125,31.728517532348633,25.705488204956055
2018-02-05,35.87628173828125,65.48187255859375,72.54134368896484,37.97818374633789,26.526153564453125,38.65556335449219,231.7052764892578,30.450925827026367,24.64368438720703
2018-02-06,36.717350006103516,66.29981994628906,73.66868591308594,38.749366760253906,27.00425910949707,38.77285385131836,236.27035522460938,31.131080627441406,24.97292137145996
2018-02-07,37.23134231567383,66.33502960205078,73.40239715576172,38.658626556396484,26.959985733032227,38.714237213134766,234.9886474609375,30.928882598876953,24.890613555908203
2018-02-08,35.60527038574219,64.51439666748047,70.85474395751953,36.95298385620117,25.959505081176758,37.575077056884766,226.17446899414062,29.697240829467773,24.05105209350586
2018-02-09,35.85759353637695,65.20923614501953,72.01761627197266,37.424747467041016,26.384483337402344,38.24517059326172,229.57192993164062,30.22114372253418,24.355600357055664
2018-02-12,36.27812194824219,65.84247589111328,72.87866973876953,38.05984115600586,26.712072372436523,38.62207794189453,232.94313049316406,30.72666358947754,24.635454177856445
2018-02-13,36.700531005859375,65.8864517211914,73.14495849609375,38.17778396606445,26.79176139831543,38.78123474121094,233.5225372314453,30.80939292907715,24.693069458007812
2018-02-14,37.64252853393555,67.10025024414062,74.10368347167969,39.09413146972656,27.14592170715332,38.99063491821289,236.6741943359375,31.250553131103516,24.98115348815918
2018-02-15,38.39949417114258,67.77745819091797,75.01798248291016,39.27557373046875,27.508926391601562,39.526695251464844,239.69412231445312,31.74689292907715,25.21162223815918
2018-02-16,38.371456146240234,68.01493072509766,75.0623779296875,39.16670227050781,27.544340133666992,39.68586349487305,239.76434326171875,31.710142135620117,25.261014938354492
2018-02-20,38.334075927734375,67.42566680908203,74.64517211914062,39.32094192504883,27.24331283569336,39.3141975402832,238.26316833496094,31.63661003112793,25.014076232910156
2018-02-21,38.380802154541016,67.5751953125,74.15693664550781,39.07596969604492,27.039669036865234,38.995384216308594,237.07797241210938,31.54469871520996,24.857690811157227
2018-02-22,38.3060417175293,67.52241516113281,74.18356323242188,39.04875946044922,27.092796325683594,39.079288482666016,237.38523864746094,31.572277069091797,24.832998275756836
2018-02-23,38.7919921875,68.39313507080078,75.39080047607422,39.84715270996094,27.4735164642334,39.72528076171875,241.16909790039062,32.114559173583984,25.236316680908203
2018-02-26,39.58633804321289,68.85931396484375,76.24295806884766,40.21913528442383,27.809959411621094,40.00213623046875,243.96958923339844,32.500606536865234,25.516172409057617
2018-02-27,38.960208892822266,67.85664367675781,75.39080047607422,39.72920608520508,27.500076293945312,39.52392578125,240.9232635498047,32.12375259399414,25.178699493408203
2018-02-28,38.23127746582031,66.6164779663086,74.71617126464844,39.27557373046875,27.19019317626953,39.129600524902344,238.48263549804688,31.820430755615234,24.832998275756836
2018-03-01,38.10044479370117,66.34381866455078,73.76634979248047,38.7584342956543,26.809476852416992,38.69334411621094,235.01492309570312,31.34248161315918,24.56960678100586
2018-03-02,38.9788932800293,67.43445587158203,74.21905517578125,39.17578125,26.942279815673828,38.78561019897461,236.22647094726562,31.535505294799805,24.660146713256836
2018-03-05,39.77324295043945,67.9269790649414,74.93807220458984,39.756431579589844,27.22560691833496,39.3141975402832,238.95669555664062,31.884765625,24.948232650756836
2018-03-06,40.14704895019531,68.7449722290039,75.29315185546875,40.13747024536133,27.19904327392578,39.23866653442383,239.56248474121094,31.95830726623535,24.997615814208984
2018-03-07,40.754486083984375,69.2463150024414,75.19550323486328,40.173770904541016,27.154773712158203,39.26384353637695,239.4746856689453,32.04102325439453,24.898847579956055
2018-03-08,41.11894989013672,69.14078521728516,75.66598510742188,40.30984878540039,27.30529022216797,39.57426452636719,240.633544921875,32.224853515625,24.989383697509766
2018-03-09,41.9506721496582,70.19621276855469,76.93537139892578,41.10825729370117,27.7568359375,40.111209869384766,244.8211212158203,32.8130989074707,25.400941848754883
2018-03-12,42.0347785949707,70.4600601196289,76.92646789550781,41.11732482910156,27.659442901611328,40.010528564453125,244.51385498046875,32.822288513183594,25.343320846557617
2018-03-13,41.53013610839844,70.23140716552734,76.56257629394531,40.78165054321289,27.4735164642334,39.901466369628906,242.93370056152344,32.574119567871094,25.21162223815918
2018-03-14,41.24043655395508,69.89717102050781,76.03882598876953,40.473167419433594,27.24331283569336,39.800785064697266,241.68701171875,32.454647064208984,25.005857467651367
2018-03-15,40.77317810058594,69.58931732177734,76.05654907226562,40.355228424072266,27.216745376586914,39.8595085144043,241.4236602783203,32.454647064208984,24.98115348815918
2018-03-16,40.576927185058594,70.10824584960938,76.24295806884766,40.5548095703125,27.340700149536133,40.06926727294922,241.6854248046875,32.454647064208984,25.038774490356445
2018-03-19,39.81061553955078,69.49256896972656,75.27539825439453,40.01449966430664,27.010290145874023,39.74651336669922,238.4153594970703,31.95688819885254,24.768898010253906
2018-03-20,39.88538360595703,69.47498321533203,75.5860824584961,40.16004180908203,27.14352035522461,39.84737014770508,238.82081604003906,32.067501068115234,24.752338409423828
2018-03-21,39.876033782958984,69.7740478515625,75.46182250976562,40.323768615722656,27.072467803955078,39.712894439697266,238.36239624023438,31.90159034729004,24.793731689453125
2018-03-22,38.745262145996094,68.33515930175781,73.50645446777344,39.08668518066406,26.36190414428711,38.99848556518555,232.4041290283203,31.072019577026367,24.20596694946289
2018-03-23,37.988304138183594,66.86190795898438,71.86583709716797,38.00423049926758,25.891157150268555,38.351314544677734,227.4504852294922,30.38071632385254,23.734107971191406
2018-03-26,38.7919921875,68.37044525146484,73.89875793457031,39.19584274291992,26.521785736083984,39.10774612426758,233.67327880859375,31.32088279724121,24.263914108276367
2018-03-27,36.8108024597168,67.21479034423828,72.80207061767578,38.268009185791016,26.1664981842041,38.94804000854492,229.6981201171875,30.565065383911133,24.0404052734375
2018-03-28,35.87628173828125,67.3030014038086,72.67723846435547,37.913265228271484,26.1664981842041,39.06572723388672,229.0194549560547,30.38071632385254,24.048675537109375
2018-03-29,36.51176071166992,67.93820190429688,73.74720764160156,38.659156799316406,26.504013061523438,39.4775505065918,231.94573974609375,30.896883010864258,24.338424682617188
2018-04-02,35.334266662597656,66.385498046875,71.98178100585938,37.485740661621094,25.891157150268555,38.8135871887207,226.9392547607422,30.141056060791016,23.816883087158203
2018-04-03,35.83890151977539,67.38237762451172,72.99822998046875,38.03150939941406,26.264205932617188,39.2001838684082,229.84793090820312,30.491321563720703,24.131458282470703
2018-04-04,36.69866180419922,68.22931671142578,73.90769958496094,38.57728576660156,26.55731201171875,39.536407470703125,232.3071746826172,30.906097412109375,24.396364212036133
2018-04-05,36.94163513183594,68.96151733398438,74.24650573730469,38.85928726196289,26.726064682006836,39.75491714477539,234.1404571533203,31.0904483795166,24.570219039916992
2018-04-06,35.92300796508789,67.71761322021484,72.57022857666016,37.77682113647461,26.113208770751953,39.09933853149414,228.92242431640625,30.353057861328125,24.090070724487305
2018-04-09,36.14729690551758,67.54119110107422,72.7485580444336,37.8495979309082,26.113208770751953,39.174991607666016,230.05068969726562,30.491321563720703,24.14801788330078
2018-04-10,37.30610275268555,68.82038116455078,73.98793029785156,38.695556640625,26.5395450592041,39.41032409667969,233.70855712890625,31.0351505279541,24.528820037841797
2018-04-11,37.464969635009766,68.93504333496094,73.54212951660156,38.44994354248047,26.37078857421875,39.217002868652344,232.48341369628906,30.86001205444336,24.396364212036133
2018-04-12,37.86681365966797,69.27911376953125,74.04144287109375,39.01390838623047,26.583959579467773,39.24223709106445,234.3960723876953,31.14576530456543,24.5784969329834
2018-04-13,37.60514831542969,69.03209686279297,73.76502990722656,38.731937408447266,26.530658721923828,39.30105972290039,233.70855712890625,31.053586959838867,24.512271881103516
2018-04-16,37.58646011352539,69.79962158203125,74.34459686279297,39.08668518066406,26.69053840637207,39.679264068603516,235.63009643554688,31.293241500854492,24.71095085144043
2018-04-17,38.67050552368164,70.4612808227539,74.96875762939453,39.423248291015625,26.921470642089844,39.97345733642578,238.1510009765625,31.809412002563477,24.826845169067383
2018-04-18,38.93217086791992,70.71708679199219,74.70124816894531,39.63246154785156,26.921470642089844,39.96502685546875,238.32725524902344,31.864709854125977,24.826845169067383
2018-04-19,38.53032302856445,70.16130065917969,73.84526062011719,39.304988861083984,26.672775268554688,39.77172088623047,237.0050811767578,31.578975677490234,24.7606201171875
2018-04-20,38.19389343261719,69.7466812133789,73.20330810546875,39.08668518066406,26.49513816833496,39.485965728759766,234.99539184570312,31.228710174560547,24.619882583618164
2018-04-23,37.567771911621094,69.72019958496094,73.12306213378906,38.995723724365234,26.45960807800293,39.43882751464844,234.96009826660156,31.19184684753418,24.669557571411133
2018-04-24,37.03509521484375,69.39381408691406,72.26709747314453,38.39536666870117,26.08656120300293,39.051483154296875,231.7958984375,30.583494186401367,24.462594985961914
2018-04-25,36.31550598144531,69.27911376953125,72.39189910888672,38.39536666870117,26.13985252380371,39.01780700683594,232.3688201904297,30.6387939453125,24.561941146850586
2018-04-26,36.950984954833984,69.49967956542969,73.14088439941406,38.77741622924805,26.45960807800293,39.37144088745117,234.73110961914062,31.136545181274414,24.652996063232422
2018-04-27,36.80146026611328,69.2702865600586,73.23897552490234,38.66825866699219,26.441843032836914,39.47248458862305,234.951416015625,31.182636260986328,24.694393157958984
2018-04-30,36.53044891357422,68.65275573730469,72.78424835205078,38.15886688232422,26.228675842285156,39.23670959472656,233.1444549560547,30.96141242980957,24.454315185546875
2018-05-01,36.97901916503906,68.95271301269531,72.81990814208984,38.21343231201172,26.219791412353516,39.21990203857422,233.55874633789062,31.1641902923584,24.37981414794922
2018-05-02,36.9603271484375,69.1203384399414,72.57914733886719,37.9951286315918,26.04214859008789,38.87466049194336,231.98980712890625,31.007495880126953,24.172855377197266
2018-05-03,36.717350006103516,68.6968765258789,72.59698486328125,37.93146896362305,26.077678680419922,38.94203186035156,231.47857666015625,31.02593231201172,24.0404052734375
2018-05-04,37.29676055908203,69.54378509521484,73.48861694335938,38.55910873413086,26.37078857421875,39.27884292602539,234.4754180908203,31.468364715576172,24.321861267089844
2018-05-07,38.26866149902344,70.0819320678711,73.65804290771484,38.75921630859375,26.379663467407227,39.3209114074707,235.26869201660156,31.634288787841797,24.338424682617188
2018-05-08,38.58639907836914,70.68182373046875,73.73828887939453,38.96843338012695,26.441843032836914,39.11043930053711,235.26869201660156,31.643512725830078,24.321861267089844
2018-05-09,39.56764221191406,71.07879638671875,74.36243438720703,39.550601959228516,26.637245178222656,39.270423889160156,237.54270935058594,31.966102600097656,24.561941146850586
2018-05-10,39.876033782958984,71.45814514160156,74.95985412597656,39.914451599121094,26.841535568237305,39.59880828857422,239.7638702392578,32.261070251464844,24.78545570373535
2018-05-11,40.069480895996094,71.5728530883789,75.16490173339844,39.79619598388672,26.91259002685547,39.666133880615234,240.4954833984375,32.316375732421875,24.8516845703125
2018-05-14,40.1377067565918,71.26408386230469,75.08465576171875,39.959930419921875,26.930355072021484,39.49775314331055,240.61007690429688,32.34402847290039,24.893070220947266
2018-05-15,39.932106018066406,71.29935455322266,74.59425354003906,39.92353820800781,26.83264923095703,39.211463928222656,238.9530792236328,32.021419525146484,24.78545570373535
2018-05-16,40.249847412109375,72.14627075195312,74.9865493774414,40.3328742980957,27.001407623291016,39.16093826293945,239.95779418945312,32.15046310424805,24.893070220947266
2018-05-17,40.3059196472168,72.58737182617188,75.06681060791016,40.469322204589844,27.010290145874023,39.093589782714844,239.7550811767578,32.09515380859375,24.934467315673828
2018-05-18,39.829307556152344,72.73738098144531,74.92415618896484,40.25099182128906,27.001407623291016,39.11043930053711,239.15576171875,32.07672119140625,24.818567276000977
2018-05-21,39.94145202636719,73.40779113769531,75.31649780273438,40.6148567199707,27.179052352905273,39.3407096862793,240.95379638671875,32.316375732421875,24.992412567138672
2018-05-22,40.06293487548828,72.80792236328125,75.06681060791016,40.505699157714844,27.063579559326172,39.2563591003418,240.283935546875,32.17811584472656,24.95102310180664
2018-05-23,40.50216293334961,72.87849426269531,75.37887573242188,40.52388381958008,27.09911346435547,39.47566223144531,240.9449920654297,32.417755126953125,24.92618751525879
2018-05-24,40.418060302734375,72.89614868164062,75.3521499633789,40.47841262817383,27.152408599853516,39.5094108581543,240.4514923095703,32.39011764526367,24.835121154785156
2018-05-25,40.36198425292969,72.79026794433594,75.12032318115234,40.3328742980957,27.09911346435547,39.54314422607422,239.87852478027344,32.39011764526367,24.71095085144043
2018-05-29,40.249847412109375,72.83439636230469,74.38025665283203,39.723426818847656,26.779359817504883,39.264808654785156,237.11961364746094,32.10437774658203,24.338424682617188
2018-05-30,40.8105583190918,73.85772705078125,75.3521499633789,40.28739547729492,27.081350326538086,39.78776168823242,240.283935546875,32.45464324951172,24.72750473022461
2018-05-31,40.632999420166016,73.08138275146484,74.74584197998047,39.959930419921875,26.850414276123047,39.492515563964844,238.81199645996094,32.30715560913086,24.520544052124023
2018-06-01,40.90400695800781,73.58425903320312,75.56614685058594,40.687618255615234,27.11688232421875,39.58531951904297,241.156494140625,32.73115539550781,24.702672958374023
2018-06-04,41.59555435180664,74.43116760253906,76.02088165283203,40.63304138183594,27.303396224975586,39.69499206542969,242.3024139404297,32.95237731933594,24.744062423706055
2018-06-05,42.13758087158203,74.96930694580078,76.13678741455078,40.82407760620117,27.392221450805664,39.58531951904297,242.47877502441406,33.0445556640625,24.72750473022461
2018-06-06,42.86650848388672,75.44568634033203,76.81442260742188,41.315269470214844,27.649799346923828,39.61906433105469,244.5059356689453,33.29342269897461,24.95102310180664
2018-06-07,42.455318450927734,75.16337585449219,76.73419189453125,41.04238510131836,27.632036209106445,39.686519622802734,244.4795379638672,33.14594650268555,25.058643341064453
2018-06-08,42.707637786865234,75.3486557006836,76.96601104736328,41.1424446105957,27.747501373291016,39.838382720947266,245.20233154296875,33.22890853881836,25.149703979492188
2018-06-11,42.78239822387695,75.56037902832031,76.85901641845703,41.24250030517578,27.76526641845703,39.74559783935547,245.52842712402344,33.247337341308594,25.19109535217285
2018-06-12,43.1468620300293,75.63977813720703,76.97492980957031,41.32436752319336,27.791912078857422,39.89742660522461,245.84576416015625,33.37637710571289,25.157978057861328
2018-06-13,43.36180877685547,75.1898422241211,76.53802490234375,41.224308013916016,27.658681869506836,39.686519622802734,245.06130981445312,33.26576614379883,25.04208755493164
2018-06-14,44.17483901977539,75.44568634033203,76.6360855102539,41.342567443847656,27.67644691467285,39.86365509033203,245.67831420898438,33.46855163574219,25.02552604675293
2018-06-15,44.184181213378906,75.47216033935547,76.76985168457031,41.11514663696289,27.729736328125,40.02394104003906,245.36488342285156,33.41325378417969,25.02552604675293
2018-06-18,44.71685791015625,75.91324615478516,76.53802490234375,41.11424255371094,27.6325740814209,39.8954963684082,244.8601837158203,33.39383316040039,24.94222068786621
2018-06-19,44.31501388549805,75.84268951416016,76.24378967285156,40.78481674194336,27.400821685791016,39.8954963684082,243.92161560058594,33.19963455200195,24.867246627807617
2018-06-20,45.20280838012695,76.43377685546875,76.16351318359375,40.92208480834961,27.454301834106445,39.8954963684082,244.33786010742188,33.329097747802734,24.87557601928711
2018-06-21,44.128108978271484,75.6750717163086,75.58397674560547,40.47369384765625,27.240371704101562,39.76028060913086,242.80612182617188,33.07940673828125,24.733951568603516
2018-06-22,43.55805587768555,75.65744018554688,75.63746643066406,40.446231842041016,27.222545623779297,40.0053596496582,243.2488250732422,33.05167007446289,24.867246627807617
2018-06-25,42.32448196411133,74.48409271240234,74.67449951171875,39.51285934448242,26.803598403930664,40.04759216308594,239.9374542236328,32.46904754638672,24.64232063293457
2018-06-26,42.77305221557617,74.94153594970703,74.76139068603516,39.5769157409668,26.865997314453125,40.013797760009766,240.46876525878906,32.57077407836914,24.667301177978516
2018-06-27,41.53948211669922,73.88864135742188,74.035888671875,39.00040817260742,26.580753326416016,39.78564453125,238.47665405273438,32.173118591308594,24.56733512878418
2018-06-28,42.02544021606445,74.08330535888672,74.5643539428711,39.23833465576172,26.714460372924805,40.030696868896484,239.84011840820312,32.45055389404297,24.65897560119629
2018-06-29,42.0347785949707,73.84439086914062,74.74347686767578,39.32069778442383,26.750118255615234,40.06449890136719,240.1853790283203,32.48754119873047,24.683963775634766
2018-07-02,42.61418533325195,74.61416625976562,74.76139068603516,39.476253509521484,26.830337524414062,40.12366485595703,240.69888305664062,32.672508239746094,24.65897560119629
2018-07-03,42.19365310668945,74.79998779296875,74.64495849609375,39.11937713623047,26.714460372924805,40.16590118408203,239.84890747070312,32.422821044921875,24.650644302368164
2018-07-05,42.77305221557617,75.7112808227539,75.25401306152344,39.53116989135742,26.99078941345215,40.46168518066406,241.80557250976562,32.75572967529297,24.808929443359375
2018-07-06,43.64216232299805,76.2863998413086,75.89886474609375,39.94294357299805,27.284942626953125,40.63914108276367,243.85089111328125,33.10715103149414,24.94222068786621
2018-07-09,44.081382751464844,76.85266876220703,76.5079116821289,40.574344635009766,27.463218688964844,40.419429779052734,246.046630859375,33.412330627441406,25.183813095092773
2018-07-10,43.8851318359375,76.4898910522461,76.79454040527344,40.65670394897461,27.570186614990234,40.664485931396484,246.9319305419922,33.49555206298828,25.28377914428711
2018-07-11,43.847747802734375,75.85287475585938,76.23924255371094,40.025306701660156,27.418651580810547,40.65604019165039,245.12571716308594,33.329097747802734,25.050518035888672
2018-07-12,44.62340545654297,76.02980041503906,76.85725402832031,40.41877746582031,27.6325740814209,40.90958023071289,247.3480682373047,33.74524688720703,25.150489807128906
2018-07-13,44.61405944824219,75.95906066894531,76.94683837890625,40.37302017211914,27.67714500427246,40.91801834106445,247.54286193847656,33.80074691772461,25.175479888916016
2018-07-16,43.8664436340332,75.69358825683594,76.59750366210938,40.3181266784668,27.525611877441406,40.80815887451172,247.3215789794922,33.71750259399414,25.192136764526367
2018-07-17,44.34305191040039,76.10945129394531,77.09905242919922,40.63841247558594,27.72171401977539,40.901126861572266,248.32199096679688,33.939456939697266,25.217134475708008
2018-07-18,44.212223052978516,76.41912078857422,77.26028442382812,40.93121337890625,27.82868003845215,40.8673210144043,248.84432983398438,33.9764518737793,25.308773040771484
2018-07-19,44.417808532714844,77.01192474365234,77.11699676513672,40.62924575805664,27.775196075439453,40.91801834106445,247.90586853027344,33.80998611450195,25.233795166015625
2018-07-20,44.17483901977539,76.72881317138672,76.96475219726562,40.39134216308594,27.739545822143555,40.757450103759766,247.62252807617188,33.81922912597656,25.175479888916016
2018-07-23,44.02531433105469,76.7553482055664,76.95575714111328,40.510292053222656,27.739545822143555,40.628787994384766,248.08294677734375,33.88395309448242,25.217134475708008
2018-07-24,42.875850677490234,76.03866577148438,77.28717041015625,40.464542388916016,27.757368087768555,40.74729919433594,249.33135986328125,34.041175842285156,25.33376693725586
2018-07-25,43.791683197021484,76.19794464111328,78.06639862060547,40.894622802734375,28.105005264282227,41.085933685302734,251.45628356933594,34.494319915771484,25.442060470581055
2018-07-26,43.45525360107422,77.01192474365234,78.00370788574219,41.03188705444336,28.03369903564453,41.373783111572266,250.8629913330078,34.1613883972168,25.58368682861328
2018-07-27,41.791805267333984,75.69358825683594,77.52003479003906,40.61094284057617,27.766286849975586,41.170616149902344,249.1631622314453,33.7914924621582,25.533702850341797
2018-07-30,40.745140075683594,75.3485336303711,77.00056457519531,40.23576736450195,27.472131729125977,40.92508316040039,247.86158752441406,33.37533950805664,25.58368682861328
2018-07-31,41.6329345703125,76.23331451416016,77.52003479003906,40.464542388916016,27.614757537841797,41.48386001586914,249.0834197998047,33.60653305053711,25.6669979095459
2018-08-01,41.801151275634766,76.206787109375,77.31404876708984,40.135108947753906,27.6325740814209,41.331459045410156,248.66726684570312,33.71750259399414,25.50870704650879
2018-08-02,42.86650848388672,76.87922668457031,77.58272552490234,40.41877746582031,27.837594985961914,41.30607223510742,250.02191162109375,33.9764518737793,25.533702850341797
2018-08-03,42.492698669433594,76.63147735595703,77.94100189208984,40.501136779785156,27.93564796447754,41.66163635253906,251.09323120117188,34.10590362548828,25.708650588989258
2018-08-06,42.93191909790039,77.13579559326172,78.18281555175781,40.64754104614258,28.015869140625,41.72090530395508,252.01397705078125,34.25387954711914,25.77529525756836
2018-08-07,43.5487060546875,77.28622436523438,78.51421356201172,40.839725494384766,28.13174819946289,41.69551086425781,252.8462677001953,34.34635543823242,25.850271224975586
2018-08-08,43.59543228149414,77.24198913574219,78.41570281982422,40.848854064941406,28.105005264282227,41.60238265991211,252.74005126953125,34.383358001708984,25.808618545532227
2018-08-09,43.754302978515625,77.3304672241211,78.2365493774414,40.67500305175781,28.024782180786133,41.61932373046875,252.394775390625,34.36486053466797,25.733640670776367
2018-08-10,43.857093811035156,77.17119598388672,77.73500061035156,40.23576736450195,27.882164001464844,41.449981689453125,250.7036895751953,34.13365173339844,25.575353622436523
2018-08-13,43.55805587768555,76.82612609863281,77.4394302368164,40.016151428222656,27.837594985961914,41.35685348510742,249.76513671875,34.05967330932617,25.417068481445312
2018-08-14,43.81037521362305,77.81709289550781,77.9678726196289,40.3547248840332,28.087181091308594,41.56004333496094,251.3588409423828,34.272377014160156,25.592016220092773
2018-08-15,42.91322708129883,76.91461944580078,77.61853790283203,39.69588088989258,27.87325096130371,41.636234283447266,249.48175048828125,33.99493408203125,25.417068481445312
2018-08-16,43.36180877685547,77.54280090332031,78.2365493774414,39.94294357299805,28.069345474243164,41.94948196411133,251.50050354003906,34.1613883972168,25.71697425842285
2018-08-17,42.829124450683594,78.02943420410156,78.576904296875,40.05274963378906,28.113922119140625,42.17804718017578,252.38584899902344,34.24462890625,25.841938018798828
2018-08-20,43.34311294555664,78.29487609863281,78.91729736328125,40.20831298828125,28.185232162475586,42.18402099609375,252.92596435546875,34.281620025634766,25.94190788269043
2018-08-21,44.26828384399414,79.22391510009766,79.06060791015625,40.583499908447266,28.301105499267578,42.065250396728516,253.51913452148438,34.34635543823242,26.000219345092773
2018-08-22,44.30567169189453,79.3831787109375,79.06060791015625,40.67500305175781,28.31893539428711,41.88716506958008,253.36865234375,34.40183639526367,25.94190788269043
2018-08-23,44.24024963378906,79.14427947998047,79.08744812011719,40.48283386230469,28.33676528930664,41.82780456542969,253.03219604492188,34.374080657958984,25.86693000793457
2018-08-24,44.91310501098633,79.42741394042969,79.51739501953125,40.94952392578125,28.550695419311523,42.07373809814453,254.55499267578125,34.651527404785156,25.966899871826172
2018-08-27,45.679420471191406,79.48052215576172,80.03687286376953,41.5351676940918,28.693307876586914,42.09920120239258,256.5649108886719,34.965972900390625,26.150175094604492
2018-08-28,45.78221130371094,79.48052215576172,80.01895141601562,41.5626220703125,28.693307876586914,42.13311767578125,256.6888427734375,34.99370193481445,26.116853713989258
2018-08-29,46.380306243896484,79.64859008789062,80.48468780517578,41.782249450683594,28.89832305908203,42.336669921875,258.07000732421875,35.29887008666992,26.183500289916992
2018-08-30,46.35226821899414,79.44510650634766,80.1174545288086,41.42535400390625,28.77353858947754,42.18402099609375,257.025146484375,35.19716262817383,26.033544540405273
2018-08-31,46.44572448730469,79.9051742553711,80.41304779052734,41.407066345214844,28.862672805786133,42.21794509887695,257.0340881347656,35.2341423034668,26.00855255126953
2018-09-04,45.95042419433594,79.56900024414062,80.32350158691406,41.333858489990234,28.88941764831543,42.18402099609375,256.5914611816406,35.19716262817383,25.95856475830078
2018-09-05,44.847694396972656,79.4893569946289,80.32350158691406,41.077640533447266,28.72896957397461,42.41299057006836,255.9008026123047,34.88273239135742,26.08353614807129
2018-09-06,43.959896087646484,78.89653778076172,80.22494506835938,40.565185546875,28.693307876586914,42.64198303222656,255.13058471679688,34.762516021728516,26.02521514892578
2018-09-07,43.670196533203125,78.71959686279297,79.94731903076172,40.3455696105957,28.65766143798828,42.370574951171875,254.6348114013672,34.68852233886719,25.950237274169922
2018-09-10,43.791683197021484,78.80805206298828,80.14434814453125,40.61094284057617,28.76462745666504,42.54867935180664,255.07737731933594,34.753257751464844,26.01688575744629
2018-09-11,44.32435989379883,78.8345947265625,80.33243560791016,40.66584777832031,28.77353858947754,42.54021072387695,255.9186248779297,34.947471618652344,26.033544540405273
2018-09-12,44.464542388916016,78.58687591552734,80.36827850341797,40.61094284057617,28.827016830444336,42.53172302246094,255.98048400878906,34.92897033691406,26.066871643066406
2018-09-13,44.80096435546875,78.5956802368164,80.83399963378906,40.7939567565918,29.005290985107422,42.74374008178711,257.4945068359375,35.21565246582031,26.133514404296875
2018-09-14,45.081321716308594,79.16199493408203,80.95939636230469,41.086795806884766,29.04985809326172,42.658935546875,257.5387878417969,35.18790054321289,26.166841506958008
2018-09-17,44.184181213378906,78.28604125976562,80.57426452636719,40.69330596923828,28.862672805786133,42.61652374267578,256.17529296875,34.84574890136719,26.15850830078125
2018-09-18,44.98787307739258,78.50723266601562,80.950439453125,41.050174713134766,29.05877685546875,42.61652374267578,257.56536865234375,35.09542465209961,26.27513885498047
2018-09-19,44.9598388671875,78.0117416381836,80.9415054321289,41.361305236816406,29.02312469482422,42.302730560302734,257.8398742675781,35.058433532714844,26.358440399169922
2018-09-20,45.165428161621094,78.68418884277344,81.55948638916016,41.818843841552734,29.219223022460938,42.6080322265625,259.9293212890625,35.382110595703125,26.533390045166016
2018-09-21,44.07204055786133,78.25064849853516,81.73863220214844,41.800537109375,29.281614303588867,42.65046310424805,259.6919250488281,35.289634704589844,26.558378219604492
2018-09-24,44.23090744018555,77.72860717773438,81.3624496459961,41.67938995361328,29.186662673950195,42.21892166137695,258.8291015625,35.3146858215332,26.368778228759766
2018-09-25,44.642093658447266,77.7728271484375,81.15646362304688,41.49581527709961,29.186662673950195,42.03204345703125,258.5889892578125,35.333255767822266,26.276485443115234
2018-09-26,44.67947769165039,77.11329650878906,81.01077270507812,41.22045135498047,29.186662673950195,41.7092399597168,257.8152160644531,35.259010314941406,26.13386344909668
2018-09-27,45.05328369140625,77.13993072509766,81.1546401977539,41.3673210144043,29.285198211669922,41.78568649291992,258.53558349609375,35.46318817138672,26.13386344909668
2018-09-28,44.24024963378906,77.44176483154297,81.27157592773438,41.257179260253906,29.383743286132812,42.06601333618164,258.5622863769531,35.491031646728516,26.10869026184082
2018-10-01,44.30567169189453,76.28775787353516,81.57731628417969,41.39484786987305,29.482284545898438,42.023529052734375,259.4605712890625,35.611690521240234,26.20937156677246
2018-10-02,43.165550231933594,75.47108459472656,81.64029693603516,41.238826751708984,29.4374942779541,42.0830192565918,259.3094177246094,35.537445068359375,26.268102645874023
2018-10-03,43.249656677246094,76.13684844970703,81.60430145263672,41.449920654296875,29.410619735717773,41.87063980102539,259.45172119140625,35.537445068359375,26.276485443115234
2018-10-04,41.89460754394531,75.23138427734375,80.8758544921875,40.94511032104492,29.08811378479004,41.81117630004883,257.4239196777344,35.06410217285156,26.25971031188965
2018-10-05,41.10025405883789,74.39698028564453,80.30030822753906,40.32097625732422,28.837276458740234,41.87063980102539,255.98318481445312,34.794952392578125,26.1841983795166
2018-10-08,40.33395004272461,74.33483123779297,80.28231048583984,40.10987091064453,28.72081756591797,42.1424560546875,255.98318481445312,34.61861038208008,26.33521842956543
2018-10-09,40.5208625793457,74.10404968261719,80.12942504882812,39.825340270996094,28.70290184020996,42.17644500732422,255.60955810546875,34.62787628173828,26.251323699951172
2018-10-10,38.408836364746094,72.08011627197266,77.38648986816406,38.17320251464844,27.627891540527344,41.310001373291016,247.5161590576172,33.291404724121094,25.588539123535156
2018-10-11,38.03502655029297,70.51780700683594,75.5878677368164,37.43893814086914,27.135175704956055,40.22264862060547,242.06419372558594,32.715972900390625,24.942529678344727
2018-10-12,39.26859664916992,70.39350891113281,76.68504333496094,38.00801086425781,27.67267608642578,40.350067138671875,245.4260711669922,33.430625915527344,25.068370819091797
2018-10-15,38.91347885131836,70.7219467163086,76.28933715820312,37.71429443359375,27.49350929260254,40.384063720703125,244.0475311279297,33.10578918457031,25.018033981323242
2018-10-16,40.77317810058594,72.64820861816406,77.70125579833984,38.668861389160156,28.138519287109375,41.06364440917969,249.3838653564453,33.99677276611328,25.395570755004883
2018-10-17,40.53020095825195,72.28430938720703,77.65630340576172,38.65966033935547,28.10268783569336,41.114620208740234,249.42835998535156,33.97821044921875,25.42074203491211
2018-10-18,39.34335708618164,70.90837860107422,76.6490478515625,37.71429443359375,27.663719177246094,40.88526153564453,245.82630920410156,33.34708786010742,25.202608108520508
2018-10-19,38.61443328857422,70.21598815917969,76.28933715820312,37.32880401611328,27.67267608642578,41.1995735168457,245.69288635253906,33.24500274658203,25.24456024169922
2018-10-22,38.7265739440918,70.1538314819336,76.15442657470703,37.05344772338867,27.663719177246094,40.797027587890625,244.590087890625,33.28211975097656,24.984477996826172
2018-10-23,39.0256233215332,69.60346221923828,75.65982055664062,36.640403747558594,27.48455238342285,40.73743438720703,243.344970703125,33.10578918457031,24.841848373413086
2018-10-24,36.8108024597168,67.15345764160156,73.32157135009766,34.850608825683594,26.55286979675293,40.58428192138672,235.97189331054688,31.917789459228516,24.229398727416992
2018-10-25,38.53032302856445,68.61815643310547,74.42774963378906,35.58488845825195,27.036624908447266,40.797027587890625,240.20535278320312,32.725257873535156,24.472705841064453
2018-10-26,38.2219352722168,67.9701156616211,73.41151428222656,34.77717590332031,26.669336318969727,40.16728591918945,235.98080444335938,32.029170989990234,24.137121200561523
2018-10-29,37.838775634765625,67.77484893798828,73.26759338378906,34.3182487487793,26.561832427978516,40.516212463378906,234.6733856201172,31.620807647705078,24.22101593017578
2018-10-30,38.80133819580078,69.33720397949219,74.44571685791016,35.309532165527344,26.99183464050293,40.90765380859375,238.1509552001953,32.06629180908203,24.623720169067383
2018-10-31,39.791927337646484,69.2839126586914,75.12020111083984,35.94285202026367,27.30538558959961,40.83958435058594,240.69459533691406,32.6138916015625,24.707618713378906
2018-11-01,41.791805267333984,70.62432098388672,75.98356628417969,36.98001480102539,27.690593719482422,40.93320083618164,243.25596618652344,33.01297378540039,24.9173583984375
2018-11-02,42.50204086303711,71.0415267944336,75.49790954589844,36.833160400390625,27.49350929260254,40.77150344848633,241.8152618408203,32.697418212890625,24.867023468017578
2018-11-05,41.885257720947266,71.11254119873047,75.94757843017578,36.94329071044922,27.574132919311523,41.17997360229492,243.14923095703125,32.725257873535156,25.152273178100586
2018-11-06,41.89460754394531,71.51202392578125,76.44220733642578,37.181941986083984,27.771223068237305,41.44379806518555,244.68788146972656,32.9572868347168,25.303279876708984
2018-11-07,42.95061492919922,72.39080810546875,78.00703430175781,37.96210479736328,28.335599899291992,42.03948211669922,249.92640686035156,33.82971954345703,25.67243003845215
2018-11-08,42.27775955200195,72.23990631103516,77.91710662841797,37.732635498046875,28.263940811157227,42.14160919189453,249.4727020263672,33.774017333984375,25.622089385986328
2018-11-09,41.47032928466797,70.98828125,77.20662689208984,37.06260681152344,28.013099670410156,42.23521423339844,247.03587341308594,33.393497467041016,25.454299926757812
2018-11-12,39.96014404296875,69.70111083984375,75.77672576904297,35.86024856567383,27.377046585083008,42.03948211669922,242.4199981689453,32.558189392089844,25.118715286254883
2018-11-13,40.287227630615234,69.55020904541016,75.5878677368164,35.988739013671875,27.359134674072266,42.03948211669922,241.96632385253906,32.52106857299805,25.085155487060547
2018-11-14,39.801273345947266,69.0797348022461,74.99429321289062,35.76845932006836,27.179964065551758,41.82674026489258,240.3120880126953,32.25192642211914,24.9173583984375
2018-11-15,40.969425201416016,70.00293731689453,75.80369567871094,36.33751678466797,27.520383834838867,42.03948211669922,242.8202362060547,32.697418212890625,25.110321044921875
2018-11-16,40.8105583190918,70.22486877441406,75.71376037597656,36.27327346801758,27.332260131835938,42.33733367919922,243.45164489746094,32.725257873535156,25.21099853515625
2018-11-19,38.8574104309082,69.06199645996094,74.40074920654297,35.098426818847656,26.606626510620117,42.240997314453125,239.33377075195312,31.84355926513672,25.110321044921875
2018-11-20,38.14717102050781,67.73046875,73.13273620605469,34.60279846191406,26.113906860351562,41.7465705871582,234.90464782714844,31.323808670043945,24.58177375793457
2018-11-21,39.00693130493164,68.4317398071289,73.10572052001953,34.99747085571289,26.212448120117188,41.559017181396484,235.705078125,31.4537410736084,24.648889541625977
2018-11-23,38.9788932800293,68.4228515625,72.58415222167969,34.76801300048828,26.060155868530273,41.49933624267578,234.130859375,31.277408599853516,24.472705841064453
2018-11-26,40.1377067565918,69.05311584472656,73.51942443847656,35.63077926635742,26.44536590576172,41.763607025146484,237.91078186035156,31.834272384643555,24.783124923706055
2018-11-27,39.745201110839844,68.54715728759766,73.67229461669922,35.557350158691406,26.534954071044922,41.90001678466797,238.71119689941406,31.92707633972168,24.850244522094727
2018-11-28,41.28716278076172,70.20709228515625,75.43496704101562,36.55781173706055,27.188920974731445,42.42003631591797,244.20761108398438,32.883033752441406,25.24456024169922
2018-11-29,41.16567611694336,69.86089324951172,75.08424377441406,36.35588455200195,27.072463989257812,42.36887741088867,243.67396545410156,32.80878448486328,25.194223403930664
2018-11-30,41.53948211669922,70.39350891113281,75.81269836425781,36.64958572387695,27.2426700592041,42.75250244140625,245.1592559814453,33.10578918457031,25.370399475097656
2018-12-03,42.54876708984375,70.8196029663086,76.68504333496094,37.411399841308594,27.627891540527344,43.008243560791016,248.4055633544922,33.597679138183594,25.56336212158203
2018-12-04,40.43675231933594,67.62394714355469,74.3377914428711,35.7133903503418,26.7589168548584,42.39445114135742,240.3565216064453,32.409698486328125,24.841848373413086
2018-12-06,40.68907165527344,67.38426208496094,74.31981658935547,35.538997650146484,26.82162857055664,42.437095642089844,239.991943359375,32.493228912353516,24.674060821533203
2018-12-07,39.34335708618164,66.11486053466797,72.61112976074219,34.36416244506836,26.078073501586914,41.968204498291016,234.41551208496094,31.574403762817383,24.254575729370117
2018-12-10,39.75455093383789,65.67989349365234,72.83592224121094,34.382511138916016,26.239330291748047,41.985252380371094,234.8601531982422,31.806427001953125,24.137121200561523
2018-12-11,39.67978286743164,65.6177749633789,72.88091278076172,34.32745361328125,26.284116744995117,41.99375534057617,234.91354370117188,31.862119674682617,24.086780548095703
2018-12-12,40.47412872314453,66.2657699584961,73.25863647460938,34.65787124633789,26.427453994750977,41.85739517211914,236.0963897705078,32.10342025756836,24.145509719848633
2018-12-13,39.847999572753906,65.25379943847656,73.30359649658203,34.40086364746094,26.436418533325195,42.05345153808594,236.01638793945312,32.10342025756836,24.128734588623047
2018-12-14,39.03496551513672,64.24185943603516,71.67583465576172,33.75837326049805,25.898900985717773,41.57606887817383,231.65835571289062,31.398056030273438,23.767972946166992
2018-12-17,37.30610275268555,62.74478530883789,70.11371612548828,33.042457580566406,25.36139678955078,40.5445442199707,227.11363220214844,30.711257934570312,23.340097427368164
2018-12-18,37.2780647277832,62.825016021728516,70.213134765625,33.22603225708008,25.36139678955078,40.493385314941406,226.86456298828125,30.8319034576416,23.197477340698242
2018-12-19,36.7080078125,61.442989349365234,69.0379867553711,32.317344665527344,24.949308395385742,40.160926818847656,223.46710205078125,30.265750885009766,22.912227630615234
2018-12-20,35.343605041503906,60.57810592651367,68.01643371582031,31.830904006958008,24.501388549804688,39.81993103027344,219.82952880859375,29.773860931396484,22.568248748779297
2018-12-21,33.502601623535156,59.178218841552734,66.59718322753906,30.97730255126953,23.990758895874023,39.393680572509766,215.32533264160156,29.003524780273438,22.249446868896484
2018-12-24,33.0259895324707,58.08148956298828,65.00615692138672,30.220853805541992,23.363874435424805,38.05347442626953,209.63580322265625,28.272705078125,21.64797019958496
2018-12-26,35.06325149536133,60.783164978027344,68.05259704589844,32.047386169433594,24.570802688598633,39.1553955078125,220.2276153564453,29.736202239990234,22.612354278564453
2018-12-27,35.10955047607422,61.148738861083984,68.84812927246094,32.42560958862305,24.8590145111084,39.54829788208008,221.91839599609375,30.043827056884766,22.815383911132812
2018-12-28,35.466434478759766,61.43408966064453,68.67637634277344,32.32413864135742,24.786962509155273,39.51412582397461,221.6321258544922,29.987892150878906,22.79846954345703
2018-12-31,35.87154006958008,61.80855941772461,69.39051818847656,32.55476379394531,25.04816246032715,39.84728240966797,223.57337951660156,30.295515060424805,22.976112365722656
2019-01-02,36.09339141845703,62.09389114379883,69.35435485839844,32.794593811035156,25.04816246032715,39.24078369140625,223.805908203125,30.220935821533203,23.069171905517578
2019-01-03,34.90699005126953,60.93475341796875,67.60965728759766,31.65072250366211,24.210519790649414,38.847862243652344,218.46530151367188,29.46588134765625,22.51084327697754
2019-01-04,37.06758499145508,63.137115478515625,69.99618530273438,33.246639251708984,25.066173553466797,39.64225387573242,225.78298950195312,30.55651092529297,23.229900360107422
2019-01-07,38.678375244140625,63.975257873535156,70.42105865478516,33.84625244140625,25.309364318847656,39.667877197265625,227.563232421875,30.7615966796875,23.399089813232422
2019-01-08,38.794124603271484,64.94715881347656,71.18043518066406,34.1783561706543,25.516521453857422,40.094970703125,229.70120239257812,31.125137329101562,23.58519744873047
2019-01-09,40.00945281982422,65.60694122314453,71.57817840576172,34.67648696899414,25.750703811645508,40.077884674072266,230.77474975585938,31.25564193725586,23.686717987060547
2019-01-10,40.21200942993164,65.83878326416016,71.90362548828125,34.99013900756836,25.849775314331055,40.479331970214844,231.5888671875,31.367507934570312,23.796693801879883
2019-01-11,40.29881286621094,65.97251892089844,71.69568634033203,34.962467193603516,25.82275390625,40.46225357055664,231.67825317382812,31.33954429626465,23.80515480041504
2019-01-14,39.57540512084961,65.41079711914062,71.31602478027344,34.658042907714844,25.642614364624023,40.19746017456055,230.26483154296875,31.106496810913086,23.729013442993164
2019-01-15,40.78108596801758,65.85659790039062,71.96688842773438,35.02704620361328,25.91282844543457,40.6928825378418,232.9038543701172,31.600555419921875,23.89820671081543
2019-01-16,40.810028076171875,66.36485290527344,72.03019714355469,35.183868408203125,25.867788314819336,40.77830505371094,233.4674072265625,31.55394172668457,24.016632080078125
2019-01-17,41.128326416015625,67.00685119628906,72.6810302734375,35.54364013671875,26.11097526550293,41.043087005615234,235.2386474609375,31.796306610107422,24.219663619995117
2019-01-18,41.28265380859375,67.68447875976562,73.65735626220703,36.26318359375,26.507274627685547,41.3762321472168,238.36968994140625,32.178489685058594,24.566511154174805
2019-01-22,39.65257263183594,66.5610122680664,72.60873413085938,35.38681411743164,26.16501808166504,41.26753616333008,235.1492156982422,31.74038314819336,24.24504852294922
2019-01-23,39.25710678100586,66.4450912475586,72.65392303466797,35.183868408203125,26.156009674072266,41.45581817626953,235.6412353515625,31.786977767944336,24.278886795043945
2019-01-24,40.10591125488281,66.81958770751953,72.71720886230469,35.838836669921875,26.309125900268555,41.430152893066406,235.7664794921875,31.82426643371582,24.32118034362793
2019-01-25,41.060813903808594,67.55072784423828,73.51274871826172,36.558387756347656,26.561321258544922,41.507164001464844,237.7614288330078,32.029354095458984,24.58342742919922
2019-01-28,40.20235824584961,67.14057922363281,73.00650024414062,36.04179000854492,26.29111099243164,41.472923278808594,235.954345703125,31.67511558532715,24.448076248168945
2019-01-29,39.7876091003418,67.13163757324219,73.04266357421875,35.82960891723633,26.19203758239746,41.584197998046875,235.6412353515625,31.563261032104492,24.490373611450195
2019-01-30,40.771446228027344,67.82714080810547,73.96471405029297,36.530696868896484,26.606355667114258,42.029205322265625,239.3716583251953,32.178489685058594,24.803380966186523
2019-01-31,41.5237922668457,68.37995910644531,75.11279296875,36.77055358886719,26.840530395507812,42.499916076660156,241.473876953125,32.551353454589844,24.938735961914062
2019-02-01,41.5816650390625,68.31755828857422,75.44727325439453,36.95505905151367,26.975629806518555,42.542701721191406,241.5902099609375,32.551353454589844,24.981033325195312
2019-02-04,42.2472038269043,69.19134521484375,75.9444580078125,37.139556884765625,27.236835479736328,42.74811553955078,243.28990173339844,32.803035736083984,25.12483787536621
2019-02-05,42.36294937133789,69.24486541748047,76.44169616699219,37.26870346069336,27.36293601989746,42.85935974121094,244.30972290039062,32.989479064941406,25.19251251220703
2019-02-06,42.40153121948242,69.14677429199219,76.30608367919922,37.32405471801758,27.353925704956055,42.80800247192383,243.9876708984375,32.896263122558594,25.18405532836914
2019-02-07,40.983646392822266,68.53153991699219,75.54672241210938,36.61372756958008,27.065706253051758,42.92781066894531,241.66175842285156,32.58865737915039,24.955652236938477
2019-02-08,41.465919494628906,68.49586486816406,75.74559783935547,36.7336540222168,27.191808700561523,43.12465286254883,241.95697021484375,32.70050811767578,24.913352966308594
2019-02-11,41.88067626953125,69.05760192871094,75.82694244384766,36.86280822753906,27.20081329345703,43.150352478027344,242.09121704101562,32.737796783447266,24.93027114868164
2019-02-12,42.681251525878906,69.99381256103516,76.69478607177734,37.563907623291016,27.552082061767578,43.36428451538086,245.204345703125,33.166595458984375,25.22635269165039
2019-02-13,42.960968017578125,70.27024841308594,77.12869262695312,37.7484016418457,27.68718147277832,43.47555160522461,246.00047302246094,33.23185348510742,25.327869415283203
2019-02-14,43.076717376708984,70.43074035644531,76.98404693603516,37.729942321777344,27.73221778869629,43.28727340698242,245.4547882080078,33.21320343017578,25.234817504882812
2019-02-15,43.587928771972656,71.48284912109375,77.77053833007812,38.04359817504883,27.966394424438477,43.680946350097656,248.1295928955078,33.511497497558594,25.556276321411133
2019-02-19,43.61686325073242,71.87518310546875,77.77053833007812,38.191192626953125,27.957395553588867,43.7804069519043,248.55892944335938,33.558101654052734,25.640871047973633
2019-02-20,43.97374725341797,72.38343811035156,78.08694458007812,38.394142150878906,28.0384464263916,43.840423583984375,249.05996704101562,33.57674026489258,25.725467681884766
2019-02-21,43.11529541015625,72.04459381103516,77.6620864868164,38.07126998901367,27.903350830078125,43.94331741333008,248.1742706298828,33.49285888671875,25.581649780273438
2019-02-22,44.14735794067383,72.37449645996094,78.4214096069336,38.44025802612305,28.17355728149414,44.14909744262695,249.7130126953125,33.79115295410156,25.67470359802246
2019-02-25,44.74538040161133,72.21403503417969,78.48470306396484,38.633995056152344,28.18256187438965,44.0204963684082,250.05296325683594,33.8377571105957,25.717010498046875
2019-02-26,44.40779495239258,71.5185317993164,78.46660614013672,38.523284912109375,28.191566467285156,43.99476623535156,249.8740234375,33.84708023071289,25.67470359802246
2019-02-27,45.06368637084961,71.62555694580078,78.57508850097656,38.486385345458984,28.209577560424805,44.03761672973633,249.7666778564453,33.87503433227539,25.61549186706543
2019-02-28,44.909358978271484,71.34910583496094,78.38526153564453,38.191192626953125,28.191566467285156,44.20912551879883,249.3014678955078,33.87503433227539,25.480138778686523
2019-03-01,45.140846252441406,71.75929260253906,78.95475769042969,38.56940841674805,28.40772819519043,44.33773422241211,250.85804748535156,34.15469741821289,25.649324417114258
2019-03-04,44.59105682373047,71.01921081542969,78.74685668945312,38.32957458496094,28.299650192260742,44.26055145263672,249.94557189941406,34.04283905029297,25.530899047851562
2019-03-05,44.71644592285156,70.72496795654297,78.65644836425781,38.07126998901367,28.23659896850586,44.217681884765625,249.60560607910156,34.00554656982422,25.471681594848633
2019-03-06,43.751895904541016,69.33402252197266,78.36717987060547,37.53622055053711,28.083486557006836,44.08049774169922,248.09381103515625,33.81910705566406,25.277109146118164
2019-03-07,42.989906311035156,68.61176300048828,77.734375,37.084197998046875,27.867319107055664,43.94331741333008,246.01844787597656,33.539459228515625,25.099462509155273
2019-03-08,43.269630432128906,68.54044342041016,77.58973693847656,36.927371978759766,27.795263290405273,43.909027099609375,245.52627563476562,33.436920166015625,25.091005325317383
2019-03-11,44.77431869506836,69.63715362548828,78.78300476074219,37.63771057128906,28.263626098632812,44.3806037902832,249.08673095703125,33.94029235839844,25.437837600708008
2019-03-12,44.89970779418945,69.53018951416016,79.10845184326172,37.80374526977539,28.36269760131836,44.5606689453125,250.0260772705078,34.05215072631836,25.522441864013672
2019-03-13,45.275882720947266,69.79766845703125,79.53331756591797,38.13583755493164,28.587865829467773,44.740718841552734,251.6811065673828,34.26655578613281,25.683170318603516
2019-03-14,44.98652267456055,69.50341033935547,79.5062026977539,38.01591873168945,28.569854736328125,44.76645278930664,251.52001953125,34.229270935058594,25.70855140686035
2019-03-15,45.32411193847656,69.5212631225586,79.85877227783203,38.3480224609375,28.81304359436035,44.85219192504883,252.76268005371094,34.4343376159668,25.818519592285156
2019-03-18,45.1890754699707,70.06515502929688,79.95819091796875,38.492088317871094,28.887086868286133,44.77315139770508,253.67906188964844,34.47362518310547,25.99294090270996
2019-03-19,45.31446838378906,69.55694580078125,79.91300201416016,38.59366989135742,28.86903190612793,44.52402877807617,253.7421112060547,34.54844665527344,25.924875259399414
2019-03-20,45.43021011352539,69.03804779052734,79.7532730102539,38.42743682861328,28.742612838745117,44.3865852355957,252.97828674316406,34.585853576660156,25.71216583251953
2019-03-21,46.36582565307617,69.94161224365234,80.54288482666016,39.25861358642578,29.139930725097656,44.87626266479492,255.83567810058594,34.988014221191406,25.99294090270996
2019-03-22,44.41743469238281,67.39193725585938,79.07254028320312,37.9102668762207,28.516855239868164,44.75597381591797,250.91171264648438,34.352027893066406,25.465429306030273
2019-03-25,44.320980072021484,67.71404266357422,79.0452880859375,37.799434661865234,28.507827758789062,44.77315139770508,250.72311401367188,34.380088806152344,25.39736557006836
2019-03-26,44.51389694213867,68.34916687011719,79.76231384277344,38.14115524291992,28.77872657775879,45.13395309448242,252.592041015625,34.64197540283203,25.55902099609375
2019-03-27,44.03162384033203,68.3312759399414,79.4174575805664,37.73480224609375,28.64327621459961,44.99652099609375,251.27108764648438,34.43621063232422,25.473936080932617
2019-03-28,44.50424575805664,68.97538757324219,79.78955841064453,37.993377685546875,28.832904815673828,44.99652099609375,252.22357177734375,34.55779266357422,25.593055725097656
2019-03-29,45.07332992553711,69.02015686035156,80.37042999267578,38.3905029296875,29.031572341918945,45.219844818115234,253.8140106201172,34.80096435546875,25.763214111328125
2019-04-01,45.748512268066406,69.87002563476562,81.2054672241211,39.25861358642578,29.365684509277344,45.27140426635742,256.823974609375,35.137657165527344,26.09504508972168
2019-04-02,46.11503982543945,69.47639465332031,81.27808380126953,39.36017990112305,29.356651306152344,45.340110778808594,256.94989013671875,35.1750602722168,26.07802963256836
2019-04-03,47.05065155029297,69.81635284423828,81.35974884033203,39.711124420166016,29.41986083984375,45.331520080566406,257.3541259765625,35.24988555908203,26.12908172607422
2019-04-04,46.423702239990234,70.37104034423828,81.55034637451172,39.711124420166016,29.410831451416016,45.24563217163086,258.0370178222656,35.25923538208008,26.26520538330078
2019-04-05,47.17604064941406,70.9883041381836,81.96786499023438,40.02512741088867,29.555313110351562,45.47758102416992,259.2858581542969,35.38083267211914,26.401344299316406
2019-04-08,47.07958984375,70.93465423583984,82.06773376464844,40.080528259277344,29.654644012451172,45.34872817993164,259.4836120605469,35.390174865722656,26.46941566467285
2019-04-09,46.58767318725586,70.04895782470703,81.61389923095703,39.591064453125,29.474048614501953,45.25422286987305,258.15374755859375,35.26859664916992,26.273719787597656
2019-04-10,47.24356460571289,71.11356353759766,81.96786499023438,40.00664138793945,29.627553939819336,45.37449645996094,259.0343322753906,35.38083267211914,26.358800888061523
2019-04-11,46.63589859008789,70.9704360961914,82.02234649658203,40.02512741088867,29.6185245513916,45.44322204589844,258.96240234375,35.35277557373047,26.375818252563477
2019-04-12,46.742000579833984,71.29248809814453,82.73934936523438,40.606937408447266,29.817184448242188,45.69233703613281,260.714599609375,35.58658218383789,26.537477493286133
2019-04-15,46.25008010864258,71.0151596069336,82.73934936523438,40.357582092285156,29.799114227294922,45.657958984375,260.5438232421875,35.5959358215332,26.52897071838379
2019-04-16,46.56837844848633,71.30144500732422,82.87550354003906,40.62540054321289,29.799114227294922,45.297176361083984,260.714599609375,35.539817810058594,26.597036361694336
2019-04-17,45.38198471069336,70.97935485839844,82.62136840820312,40.339111328125,29.69979476928711,45.03947067260742,260.0766296386719,35.3995246887207,26.58852195739746
2019-04-18,45.420570373535156,70.72884368896484,82.5396957397461,40.46839904785156,29.772037506103516,45.20268630981445,260.5887145996094,35.49306106567383,26.614051818847656
2019-04-22,45.57489776611328,70.36209869384766,82.5396957397461,40.56074142456055,29.735916137695312,44.995262145996094,260.8134460449219,35.57723617553711,26.58852195739746
2019-04-23,46.71305847167969,71.39986419677734,83.45638275146484,40.94863510131836,29.952625274658203,45.38255310058594,263.1585998535156,35.94198989868164,26.784217834472656
2019-04-24,46.30794906616211,71.62347412109375,83.40192413330078,40.91169357299805,29.970687866210938,45.54607009887695,262.5745849609375,35.87650680541992,26.71614646911621
2019-04-25,45.89319610595703,70.88096618652344,83.12056732177734,40.58845901489258,29.853300094604492,45.67519760131836,262.4128112792969,36.01679611206055,26.56300163269043
2019-04-26,45.999298095703125,71.51615142822266,83.40192413330078,40.680809020996094,29.9255428314209,45.88174819946289,263.63482666015625,36.15708541870117,26.699138641357422
2019-04-29,46.09575271606445,71.86506652832031,83.3928451538086,40.754695892333984,29.9255428314209,45.778465270996094,264.0481262207031,36.17578125,26.76719856262207
2019-04-30,45.545963287353516,71.68610382080078,83.42007446289062,40.78240203857422,30.06099510192871,46.27764892578125,264.18280029296875,36.17578125,26.80974769592285
2019-05-01,45.12155532836914,71.04199981689453,82.69397735595703,40.38528823852539,29.79009246826172,45.8300895690918,262.1971740722656,35.81105041503906,26.690622329711914
2019-05-02,45.34340286254883,71.26564025878906,82.56690979003906,40.265228271484375,29.717844009399414,45.855918884277344,261.6311340332031,35.754920959472656,26.639575958251953
2019-05-03,46.674476623535156,72.67021942138672,83.20223236083984,40.7177619934082,29.9255428314209,46.13133239746094,264.1918029785156,36.13838577270508,26.84377670288086
2019-05-06,47.089237213134766,72.79547882080078,82.88458251953125,40.32987976074219,29.817184448242188,46.02802658081055,263.10467529296875,36.00745391845703,26.71614646911621
2019-05-07,45.62312316894531,71.46246337890625,81.46868133544922,39.47100067138672,29.302471160888672,45.46002960205078,258.7108154296875,35.436946868896484,26.26520538330078
2019-05-08,44.78396987915039,70.88992309570312,81.42330932617188,39.397132873535156,29.320531845092773,45.38255310058594,258.3514709472656,35.40888595581055,26.214157104492188
2019-05-09,44.39814758300781,70.72884368896484,81.16007232666016,39.2216682434082,29.257322311401367,45.365325927734375,257.5697326660156,35.287288665771484,26.154603958129883
2019-05-10,44.60070037841797,70.96147918701172,81.53221893310547,39.23089599609375,29.365684509277344,45.959190368652344,258.86370849609375,35.455650329589844,26.2567081451416
2019-05-13,42.1411018371582,68.74280548095703,79.54450988769531,37.596275329589844,28.562013626098633,45.666587829589844,252.3583526611328,34.632606506347656,25.567527770996094
2019-05-14,42.951324462890625,69.47639465332031,80.17984008789062,38.26120376586914,28.932239532470703,45.75262451171875,254.64051818847656,34.885135650634766,25.80575942993164
2019-05-15,43.4721794128418,69.6016616821289,80.83332824707031,38.529022216796875,29.139930725097656,45.933387756347656,256.1322021484375,35.21247100830078,25.848302841186523
2019-05-16,43.67473220825195,69.87002563476562,81.45957946777344,38.796844482421875,29.410831451416016,46.24321365356445,258.5042419433594,35.642696380615234,26.01847267150879
2019-05-17,42.40153121948242,68.73387908935547,81.0148696899414,38.26120376586914,29.284406661987305,46.27764892578125,256.8330078125,35.40888595581055,25.890838623046875
2019-05-20,41.408050537109375,68.25077819824219,80.44304656982422,37.74403381347656,29.013511657714844,46.09657669067383,255.1347198486328,35.12830352783203,25.746200561523438
2019-05-21,42.343658447265625,69.16328430175781,81.15100860595703,38.362796783447266,29.275375366210938,46.38112258911133,257.4349670410156,35.390174865722656,25.984439849853516
2019-05-22,41.69741439819336,68.48338317871094,80.90595245361328,37.9102668762207,29.185077667236328,46.51044845581055,256.6443176269531,35.38083267211914,25.831283569335938
2019-05-23,40.54960250854492,66.85515594482422,79.84403228759766,37.134517669677734,28.75164031982422,46.43284225463867,253.50856018066406,34.988014221191406,25.524988174438477
2019-05-24,40.646053314208984,67.5261459350586,79.88941192626953,37.254581451416016,28.77872657775879,46.54492950439453,254.08348083496094,35.02542495727539,25.567527770996094
2019-05-28,40.4049186706543,67.07879638671875,79.19960021972656,36.986759185791016,28.543949127197266,45.99309539794922,251.7203369140625,34.83837890625,25.24420928955078
2019-05-29,40.04803466796875,66.53309631347656,78.59151458740234,36.78358459472656,28.39044189453125,45.665435791015625,250.0311279296875,34.56715393066406,25.125097274780273
2019-05-30,40.32775115966797,66.3452377319336,78.7911605834961,36.765106201171875,28.498798370361328,45.8378791809082,250.714111328125,34.73550033569336,25.108076095581055
2019-05-31,39.28604507446289,65.45954132080078,77.9289321899414,36.01706314086914,28.110502243041992,45.82927322387695,247.3355712890625,34.26787567138672,24.776256561279297
2019-06-03,38.716957092285156,65.79949188232422,77.68387603759766,35.81388854980469,28.011171340942383,46.225929260253906,246.70664978027344,33.87504959106445,24.937910079956055
2019-06-04,40.31810760498047,67.58875274658203,79.51729583740234,37.097572326660156,28.706493377685547,46.458717346191406,252.06190490722656,34.55779266357422,25.524988174438477
2019-06-05,40.61711883544922,67.43669128417969,80.24339294433594,37.20840072631836,29.004478454589844,47.312355041503906,254.2451629638672,34.91318893432617,25.66962432861328
2019-06-06,40.63641357421875,67.28459167480469,80.75165557861328,37.45774841308594,29.239261627197266,47.553794860839844,255.89849853515625,35.18443298339844,25.83979034423828
2019-06-07,41.67811965942383,67.72293853759766,81.71373748779297,37.864097595214844,29.654644012451172,47.63139343261719,258.4593505859375,35.65205001831055,26.001455307006836
2019-06-10,42.073585510253906,68.20603942871094,82.03141021728516,38.270442962646484,29.817184448242188,47.545162200927734,259.6452941894531,35.801692962646484,26.146095275878906
2019-06-11,41.76492691040039,68.053955078125,82.09493255615234,38.25197219848633,29.808151245117188,47.43308639526367,259.5824279785156,35.745574951171875,26.171619415283203
2019-06-12,41.6202507019043,67.91082000732422,81.95880889892578,37.864097595214844,29.69075584411621,47.665889739990234,259.1242980957031,35.71751403808594,26.103548049926758
2019-06-13,42.1314582824707,68.70704650878906,82.29463195800781,38.20579528808594,29.817184448242188,47.691749572753906,260.1933898925781,35.801692962646484,26.26520538330078
2019-06-14,41.543087005615234,68.03607177734375,82.02234649658203,37.81792449951172,29.627553939819336,47.93317413330078,259.9058837890625,35.773624420166016,26.214157104492188
2019-06-17,42.83557891845703,68.09981536865234,82.00865936279297,37.864097595214844,29.6185245513916,47.777984619140625,260.0047302246094,35.857818603515625,26.18012237548828
2019-06-18,43.51075744628906,68.9884033203125,82.82966613769531,38.676788330078125,29.952625274658203,47.78659439086914,262.7272644042969,36.185142517089844,26.46941566467285
2019-06-19,43.66509246826172,69.158935546875,83.13068389892578,38.83378219604492,30.088088989257812,48.097023010253906,263.3202819824219,36.35349655151367,26.477916717529297
2019-06-20,43.72296142578125,69.62569427490234,84.12499237060547,39.33247756958008,30.43122673034668,48.36433029174805,265.8361511230469,36.70888137817383,26.741670608520508
2019-06-21,43.82905960083008,69.06021118164062,83.8878173828125,39.12930679321289,30.2957706451416,48.157386779785156,265.44976806640625,36.66212844848633,26.71614646911621
2019-06-24,43.20210647583008,68.28826141357422,83.63240051269531,39.05689239501953,30.27764320373535,48.13147735595703,265.1246643066406,36.6508674621582,26.615951538085938
2019-06-25,42.88380432128906,67.9382553100586,82.92086029052734,38.56486129760742,29.99653434753418,47.90686798095703,262.5243225097656,36.19084548950195,26.46180534362793
2019-06-26,43.10565185546875,68.01004028320312,82.74754333496094,39.047611236572266,29.969329833984375,47.07761001586914,262.2625427246094,36.08757781982422,26.46180534362793
2019-06-27,44.195594787597656,69.33846282958984,83.02122497558594,39.37253952026367,29.987472534179688,47.30220413208008,263.1925354003906,36.21902084350586,26.59026336669922
2019-06-28,46.279014587402344,70.2629623413086,83.44082641601562,39.716041564941406,30.032806396484375,47.52678680419922,264.5468444824219,36.359832763671875,26.787229537963867
2019-07-01,46.22113800048828,70.4065933227539,84.1341323852539,40.161659240722656,30.295772552490234,47.74273681640625,266.9485778808594,36.67902755737305,26.992753982543945
2019-07-02,45.75815963745117,70.00267028808594,84.34393310546875,39.97598648071289,30.35017967224121,48.20055389404297,267.64373779296875,36.866790771484375,27.009889602661133
2019-07-03,46.356178283691406,70.39759826660156,85.15580749511719,40.170955657958984,30.667552947998047,48.701576232910156,269.7835998535156,37.12965774536133,27.20685577392578
2019-07-05,46.10539627075195,70.67586517333984,84.97334289550781,40.133811950683594,30.558744430541992,48.537452697753906,269.4766845703125,37.05455017089844,27.189722061157227
2019-07-08,45.671348571777344,69.93089294433594,84.47164154052734,39.78102493286133,30.386451721191406,48.52016830444336,267.9958801269531,36.88557434082031,27.03557777404785
2019-07-09,46.5394401550293,69.84111785888672,84.60847473144531,39.96671676635742,30.42272186279297,48.63246536254883,268.3299255371094,36.99822235107422,27.052705764770508
2019-07-10,46.85774230957031,70.02959442138672,84.96424865722656,40.15239334106445,30.56781005859375,48.753414154052734,269.61199951171875,37.2516975402832,27.10408592224121
2019-07-11,46.886680603027344,69.69749450683594,85.15580749511719,40.245208740234375,30.558744430541992,48.68429946899414,270.2441101074219,37.27047348022461,27.189722061157227
2019-07-12,46.742000579833984,70.307861328125,85.45684814453125,40.59800720214844,30.658489227294922,48.658390045166016,271.4539794921875,37.38313674926758,27.4038143157959
2019-07-15,46.94455337524414,69.85908508300781,85.54804992675781,40.56086349487305,30.740100860595703,48.770687103271484,271.5442810058594,37.40190505981445,27.369558334350586
2019-07-16,46.65518569946289,69.93089294433594,85.26526641845703,40.310211181640625,30.631282806396484,48.606563568115234,270.6684265136719,37.242305755615234,27.301050186157227
2019-07-17,46.87703323364258,69.4102783203125,84.68144226074219,40.03169631958008,30.46805763244629,48.52016830444336,268.8265380859375,37.07332229614258,27.086959838867188
2019-07-18,47.098880767822266,69.54490661621094,85.03723907470703,40.14309310913086,30.640357971191406,48.72751235961914,269.8106689453125,37.16719436645508,27.215410232543945
2019-07-19,46.57802963256836,69.36538696289062,84.40778350830078,40.05025863647461,30.47713279724121,48.06236267089844,268.3118896484375,36.9325065612793,27.0698299407959
2019-07-22,47.0120735168457,69.26666259765625,84.67232513427734,40.2823600769043,30.60407829284668,48.011287689208984,268.9710388183594,37.05455017089844,27.129776000976562
2019-07-23,47.16640090942383,69.91290283203125,85.26526641845703,40.72797775268555,30.767301559448242,48.17572784423828,270.8941650390625,37.2516975402832,27.352436065673828
2019-07-24,48.15024185180664,71.08875274658203,85.70314025878906,41.23857879638672,30.948665618896484,48.141136169433594,272.16717529296875,37.39251708984375,27.515140533447266
2019-07-25,46.54908752441406,70.31681060791016,85.30176544189453,40.53302764892578,30.767301559448242,48.123802185058594,270.8670959472656,37.20475769042969,27.386688232421875
2019-07-26,47.600440979003906,71.03489685058594,85.83998107910156,40.718692779541016,30.83985137939453,48.43534469604492,272.6819152832031,37.52395248413086,27.532276153564453
2019-07-29,47.38824462890625,70.67586517333984,85.81260681152344,40.50516128540039,30.83985137939453,48.52186584472656,272.18524169921875,37.43946075439453,27.49801254272461
2019-07-30,47.85123062133789,71.43881225585938,85.47506713867188,40.44017791748047,30.712894439697266,48.3747673034668,271.5171203613281,37.27986145019531,27.48944664001465
2019-07-31,46.742000579833984,71.09774017333984,84.59024810791016,39.86458969116211,30.35017967224121,48.06322479248047,268.5466003417969,36.77290725708008,27.241104125976562
2019-08-01,46.028236389160156,70.01165008544922,83.8148422241211,38.98262405395508,30.150686264038086,48.06322479248047,266.2080993652344,36.61332321166992,26.889989852905273
2019-08-02,44.484954833984375,69.19483184814453,83.03946685791016,38.286346435546875,29.824243545532227,48.08052062988281,264.2037658691406,36.359832763671875,26.710155487060547
2019-08-05,42.594444274902344,67.31889343261719,80.40312194824219,36.87519836425781,28.881183624267578,47.0161247253418,256.25836181640625,35.28021240234375,25.896602630615234
2019-08-06,42.980262756347656,68.02799987792969,81.59814453125,37.339393615722656,29.316444396972656,47.70841598510742,259.8518371582031,35.76838684082031,26.222026824951172
2019-08-07,43.530052185058594,68.13570404052734,81.66200256347656,37.35796356201172,29.407121658325195,47.82958221435547,260.00531005859375,35.83409881591797,26.179208755493164
2019-08-08,44.26310729980469,69.60774993896484,83.40435028076172,38.3513298034668,29.978395462036133,48.53053283691406,265.1065979003906,36.57576370239258,26.64164161682129
2019-08-09,43.66509246826172,68.74605560302734,82.69279479980469,37.617916107177734,29.751705169677734,48.54783248901367,263.3008728027344,36.359832763671875,26.478939056396484
2019-08-12,42.762271881103516,67.9741439819336,81.7714614868164,36.949466705322266,29.44339942932129,48.218997955322266,260.0955505371094,35.93737030029297,26.144954681396484
2019-08-13,43.62650680541992,68.68324279785156,83.1215591430664,37.636478424072266,29.933061599731445,48.57381057739258,264.14056396484375,36.45370864868164,26.530317306518555
2019-08-14,42.09287643432617,66.66361999511719,80.5582275390625,36.25318908691406,29.089750289916992,47.613224029541016,256.33050537109375,35.402259826660156,25.742462158203125
2019-08-15,42.015716552734375,66.41233825683594,80.83187866210938,36.234619140625,29.053478240966797,48.141136169433594,257.0076599121094,35.561859130859375,25.759586334228516
2019-08-16,43.10565185546875,67.89334106445312,82.02688598632812,36.84735107421875,29.479665756225586,48.54783248901367,260.79986572265625,36.03125762939453,26.213462829589844
2019-08-19,43.935157775878906,68.59349060058594,83.01210021972656,37.525062561035156,29.90585708618164,48.90589904785156,263.94189453125,36.472496032714844,26.5046329498291
2019-08-20,43.65544128417969,68.02799987792969,82.37354278564453,37.200138092041016,29.67915916442871,48.58510208129883,261.9194641113281,36.19084548950195,26.281970977783203
2019-08-21,44.041263580322266,68.57551574707031,83.05769348144531,37.608619689941406,29.978395462036133,48.81919479370117,264.0502624511719,36.538204193115234,26.48749542236328
2019-08-22,43.395023345947266,68.38703155517578,83.06681823730469,37.617916107177734,29.96026039123535,48.949241638183594,263.968994140625,36.463096618652344,26.51318359375
2019-08-23,41.96748733520508,66.29564666748047,80.74066162109375,36.33675003051758,29.11695098876953,48.11696243286133,257.188232421875,35.552467346191406,25.79384422302246
2019-08-26,42.23755645751953,66.91499328613281,81.66200256347656,36.568843841552734,29.44339942932129,48.663150787353516,260.0323791503906,35.974937438964844,26.076444625854492
2019-08-27,41.591312408447266,66.07124328613281,81.6255111694336,36.39244842529297,29.48873519897461,48.62846755981445,259.0121154785156,35.93737030029297,25.888038635253906
2019-08-28,41.84209442138672,66.86111450195312,82.15458679199219,36.7359619140625,29.688228607177734,48.758514404296875,260.8359375,36.12513732910156,26.144954681396484
2019-08-29,42.61373519897461,67.9741439819336,83.13977813720703,37.460086822509766,30.014673233032227,49.10529327392578,264.16766357421875,36.547603607177734,26.48749542236328
2019-08-30,42.74876403808594,67.8395004272461,83.0850830078125,37.51578140258789,29.978395462036133,49.1920051574707,264.0502624511719,36.519439697265625,26.51318359375
2019-09-03,41.735992431640625,66.9060287475586,82.4738998413086,36.949466705322266,29.79704475402832,49.49544143676758,262.5062561035156,36.265960693359375,26.376171112060547
2019-09-04,41.80351638793945,67.58818817138672,83.40435028076172,37.6271858215332,30.168827056884766,49.82489776611328,265.48583984375,36.6508674621582,26.693029403686523
2019-09-05,42.478694915771484,68.9076156616211,84.74531555175781,38.629844665527344,30.613149642944336,49.720855712890625,268.898681640625,37.12965774536133,27.052705764770508
2019-09-06,42.382240295410156,68.7191390991211,84.85476684570312,38.60199737548828,30.685697555541992,49.83356475830078,269.1064453125,37.12965774536133,27.10408592224121
2019-09-09,42.25685119628906,69.76931762695312,84.68144226074219,39.010475158691406,30.531539916992188,49.504093170166016,269.2419128417969,36.866790771484375,27.335309982299805
2019-09-10,42.777706146240234,70.63995361328125,84.59934997558594,39.27971267700195,30.44085693359375,49.157310485839844,269.17864990234375,36.6508674621582,27.515140533447266
2019-09-11,43.92551803588867,72.04917907714844,85.05546569824219,39.762447357177734,30.658489227294922,49.36539077758789,271.0927429199219,36.88557434082031,27.754924774169922
2019-09-12,43.88693618774414,72.04917907714844,85.32913208007812,39.68819046020508,30.77637481689453,49.5994873046875,272.0318603515625,37.08271408081055,27.77205467224121
2019-09-13,43.64579772949219,72.16585540771484,85.19230651855469,39.827449798583984,30.721961975097656,49.374046325683594,271.8511962890625,37.016990661621094,27.77205467224121
2019-09-16,43.79048538208008,72.40818786621094,84.8091812133789,40.12453079223633,30.640357971191406,49.36539077758789,271.0115051269531,36.866790771484375,27.73780059814453
2019-09-17,43.88693618774414,72.24665069580078,85.13755798339844,39.911006927490234,30.712894439697266,49.798885345458984,271.69775390625,37.016990661621094,27.746360778808594
2019-09-18,43.44324493408203,71.85172271728516,85.18317413330078,39.64177322387695,30.712894439697266,49.937599182128906,271.8603210449219,37.016990661621094,27.780616760253906
2019-09-19,43.259979248046875,71.38494873046875,85.05546569824219,39.456092834472656,30.703828811645508,49.94626235961914,271.8421630859375,37.12965774536133,27.694982528686523
2019-09-20,43.15388107299805,71.1426010131836,84.58109283447266,39.13117218017578,30.56781005859375,49.86822509765625,270.5578308105469,36.913734436035156,27.575088500976562
2019-09-23,42.960968017578125,71.19646453857422,84.7635726928711,39.187049865722656,30.629751205444336,49.930782318115234,270.49432373046875,36.8779296875,27.613859176635742
2019-09-24,41.51415252685547,70.3001480102539,84.17469024658203,38.53502655029297,30.392881393432617,50.0610466003418,268.37176513671875,36.548152923583984,27.389846801757812
2019-09-25,41.61060333251953,71.23699188232422,84.67839050292969,38.96350860595703,30.565990447998047,50.087093353271484,269.9591369628906,36.793121337890625,27.570785522460938
2019-09-26,41.543087005615234,70.49834442138672,84.46774291992188,38.711997985839844,30.511327743530273,50.33896255493164,269.39678955078125,36.755435943603516,27.476003646850586
2019-09-27,41.128326416015625,70.0749282836914,84.0922622680664,38.264892578125,30.347333908081055,50.15657043457031,267.9454345703125,36.435089111328125,27.398466110229492
2019-09-30,41.36946487426758,70.12000274658203,84.62342071533203,38.507080078125,30.55687713623047,50.286869049072266,269.1881408691406,36.642372131347656,27.53631019592285
2019-10-01,40.41456604003906,68.74172973632812,83.55191040039062,37.78984451293945,30.21067237854004,49.861297607421875,265.9862060546875,36.20896530151367,27.157217025756836
2019-10-02,39.8068962097168,68.05708312988281,82.1140365600586,37.03535079956055,29.61849021911621,49.2446403503418,261.28765869140625,35.58711624145508,26.683351516723633
2019-10-03,40.05767822265625,68.15619659423828,82.8467025756836,37.50109100341797,29.919137954711914,49.48782730102539,263.42828369140625,35.94513702392578,26.821203231811523
2019-10-04,40.48208236694336,68.82279205322266,84.07391357421875,37.89230728149414,30.365550994873047,50.19132614135742,266.992919921875,36.44451141357422,27.22614288330078
2019-10-07,40.53995132446289,68.76876068115234,83.65264129638672,37.6594352722168,30.238006591796875,49.948143005371094,265.8410949707031,36.29375457763672,27.09690284729004
2019-10-08,39.17993927001953,67.60669708251953,82.27888488769531,36.69070816040039,29.718704223632812,49.340179443359375,261.71392822265625,35.719017028808594,26.674726486206055
2019-10-09,39.729732513427734,67.82289123535156,83.03904724121094,37.15643310546875,30.037578582763672,49.60940933227539,264.1992492675781,36.05820846557617,26.915971755981445
2019-10-10,39.81654739379883,67.98503875732422,83.59770202636719,37.53834533691406,30.201566696166992,49.7570686340332,265.9862060546875,36.256080627441406,27.139989852905273
2019-10-11,40.44350051879883,69.2281723022461,84.83406066894531,38.45118713378906,30.565990447998047,49.774444580078125,268.74365234375,36.576419830322266,27.476003646850586
2019-10-14,40.76179885864258,69.04801177978516,84.8432388305664,38.44187927246094,30.55687713623047,49.64417266845703,268.4443359375,36.51988220214844,27.458772659301758
2019-10-15,41.6202507019043,69.80470275878906,85.57591247558594,39.028709411621094,30.76641845703125,49.696258544921875,271.1020202636719,36.906185150146484,27.725868225097656
2019-10-16,41.28265380859375,69.98485565185547,85.37442016601562,38.64680099487305,30.69352912902832,49.713619232177734,270.66656494140625,36.84966278076172,27.69139862060547
2019-10-17,41.36078643798828,70.7775650024414,85.64918518066406,38.767879486083984,30.775524139404297,49.79182052612305,271.4649353027344,36.92503356933594,27.768945693969727
2019-10-18,40.44350051879883,70.33617401123047,85.1912612915039,38.40460968017578,30.547765731811523,49.948143005371094,270.2765808105469,36.65180206298828,27.77756118774414
2019-10-21,40.9064826965332,71.01179504394531,85.75907135009766,38.92623519897461,30.80286407470703,50.186553955078125,272.1087951660156,36.85908508300781,28.001575469970703
2019-10-22,40.44350051879883,71.2099838256836,85.49347686767578,38.81446075439453,30.684419631958008,49.94291687011719,271.2199401855469,36.53873062133789,28.079111099243164
2019-10-23,40.27952575683594,71.3901596069336,85.53927612304688,38.90760803222656,30.657100677490234,50.05601119995117,272.0091552734375,36.632938385009766,28.148040771484375
2019-10-24,41.13797378540039,71.2640380859375,85.96056365966797,39.177738189697266,30.90308380126953,50.12563705444336,272.45355224609375,36.8213996887207,28.113582611083984
2019-10-25,41.97713088989258,71.68740844726562,86.4001693725586,39.578277587890625,31.10350799560547,49.83851623535156,273.5692138671875,36.92503356933594,28.242820739746094
2019-10-28,43.05742645263672,72.3540267944336,86.83059692382812,39.978797912597656,31.31304168701172,49.59488296508789,275.1112365722656,37.188846588134766,28.363433837890625
2019-10-29,42.74876403808594,72.64228057861328,86.6932373046875,39.85771942138672,31.2766056060791,49.760196685791016,275.0295715332031,37.17942810058594,28.328983306884766
2019-10-30,42.7969970703125,72.25492095947266,86.83059692382812,39.77388381958008,31.422386169433594,50.12563705444336,275.8731689453125,37.37729263305664,28.363433837890625
2019-10-31,42.661956787109375,71.54328155517578,86.49173736572266,39.429237365722656,31.303956985473633,50.0908317565918,275.1384582519531,37.28307342529297,28.27728271484375
2019-11-01,43.62650680541992,72.65127563476562,87.37095642089844,40.22098922729492,31.531700134277344,50.047325134277344,277.6873779296875,37.4903564453125,28.67361068725586
2019-11-04,43.867645263671875,73.24585723876953,87.70064544677734,40.86370086669922,31.568151473999023,49.708003997802734,278.802978515625,37.537471771240234,28.87177848815918
2019-11-05,43.78083419799805,73.36295318603516,87.61820983886719,40.891639709472656,31.48616600036621,49.44697189331055,278.4945983886719,37.43383026123047,28.897619247436523
2019-11-06,43.61686325073242,73.02962493896484,87.63653564453125,40.5097541809082,31.504384994506836,49.673194885253906,278.5579833984375,37.45268630981445,28.914857864379883
2019-11-07,43.60721969604492,73.20079803466797,87.9295883178711,40.76124572753906,31.60459327697754,49.50786209106445,279.5377197265625,37.528045654296875,29.061328887939453
2019-11-08,44.22452926635742,73.30889892578125,88.1127700805664,40.91959762573242,31.73215103149414,49.4295768737793,280.22705078125,37.61284255981445,29.12163543701172
2019-11-11,44.6778678894043,73.09269714355469,87.97541809082031,40.80780792236328,31.677478790283203,49.32516860961914,279.6919250488281,37.57515335083008,29.052703857421875
2019-11-12,44.99617385864258,73.065673828125,88.14939880371094,40.88233184814453,31.704809188842773,49.30776596069336,280.28143310546875,37.65995407104492,29.0699462890625
2019-11-13,44.72609329223633,72.65127563476562,88.39669036865234,40.68671798706055,31.76857566833496,49.69061279296875,280.3721008300781,37.71648406982422,29.061328887939453
2019-11-14,44.909358978271484,72.50717163085938,88.5798568725586,40.73330307006836,31.713918685913086,49.847206115722656,280.7803649902344,37.8012809753418,29.078561782836914
2019-11-15,45.719573974609375,72.8945083618164,89.257568359375,41.16177749633789,32.005455017089844,49.96033477783203,282.8121032714844,38.065101623535156,29.30256462097168
2019-11-18,45.719573974609375,72.5702133178711,89.27589416503906,40.96615982055664,31.97812843322754,50.04487609863281,283.0207214355469,38.07452392578125,29.319801330566406
2019-11-19,46.732357025146484,72.70532989501953,89.37663269042969,40.86370086669922,32.03279495239258,50.04487609863281,282.93914794921875,38.187583923339844,29.199176788330078
2019-11-20,46.71305847167969,72.3179931640625,88.9645004272461,40.565635681152344,31.887027740478516,50.02745056152344,281.886962890625,38.083953857421875,29.095794677734375
2019-11-21,46.442989349365234,71.93061828613281,88.84545135498047,40.565635681152344,31.84147834777832,49.73106384277344,281.4334411621094,37.989715576171875,29.078561782836914
2019-11-22,46.70341110229492,72.10179901123047,89.06524658203125,40.75192642211914,31.887027740478516,49.73978042602539,282.0592346191406,38.01799774169922,29.164716720581055
2019-11-25,47.90909957885742,73.90345764160156,89.84369659423828,41.48779296875,32.18766784667969,49.70491027832031,284.245361328125,38.31949234008789,29.362886428833008
2019-11-26,48.22740173339844,73.84037017822266,90.14591979980469,41.320125579833984,32.32432556152344,50.07102584838867,284.8893127441406,38.517372131347656,29.337039947509766
2019-11-27,48.44924545288086,74.17366027832031,90.6130142211914,41.59025573730469,32.470096588134766,50.17561340332031,286.1592712402344,38.70580291748047,29.474889755249023
2019-11-29,48.64215850830078,73.69624328613281,90.34740447998047,41.282867431640625,32.351661682128906,50.088462829589844,285.0979919433594,38.56446075439453,29.371496200561523
2019-12-02,47.224273681640625,72.87649536132812,89.61473083496094,40.789188385009766,32.078338623046875,49.61774826049805,282.6761474609375,38.17817306518555,29.147483825683594
2019-12-03,47.34966278076172,72.5792236328125,89.01029205322266,40.16510772705078,31.850584030151367,49.65260314941406,280.7803649902344,37.999149322509766,28.880393981933594
2019-12-04,47.44611358642578,73.146728515625,89.66051483154297,40.66810607910156,32.06922149658203,49.92283248901367,282.5128479003906,38.215858459472656,29.095794677734375
2019-12-05,47.224273681640625,73.38994598388672,89.91696166992188,40.649452209472656,32.14210891723633,50.062313079833984,283.0207214355469,38.23469924926758,29.207796096801758
2019-12-06,47.70654296875,74.4168930053711,90.66796875,41.329444885253906,32.42454147338867,50.16693115234375,285.6059265136719,38.52678298950195,29.500732421875
2019-12-09,47.31107711791992,74.21871948242188,90.51228332519531,41.14314270019531,32.351661682128906,50.132049560546875,284.7079162597656,38.42313003540039,29.39734649658203
2019-12-10,47.51363754272461,74.20071411132812,90.39322662353516,41.13383483886719,32.351661682128906,50.02745056152344,284.3903503417969,38.3477668762207,29.39734649658203
2019-12-11,47.233917236328125,74.18268585205078,90.72291564941406,41.515743255615234,32.50654220581055,49.88796615600586,285.1977233886719,38.48910140991211,29.45764923095703
2019-12-12,47.64867401123047,74.98441314697266,91.40064239501953,42.5217170715332,32.825408935546875,49.774654388427734,287.65582275390625,38.7152214050293,29.81090545654297
2019-12-13,47.35931396484375,74.50696563720703,91.3182144165039,42.279541015625,32.8709716796875,49.98386001586914,287.8282470703125,38.800025939941406,29.75921058654785
2019-12-16,48.44924545288086,74.81568145751953,91.92532348632812,42.71733093261719,33.08960723876953,50.262794494628906,289.8056335449219,39.054405212402344,30.00045394897461
2019-12-17,48.40102005004883,75.45848083496094,91.85174560546875,42.84773635864258,33.06227493286133,50.20176696777344,289.86907958984375,39.0167350769043,30.02630615234375
2019-12-18,48.74825668334961,75.72102355957031,91.9437026977539,42.987464904785156,33.00762176513672,50.297698974609375,289.8871765136719,39.04500198364258,30.017684936523438
2019-12-19,49.06655502319336,75.95639038085938,92.3208999633789,43.20170211791992,33.1898307800293,50.48945999145508,291.0754699707031,39.261695861816406,30.086610794067383
2019-12-20,49.15336990356445,75.8387222290039,92.84523010253906,43.36005401611328,33.39027404785156,50.759681701660156,292.3515319824219,39.47840881347656,30.21585464477539
2019-12-23,49.76103591918945,75.9654541015625,92.85440826416016,43.76960754394531,33.46349334716797,50.4636116027832,292.79815673828125,39.5162467956543,30.243595123291016
2019-12-24,49.982879638671875,76.17369079589844,92.82683563232422,43.760257720947266,33.43602752685547,50.53349304199219,292.8072814941406,39.53516387939453,30.226259231567383
2019-12-26,49.93465805053711,76.07410430908203,93.1672134399414,43.89115905761719,33.555023193359375,50.655765533447266,294.365966796875,39.847286224365234,30.286924362182617
2019-12-27,49.509647369384766,75.73008728027344,93.18558502197266,43.685447692871094,33.57333755493164,50.812957763671875,294.2931213378906,39.847286224365234,30.295610427856445
2019-12-30,48.15428161621094,75.68480682373047,92.7348403930664,43.42363357543945,33.399417877197266,50.725616455078125,292.670654296875,39.572998046875,30.165576934814453
2019-12-31,48.45439529418945,75.9111328125,92.90963745117188,43.61063766479492,33.47264099121094,50.952701568603516,293.381591796875,39.639198303222656,30.260929107666016
2020-01-02,48.890052795410156,75.9654541015625,93.7191390991211,44.24647521972656,33.77469253540039,50.58587646484375,296.12530517578125,40.197235107421875,30.364938735961914
2020-01-03,48.5318489074707,75.9201889038086,93.11200714111328,43.67608642578125,33.500099182128906,50.67322540283203,293.8829345703125,39.90401840209961,30.15691566467285
2020-01-06,48.90941619873047,75.84777069091797,93.3327865600586,43.76960754394531,33.564170837402344,50.725616455078125,295.00408935546875,40.093196868896484,30.20024871826172
2020-01-07,49.509647369384766,75.41319274902344,93.2040023803711,44.068817138671875,33.445186614990234,50.428672790527344,294.1746520996094,40.055355072021484,30.087568283081055
2020-01-08,50.62298583984375,75.57618713378906,93.5811538696289,44.15297317504883,33.62825012207031,50.57715606689453,295.74249267578125,40.310733795166016,30.165576934814453
2020-01-09,50.68107223510742,75.55804443359375,94.34465789794922,44.39608383178711,33.86623001098633,50.83042526245117,297.747802734375,40.70797348022461,30.295610427856445
2020-01-10,50.31319046020508,75.2049789428711,94.21586608886719,44.12490463256836,33.811309814453125,50.891544342041016,296.8910827636719,40.585018157958984,30.191585540771484
2020-01-13,51.34907531738281,75.82965087890625,94.9977798461914,44.46153259277344,34.067588806152344,51.22344207763672,298.9327392578125,41.00118637084961,30.321609497070312
2020-01-14,51.56206130981445,76.11029815673828,94.85980987548828,44.564388275146484,34.076744079589844,51.144832611083984,298.47705078125,40.84984588623047,30.33027458190918
2020-01-15,51.72664260864258,76.43622589111328,95.1449966430664,44.33998489379883,34.15911865234375,51.555328369140625,299.15155029296875,40.96334457397461,30.382278442382812
2020-01-16,52.288150787353516,77.42303466796875,95.91767120361328,44.92905807495117,34.397098541259766,51.957061767578125,301.6399841308594,41.32274627685547,30.59898567199707
2020-01-17,51.958988189697266,77.28723907470703,96.18446350097656,44.97581481933594,34.48863220214844,52.192874908447266,302.5789794921875,41.55921173095703,30.651002883911133
2020-01-21,51.88154602050781,76.5629653930664,95.92688751220703,44.61115264892578,34.4062614440918,52.40726852416992,301.986328125,41.52138137817383,30.520978927612305
2020-01-22,52.12356948852539,76.5629653930664,95.9820785522461,44.44283676147461,34.4794807434082,52.44228744506836,302.0228271484375,41.51191711425781,30.538311004638672
2020-01-23,52.08484649658203,76.72592163085938,95.89009857177734,44.592437744140625,34.50693130493164,52.76604080200195,302.3692321777344,41.61595916748047,30.55564308166504
2020-01-24,51.11672592163086,75.53089904785156,94.89659118652344,43.937904357910156,34.25979995727539,52.67856216430664,299.68017578125,41.24709701538086,30.252256393432617
2020-01-27,50.1970100402832,74.6980209350586,93.32357788085938,42.55403518676758,33.73807144165039,52.31977081298828,294.8765563964844,40.52827072143555,29.836179733276367
2020-01-28,51.13608932495117,75.23213958740234,94.16069793701172,43.16181182861328,33.9577522277832,52.59980010986328,297.9665832519531,41.1052131652832,30.00954818725586
2020-01-29,51.165130615234375,74.71612548828125,94.2894515991211,42.862613677978516,33.9028434753418,52.48603057861328,297.7204284667969,41.17142868041992,29.87085723876953
2020-01-30,51.26194763183594,74.63462829589844,94.41826629638672,42.9187126159668,33.9760627746582,52.99357223510742,298.6866455078125,41.28491973876953,29.992204666137695
2020-01-31,50.14860916137695,72.86019897460938,92.27490234375,41.834049224853516,33.14312744140625,52.47727966308594,293.26312255859375,40.56610870361328,29.463449478149414
2020-02-03,52.239742279052734,73.54824829101562,93.19479370117188,42.180023193359375,33.445186614990234,52.66102981567383,295.4416198730469,41.00118637084961,29.558799743652344
2020-02-04,54.524505615234375,74.47169494628906,94.5654296875,43.34883117675781,33.9760627746582,52.783546447753906,299.944580078125,41.738914489746094,29.89686393737793
2020-02-05,53.75001525878906,75.89302062988281,95.71531677246094,44.10620880126953,34.43370819091797,53.15106201171875,303.4083557128906,41.956459045410156,30.44295883178711
2020-02-06,54.37929153442383,75.68480682373047,96.05567932128906,44.1342658996582,34.52524185180664,53.2210807800293,304.4292297363281,42.24020004272461,30.451623916625977
2020-02-07,54.059814453125,74.54410552978516,95.42093658447266,43.367530822753906,34.25979995727539,53.081085205078125,302.8067321777344,42.01319885253906,30.278263092041016
2020-02-10,55.07633972167969,74.78853607177734,95.88089752197266,43.59193801879883,34.37879943847656,53.43107604980469,305.0672302246094,42.50502395629883,30.382278442382812
2020-02-11,55.9476432800293,75.40416717529297,96.05567932128906,44.14362716674805,34.442867279052734,53.57986068725586,305.595947265625,42.46720504760742,30.51231575012207
2020-02-12,56.47043228149414,75.9111328125,96.63522338867188,44.751407623291016,34.65338897705078,53.56237030029297,307.5648193359375,42.80768585205078,30.659669876098633
2020-02-13,56.88671875,76.16461944580078,96.40523529052734,44.592437744140625,34.49778366088867,53.93862533569336,307.2366943359375,42.760398864746094,30.6076602935791
2020-02-14,56.81895446777344,75.75724792480469,96.58922576904297,44.35867691040039,34.59846115112305,54.2799072265625,307.7289123535156,42.94011306762695,30.59031867980957
2020-02-18,57.27397155761719,75.349853515625,96.32243347167969,44.031410217285156,34.38794708251953,54.236141204833984,306.93597412109375,42.845523834228516,30.451623916625977
2020-02-19,58.44539260864258,75.63956451416016,96.64439392089844,44.66725158691406,34.580162048339844,53.912384033203125,308.4034118652344,43.15763854980469,30.55564308166504
2020-02-20,57.98069381713867,76.03788757324219,96.35003662109375,44.61115264892578,34.4794807434082,53.95612716674805,307.13641357421875,42.86442947387695,30.52964973449707
2020-02-21,56.74150085449219,75.15973663330078,95.42093658447266,43.70415115356445,34.186580657958984,53.85113525390625,303.9734802246094,42.221282958984375,30.39095687866211
2020-02-24,54.234073638916016,72.94169616699219,92.12773132324219,41.572227478027344,33.06076431274414,52.93755340576172,293.8920593261719,40.698516845703125,29.45478057861328
2020-02-25,52.375282287597656,70.47920227050781,89.3128433227539,39.86110305786133,31.980701446533203,51.60491180419922,284.9864807128906,39.54462814331055,28.527273178100586
2020-02-26,51.83313751220703,69.58295440673828,89.11963653564453,39.290714263916016,31.9349365234375,51.19284439086914,283.9383239746094,39.572998046875,28.267227172851562
2020-02-27,50.06147384643555,66.99373626708984,85.32967376708984,37.67308807373047,30.626052856445312,48.81688690185547,271.1861267089844,37.68135070800781,27.062334060668945
2020-02-28,51.155452728271484,65.8983154296875,84.58455657958984,37.98165512084961,30.406383514404297,47.48423767089844,270.04681396484375,37.73811340332031,26.698270797729492
2020-03-02,52.35592269897461,67.58219146728516,88.32853698730469,39.122413635253906,31.834259033203125,49.91279602050781,281.7414855957031,39.49732971191406,27.87714958190918
2020-03-03,51.3006706237793,66.16083526611328,85.67924499511719,37.72919464111328,30.882341384887695,49.08866882324219,273.674560546875,38.28669357299805,27.10567855834961
2020-03-04,53.04328536987305,68.20685577392578,89.01846313476562,38.78580093383789,32.273590087890625,51.46463394165039,285.1778869628906,39.90401840209961,28.25855255126953
2020-03-05,51.8040885925293,65.77156066894531,86.2127685546875,36.953102111816406,31.321691513061523,50.28104019165039,275.6980895996094,38.6082649230957,27.30504608154297
2020-03-06,50.44872283935547,64.5946273803711,84.9525146484375,35.52247619628906,31.010482788085938,49.73746871948242,271.1405944824219,37.91781234741211,26.802289962768555
2020-03-09,46.25676345825195,58.27549362182617,78.97319793701172,30.987485885620117,28.81374740600586,46.642574310302734,249.96595764160156,35.11818313598633,24.58321189880371
2020-03-10,48.45439529418945,60.00465393066406,83.05754852294922,33.00719451904297,30.30569839477539,48.1768684387207,262.9004821777344,37.142234802246094,25.753427505493164
2020-03-11,45.44354248046875,56.41053009033203,78.97319793701172,30.753732681274414,28.850360870361328,45.8009147644043,250.08441162109375,35.31682205200195,24.47052001953125
2020-03-12,39.721954345703125,50.009910583496094,71.57720184326172,26.95743751525879,26.205135345458984,41.47857666015625,226.1570587158203,32.129417419433594,22.00006675720215
2020-03-13,41.53234100341797,53.84846878051758,78.06248474121094,29.697126388549805,28.79544448852539,44.44194030761719,245.49038696289062,35.12765121459961,23.95042610168457
2020-03-16,35.06529998779297,47.511226654052734,70.11457824707031,25.685771942138672,25.829864501953125,38.936012268066406,218.6279296875,30.91876792907715,21.271934509277344
2020-03-17,37.0112190246582,49.892215728759766,73.16864013671875,26.79847526550293,27.340110778808594,42.425453186035156,230.4320831298828,32.564491271972656,22.45081901550293
2020-03-18,33.584075927734375,45.26602554321289,70.0225830078125,24.488910675048828,26.351581573486328,39.68124008178711,218.76463317871094,31.202512741088867,21.228593826293945
2020-03-19,36.6046142578125,46.823184967041016,70.04096984863281,25.274349212646484,25.939693450927734,38.83958053588867,219.22952270507812,31.524093627929688,21.10723304748535
2020-03-20,36.643333435058594,45.066864013671875,66.28781127929688,24.386056900024414,24.62165641784668,36.393470764160156,209.781982421875,30.190488815307617,20.171066284179688
2020-03-23,37.12739181518555,44.460304260253906,63.73048782348633,23.91107177734375,23.704971313476562,34.59724426269531,204.41819763183594,29.664260864257812,19.350149154663086
2020-03-24,40.806251525878906,48.326019287109375,70.3353271484375,26.6715087890625,26.146406173706055,37.99102783203125,222.93919372558594,32.314388275146484,21.223026275634766
2020-03-25,42.39396667480469,48.74626541137695,71.8335952758789,27.77567481994629,26.505708694458008,38.852657318115234,226.27667236328125,32.49485778808594,21.625600814819336
2020-03-26,44.50446701049805,52.0936393737793,75.86598205566406,29.174930572509766,28.016639709472656,41.43756866455078,239.4888916015625,34.442073822021484,23.04338836669922
2020-03-27,42.36492156982422,49.99242401123047,73.50762176513672,27.709041595458984,27.104557037353516,41.27047348022461,232.3555908203125,33.226253509521484,22.395761489868164
2020-03-30,43.17814254760742,51.165828704833984,76.25442504882812,28.251615524291992,28.071908950805664,42.501407623291016,239.9014892578125,34.404075622558594,23.034643173217773
2020-03-31,42.59727478027344,51.038490295410156,74.95037841796875,27.80423355102539,27.574411392211914,41.252906799316406,236.32568359375,33.948150634765625,22.614559173583984
2020-04-01,38.9571418762207,47.47279357910156,71.82439422607422,26.090864181518555,26.560989379882812,39.27467727661133,225.68984985351562,32.447357177734375,21.61685562133789
2020-04-02,39.19917297363281,48.136817932128906,73.51685333251953,26.623910903930664,27.463863372802734,40.03080749511719,230.89773559570312,33.159767150878906,22.141956329345703
2020-04-03,38.91841506958008,46.38125991821289,72.3792724609375,26.128936767578125,27.141408920288086,39.23951721191406,227.560302734375,32.71332550048828,21.774385452270508
2020-04-06,42.77153778076172,50.1652717590332,77.22552490234375,28.670438766479492,28.919509887695312,42.070579528808594,242.8446044921875,35.09748840332031,23.174663543701172
2020-04-07,42.81026077270508,50.465431213378906,77.45673370361328,29.070226669311523,28.652328491210938,41.982669830322266,243.09226989746094,35.002498626708984,23.218433380126953
2020-04-08,44.54319381713867,52.76675033569336,80.04634857177734,30.612258911132812,29.592056274414062,43.793853759765625,251.25242614746094,35.99985885620117,24.18111801147461
2020-04-09,45.78239059448242,55.50470733642578,80.86945343017578,31.021574020385742,29.684192657470703,45.376434326171875,255.0758056640625,36.32280731201172,24.69747543334961
2020-04-13,46.32453536987305,53.59450149536133,79.57463073730469,30.450439453125,29.426223754882812,44.057621002197266,252.74696350097656,36.19932556152344,24.259883880615234
2020-04-14,48.77387619018555,54.53140640258789,82.0810317993164,31.154827117919922,30.40280532836914,45.41162872314453,260.201171875,37.586124420166016,24.776243209838867
2020-04-15,47.980018615722656,52.02997970581055,80.18506622314453,29.812686920166016,29.66576385498047,43.908164978027344,254.67236328125,36.95922088623047,24.084854125976562
2020-04-16,48.98686218261719,51.61155319213867,80.35152435302734,29.52712631225586,29.7855281829834,43.85539627075195,255.9010467529297,37.33916091918945,24.058595657348633
2020-04-17,50.59394073486328,53.958351135253906,82.6729507446289,30.973974227905273,30.642335891723633,45.341270446777344,262.8143005371094,38.0705680847168,24.916263580322266
2020-04-20,51.11672592163086,52.875911712646484,81.1654052734375,30.26007080078125,30.12640953063965,43.92954635620117,258.18402099609375,37.48164367675781,24.39991569519043
2020-04-21,48.99654769897461,51.747989654541016,78.76077270507812,29.184452056884766,29.195899963378906,42.8720588684082,250.3447265625,36.237335205078125,23.761032104492188
2020-04-22,50.74884033203125,52.1118278503418,80.57351684570312,30.069692611694336,29.89608383178711,43.647552490234375,255.9010467529297,37.22518539428711,24.128610610961914
2020-04-23,50.35190963745117,52.76675033569336,80.49028015136719,30.288618087768555,29.859237670898438,43.00425338745117,255.88265991210938,37.21567916870117,24.146116256713867
2020-04-24,51.36844253540039,53.41257858276367,81.76658630371094,30.9359073638916,30.28302764892578,43.40962600708008,259.4493408203125,37.766597747802734,24.4611759185791
2020-04-27,53.866188049316406,55.686614990234375,83.17235565185547,31.878253936767578,30.76210594177246,44.2556037902832,263.1903076171875,38.12754440307617,24.968778610229492
2020-04-28,52.32687759399414,56.9236946105957,83.18161010742188,32.439849853515625,30.65155792236328,44.511146545410156,261.97998046875,37.68111801147461,25.056291580200195
2020-04-29,54.824623107910156,60.09825134277344,85.36427307128906,34.3055419921875,31.38858985900879,44.88128662109375,268.8381652832031,38.86844253540039,25.528892517089844
2020-04-30,53.566070556640625,57.62410354614258,84.15270233154297,33.17280578613281,30.95557975769043,44.00885772705078,266.3351135253906,38.79246139526367,25.038793563842773
2020-05-01,50.71011734008789,55.250003814697266,82.13651275634766,31.497501373291016,30.20011329650879,42.90733337402344,259.28424072265625,37.78559875488281,24.356157302856445
2020-05-04,52.57858657836914,55.049896240234375,82.39545440673828,31.649795532226562,30.27381706237793,42.933738708496094,259.9994812011719,38.05156707763672,24.321147918701172
2020-05-05,53.30467987060547,55.195430755615234,83.18161010742188,31.811614990234375,30.568635940551758,43.28623580932617,262.4017333984375,38.488502502441406,24.426172256469727
2020-05-06,53.566070556640625,54.540504455566406,82.75617218017578,31.668848037719727,30.46729278564453,42.32569122314453,260.6229553222656,38.507503509521484,24.067346572875977
2020-05-07,54.79557800292969,55.31368637084961,83.69025421142578,32.306583404541016,30.826595306396484,42.880882263183594,263.767822265625,39.020416259765625,24.277389526367188
2020-05-08,56.441383361816406,57.66048049926758,85.08680725097656,33.47740173339844,31.31488800048828,43.5682487487793,268.1322021484375,39.53335189819336,24.828752517700195
2020-05-11,57.77738952636719,56.60533142089844,85.22554779052734,33.07761001586914,31.397802352905273,43.268611907958984,268.18719482421875,39.7423210144043,24.636207580566406
2020-05-12,56.305850982666016,54.504112243652344,83.34806060791016,32.04958724975586,30.734466552734375,42.32569122314453,262.8417663574219,38.93494415283203,24.172367095947266
2020-05-13,54.5341911315918,52.41200256347656,82.05327606201172,30.9359073638916,30.338306427001953,41.479705810546875,258.1932373046875,38.41251754760742,23.59474754333496
2020-05-14,54.45674133300781,52.61212158203125,83.04286193847656,31.630762100219727,30.752893447875977,41.84983825683594,261.2830505371094,38.79246139526367,23.944820404052734
2020-05-15,56.23808288574219,53.321617126464844,83.67176818847656,31.48798179626465,30.863447189331055,41.83220672607422,262.4842224121094,39.04892349243164,23.962326049804688
2020-05-18,57.97101593017578,57.12381362915039,86.26138305664062,34.44831466674805,31.655765533447266,42.73945617675781,270.4794006347656,39.99879455566406,24.933773040771484
2020-05-19,57.91292953491211,55.95950698852539,85.2532730102539,33.525001525878906,31.287242889404297,42.16526412963867,267.70123291015625,39.761322021484375,24.504928588867188
2020-05-20,59.84917068481445,57.70597457885742,86.61283111572266,34.53398132324219,31.793962478637695,42.403785705566406,272.2489013671875,40.53071212768555,24.8900146484375
2020-05-21,60.00407028198242,57.760536193847656,86.09490203857422,34.54349899291992,31.51756477355957,42.01508331298828,270.3694152832031,40.16025924682617,24.71497344970703
2020-05-22,60.75920104980469,57.99704360961914,86.26138305664062,34.40072250366211,31.57283592224121,42.16526412963867,270.8828125,40.302757263183594,24.741230010986328
2020-05-26,60.894737243652344,60.38932418823242,87.64865112304688,36.69473648071289,31.932153701782227,42.49211120605469,274.22027587890625,40.47372055053711,25.37135887145996
2020-05-27,60.51716995239258,62.745243072509766,88.64751434326172,38.32244110107422,32.29145431518555,43.34900665283203,278.30035400390625,40.815670013427734,25.948978424072266
2020-05-28,59.781394958496094,60.88960647583008,88.3885726928711,36.98980712890625,32.30067443847656,43.78188705444336,277.7869567871094,40.825157165527344,25.826446533203125
2020-05-29,60.81728744506836,60.16194152832031,88.87872314453125,36.209285736083984,32.567840576171875,44.15293884277344,279.0247497558594,41.081634521484375,25.835203170776367
2020-06-01,62.734169006347656,60.82595443725586,89.17466735839844,37.1897087097168,32.4757194519043,44.20591735839844,280.15240478515625,41.30960464477539,25.90521812438965
2020-06-02,63.50865173339844,61.51725387573242,89.86832427978516,38.03688049316406,32.78895568847656,44.56813430786133,282.4721374511719,41.62305450439453,26.16777229309082
2020-06-03,63.77006149291992,63.61845779418945,91.20935821533203,40.1595573425293,33.14826965332031,44.78898239135742,286.2314453125,41.984004974365234,26.684127807617188
2020-06-04,61.91126251220703,64.47350311279297,90.69143676757812,41.23516845703125,33.0377082824707,44.515113830566406,285.4794921875,41.64204788208008,26.797893524169922
2020-06-05,62.20170211791992,67.29332733154297,92.96658325195312,43.786190032958984,33.756324768066406,45.1423454284668,292.7962341308594,42.601417541503906,27.585556030273438
2020-06-08,63.28599548339844,68.72140502929688,93.80819702148438,46.29913330078125,33.931365966796875,45.62823486328125,296.3354187011719,42.90536117553711,28.136917114257812
2020-06-09,63.51834487915039,67.0477066040039,92.87409210205078,44.29069137573242,33.682621002197266,45.062843322753906,294.1257629394531,42.943355560302734,27.576805114746094
2020-06-10,64.38965606689453,64.60992431640625,92.31917572021484,41.85388946533203,33.56285095214844,44.89500427246094,292.4845275878906,43.17134094238281,27.025440216064453
2020-06-11,59.607139587402344,59.33417510986328,86.84403991699219,37.551422119140625,31.683401107788086,42.871978759765625,275.6230773925781,40.89167022705078,25.257585525512695
2020-06-12,60.4300422668457,60.83504867553711,87.77813720703125,39.29335403442383,31.959796905517578,43.04866027832031,278.923828125,41.31909942626953,25.67767333984375
2020-06-15,62.57926559448242,62.181461334228516,88.55329132080078,39.759765625,32.14405059814453,43.42852020263672,281.52777099609375,41.69904327392578,25.861459732055664
2020-06-16,64.56391143798828,63.760623931884766,90.2057113647461,40.97817611694336,32.88107681274414,44.055747985839844,286.94659423828125,42.563419342041016,26.3515567779541
2020-06-17,64.37996673583984,62.373172760009766,89.80651092529297,39.826393127441406,32.69682693481445,44.08225631713867,285.7546081542969,42.55392074584961,26.053998947143555
2020-06-18,65.47394561767578,62.12668228149414,89.74156951904297,39.86447525024414,32.74290084838867,44.055747985839844,285.8646545410156,42.601417541503906,26.06275177001953
2020-06-19,65.86119079589844,61.31426239013672,89.22169494628906,39.16007995605469,32.59548568725586,43.83489990234375,284.2309265136719,42.45893859863281,25.852710723876953
2020-06-22,69.01726531982422,61.85283660888672,89.8250961303711,39.09699630737305,32.79076385498047,43.91192626953125,286.0543212890625,42.929481506347656,25.81833267211914
2020-06-23,70.09188079833984,62.04452896118164,90.31712341308594,39.34552764892578,32.94810485839844,43.87651443481445,287.3712158203125,43.20570755004883,25.880027770996094
2020-06-24,67.09070587158203,59.89027786254883,87.8849105834961,37.13736343383789,32.11514663696289,43.03545379638672,280.0408020019531,42.20557403564453,25.157222747802734
2020-06-25,68.32990264892578,60.821346282958984,88.68325805664062,37.9307746887207,32.457576751708984,43.38958740234375,283.04296875,42.62467956542969,25.421667098999023
2020-06-26,66.77122497558594,59.00483322143555,86.39958190917969,36.592491149902344,31.91153907775879,42.94690704345703,276.3202209472656,41.557861328125,24.875150680541992
2020-06-29,67.14878845214844,61.51511001586914,87.68994903564453,37.63444137573242,32.26322555541992,43.478126525878906,280.3814697265625,42.08174514770508,25.298261642456055
2020-06-30,69.03662109375,62.33663558959961,89.04529571533203,38.24623489379883,32.77225112915039,43.98274230957031,283.9730529785156,42.786598205566406,25.54507064819336
2020-07-01,71.15679931640625,61.44206619262695,89.51876068115234,37.55796813964844,32.837039947509766,44.23064422607422,285.9623107910156,43.20570755004883,25.57151985168457
2020-07-02,72.5509033203125,61.788936614990234,90.06645202636719,37.81606674194336,33.08692169189453,44.478515625,287.53704833984375,43.42477798461914,25.677295684814453
2020-07-06,75.27131652832031,62.373172760009766,91.36613464355469,38.46609878540039,33.54967498779297,44.779537200927734,291.9758605957031,44.310604095458984,25.92410659790039
2020-07-07,76.3265609741211,61.11345291137695,90.25215911865234,37.24250793457031,33.22576141357422,44.62018966674805,288.9644470214844,43.90103530883789,25.589147567749023
2020-07-08,78.1466293334961,61.369049072265625,90.7534408569336,37.653564453125,33.43862533569336,44.59361267089844,291.17462158203125,44.405853271484375,25.63321876525879
2020-07-09,78.49515533447266,59.96329879760742,90.13145446777344,36.37263107299805,33.33681106567383,44.48737716674805,289.51690673828125,44.51063919067383,25.245372772216797
2020-07-10,78.31121063232422,61.29602813720703,91.05049133300781,37.58664321899414,33.512657165527344,44.8680534362793,292.47314453125,44.739234924316406,25.686111450195312
2020-07-13,75.64888763427734,60.702674865722656,90.27997589111328,37.452823638916016,33.25351333618164,44.76182556152344,289.9405517578125,44.015323638916016,25.730182647705078
2020-07-14,76.30720520019531,61.69765090942383,91.56108093261719,37.9307746887207,33.734779357910156,45.4700813293457,293.697998046875,44.51063919067383,26.11802864074707
2020-07-15,78.34994506835938,64.06188201904297,92.75862121582031,39.632301330566406,34.058712005615234,45.877349853515625,296.3962097167969,44.81543731689453,26.461803436279297
2020-07-16,77.21723937988281,63.614593505859375,92.31303405761719,39.383785247802734,33.91063690185547,46.01898956298828,295.4200439453125,44.558265686035156,26.47062110900879
2020-07-17,78.09822082519531,63.62371826171875,92.72149658203125,38.98228073120117,34.132747650146484,46.461647033691406,296.2764892578125,44.66303253173828,26.54995346069336
2020-07-20,81.35111236572266,63.121646881103516,93.14851379394531,38.54256820678711,34.35487365722656,46.39512634277344,298.6708068847656,45.520286560058594,26.347213745117188
2020-07-21,79.88924407958984,64.52741241455078,93.52913665771484,39.62275695800781,34.35487365722656,46.563663482666016,299.30633544921875,45.30121994018555,26.682174682617188
2020-07-22,79.89892578125,64.58219146728516,94.28108978271484,39.61319351196289,34.57699203491211,46.9273567199707,301.010009765625,45.59649658203125,26.805583953857422
2020-07-23,77.90460205078125,65.02945709228516,93.24136352539062,39.66099166870117,34.216060638427734,46.83866882324219,297.4184875488281,44.68208312988281,26.796762466430664
2020-07-24,76.31688690185547,63.92494201660156,92.28518676757812,39.259498596191406,33.77180862426758,46.48382568359375,295.5028381347656,44.4344367980957,26.611650466918945
2020-07-27,79.3567886352539,64.65520477294922,92.94429779052734,39.288185119628906,34.09572982788086,46.80317687988281,297.65789794921875,44.967830657958984,26.611650466918945
2020-07-28,76.82030487060547,64.2079086303711,92.23877716064453,38.90580749511719,33.86435317993164,46.696720123291016,295.77001953125,44.539207458496094,26.585208892822266
2020-07-29,77.5173568725586,65.83272552490234,93.21351623535156,40.03379821777344,34.15126037597656,47.211246490478516,299.4076232910156,45.09165573120117,26.884910583496094
2020-07-30,77.83683013916016,65.42198181152344,92.78646087646484,39.42201232910156,33.97541427612305,47.087039947509766,298.33929443359375,45.1488151550293,26.611650466918945
2020-07-31,77.80780029296875,65.00206756591797,93.4548568725586,39.09699630737305,34.18828582763672,47.255584716796875,300.69683837890625,45.80604553222656,26.5411376953125
2020-08-03,81.01226043701172,65.74146270751953,93.77976989746094,39.24037551879883,34.55847930908203,47.39753341674805,302.78741455078125,46.26324462890625,26.60283851623535
2020-08-04,81.51569366455078,66.12484741210938,94.12327575683594,39.479366302490234,34.69731521606445,47.592689514160156,303.9568786621094,46.415653228759766,26.743871688842773
2020-08-05,82.8807373046875,67.64012145996094,95.04232788085938,40.30144500732422,34.91018295288086,47.54835510253906,305.8448181152344,46.6918830871582,26.90254020690918
2020-08-06,82.16433715820312,67.2658920288086,95.60857391357422,40.12938690185547,35.06752014160156,47.495113372802734,307.88916015625,47.22528076171875,26.90254020690918
2020-08-07,79.86019897460938,68.48904418945312,95.86849975585938,40.72205352783203,34.984214782714844,47.84994888305664,308.1103210449219,46.93000030517578,27.19342613220215
2020-08-10,80.8089599609375,69.17367553710938,96.1006088256836,41.99342727661133,35.10453796386719,47.92979049682617,309.03118896484375,46.844276428222656,27.46668243408203
2020-08-11,78.97921752929688,69.10065460205078,95.61788177490234,42.25152587890625,34.81763458251953,47.557212829589844,306.4801940917969,46.31087875366211,27.413795471191406
2020-08-12,81.2736587524414,69.33795928955078,96.8154067993164,42.299312591552734,35.428466796875,48.03623580932617,310.7532653808594,47.13955307006836,27.607723236083984
2020-08-13,83.02595520019531,68.93634033203125,96.58332824707031,41.86915588378906,35.261871337890625,48.05397415161133,310.19146728515625,47.24431610107422,27.387351989746094
2020-08-14,82.01911926269531,68.9089584350586,96.53691101074219,42.213287353515625,35.261871337890625,48.0628662109375,310.2007141113281,47.18717956542969,27.457870483398438
2020-08-17,84.83633422851562,69.01847839355469,96.83399963378906,41.91694259643555,35.51176071166992,48.204795837402344,311.1860656738281,47.47293472290039,27.37853240966797
2020-08-18,85.75605010986328,68.18781280517578,96.8803939819336,41.22868728637695,35.55804443359375,48.29350662231445,311.85833740234375,47.796791076660156,27.28157615661621
2020-08-19,86.02713012695312,68.1786880493164,96.58332824707031,41.161773681640625,35.44697570800781,48.03623580932617,310.559814453125,47.56818389892578,27.184608459472656
2020-08-20,86.62736511230469,67.63101959228516,96.80613708496094,40.57866668701172,35.59505081176758,47.93867111206055,311.5268859863281,48.006343841552734,27.03476333618164
2020-08-21,86.9662094116211,67.1928482055664,97.09391021728516,40.35881042480469,35.84494400024414,48.00075912475586,312.6319580078125,48.282554626464844,27.017131805419922
2020-08-24,85.63987731933594,68.40689086914062,98.16150665283203,41.8309211730957,36.13185501098633,48.19096755981445,315.7999267578125,48.6826171875,27.387351989746094
2020-08-25,86.64672088623047,68.35214233398438,98.49569702148438,41.811805725097656,36.29845428466797,48.226505279541016,316.905029296875,48.96836853027344,27.36090850830078
2020-08-26,88.48615264892578,67.77703857421875,99.39617156982422,41.31471633911133,36.56684112548828,48.3953857421875,320.08221435546875,49.89229202270508,27.290382385253906
2020-08-27,87.87622833251953,68.01438903808594,99.479736328125,41.90739059448242,36.66864776611328,48.41316604614258,320.78204345703125,49.81610107421875,27.493127822875977
2020-08-28,89.4155502319336,68.53470611572266,100.46375274658203,42.69124221801758,36.992576599121094,48.43983459472656,322.8540344238281,50.13042449951172,27.687053680419922
2020-08-31,92.29086303710938,67.52147674560547,99.86962127685547,41.802242279052734,36.881507873535156,48.59982681274414,321.68450927734375,50.13042449951172,27.44904899597168
2020-09-01,94.11093139648438,68.29735565185547,100.57514953613281,42.06034851074219,37.168418884277344,48.484275817871094,324.71429443359375,50.84479522705078,27.44904899597168
2020-09-02,93.87857818603516,69.0823745727539,102.26471710205078,42.710365295410156,37.788509368896484,49.390838623046875,329.41094970703125,51.48298263549805,27.925048828125
2020-09-03,86.94684600830078,67.36628723144531,98.85775756835938,42.194175720214844,36.36323547363281,48.06653594970703,318.0744934082031,49.254119873046875,27.422611236572266
2020-09-04,84.27483367919922,67.01028442382812,97.966552734375,42.55741500854492,36.00227737426758,47.711002349853516,315.47760009765625,48.58735275268555,27.404979705810547
2020-09-08,80.45075988769531,65.38546752929688,95.62716674804688,41.26691436767578,35.021244049072266,46.813323974609375,306.85772705078125,46.949058532714844,26.928983688354492
2020-09-09,83.81981658935547,66.12484741210938,97.15892791748047,41.35295486450195,35.86345291137695,47.79100036621094,312.91741943359375,48.16826248168945,27.20224380493164
2020-09-10,83.10340881347656,65.2394027709961,95.56219482421875,40.72205352783203,35.234107971191406,47.12440490722656,307.4840087890625,47.24431610107422,26.805583953857422
2020-09-11,82.6290283203125,64.79212188720703,95.6364517211914,40.89411544799805,35.34516906738281,47.337711334228516,307.64056396484375,47.11097717285156,26.955429077148438
2020-09-14,86.24978637695312,65.9148941040039,96.88970184326172,41.926509857177734,35.909725189208984,47.79100036621094,311.6926574707031,47.72058868408203,27.299203872680664
2020-09-15,88.90245056152344,65.93315124511719,97.41883087158203,41.60150146484375,36.09484100341797,47.89765548706055,313.2674255371094,48.18730926513672,27.2551326751709
2020-09-16,88.718505859375,66.38043212890625,97.27031707763672,42.461822509765625,35.881961822509766,47.77321243286133,312.0242004394531,47.65389633178711,27.44904899597168
2020-09-17,86.4531021118164,65.85099792480469,96.40696716308594,42.299312591552734,35.6876106262207,47.542137145996094,309.27984619140625,47.120506286621094,27.308013916015625
2020-09-18,87.01460266113281,65.47674560546875,95.5064926147461,41.6492919921875,35.34516906738281,47.31992721557617,305.7192077636719,46.482322692871094,27.105281829833984
2020-09-21,87.69229125976562,63.20381164550781,93.97472381591797,39.57495880126953,34.808372497558594,46.85175704956055,302.3165588378906,46.277095794677734,26.495014190673828
2020-09-22,88.78626251220703,63.578086853027344,94.97732543945312,39.53671646118164,35.09528350830078,47.19888687133789,305.3956298828125,47.03119659423828,26.512758255004883
2020-09-23,85.14613342285156,61.87223815917969,93.3662109375,38.437416076660156,34.4196662902832,46.388946533203125,298.3132019042969,45.80936050415039,26.033767700195312
2020-09-24,85.09774017333984,62.11972427368164,93.49674224853516,38.44697570800781,34.52146530151367,46.477970123291016,299.1082763671875,45.97163009643555,26.05150604248047
2020-09-25,87.85687255859375,62.77053451538086,94.81137084960938,38.98228073120117,35.04900360107422,47.05647659301758,303.94390869140625,46.859375,26.353090286254883
2020-09-28,88.79595184326172,64.55795288085938,96.368408203125,40.110267639160156,35.61357116699219,47.61720275878906,308.9921569824219,47.67075729370117,26.752246856689453
2020-09-29,89.8124771118164,64.19129943847656,96.08868408203125,39.46980667114258,35.465484619140625,47.43029022216797,307.3094787597656,47.508480072021484,26.548234939575195
2020-09-30,89.06703186035156,64.37462615966797,96.72271728515625,39.70878601074219,35.78015899658203,47.741817474365234,309.6394958496094,47.83303451538086,26.78773307800293
2020-10-01,91.52604675292969,65.29124450683594,97.25414276123047,39.785247802734375,35.89121627807617,47.875308990478516,311.62738037109375,48.27212142944336,26.805463790893555
2020-10-02,89.37682342529297,65.92369842529297,96.48029327392578,40.36835861206055,35.40995788574219,47.643898010253906,308.66864013671875,47.48938751220703,26.87643051147461
2020-10-05,92.83301544189453,67.39948272705078,98.07462310791016,41.400760650634766,36.0855827331543,48.2491340637207,314.142333984375,48.367576599121094,27.28445816040039
2020-10-06,92.6200180053711,67.38115692138672,96.92781829833984,40.779415130615234,35.73388671875,47.875308990478516,309.6764221191406,47.537113189697266,27.036088943481445
2020-10-07,96.04717254638672,68.34359741210938,98.44755554199219,41.859596252441406,36.35396957397461,48.453857421875,315.0668640136719,48.42485809326172,27.470727920532227
2020-10-08,97.36380767822266,69.37020874023438,99.3519515991211,42.77727508544922,36.55758285522461,48.78316116333008,317.8591003417969,48.73031234741211,27.80779266357422
2020-10-09,99.48399353027344,69.73688507080078,100.31230163574219,42.56697082519531,36.872257232666016,49.18367004394531,320.6977233886719,49.360328674316406,27.861013412475586
2020-10-12,99.06770324707031,70.20435333251953,101.5896224975586,42.672122955322266,37.38128662109375,49.65538787841797,325.8570251464844,50.44852066040039,28.056150436401367
2020-10-13,101.48799896240234,69.41606140136719,100.89966583251953,41.802242279052734,37.103641510009766,49.47739791870117,323.7303466796875,50.248069763183594,27.781185150146484
2020-10-14,100.4617919921875,69.02189636230469,100.30294799804688,41.75443649291992,36.96480178833008,49.18367004394531,321.6962585449219,49.92351531982422,27.630390167236328
2020-10-15,99.55176544189453,69.9110336303711,100.17243194580078,42.12724685668945,36.83523941040039,49.139163970947266,321.2987976074219,49.72305679321289,27.710222244262695
2020-10-16,99.48399353027344,69.50772857666016,100.15377044677734,41.859596252441406,36.90001678466797,49.26377868652344,321.1046142578125,49.56078338623047,27.80779266357422
2020-10-19,98.99024963378906,68.74693298339844,98.5594482421875,41.448543548583984,36.30769729614258,48.55260467529297,316.22265625,48.76850128173828,27.399763107299805
2020-10-20,97.61552429199219,69.21441650390625,99.04427337646484,42.00298309326172,36.41875076293945,48.614990234375,317.48931884765625,48.97850036621094,27.532819747924805
2020-10-21,94.82733917236328,68.82941436767578,99.2027816772461,41.59192657470703,36.30769729614258,48.50803756713867,316.8883972167969,48.90213394165039,27.417505264282227
2020-10-22,95.43726348876953,69.9568862915039,99.75285339355469,42.92066955566406,36.51131820678711,48.72193145751953,318.6265563964844,48.9403190612793,27.790048599243164
2020-10-23,96.01812744140625,70.2868423461914,100.26567077636719,43.17876434326172,36.50205612182617,48.82890319824219,319.7083740234375,49.15032196044922,27.843271255493164
2020-10-26,94.10124206542969,68.82941436767578,98.12123107910156,41.66841506958008,35.81718444824219,48.31197738647461,313.8002014160156,48.27212142944336,27.319931030273438
2020-10-27,95.48564910888672,67.9311294555664,97.68303680419922,40.78896713256836,35.71537399291992,48.071353912353516,312.71844482421875,48.40575408935547,26.96512794494629
2020-10-28,91.72936248779297,65.85037994384766,94.03752899169922,39.288185119628906,34.47518539428711,46.66326904296875,302.0300598144531,46.582550048828125,26.166820526123047
2020-10-29,92.92981719970703,66.86785888671875,95.08175659179688,40.26320266723633,34.72508239746094,46.556331634521484,305.09967041015625,47.21256637573242,26.29987144470215
2020-10-30,87.89559936523438,66.015380859375,94.21467590332031,40.4066047668457,34.345611572265625,46.36915969848633,301.9190368652344,46.3820915222168,26.308748245239258
2020-11-02,87.90528869628906,67.40861511230469,95.39875793457031,41.71620178222656,34.780616760253906,47.07322311401367,305.3030700683594,46.69709014892578,26.796594619750977
2020-11-03,90.1900405883789,69.10442352294922,97.18888092041016,42.54785919189453,35.354434967041016,47.607948303222656,310.69354248046875,47.537113189697266,27.293323516845703
2020-11-04,94.40137481689453,68.4444351196289,99.5477523803711,41.8978385925293,36.187381744384766,48.30307388305664,317.63726806640625,49.19805145263672,27.346548080444336
2020-11-05,97.60584259033203,70.45183563232422,101.26329803466797,43.12141036987305,36.863006591796875,48.588260650634766,323.8320007324219,50.31488037109375,27.763442993164062
2020-11-06,98.82566833496094,69.76437377929688,101.08612823486328,42.54785919189453,36.95555114746094,48.8377799987793,323.7580871582031,50.37215805053711,27.656997680664062
2020-11-09,94.32391357421875,73.12841033935547,103.46363830566406,47.48995590209961,37.122154235839844,48.41893768310547,327.8263854980469,50.123966217041016,28.81011199951172
2020-11-10,91.7390365600586,75.05331420898438,103.28650665283203,47.57597732543945,36.98331832885742,48.95364761352539,327.3455505371094,49.570316314697266,29.200389862060547
2020-11-11,95.58248138427734,74.5583267211914,103.6034927368164,46.84947967529297,37.27947235107422,49.36361312866211,329.77728271484375,50.29579162597656,29.102827072143555
2020-11-12,95.73737335205078,72.96339416503906,102.37278747558594,45.53031921386719,36.94629669189453,48.98928451538086,326.578125,49.9044303894043,28.72140884399414
2020-11-13,96.23111724853516,74.91582489013672,103.99508666992188,47.25096893310547,37.47384262084961,49.595298767089844,331.0994873046875,50.410335540771484,29.262487411499023
2020-11-16,96.36665344238281,77.17072296142578,105.29106140136719,49.210594177246094,37.788509368896484,49.8448486328125,335.232421875,50.84944152832031,29.785829544067383
2020-11-17,98.00277709960938,77.60154724121094,104.86219024658203,49.46868896484375,37.55713653564453,49.515106201171875,333.42950439453125,50.60124969482422,29.626169204711914
2020-11-18,97.7994613647461,76.51992797851562,103.62215423583984,48.97161865234375,37.103641510009766,48.8199462890625,329.41668701171875,50.01896667480469,29.253618240356445
2020-11-19,99.96805572509766,76.96905517578125,103.76200103759766,49.55472183227539,37.28874206542969,49.02494812011719,330.80364990234375,50.29579162597656,29.28910255432129
2020-11-20,101.55577087402344,76.88655853271484,102.98812103271484,49.17234802246094,37.02034378051758,48.8199462890625,328.538330078125,49.913970947265625,29.1649227142334
2020-11-23,103.99542999267578,78.67398071289062,103.7060546875,51.16067123413086,37.15916061401367,48.822654724121094,330.5076904296875,49.96169662475586,29.54633140563965
2020-11-24,102.75624084472656,80.59888458251953,105.3749771118164,53.454864501953125,37.566383361816406,48.99220275878906,335.8333740234375,50.57261657714844,30.18497657775879
2020-11-25,105.02164459228516,79.96642303466797,105.00202941894531,52.766605377197266,37.52936935424805,48.92970275878906,335.315673828125,50.67762756347656,29.998701095581055
2020-11-27,108.21643829345703,79.82894134521484,105.24443817138672,52.5467529296875,37.686702728271484,49.134979248046875,336.2495422363281,50.906715393066406,29.97209930419922
2020-11-30,108.78762817382812,78.04154205322266,104.85285949707031,50.8738899230957,37.686702728271484,49.2420654296875,334.7608337402344,50.87807846069336,29.68825340270996
2020-12-01,109.16519165039062,78.90315246582031,106.29800415039062,51.56215286254883,38.0106315612793,49.57225036621094,338.4223327636719,51.508079528808594,29.92774772644043
2020-12-02,108.75858306884766,79.26978302001953,106.08357238769531,52.41291809082031,38.066165924072266,49.27775955200195,339.13427734375,51.44126510620117,30.131757736206055
2020-12-03,110.63673400878906,79.79227447509766,106.19544982910156,53.454864501953125,38.029144287109375,49.19745635986328,339.04180908203125,51.36491012573242,30.18497657775879
2020-12-04,113.45397186279297,81.77218627929688,107.07186126708984,55.23286819458008,38.436363220214844,49.51869583129883,341.9634704589844,51.70854187011719,30.530912399291992
2020-12-07,116.83270263671875,81.5705337524414,106.92269897460938,54.65932083129883,38.334556579589844,49.37592315673828,341.26080322265625,51.76580810546875,30.353517532348633
2020-12-08,118.27519989013672,82.17549133300781,107.34225463867188,54.89830017089844,38.44562530517578,49.71503829956055,342.25933837890625,51.86127853393555,30.486562728881836
2020-12-09,116.15502166748047,82.22130584716797,106.54974365234375,54.75491714477539,38.12169647216797,49.47407913208008,339.189697265625,51.145362854003906,30.468822479248047
2020-12-10,121.20860290527344,82.60629272460938,106.2140884399414,55.31890106201172,38.04766082763672,49.304527282714844,339.07879638671875,51.15489959716797,30.388996124267578
2020-12-11,119.92100524902344,81.9371566772461,106.23275756835938,54.53504943847656,38.03839111328125,49.45622253417969,338.6811828613281,51.183528900146484,30.3002872467041
2020-12-14,120.28888702392578,81.7514877319336,105.64137268066406,53.43574905395508,37.992122650146484,49.304527282714844,337.1648254394531,51.15489959716797,29.95435905456543
2020-12-15,120.33729553222656,83.90237426757812,106.97007751464844,54.57328796386719,38.473392486572266,49.76857376098633,341.72314453125,51.82309341430664,30.371248245239258
2020-12-16,119.99845123291016,83.4887466430664,106.97007751464844,54.30563735961914,38.46413803100586,49.75072479248047,342.25933837890625,52.052181243896484,30.28255844116211
2020-12-17,122.05086517333984,84.2424545288086,107.77479553222656,54.39165115356445,38.788063049316406,50.12554168701172,344.17333984375,52.38628387451172,30.45108413696289
2020-12-18,123.24166107177734,83.5255126953125,107.38179016113281,53.818115234375,38.69551086425781,50.1076774597168,342.7990417480469,52.271732330322266,30.309167861938477
2020-12-21,127.15286254882812,83.23136901855469,106.84844207763672,53.42928695678711,38.49661636352539,49.727901458740234,341.57330322265625,52.110015869140625,30.152156829833984
2020-12-22,130.74459838867188,83.75529479980469,106.6145248413086,52.7859992980957,38.45014572143555,49.56705093383789,340.9976501464844,52.253543853759766,29.911293029785156
2020-12-23,130.65745544433594,84.55498504638672,106.54900360107422,53.92851638793945,38.3386116027832,49.53131866455078,341.30413818359375,51.976070404052734,30.152156829833984
2020-12-24,128.7889862060547,84.62850189208984,107.10106658935547,53.8613166809082,38.55238342285156,49.79047393798828,342.6319885253906,52.263118743896484,30.223527908325195
2020-12-28,125.66195678710938,84.95024108886719,107.89641571044922,53.90932846069336,38.74755859375,49.915565490722656,345.5754089355469,52.89463424682617,30.36625862121582
2020-12-29,122.28227233886719,83.4979248046875,107.79348754882812,53.50609588623047,38.78473663330078,49.870887756347656,344.9161071777344,52.779815673828125,30.294891357421875
2020-12-30,125.01670837402344,84.34356689453125,108.04613494873047,54.360565185546875,38.905555725097656,49.79047393798828,345.40826416015625,52.722415924072266,30.437623977661133
2020-12-31,122.4494857788086,84.4722671508789,108.73855590820312,54.504581451416016,39.13791275024414,50.24618148803711,347.1632385253906,52.90420913696289,30.67848014831543
2021-01-04,122.64620971679688,83.6817855834961,107.00750732421875,53.717308044433594,38.682498931884766,49.66537094116211,342.43701171875,52.14830017089844,30.259204864501953
2021-01-05,125.6658935546875,85.46495819091797,107.43793487548828,55.051841735839844,38.97062301635742,49.817264556884766,344.79547119140625,52.464054107666016,30.482227325439453
2021-01-06,126.12818145751953,89.61963653564453,107.93385314941406,57.0488395690918,39.11003494262695,50.23723220825195,346.8567810058594,52.01433563232422,31.20479965209961
2021-01-07,136.11183166503906,90.56639099121094,109.15029907226562,58.02812957763672,39.68627166748047,50.42491149902344,352.0102233886719,53.114715576171875,31.40106773376465
2021-01-08,140.1446075439453,89.82185363769531,109.68364715576172,57.74970626831055,39.84426498413086,50.62149429321289,354.0158386230469,53.67925262451172,31.43674659729004
2021-01-11,135.95443725585938,90.23546600341797,109.17835235595703,57.88412094116211,39.8814582824707,50.389163970947266,351.6295471191406,53.009464263916016,31.454591751098633
2021-01-12,138.67904663085938,91.78889465332031,108.94441223144531,59.25705337524414,39.70486068725586,50.147884368896484,351.7037658691406,52.808528900146484,31.5794734954834
2021-01-13,139.39706420898438,90.98001861572266,108.98184967041016,58.67139434814453,39.76063537597656,50.24618148803711,352.65081787109375,53.07645034790039,31.5794734954834
2021-01-14,142.8987274169922,93.14008331298828,108.3642807006836,59.919517517089844,39.59333038330078,50.0406494140625,351.416015625,52.550174713134766,31.6865291595459
2021-01-15,139.58395385742188,91.51313781738281,107.81222534179688,58.51778030395508,39.38886642456055,50.1746940612793,348.8531799316406,52.27269744873047,31.38322639465332
2021-01-19,143.73480224609375,92.38636016845703,108.66371154785156,59.093833923339844,39.72345733642578,50.34203338623047,351.5923156738281,52.885074615478516,31.490270614624023
2021-01-20,144.69873046875,92.88272094726562,109.77719116210938,59.19945526123047,40.0301513671875,50.619415283203125,356.4579162597656,54.10983657836914,31.63300132751465
2021-01-21,142.43641662597656,91.82565307617188,109.86144256591797,58.344966888427734,40.0859260559082,50.4315071105957,356.7828369140625,54.425594329833984,31.445663452148438
2021-01-22,143.68560791015625,92.98381042480469,109.19705963134766,58.01853942871094,39.91862869262695,50.41360092163086,355.52008056640625,54.4351692199707,31.20479965209961
2021-01-25,144.26593017578125,93.12171173095703,109.49649047851562,57.16404724121094,40.160282135009766,50.8162727355957,356.9221496582031,54.87532424926758,31.213733673095703
2021-01-26,139.50527954101562,93.1308822631836,109.27191925048828,56.24235534667969,40.1509895324707,50.94154357910156,356.3651123046875,54.90402603149414,31.079914093017578
2021-01-27,136.0823211669922,92.87351989746094,106.76420593261719,54.49497604370117,39.17509460449219,50.064640045166016,347.65533447265625,53.48788833618164,30.38409996032715
2021-01-28,138.06919860839844,91.0351791381836,107.95256805419922,55.84871292114258,39.61191940307617,50.04673767089844,350.64532470703125,53.75581359863281,30.758760452270508
2021-01-29,135.18722534179688,89.6839828491211,105.66009521484375,54.158939361572266,38.905555725097656,49.33090591430664,343.62554931640625,52.665000915527344,30.2056827545166
2021-02-01,140.2823028564453,91.2741470336914,107.10106658935547,54.99422836303711,39.453922271728516,49.6351203918457,349.3453063964844,53.81321334838867,30.464384078979492
2021-02-02,144.48233032226562,91.52235412597656,108.71986389160156,56.07913589477539,39.92792510986328,50.055686950683594,354.28515625,54.607398986816406,30.883663177490234
2021-02-03,143.71511840820312,91.85322570800781,108.51399230957031,57.250450134277344,39.63980484008789,49.77829360961914,354.5636901855469,54.483009338378906,30.999629974365234
2021-02-04,145.9184112548828,93.4985580444336,109.82398223876953,58.51778030395508,40.169578552246094,50.091495513916016,358.59356689453125,55.01884841918945,31.445663452148438
2021-02-05,147.0102081298828,94.61075592041016,110.42283630371094,58.815406799316406,40.31828308105469,50.44941329956055,360.0049133300781,55.200645446777344,31.5794734954834
2021-02-08,150.79710388183594,97.23040008544922,111.19947052001953,60.40916061401367,40.66215896606445,50.691001892089844,362.6049499511719,55.449432373046875,31.89171028137207
2021-02-09,152.3905487060547,97.92899322509766,111.12464904785156,59.92911148071289,40.60639572143555,50.771541595458984,362.3634338378906,55.39201736450195,31.909547805786133
2021-02-10,150.59054565429688,97.59808349609375,111.21818542480469,60.38997268676758,40.60639572143555,50.744686126708984,362.2055969238281,55.277198791503906,31.945226669311523
2021-02-11,152.0364532470703,97.81867218017578,111.80767822265625,60.26514434814453,40.94099807739258,50.55677795410156,362.79052734375,55.468563079833984,31.91846466064453
2021-02-12,154.0135040283203,98.01172637939453,112.09774780273438,60.89881134033203,41.15475082397461,50.79839324951172,364.58270263671875,55.784324645996094,32.06119155883789
2021-02-16,152.57742309570312,97.78191375732422,111.78895568847656,62.21413803100586,41.06181716918945,50.34203338623047,364.2669372558594,55.60251998901367,32.1414794921875
2021-02-17,149.67578125,97.26717376708984,111.96675872802734,62.12773132324219,40.931697845458984,50.691001892089844,364.3504943847656,55.45899200439453,32.2396125793457
2021-02-18,146.74462890625,95.7965087890625,111.71411895751953,61.081241607666016,40.77369689941406,50.70890808105469,362.7998352050781,55.200645446777344,32.096893310546875
2021-02-19,150.1085662841797,97.42344665527344,111.35855102539062,62.86701583862305,40.643577575683594,50.145172119140625,362.1591491699219,54.8561897277832,32.195003509521484
2021-02-22,141.42330932617188,98.01172637939453,110.65676879882812,64.12472534179688,40.30898666381836,49.91218948364258,359.37347412109375,53.7653694152832,32.40910720825195
2021-02-23,136.76100158691406,97.46019744873047,110.9936294555664,64.64317321777344,40.30898666381836,49.84049987792969,359.80999755859375,53.650543212890625,32.56077194213867
2021-02-24,136.0528106689453,100.15338134765625,112.2568359375,66.76499938964844,40.89451599121094,49.831546783447266,363.7748107910156,54.100276947021484,33.0335693359375
2021-02-25,127.38720703125,97.0557632446289,109.51520538330078,64.52796173095703,39.84426498413086,49.311798095703125,355.0093688964844,52.52146911621094,32.391265869140625
2021-02-26,128.22328186035156,96.59618377685547,109.03799438476562,64.15353393554688,39.68627166748047,48.756229400634766,353.1801452636719,52.6458625793457,32.007686614990234
2021-03-01,134.4593505859375,99.58350372314453,111.5456771850586,65.75688171386719,40.569236755371094,49.499996185302734,361.7413024902344,54.01416015625,32.676734924316406
2021-03-02,131.32162475585938,97.85545349121094,110.71290588378906,65.47846984863281,40.169578552246094,49.33869552612305,358.91851806640625,53.3156623840332,32.578609466552734
2021-03-03,123.059326171875,98.00251770019531,109.13154602050781,65.98734283447266,39.50039291381836,48.81894302368164,354.1644592285156,52.01433563232422,32.59644317626953
2021-03-04,116.48882293701172,96.21011352539062,107.59700012207031,65.20004272460938,38.77544021606445,48.317142486572266,349.78173828125,51.20101547241211,32.26637268066406
2021-03-05,115.15110778808594,98.39778137207031,110.14212036132812,66.79378509521484,39.63050842285156,49.410369873046875,356.2164611816406,52.02389907836914,32.926513671875
2021-03-08,108.4527359008789,100.28206634521484,109.98307037353516,67.26423645019531,39.370269775390625,49.499996185302734,354.4429626464844,50.93309783935547,33.32794952392578
2021-03-09,119.75439453125,101.26559448242188,111.3304672241211,66.66898345947266,40.039459228515625,49.759849548339844,359.50360107421875,52.48320007324219,33.25657272338867
2021-03-10,119.20358276367188,103.36131286621094,112.09774780273438,67.8019027709961,40.11380386352539,50.198944091796875,361.7413024902344,52.49275207519531,33.68477249145508
2021-03-11,126.57080078125,104.70330810546875,113.0334701538086,68.46434020996094,40.50416564941406,50.20790481567383,365.4090576171875,53.535728454589844,33.711544036865234
2021-03-12,124.60359191894531,105.71441650390625,112.91183471679688,69.19403076171875,40.44839859008789,50.422950744628906,365.9011535644531,53.21039962768555,34.01484298706055
2021-03-15,126.76753997802734,105.5121841430664,114.04401397705078,69.70287322998047,40.755104064941406,50.87101745605469,368.0832214355469,53.621849060058594,34.15757751464844
2021-03-16,123.95440673828125,103.87603759765625,114.06273651123047,67.94590759277344,40.875946044921875,50.89786148071289,367.6189880371094,53.88019943237305,33.92563247680664
2021-03-17,125.37080383300781,104.44595336914062,114.07211303710938,69.10762023925781,40.922401428222656,50.7097053527832,368.87249755859375,53.92803955078125,34.08620834350586
2021-03-18,118.10193634033203,102.13880920410156,112.40653991699219,67.53306579589844,40.31828308105469,50.557369232177734,363.50555419921875,52.674564361572266,33.87211608886719
2021-03-19,120.35440063476562,102.35942077636719,112.0135498046875,67.37944030761719,40.2346305847168,50.682804107666016,362.8329772949219,52.837223052978516,33.711544036865234
2021-03-22,122.67572021484375,100.92549896240234,113.01476287841797,66.55783081054688,40.70368194580078,51.17908477783203,365.73016357421875,53.59951400756836,33.72141647338867
2021-03-23,119.70521545410156,97.43263244628906,112.2568359375,64.29688262939453,40.386634826660156,51.170108795166016,362.8515319824219,53.4365119934082,33.290462493896484
2021-03-24,112.89864349365234,95.73217010498047,111.81703186035156,64.36424255371094,40.20013427734375,50.96372604370117,361.00701904296875,52.85161590576172,33.29944610595703
2021-03-25,112.54454803466797,98.3179702758789,112.2964096069336,65.7593002319336,40.386634826660156,51.403419494628906,363.0378723144531,52.822853088378906,33.72141647338867
2021-03-26,112.1019287109375,100.71395874023438,114.68390655517578,67.18319702148438,41.35642623901367,52.30084228515625,368.8883056640625,53.67622756958008,34.25112533569336
2021-03-29,109.34781646728516,98.2258071899414,114.82489013671875,65.90360260009766,41.421695709228516,52.713653564453125,368.7019348144531,53.724151611328125,34.18828201293945
2021-03-30,112.54454803466797,99.64495849609375,114.16692352294922,67.00999450683594,41.076690673828125,52.20211410522461,367.72369384765625,53.4365119934082,34.19724655151367
2021-03-31,117.98390197753906,100.01358795166016,114.46770477294922,66.89456176757812,41.33778381347656,52.18418502807617,369.2142639160156,54.07893753051758,34.02666091918945
2021-04-01,118.86914825439453,101.45118713378906,115.6990737915039,68.13565826416016,41.776058197021484,52.36366271972656,373.2014465332031,54.90354537963867,34.25112533569336
2021-04-05,119.64620208740234,101.89348602294922,117.12779235839844,68.28961181640625,42.29825973510742,52.9738883972168,378.5580749511719,55.97744369506836,34.574317932128906
2021-04-06,121.80030822753906,101.7921371459961,117.1089859008789,68.4242935180664,42.186363220214844,53.009803771972656,378.3345642089844,55.88156509399414,34.53841781616211
2021-04-07,118.83964538574219,100.28082275390625,117.07139587402344,68.4146728515625,42.16770935058594,52.77647399902344,378.7723083496094,56.111690521240234,34.52045822143555
2021-04-08,122.105224609375,100.80610656738281,117.54137420654297,68.26072692871094,42.4381217956543,52.91109848022461,380.5702209472656,56.658233642578125,34.48453903198242
2021-04-09,121.23965454101562,100.91667175292969,118.471923828125,68.49164581298828,42.708553314208984,53.11748504638672,383.33709716796875,57.16642761230469,34.673072814941406
2021-04-12,120.46260070800781,101.03646087646484,118.32152557373047,68.48202514648438,42.74585723876953,53.34183883666992,383.4768371582031,57.15682601928711,34.71796798706055
2021-04-13,125.46916198730469,100.34532928466797,118.34974670410156,67.88550567626953,42.904380798339844,53.43159103393555,384.6133728027344,57.684200286865234,34.556365966796875
2021-04-14,122.82325744628906,101.45118713378906,118.0677261352539,68.75139617919922,42.75518035888672,53.26108169555664,383.2998962402344,57.0897216796875,34.70899200439453
2021-04-15,124.5445785522461,101.77369689941406,119.36487579345703,68.51087951660156,43.35197448730469,53.880287170410156,387.41741943359375,58.00062561035156,34.88855743408203
2021-04-16,122.3412857055664,102.07779693603516,119.92884826660156,68.59748840332031,43.48253631591797,54.176422119140625,388.71234130859375,58.125274658203125,35.077091217041016
2021-04-19,118.46587371826172,101.04568481445312,119.40248107910156,68.10681915283203,43.24940490722656,54.051509857177734,386.80255126953125,57.74173355102539,34.978328704833984
2021-04-20,117.04947662353516,98.66814422607422,118.6317138671875,66.2691879272461,42.960330963134766,54.25818634033203,383.9705810546875,57.396541595458984,34.655128479003906
2021-04-21,119.82325744628906,100.93509674072266,119.75025177001953,67.789306640625,43.35197448730469,54.48286056518555,387.603759765625,57.83761978149414,35.041175842285156
2021-04-22,119.41997528076172,100.34532928466797,118.86670684814453,67.06773376464844,42.96965789794922,54.2851676940918,384.0636901855469,57.243133544921875,34.789798736572266
2021-04-23,121.67243957519531,102.20683288574219,119.9006576538086,68.3761978149414,43.32400894165039,54.38400650024414,388.2279052734375,57.9814453125,35.05914306640625
2021-04-26,125.63639068603516,102.7044448852539,119.8818588256836,69.05928039550781,43.2960319519043,54.07847595214844,389.0383605957031,58.25950241088867,35.05914306640625
2021-04-27,124.1707992553711,103.04540252685547,119.78787231445312,69.62690734863281,43.221431732177734,54.06050109863281,388.9544982910156,58.096492767333984,35.13095474243164
2021-04-28,123.32489776611328,103.23893737792969,119.73146057128906,70.37734985351562,42.941680908203125,53.943687438964844,388.8427429199219,57.97185134887695,35.17584991455078
2021-04-29,119.76424407958984,103.30345153808594,120.85000610351562,70.95458984375,43.06290817260742,54.34806442260742,391.32080078125,58.21156311035156,35.49007797241211
2021-04-30,118.79045867919922,101.86585998535156,119.96646881103516,70.17530822753906,42.65261459350586,54.31211471557617,388.7496032714844,57.7704963684082,35.319496154785156
2021-05-03,114.99372863769531,103.01776885986328,120.53983306884766,70.98347473144531,42.86708068847656,54.78838348388672,389.5879211425781,57.65542984008789,35.55293273925781
2021-05-04,111.43306732177734,102.54778289794922,119.99464416503906,70.65636444091797,42.58732604980469,54.7524299621582,387.1845397949219,56.869178771972656,35.58884048461914
2021-05-05,109.72158813476562,102.50171661376953,119.9194564819336,71.49337768554688,42.66194152832031,54.82432174682617,387.3056640625,56.754119873046875,35.71453857421875
2021-05-06,106.56420135498047,103.18364715576172,120.8218002319336,71.81087493896484,42.9137077331543,55.23767852783203,390.39849853515625,57.18560028076172,36.01080322265625
2021-05-07,107.92158508300781,103.95773315429688,121.75235748291016,73.04236602783203,43.2960319519043,55.417396545410156,393.2397766113281,57.58830642700195,36.29810333251953
2021-05-10,102.27567291259766,101.81978607177734,120.65261840820312,72.4747314453125,42.86708068847656,55.66902160644531,389.3458557128906,56.456878662109375,36.30707931518555
2021-05-11,104.3805923461914,101.14704895019531,119.61866760253906,71.28170776367188,42.65261459350586,55.031002044677734,385.87103271484375,56.217159271240234,35.81328582763672
2021-05-12,100.48550415039062,98.03230285644531,116.97738647460938,69.61727905273438,41.70145797729492,54.13239288330078,377.67303466796875,54.8172492980957,35.1848258972168
2021-05-13,97.84943389892578,100.49279022216797,118.62232208251953,70.47355651855469,42.27028274536133,54.869258880615234,382.20989990234375,55.382972717285156,35.660667419433594
2021-05-14,102.60025787353516,102.50171661376953,120.28604888916016,72.62865447998047,42.86708068847656,55.165802001953125,388.07879638671875,56.37057876586914,36.08262634277344
2021-05-17,101.61664581298828,102.75972747802734,119.75025177001953,73.23478698730469,42.71788787841797,54.968101501464844,387.0912780761719,56.111690521240234,36.08262634277344
2021-05-18,103.0723876953125,101.74605560302734,118.7633056640625,72.24380493164062,42.41948318481445,54.71648406982422,383.7563171386719,55.68021011352539,35.76839065551758
2021-05-19,101.28221893310547,101.08255767822266,118.5941162109375,71.34907531738281,42.456783294677734,54.49183654785156,382.75018310546875,55.70897674560547,35.55293273925781
2021-05-20,104.84288024902344,101.29450988769531,119.9570541381836,71.31056213378906,43.05358123779297,55.111881256103516,386.8677673339844,56.58152389526367,35.7235107421875
2021-05-21,104.10517120361328,101.78291320800781,119.7784652709961,71.5414810180664,43.06290817260742,55.075923919677734,386.5510559082031,56.303462982177734,35.86716079711914
2021-05-24,106.94781494140625,102.29898071289062,120.9157943725586,72.52281951904297,43.47320556640625,55.08492660522461,390.49169921875,57.128074645996094,36.046730041503906
2021-05-25,107.587158203125,101.1378402709961,120.7560043334961,72.03215026855469,43.37063980102539,54.9499626159668,389.625244140625,57.23353576660156,35.84919357299805
2021-05-26,109.60355377197266,103.29419708251953,120.98161315917969,72.97502136230469,43.32400894165039,54.8599967956543,390.39849853515625,57.3198356628418,35.9210205078125
2021-05-27,110.43962097167969,104.2987060546875,121.03801727294922,73.99484252929688,43.26805877685547,54.752010345458984,390.6034240722656,57.128074645996094,36.06467819213867
2021-05-28,110.2625732421875,103.99457550048828,121.17898559570312,73.81202697753906,43.454559326171875,54.9229850769043,391.30224609375,57.27189254760742,36.10956954956055
2021-06-01,109.42650604248047,105.77316284179688,120.9345932006836,75.19744873046875,43.128177642822266,54.57206344604492,390.9573974609375,57.01300811767578,36.244232177734375
2021-06-02,109.4756851196289,105.45060729980469,121.47978973388672,75.53417205810547,43.33332824707031,54.85099411010742,391.572265625,57.08012390136719,36.30707931518555
2021-06-03,105.66911315917969,104.55673217773438,121.13196563720703,74.84148406982422,43.36130905151367,55.012939453125,390.1190185546875,56.66783142089844,36.31605529785156
2021-06-04,107.71502685546875,104.93453979492188,122.37271881103516,75.14934539794922,43.84620666503906,55.28289794921875,393.6869812011719,57.454078674316406,36.45072555541992
2021-06-07,110.84290313720703,105.95745086669922,122.43852233886719,75.05313873291016,43.97676086425781,55.0489501953125,393.3050231933594,57.540367126464844,36.34299087524414
2021-06-08,111.27568817138672,107.17387390136719,122.32572937011719,75.28402709960938,43.92081069946289,54.81499099731445,393.38885498046875,57.59790802001953,36.289119720458984
2021-06-09,111.00028228759766,106.38136291503906,122.09074401855469,74.31233215332031,43.94878005981445,54.8599967956543,392.8018493652344,57.61709213256836,36.17241668701172
2021-06-10,113.08553314208984,104.71249389648438,122.79588317871094,73.86975860595703,44.30312728881836,55.228904724121094,394.62786865234375,58.15403747558594,36.16344451904297
2021-06-11,114.21668243408203,105.76533508300781,123.0409927368164,74.18724060058594,44.33110809326172,55.318878173828125,395.2799072265625,58.25950241088867,36.235252380371094
2021-06-14,116.39045715332031,105.24816131591797,123.2955093383789,73.504150390625,44.48031997680664,55.309879302978516,396.1650390625,58.77728271484375,36.055702209472656
2021-06-15,113.20355987548828,105.43286895751953,122.9749755859375,73.65808868408203,44.32178497314453,55.318878173828125,395.4383544921875,58.4896354675293,36.09161376953125
2021-06-16,112.65274810791016,105.39590454101562,121.98515319824219,73.57149505615234,44.04203796386719,54.6710319519043,393.2304992675781,58.2786750793457,35.822265625
2021-06-17,116.55767059326172,103.5395736694336,122.19254302978516,71.589599609375,44.2751579284668,54.77900314331055,393.1000671386719,58.88275909423828,35.38235855102539
2021-06-18,116.95111083984375,100.83356475830078,120.60883331298828,69.9828872680664,43.77161407470703,53.95118713378906,387.7969970703125,58.42250442504883,34.726951599121094
2021-06-21,117.55111694335938,103.09628295898438,122.30565643310547,72.1098861694336,44.51335144042969,54.70985794067383,393.3487243652344,58.946956634521484,35.387596130371094
2021-06-22,119.03636169433594,103.66887664794922,123.06926727294922,72.17745208740234,44.765892028808594,54.70985794067383,395.4515686035156,59.504051208496094,35.432716369628906
2021-06-23,121.5052261352539,103.84432983398438,122.69216918945312,72.5248794555664,44.66300582885742,54.36747741699219,394.9749755859375,59.51366424560547,35.35149383544922
2021-06-24,123.2265396118164,105.22967529296875,123.474609375,73.30658721923828,45.02778625488281,54.57469940185547,397.3115234375,59.792213439941406,35.60420608520508
2021-06-25,123.43309783935547,105.34049224853516,124.63414001464844,73.90492248535156,45.355159759521484,54.9531364440918,398.72283935546875,59.80180740356445,35.856895446777344
2021-06-28,128.09539794921875,104.25994110107422,125.19033813476562,72.58277893066406,45.34580612182617,54.998199462890625,399.5265808105469,60.378116607666016,35.64029312133789
2021-06-29,128.73475646972656,104.01981353759766,125.38831329345703,72.43803405761719,45.37387466430664,54.826988220214844,399.7415466308594,60.57022476196289,35.513946533203125
2021-06-30,128.63638305664062,104.34307861328125,125.2563247680664,72.9301986694336,45.45804214477539,54.88105010986328,400.07806396484375,60.48379135131836,35.6854133605957
2021-07-01,127.0429458618164,104.99878692626953,126.01049041748047,73.68297576904297,45.6918830871582,55.205421447753906,402.2931823730469,60.733516693115234,35.938133239746094
2021-07-02,126.04949188232422,103.89051055908203,127.1323013305664,73.47063446044922,45.972496032714844,55.5207633972168,405.3680725097656,61.482723236083984,36.01032638549805
2021-07-06,125.15441131591797,102.37590026855469,126.82121276855469,71.7335205078125,45.7386589050293,55.46671676635742,404.62957763671875,61.81889724731445,35.64931869506836
2021-07-07,122.22325897216797,101.69245910644531,127.45280456542969,70.77810668945312,45.98183822631836,56.00731658935547,406.0596618652344,62.10704803466797,35.71250534057617
2021-07-08,121.28882598876953,100.50108337402344,126.40641784667969,70.01570129394531,45.5141716003418,55.68296813964844,402.7510986328125,61.69403076171875,35.387596130371094
2021-07-09,123.56096649169922,103.059326171875,127.51879119873047,71.98443603515625,46.13150405883789,56.061397552490234,407.05029296875,62.09745788574219,35.938133239746094
2021-07-12,122.69538879394531,103.54882049560547,127.90525817871094,72.48626708984375,46.262451171875,56.061397552490234,408.5084533691406,62.30876159667969,36.06447219848633
2021-07-13,120.26587677001953,101.60934448242188,127.66962432861328,71.2509765625,46.168914794921875,55.8090934753418,407.1158752441406,62.27994155883789,35.82080078125
2021-07-14,116.23307037353516,100.41798400878906,127.79222106933594,70.20872497558594,46.35597610473633,56.11543655395508,407.7232971191406,62.46245574951172,35.81177520751953
2021-07-15,114.4920883178711,99.96541595458984,127.31141662597656,69.42701721191406,46.299869537353516,56.34971618652344,406.3307189941406,62.09745788574219,35.78470230102539
2021-07-16,114.61995697021484,98.51542663574219,126.5949478149414,67.67057800292969,45.95378875732422,56.529911041259766,403.14361572265625,61.65561294555664,35.45979309082031
2021-07-19,115.357666015625,96.62214660644531,124.98295593261719,65.64395141601562,45.233558654785156,55.96512985229492,397.19000244140625,60.98324966430664,34.75582504272461
2021-07-20,118.78063201904297,99.53133392333984,126.61380767822266,67.96009826660156,45.869598388671875,56.39817810058594,402.8819274902344,61.732452392578125,35.33344268798828
2021-07-21,120.64949035644531,101.19375610351562,127.55652618408203,70.06394958496094,46.32793045043945,56.16361618041992,406.143798828125,62.135887145996094,35.71250534057617
2021-07-22,119.71505737304688,99.30046081542969,127.83928680419922,69.32085418701172,46.28116226196289,56.28993225097656,406.9942932128906,62.62571334838867,35.5681037902832
2021-07-23,120.42324829101562,100.11319732666016,129.64932250976562,69.31119537353516,46.683353424072266,56.867347717285156,411.18145751953125,63.49979782104492,35.76665496826172
2021-07-26,119.60685729980469,100.99979400634766,129.71530151367188,70.36312866210938,46.72077178955078,56.8041877746582,412.19085693359375,63.56703567504883,35.92007064819336
2021-07-27,116.67570495605469,100.04854583740234,129.19680786132812,69.5814208984375,46.54305648803711,57.156063079833984,410.3122863769531,62.99074172973633,35.94715118408203
2021-07-28,119.36095428466797,100.89820098876953,129.2345428466797,70.14116668701172,46.42145919799805,56.76810073852539,410.14398193359375,63.05797576904297,35.856895446777344
2021-07-29,119.60685729980469,102.15425109863281,129.83782958984375,70.82634735107422,46.767547607421875,57.02973937988281,411.844970703125,63.18283462524414,36.109596252441406
2021-07-30,118.03308868408203,101.83100891113281,129.48902893066406,70.23765563964844,46.66465759277344,56.8944206237793,409.84490966796875,62.78902816772461,35.97422790527344
2021-08-02,119.13472747802734,101.18451690673828,129.28164672851562,69.84198760986328,46.52435302734375,56.957576751708984,408.9849853515625,62.7217903137207,35.874961853027344
2021-08-03,118.24948120117188,102.1172866821289,130.24319458007812,70.72020721435547,47.001380920410156,57.3004035949707,412.31231689453125,63.173240661621094,36.19984817504883
2021-08-04,121.25932312011719,100.31637573242188,130.0452117919922,69.6007308959961,46.767547607421875,56.8944206237793,410.28424072265625,63.21164321899414,35.81177520751953
2021-08-05,123.51177978515625,101.72016906738281,130.89364624023438,71.08692932128906,46.99202346801758,57.056827545166016,412.88250732421875,63.56703567504883,36.04642868041992
2021-08-06,120.9937515258789,102.96697998046875,130.90309143066406,71.81073760986328,47.21651077270508,57.11095428466797,413.5647888183594,63.40375900268555,36.299137115478516
2021-08-09,122.65603637695312,102.09883880615234,130.77110290527344,71.34749603271484,47.18844985961914,57.14704132080078,413.228271484375,63.3941535949707,36.25400924682617
2021-08-10,119.4494857788086,103.08702087402344,130.80880737304688,72.15816497802734,47.375518798828125,57.22823715209961,413.7423400878906,63.12520980834961,36.497684478759766
2021-08-11,119.31177520751953,103.80740356445312,130.96905517578125,72.92056274414062,47.48775863647461,57.45379638671875,414.7704162597656,63.09638214111328,36.72331237792969
2021-08-12,119.8527603149414,103.2809829711914,131.0916290283203,72.59245300292969,47.57194519042969,57.45379638671875,416.01348876953125,63.44216537475586,36.72331237792969
2021-08-13,118.13143920898438,102.52367401123047,131.61012268066406,71.8686294555664,47.6280517578125,57.76959228515625,416.77056884765625,63.691898345947266,36.705265045166016
2021-08-16,115.06259155273438,102.01569366455078,132.39256286621094,70.88426971435547,47.79642105102539,58.238739013671875,417.7519226074219,63.96086502075195,36.732337951660156
2021-08-17,113.99044799804688,100.53804016113281,131.2801513671875,69.33049774169922,47.543888092041016,58.3109016418457,415.0133972167969,63.3941535949707,36.560855865478516
2021-08-18,113.9412612915039,99.72529602050781,129.71530151367188,68.7611083984375,46.91719055175781,57.544010162353516,410.4710998535156,62.750614166259766,36.14569854736328
2021-08-19,111.98388671875,98.83869934082031,130.271484375,67.76708221435547,46.98267364501953,57.886871337890625,411.1066589355469,63.12520980834961,36.00129699707031
2021-08-20,113.90193176269531,100.33483123779297,131.55357360839844,68.42332458496094,47.27262878417969,58.17558288574219,414.3778381347656,63.77835464477539,36.18180847167969
2021-08-23,117.5216064453125,101.60934448242188,132.3737030029297,70.10255432128906,47.61871337890625,57.992183685302734,418.02294921875,64.4891357421875,36.40743637084961
2021-08-24,119.07571411132812,102.32048797607422,132.4585418701172,71.0965805053711,47.6280517578125,57.621761322021484,418.68646240234375,64.51795196533203,36.533782958984375
2021-08-25,119.04619598388672,102.69915008544922,132.67538452148438,71.74314880371094,47.749656677246094,57.630802154541016,419.5651550292969,64.54676818847656,36.669166564941406
2021-08-26,117.20685577392578,101.56314849853516,131.77976989746094,71.01936340332031,47.543888092041016,57.44108963012695,417.08837890625,64.23938751220703,36.425479888916016
2021-08-27,120.0298080444336,104.54624938964844,133.10894775390625,72.61174011230469,47.880611419677734,57.63982391357422,420.8175048828125,64.7965087890625,36.732337951660156
2021-08-30,120.77735137939453,103.92747497558594,133.65574645996094,72.27397155761719,47.843196868896484,57.874732971191406,422.6680603027344,65.53611755371094,36.596954345703125
2021-08-31,120.0298080444336,103.77971649169922,133.15611267089844,72.14850616455078,47.57194519042969,57.910850524902344,422.0419006347656,65.39202880859375,36.57890701293945
2021-09-01,121.69210815429688,104.25994110107422,133.2315673828125,71.74314880371094,47.45970916748047,58.11866760253906,422.2661437988281,65.54571533203125,36.5247688293457
2021-09-02,122.78392028808594,104.7032470703125,133.2975311279297,72.25464630126953,47.56258773803711,58.425838470458984,423.56524658203125,65.56492614746094,36.75941848754883
2021-09-03,123.01998138427734,104.0567626953125,133.28814697265625,72.02304077148438,47.52518081665039,58.29029846191406,423.46246337890625,65.74739837646484,36.62403869628906
2021-09-07,122.66588592529297,103.10549926757812,132.24172973632812,71.89759826660156,47.25392150878906,57.57659149169922,421.9483642578125,65.74739837646484,36.35329055786133
2021-09-08,119.18389892578125,102.23735809326172,132.04380798339844,71.02901458740234,47.19779968261719,58.1096305847168,421.434326171875,65.60334014892578,36.34426498413086
2021-09-09,119.71505737304688,101.97876739501953,131.5441436767578,71.28960418701172,47.02943420410156,57.621761322021484,419.6305236816406,65.23832702636719,36.226924896240234
2021-09-10,118.48554229736328,100.94440460205078,130.8653564453125,70.86495208740234,46.767547607421875,57.26941680908203,416.32196044921875,64.7004623413086,35.97422790527344
2021-09-13,116.23307037353516,101.7109375,130.73341369628906,71.58876037597656,46.90784454345703,57.21521759033203,417.38739013671875,64.62358856201172,36.19984817504883
2021-09-14,114.9445571899414,100.40872955322266,130.13949584960938,70.8746337890625,46.58047103881836,57.10679626464844,415.13494873046875,64.4891357421875,35.883975982666016
2021-09-15,115.8888168334961,101.48928833007812,130.95965576171875,71.94585418701172,46.963958740234375,57.296539306640625,418.6023864746094,64.97900390625,36.19984817504883
2021-09-16,116.62652587890625,101.11064910888672,130.76170349121094,72.00375366210938,46.963958740234375,57.115840911865234,417.9388732910156,64.97900390625,36.08252716064453
2021-09-17,119.50849914550781,101.05522155761719,129.3665008544922,71.32819366455078,46.59918212890625,56.61894607543945,413.86773681640625,64.22020721435547,35.847877502441406
2021-09-20,114.2363510131836,99.32817840576172,127.29252624511719,69.35945892333984,45.682533264160156,56.131099700927734,406.9667663574219,63.04169845581055,35.3165397644043
2021-09-21,115.21996307373047,99.14346313476562,127.18885040283203,69.32085418701172,45.6918830871582,56.04075241088867,406.58233642578125,63.128318786621094,35.171470642089844
2021-09-22,116.17406463623047,100.75043487548828,128.02784729003906,70.98076629638672,46.10343933105469,56.24852752685547,410.5484619140625,63.67664337158203,35.55228805541992
2021-09-23,117.38389587402344,102.4682388305664,129.34765625,72.6889419555664,46.851715087890625,56.447296142578125,415.53668212890625,64.29234313964844,36.08723831176758
2021-09-24,115.21012115478516,102.33003234863281,129.32684326171875,72.97846984863281,46.98267364501953,56.42019271850586,416.2210998535156,64.40778350830078,36.15072250366211
2021-09-27,115.11176300048828,104.21334838867188,128.52310180664062,73.7215576171875,46.851715087890625,55.90522003173828,415.0302734375,63.820945739746094,36.31391906738281
2021-09-28,110.30191040039062,102.72895050048828,125.78092193603516,72.03269958496094,45.98183822631836,55.23666000366211,406.6667175292969,62.079681396484375,35.87870407104492
2021-09-29,107.92158508300781,103.04438018798828,125.95112609863281,71.37645721435547,46.04731750488281,55.78778076171875,407.3511962890625,62.08929443359375,35.96937561035156
2021-09-30,108.71830749511719,101.30021667480469,124.56108856201172,70.54650115966797,45.411277770996094,54.965641021728516,402.3723449707031,61.58904266357422,35.36186981201172
2021-10-01,109.34781646728516,103.29486083984375,125.82820892333984,72.11956024169922,45.93507385253906,55.20956039428711,407.1543273925781,62.233619689941406,35.86963653564453
2021-10-04,105.43305969238281,102.93303680419922,123.76683807373047,71.19307708740234,45.36451721191406,55.182456970214844,401.903564453125,60.98296356201172,35.706424713134766
2021-10-05,107.25273132324219,103.21136474609375,125.2230453491211,71.887939453125,45.869598388671875,55.44447326660156,406.0854187011719,61.791072845458984,35.95124053955078
2021-10-06,108.13797760009766,102.47845458984375,125.60125732421875,71.7528305053711,45.98183822631836,55.94136428833008,407.7730712890625,62.1758918762207,35.99658203125
2021-10-07,110.75437927246094,104.03707122802734,126.81161499023438,72.54417419433594,46.430816650390625,56.140113830566406,411.298583984375,62.753108978271484,36.286720275878906
2021-10-08,108.78715515136719,103.35981750488281,126.68867492675781,72.48626708984375,46.44016647338867,55.90522003173828,410.5484619140625,62.54145431518555,36.30485534667969
2021-10-11,108.43305206298828,102.77532196044922,125.93221282958984,72.0809326171875,46.10343933105469,55.59804916381836,407.5763244628906,62.147010803222656,36.01470947265625
2021-10-12,109.9084701538086,103.05364227294922,125.65799713134766,72.31256866455078,45.99120330810547,55.68839645385742,406.57293701171875,61.973854064941406,35.933109283447266
2021-10-13,111.57077026367188,103.01656341552734,126.59413146972656,72.27397155761719,45.944419860839844,55.94136428833008,408.0356750488281,62.37791061401367,35.933109283447266
2021-10-14,113.68553161621094,104.39888000488281,128.8824462890625,73.67330169677734,46.66465759277344,56.68217468261719,414.8991394042969,63.532344818115234,36.477134704589844
2021-10-15,113.90193176269531,103.90718078613281,129.60105895996094,74.02073669433594,47.14167404174805,56.74542999267578,418.058837890625,64.02297973632812,36.74008560180664
2021-10-18,115.13143920898438,104.08344268798828,130.31973266601562,74.5225601196289,47.33810043334961,56.466758728027344,419.2964782714844,64.59056091308594,36.62220764160156
2021-10-19,117.63963317871094,104.25045776367188,131.43553161621094,74.98580169677734,47.768367767333984,56.93724822998047,422.5312805175781,65.06196594238281,36.90328598022461
2021-10-20,116.75438690185547,105.03901672363281,131.87046813964844,75.15951538085938,47.99285125732422,57.407718658447266,424.19085693359375,65.03311157226562,37.22970199584961
2021-10-21,117.69866180419922,105.15035247802734,132.56072998046875,75.18846130371094,48.01154708862305,57.52533721923828,425.2973327636719,65.46602630615234,37.157169342041016
2021-10-22,115.81996154785156,105.21529388427734,132.51345825195312,75.21742248535156,48.34827423095703,57.89629364013672,424.8566589355469,65.17739868164062,37.256900787353516
2021-10-25,119.81340789794922,106.09666442871094,133.23208618164062,75.85437774658203,48.41374969482422,57.76057815551758,427.13507080078125,65.69691467285156,37.34757614135742
2021-10-26,119.21341705322266,105.11327362060547,132.87278747558594,75.68064880371094,48.38568878173828,57.77867126464844,427.51953125,65.84121704101562,37.3385124206543
2021-10-27,116.73472595214844,103.05364227294922,131.89881896972656,74.58049011230469,47.712242126464844,57.271995544433594,425.6255187988281,66.06248474121094,36.812618255615234
2021-10-28,119.7740707397461,105.04830169677734,133.13754272460938,75.8736572265625,48.020912170410156,57.543418884277344,429.7322692871094,66.82246398925781,37.09370422363281
2021-10-29,119.29209899902344,104.89057922363281,134.1681671142578,75.8447036743164,48.16120910644531,57.543418884277344,430.604248046875,67.18806457519531,36.98490524291992
2021-11-01,123.06916046142578,107.32125854492188,133.90342712402344,77.28266906738281,48.11444091796875,57.59770584106445,431.344970703125,67.13995361328125,37.19343566894531
2021-11-02,121.07243347167969,107.2099380493164,134.6693878173828,77.34056854248047,48.29216766357422,57.932472229003906,433.0889587402344,67.4574203491211,37.302242279052734
2021-11-03,122.59703063964844,109.5478515625,135.31236267089844,77.8713607788086,48.591461181640625,57.96867370605469,435.7331237792969,67.96731567382812,37.483585357666016
2021-11-04,122.35112762451172,109.26953887939453,136.83477783203125,78.15122985839844,48.66629409790039,57.89629364013672,437.7864990234375,68.78501892089844,37.32038497924805
2021-11-05,120.2855453491211,111.6167221069336,136.9198455810547,79.57952880859375,48.97496032714844,58.041053771972656,439.3054504394531,68.78501892089844,37.61053466796875
2021-11-08,121.37735748291016,111.6259994506836,137.09005737304688,79.79183197021484,49.03108596801758,57.86914825439453,439.68048095703125,68.80426788330078,37.66492462158203
2021-11-09,118.59374237060547,111.4682846069336,137.1940460205078,79.309326171875,48.91883850097656,58.032012939453125,438.2272033691406,68.467529296875,37.61053466796875
2021-11-10,114.62979888916016,110.2343978881836,135.87026977539062,77.40811157226562,48.834659576416016,58.25821304321289,434.7016906738281,67.59210205078125,37.51078414916992
2021-11-11,115.41667938232422,111.08789825439453,136.07827758789062,78.08367919921875,48.84402084350586,58.032012939453125,434.8423156738281,67.74603271484375,37.4654541015625
2021-11-12,116.54783630371094,110.83743286132812,137.5249786376953,78.51795196533203,49.1433219909668,58.276309967041016,438.1240234375,68.5252685546875,37.547054290771484
2021-11-15,115.60356903076172,110.91163635253906,137.5817413330078,78.50831604003906,49.19009017944336,58.52963638305664,438.27398681640625,68.4867935180664,37.592384338378906
2021-11-16,116.97077941894531,111.1899642944336,138.13963317871094,78.86537170410156,49.43329620361328,58.54771423339844,440.0086669921875,69.0832290649414,37.53799819946289
2021-11-17,114.80684661865234,109.98389434814453,137.03330993652344,78.0450668334961,49.115272521972656,58.48439025878906,438.93975830078125,69.03514862060547,37.365718841552734
2021-11-18,111.95437622070312,109.79834747314453,137.2035369873047,77.99681091308594,49.03108596801758,58.330596923828125,440.4305419921875,69.6797103881836,37.220638275146484
2021-11-19,111.3838882446289,108.5087890625,137.51556396484375,77.35987091064453,48.78789520263672,58.276309967041016,439.6429138183594,69.99717712402344,36.86701965332031
2021-11-22,106.71173858642578,109.21388244628906,136.4659881591797,77.11861419677734,48.741127014160156,58.49918746948242,438.40533447265625,69.28527069091797,37.102760314941406
2021-11-23,104.22321319580078,109.31592559814453,136.66452026367188,77.40811157226562,49.040443420410156,58.70759963989258,438.9866638183594,69.05440521240234,37.38385009765625
2021-11-24,106.0035400390625,108.9726333618164,137.1940460205078,77.52393341064453,49.16204071044922,58.69853973388672,440.15869140625,69.3237533569336,37.392913818359375
2021-11-26,105.36420440673828,104.8813247680664,134.33843994140625,74.2234115600586,48.08638381958008,57.86493682861328,430.3417663574219,67.9288101196289,36.53154373168945
2021-11-29,105.16747283935547,104.63079833984375,136.01205444335938,75.72891998291016,48.432456970214844,58.327049255371094,435.62054443359375,69.19868469238281,36.63127136230469
2021-11-30,103.9576416015625,102.33928680419922,133.35501098632812,73.84703063964844,47.5532341003418,56.76850509643555,427.14447021484375,68.18855285644531,35.76990509033203
2021-12-01,96.98384857177734,100.81779479980469,131.49217224121094,72.19673919677734,47.19779968261719,56.596343994140625,422.40008544921875,67.16880798339844,35.48881912231445
2021-12-02,97.39696502685547,103.62885284423828,133.3077392578125,74.03036499023438,47.880611419677734,57.47528839111328,428.8697204589844,67.80374908447266,36.268585205078125
2021-12-03,91.9969482421875,102.41352081298828,132.08795166015625,72.6889419555664,47.53452682495117,57.873992919921875,425.137939453125,66.86097717285156,36.205116271972656
2021-12-06,93.3936767578125,104.86274719238281,133.09970092773438,74.05933380126953,48.08638381958008,58.63512420654297,430.1730041503906,67.49589538574219,36.71287155151367
2021-12-07,98.46910095214844,106.3193130493164,136.239013671875,76.23075103759766,48.993675231933594,59.07910919189453,439.07098388671875,69.30451965332031,37.19343566894531
2021-12-08,101.52812194824219,106.74606323242188,136.4092254638672,76.67465209960938,48.993675231933594,59.07006072998047,440.23370361328125,69.71817779541016,37.17530059814453
2021-12-09,96.12811279296875,105.02046966552734,135.30287170410156,75.50694274902344,48.9001350402832,59.04286575317383,437.2615051269531,68.99666595458984,37.06650161743164
2021-12-10,94.59367370605469,105.02973937988281,136.39976501464844,75.72891998291016,49.61100769042969,59.56842803955078,441.3775939941406,69.75666046142578,37.3385124206543
2021-12-13,92.95105743408203,103.28729248046875,135.3917694091797,73.81806182861328,49.21816635131836,60.06681442260742,437.4676513671875,68.95818328857422,37.14811325073242
2021-12-14,91.88874816894531,102.69900512695312,134.29180908203125,73.28727722167969,48.9001350402832,59.78589630126953,434.4578857421875,68.15009307861328,37.11183547973633
2021-12-15,93.86580657958984,104.03431701660156,136.98486328125,74.17515563964844,49.65776824951172,60.5742301940918,441.2463073730469,69.61237335205078,37.41104507446289
2021-12-16,90.36416625976562,102.26009368896484,135.26852416992188,72.86265563964844,49.46134948730469,61.07257843017578,437.3551330566406,68.15009307861328,37.65586471557617
2021-12-17,95.60679626464844,102.51223754882812,133.7228546142578,72.87230682373047,48.72241973876953,60.31142807006836,432.7004699707031,67.65943908691406,37.14811325073242
2021-12-20,93.17728424072266,101.0928726196289,131.9022216796875,71.53577423095703,47.98292541503906,60.12177276611328,428.0993957519531,66.87208557128906,36.76945114135742
2021-12-21,96.75762176513672,104.04364776611328,134.3866424560547,74.51441955566406,48.799373626708984,60.19438552856445,435.7019958496094,68.16345977783203,37.326019287109375
2021-12-22,96.64942169189453,105.2575912475586,135.5150604248047,75.1623764038086,49.14659881591797,60.66628646850586,440.0584411621094,69.12716674804688,37.56324005126953
2021-12-23,97.4461441040039,105.82722473144531,136.43487548828125,75.95539093017578,49.390602111816406,60.811485290527344,442.7965393066406,69.59938049316406,37.77309799194336
2021-12-27,95.81336212158203,107.40532684326172,138.71070861816406,77.19328308105469,50.07567596435547,61.53746795654297,449.0630798339844,70.81368255615234,38.15629959106445
2021-12-28,94.06253051757812,107.08784484863281,138.3598175048828,76.83541870117188,49.94428634643555,61.83696746826172,448.6961364746094,70.49567413330078,38.265785217285156
2021-12-29,93.05394744873047,107.55474090576172,138.72962951660156,76.83541870117188,50.0568962097168,62.1727294921875,449.2699890136719,70.52457427978516,38.357017517089844
2021-12-30,95.90020751953125,107.05982971191406,138.3598175048828,76.52598571777344,49.93490219116211,62.1001091003418,448.02801513671875,70.1968994140625,38.320526123046875
2021-12-31,93.80765533447266,106.9291000366211,138.02792358398438,76.41958618164062,49.93490219116211,62.28162384033203,446.89892578125,69.84031677246094,38.320526123046875
2022-01-03,96.18780517578125,108.1056900024414,137.65811157226562,77.46404266357422,50.12258529663086,61.67359161376953,449.4864501953125,70.38001251220703,38.484764099121094
2022-01-04,91.92337799072266,108.96476745605469,137.49691772460938,78.2280502319336,50.41351318359375,61.718997955322266,449.3359375,69.80178833007812,38.87708282470703
2022-01-05,85.40771484375,106.17271423339844,134.1875,75.97473907470703,49.587677001953125,61.37412643432617,440.7077331542969,67.58524322509766,38.60336685180664
2022-01-06,84.87218475341797,106.8637466430664,134.310791015625,76.63236236572266,49.73781967163086,61.283363342285156,440.2937316894531,67.36360168457031,38.658111572265625
2022-01-07,83.72177124023438,105.66848754882812,133.0496063232422,76.14879608154297,49.66274642944336,61.26523208618164,438.5530090332031,66.70826721191406,38.72197723388672
2022-01-10,83.93995666503906,105.23892211914062,132.45217895507812,75.70393371582031,49.65337371826172,60.95664596557617,438.00732421875,66.79500579833984,38.59424591064453
2022-01-11,86.26060485839844,106.0046157836914,133.6849365234375,77.16426086425781,50.06627655029297,60.86595916748047,441.99676513671875,67.48887634277344,38.86796188354492
2022-01-12,83.86061096191406,105.58442687988281,133.87454223632812,77.31898498535156,50.18827819824219,60.92946243286133,443.1916809082031,67.82617950439453,38.90445327758789
2022-01-13,79.31849670410156,105.4910659790039,131.95909118652344,76.38091278076172,49.71905517578125,60.74796676635742,437.0851745605469,66.15894317626953,38.83147430419922
2022-01-14,79.57634735107422,105.97662353515625,131.72203063964844,76.90312957763672,49.63459396362305,60.41216278076172,437.26385498046875,66.26494598388672,38.77672576904297
2022-01-18,76.27389526367188,103.22191619873047,129.37033081054688,74.93992614746094,48.574134826660156,59.83137893676758,429.5201416015625,64.71337127685547,38.29315948486328
2022-01-19,75.12348175048828,101.41035461425781,128.18504333496094,73.44094848632812,47.88908386230469,59.713417053222656,425.0601806640625,63.9809455871582,37.973812103271484
2022-01-20,75.24249267578125,99.26262664794922,126.51611328125,72.04835510253906,47.30723571777344,59.250587463378906,420.3556213378906,63.15214538574219,37.608863830566406
2022-01-21,70.928466796875,97.8619155883789,124.42996215820312,70.08514404296875,46.40632629394531,59.08723449707031,412.1037292480469,61.57167053222656,37.12529373168945
2022-01-24,72.9317626953125,100.18706512451172,125.2644271850586,70.878173828125,46.65032196044922,59.055419921875,413.8538513183594,61.91859817504883,37.18915939331055
2022-01-25,70.21442413330078,99.07586669921875,123.46273803710938,70.40428924560547,46.2937126159668,58.537296295166016,408.8011474609375,60.65613555908203,37.061424255371094
2022-01-26,68.45906066894531,97.51641845703125,123.16875457763672,70.33660125732422,46.2937126159668,57.8555793762207,407.77557373046875,60.76214599609375,36.80595779418945
2022-01-27,65.7813949584961,95.54610443115234,122.6282730102539,68.8472671508789,45.9183349609375,57.9192008972168,405.761962890625,60.270652770996094,36.74208450317383
2022-01-28,68.34005737304688,97.13356018066406,125.93766784667969,69.85305786132812,47.222774505615234,58.96452331542969,415.8392333984375,62.323368072509766,37.31688690185547
2022-01-31,74.8061294555664,99.21593475341797,128.43161010742188,71.94196319580078,47.8421516418457,59.40082931518555,423.32891845703125,63.95204544067383,37.63622283935547
2022-02-01,76.4424819946289,99.86959075927734,129.16177368164062,73.27652740478516,48.48030471801758,59.10084533691406,426.18927001953125,64.42424774169922,37.93732833862305
2022-02-02,72.53507232666016,99.41204071044922,130.92552185058594,73.44094848632812,48.90260314941406,59.782596588134766,430.329345703125,65.15667724609375,38.18365478515625
2022-02-03,68.46897888183594,98.02066802978516,126.92391204833984,71.52611541748047,48.03923416137695,59.5098991394043,420.2144775390625,62.75703048706055,37.83695602416992
2022-02-04,72.1482925415039,98.02066802978516,126.48765563964844,72.15473175048828,48.104915618896484,58.93726348876953,422.1903991699219,63.54728317260742,37.736595153808594
2022-02-07,71.88053131103516,98.1233901977539,125.9661636352539,72.6189193725586,48.011077880859375,58.855438232421875,420.8354797363281,63.02687072753906,37.77309799194336
2022-02-08,71.79127502441406,99.85090637207031,126.51611328125,73.55699920654297,48.41461181640625,59.10084533691406,424.29803466796875,63.63401794433594,38.03768539428711
2022-02-09,75.48050689697266,100.99015045166016,128.94366455078125,75.587890625,49.118446350097656,59.53716278076172,430.5080871582031,64.79047393798828,38.448265075683594
2022-02-10,73.14994049072266,99.62679290771484,126.11786651611328,74.5434341430664,48.23629379272461,58.35551834106445,422.7738037109375,63.37381362915039,37.93732833862305
2022-02-11,71.30532836914062,99.3466567993164,123.50065612792969,72.93807220458984,47.476158142089844,58.001014709472656,414.43719482421875,61.552391052246094,37.54499053955078
2022-02-14,70.79954528808594,99.1412124633789,122.8273696899414,72.15473175048828,47.100772857666016,57.65560531616211,413.0822448730469,61.56202697753906,37.30776596069336
2022-02-15,74.6573715209961,101.2889633178711,125.01786804199219,74.20494842529297,47.8421516418457,57.79195022583008,419.7439880371094,62.80522918701172,37.709232330322266
2022-02-16,72.26730346679688,101.60646057128906,125.2644271850586,74.76587677001953,47.917236328125,57.79195022583008,420.2144775390625,62.86305236816406,37.79133224487305
2022-02-17,67.61609649658203,99.68283081054688,122.48602294921875,72.5318603515625,46.89432144165039,57.5010871887207,411.2381591796875,61.070533752441406,37.27128219604492
2022-02-18,64.26405334472656,99.13189697265625,121.71794891357422,71.83558654785156,46.612789154052734,57.56473159790039,408.5753173828125,60.46339797973633,37.12529373168945
2022-02-22,62.8657112121582,97.74053192138672,120.14384460449219,70.64604949951172,46.18109893798828,57.40901565551758,404.1905822753906,59.673152923583984,36.82421112060547
2022-02-23,60.37647247314453,96.31182861328125,118.19044494628906,69.0213394165039,45.31773376464844,56.7807502746582,397.0208740234375,58.28540802001953,36.35887145996094
2022-02-24,65.0772705078125,97.93663024902344,120.4283218383789,71.50675964355469,45.84325408935547,56.66237258911133,402.9956359863281,60.04900360107422,36.349754333496094
2022-02-25,67.25907135009766,100.13106536865234,123.3963623046875,73.23785400390625,46.819252014160156,58.35597229003906,411.8872985839844,61.080169677734375,37.362518310546875
2022-02-28,69.88715362548828,100.57925415039062,123.15930938720703,73.08311462402344,46.594017028808594,58.03727340698242,410.8334655761719,61.137996673583984,37.12529373168945
2022-03-01,67.7450180053711,98.711669921875,121.52831268310547,71.27467346191406,45.50542068481445,57.48185348510742,404.5764465332031,60.20319747924805,36.577850341796875
2022-03-02,67.001220703125,101.3823471069336,123.83255767822266,72.89937591552734,46.415714263916016,58.337764739990234,412.0190734863281,61.24399948120117,37.27128219604492
2022-03-03,62.73678207397461,100.6446533203125,123.32998657226562,71.4970932006836,46.171722412109375,58.993350982666016,409.96783447265625,60.55976486206055,37.326019287109375
2022-03-04,59.73184585571289,99.2906265258789,122.19210052490234,70.02713012695312,45.54295349121094,59.54875946044922,406.6370544433594,59.78879165649414,37.21653366088867
2022-03-07,57.56987762451172,97.06819915771484,118.5792465209961,66.42951965332031,43.788055419921875,58.96604537963867,394.6497497558594,57.591529846191406,36.377132415771484
2022-03-08,58.135162353515625,97.34833526611328,117.70682525634766,67.0097885131836,43.60974884033203,57.69127655029297,391.65753173828125,57.225318908691406,36.07604217529297
2022-03-09,61.19960403442383,99.49606323242188,120.85502624511719,69.59193420410156,45.06433868408203,58.146549224853516,402.1582336425781,59.3647575378418,36.65085220336914
2022-03-10,59.04755401611328,99.4213638305664,120.0680160522461,68.95365142822266,44.77342224121094,58.009971618652344,400.34228515625,58.92146301269531,36.596107482910156
2022-03-11,55.12030792236328,98.19810485839844,118.3136978149414,67.49334716796875,44.144657135009766,57.63664627075195,395.25189208984375,57.871002197265625,36.313255310058594
2022-03-14,51.85751724243164,97.1148910522461,117.15684509277344,65.90731048583984,44.27604675292969,57.85516357421875,392.36328125,57.02294158935547,36.30413818359375
2022-03-15,53.940147399902344,98.13272857666016,119.68869018554688,67.89952087402344,45.02680587768555,58.6473503112793,400.99151611328125,58.747982025146484,36.78770446777344
2022-03-16,59.543418884277344,100.58861541748047,122.27741241455078,70.84915161132812,46.171722412109375,58.811222076416016,409.88323974609375,60.56940460205078,37.28952407836914
2022-03-17,62.409515380859375,101.83055877685547,123.97481536865234,72.1353759765625,46.71601486206055,59.330230712890625,415.0111999511719,61.37892150878906,37.718353271484375
2022-03-18,65.22602081298828,102.3441390991211,125.84285736083984,73.51832580566406,47.185245513916016,59.27561569213867,419.5566711425781,62.54502868652344,37.81870651245117
2022-03-21,63.450828552246094,101.7745361328125,125.56790161132812,73.05986785888672,47.05623245239258,59.504539489746094,419.43402099609375,62.46295166015625,37.90485763549805
2022-03-22,66.41609954833984,102.20407104492188,126.83851623535156,74.10663604736328,47.658912658691406,59.550140380859375,424.3420104980469,63.51526641845703,38.143131256103516
2022-03-23,65.1268539428711,100.38318634033203,125.02734375,72.5849609375,46.73605728149414,59.276512145996094,418.8771057128906,62.607765197753906,37.712398529052734
2022-03-24,65.85081481933594,101.23333740234375,127.01685333251953,74.17446899414062,47.31991195678711,59.80551528930664,425.1914367675781,63.74697494506836,38.106483459472656
2022-03-25,63.97644805908203,101.82255554199219,127.4162826538086,73.9903335571289,47.56474304199219,60.48960494995117,427.2679138183594,63.80488967895508,38.482234954833984
2022-03-28,66.50535583496094,101.50455474853516,128.3197479248047,74.37801361083984,47.67775344848633,60.754093170166016,430.30712890625,64.66412353515625,38.491390228271484
2022-03-29,70.79954528808594,103.91754150390625,130.65924072265625,76.24861907958984,48.41225814819336,61.31960678100586,435.6303405761719,65.65850830078125,38.87630081176758
2022-03-30,68.1119613647461,101.96284484863281,129.7557830810547,74.72694396972656,47.884910583496094,61.529361724853516,432.94036865234375,64.9537353515625,38.78466033935547
2022-03-31,65.7417221069336,100.89663696289062,128.034423828125,73.62202453613281,46.999725341796875,61.191890716552734,426.27685546875,63.920745849609375,38.26227569580078
2022-04-01,66.98138427734375,101.96284484863281,128.2056427001953,73.63172149658203,47.04681396484375,61.85771560668945,427.4849853515625,63.95935821533203,38.427242279052734
2022-04-04,69.91690063476562,101.55132293701172,129.31829833984375,74.94985961914062,47.30107116699219,61.456398010253906,431.14715576171875,65.05995178222656,38.39974594116211
2022-04-05,65.9301528930664,99.25991821289062,127.60648345947266,72.90482330322266,46.698387145996094,61.59320831298828,425.7011413574219,63.91109085083008,38.15230178833008
2022-04-06,62.87562942504883,98.1656494140625,126.42720794677734,71.11175537109375,46.19929885864258,62.48708724975586,421.4443359375,62.56913757324219,38.198123931884766
2022-04-07,62.141746520996094,98.05341339111328,127.05491638183594,71.13111877441406,46.53829574584961,62.70595932006836,423.5679931640625,62.90705871582031,38.37225341796875
2022-04-08,60.148372650146484,97.49226379394531,126.5318603515625,70.51083374023438,46.63246536254883,62.82453155517578,422.4353942871094,62.26021957397461,38.54637908935547
2022-04-11,59.34507369995117,96.86563873291016,124.373046875,69.45438385009766,45.93561935424805,62.35024642944336,415.2150573730469,60.667266845703125,38.198123931884766
2022-04-12,59.34507369995117,97.43614959716797,123.84050750732422,69.24113464355469,45.681365966796875,62.27728271484375,413.67657470703125,60.37763977050781,38.12480926513672
2022-04-13,61.21944046020508,99.0261001586914,125.26702117919922,70.59807586669922,46.189876556396484,62.40494155883789,418.41473388671875,61.323760986328125,38.408912658691406
2022-04-14,58.50210189819336,98.34334564208984,123.8690185546875,69.30899810791016,45.65311813354492,62.259029388427734,413.20465087890625,60.049400329589844,38.26227569580078
2022-04-18,56.87566375732422,97.98795318603516,123.53617095947266,69.51253509521484,45.79437255859375,61.894508361816406,413.37457275390625,60.12663650512695,38.198123931884766
2022-04-19,59.176475524902344,99.88656616210938,126.07539367675781,71.3152847290039,46.41587829589844,62.61623764038086,420.04754638671875,61.294795989990234,38.683834075927734
2022-04-20,55.66575622558594,100.5880126953125,126.01830291748047,70.92760467529297,46.670135498046875,63.420196533203125,419.7360534667969,60.75415802001953,38.96795654296875
2022-04-21,52.898834228515625,98.99803924560547,123.87854766845703,68.67900085449219,45.95444869995117,63.10042190551758,413.45947265625,59.6342658996582,38.54637908935547
2022-04-22,52.0261116027832,96.5569839477539,120.5880355834961,66.70179748535156,44.69259262084961,61.79404067993164,402.1145324707031,57.86753845214844,37.53826904296875
2022-04-25,53.90047836303711,96.80952453613281,121.58659362792969,67.5450210571289,44.96568298339844,61.73921585083008,404.4458312988281,58.49506378173828,37.59325408935547
2022-04-26,50.260833740234375,93.99435424804688,118.50531005859375,64.96688842773438,43.80739974975586,60.98097229003906,392.7328186035156,56.31320571899414,36.83259582519531
2022-04-27,49.15009689331055,93.62960815429688,118.39119720458984,65.04442596435547,44.136985778808594,61.06318664550781,393.8370361328125,56.448360443115234,36.93341064453125
2022-04-28,48.46580123901367,95.49078369140625,121.73876953125,67.3996353149414,45.191688537597656,61.675254821777344,403.7851257324219,58.4178352355957,37.49245071411133
2022-04-29,46.740196228027344,92.98426818847656,117.43069458007812,65.17041015625,43.6567268371582,59.70195770263672,388.8630065917969,55.84980010986328,36.38353729248047
2022-05-02,49.71538162231445,93.66702270507812,118.46729278564453,66.45948791503906,43.863914489746094,59.05332565307617,391.2037048339844,56.5545654296875,36.38353729248047
2022-05-03,49.4575309753418,94.66775512695312,118.78113555908203,67.27362060546875,44.22174072265625,59.27256393432617,392.99700927734375,56.747657775878906,36.575992584228516
2022-05-04,51.996360778808594,97.07140350341797,122.53761291503906,69.68699645996094,45.587196350097656,60.51504135131836,404.96490478515625,58.6591796875,37.59325408935547
2022-05-05,47.35506820678711,93.6015396118164,117.6303939819336,66.48855590820312,43.9957389831543,59.45530319213867,390.57135009765625,55.83049392700195,36.68595886230469
2022-05-06,45.252601623535156,92.600830078125,116.32750701904297,65.2382583618164,43.61906433105469,59.47356414794922,388.2400207519531,55.35742950439453,36.59431076049805
2022-05-09,40.78982162475586,89.99141693115234,112.89437866210938,61.44861602783203,42.33835983276367,58.95282745361328,375.80963134765625,53.18522644042969,35.65035629272461
2022-05-10,40.740234375,89.43961334228516,113.05603790283203,61.875064849853516,42.27244567871094,58.422943115234375,376.6780090332031,53.667938232421875,35.53122329711914
2022-05-11,36.62455749511719,87.9151382446289,111.11597442626953,59.98509216308594,41.65093231201172,58.477752685546875,370.69403076171875,52.14257049560547,35.32959747314453
2022-05-12,38.66752243041992,89.03743743896484,111.60099792480469,60.26616287231445,41.66033935546875,58.477752685546875,370.30706787109375,51.96879959106445,35.40291976928711
2022-05-13,43.23938751220703,91.15116119384766,114.33039855957031,63.202911376953125,42.50786590576172,59.144683837890625,379.16021728515625,53.667938232421875,35.952796936035156
2022-05-16,40.680728912353516,90.87992095947266,113.94047546386719,62.24337387084961,42.376033782958984,59.217769622802734,377.6217956542969,53.165924072265625,35.99861145019531
2022-05-17,42.72369384765625,93.5921859741211,116.06124877929688,64.34657287597656,43.30830383300781,59.574039459228516,385.3896789550781,54.469242095947266,36.56682586669922
2022-05-18,40.82948684692383,90.69287109375,110.71656799316406,61.545528411865234,41.73568344116211,57.609867095947266,369.8539123535156,51.9108772277832,35.38459014892578
2022-05-19,42.674102783203125,90.23458099365234,109.72750854492188,61.94291305541992,41.44375228881836,57.16222381591797,367.58880615234375,51.630897521972656,35.118812561035156
2022-05-20,42.05923080444336,89.87919616699219,110.29810333251953,61.98167419433594,41.48142623901367,57.29012680053711,367.7492370605469,51.55366897583008,35.16463088989258
2022-05-23,41.791465759277344,90.82381439208984,112.10503387451172,62.34028625488281,42.611454010009766,58.01495361328125,374.6298522949219,52.586666107177734,35.7970085144043
2022-05-24,38.88570022583008,89.8043441772461,111.06843566894531,60.1595344543457,42.27244567871094,58.774593353271484,371.77008056640625,51.61159133911133,35.897804260253906
2022-05-25,40.69064712524414,91.66554260253906,112.30474853515625,61.70060729980469,42.71504211425781,58.78374099731445,375.0545654296875,52.200496673583984,36.15441131591797
2022-05-26,42.27741241455078,93.5921859741211,115.16726684570312,64.28842163085938,43.66614532470703,59.049137115478516,382.5486755371094,53.523128509521484,36.66762924194336
2022-05-27,45.034420013427734,95.77135467529297,118.25807189941406,66.59517669677734,44.654930114746094,59.881980895996094,391.93988037109375,55.32847595214844,37.29082489013672
2022-05-31,43.725337982177734,94.72386932373047,117.23096466064453,66.06210327148438,44.36299133300781,59.38776779174805,389.74072265625,55.116085052490234,36.97922897338867
2022-06-01,42.14848709106445,94.46200561523438,115.85200500488281,65.04442596435547,43.83565139770508,58.95762252807617,386.58831787109375,54.72025680541992,36.66762924194336
2022-06-02,45.252601623535156,96.30447387695312,118.59092712402344,67.6225357055664,44.5890007019043,59.2870979309082,393.95025634765625,56.13943099975586,37.13502883911133
2022-06-03,42.80302810668945,95.40662384033203,116.75547790527344,66.0718002319336,44.01457595825195,58.82033157348633,387.48492431640625,54.778175354003906,36.79595184326172
2022-06-06,43.13030242919922,96.01453399658203,117.0122299194336,66.49824523925781,44.1275749206543,58.82951354980469,388.6648254394531,55.0291862487793,36.860084533691406
2022-06-07,44.409629821777344,97.05266571044922,118.22001647949219,67.23485565185547,44.54192352294922,59.38776779174805,392.3929443359375,55.52155685424805,37.208343505859375
2022-06-08,45.609622955322266,95.43466186523438,116.90763092041016,66.24626159667969,44.023990631103516,58.48171615600586,388.126708984375,55.019535064697266,36.76844787597656
2022-06-09,42.84270095825195,93.66365051269531,114.15164947509766,64.33685302734375,42.84687805175781,57.310264587402344,378.8960266113281,53.581058502197266,35.980281829833984
2022-06-10,39.778255462646484,91.29977416992188,110.6971435546875,61.526145935058594,41.36843490600586,56.779422760009766,367.90966796875,51.621246337890625,35.192134857177734
2022-06-13,36.2774543762207,87.26618957519531,106.2120132446289,57.49419403076172,39.7863883972168,55.0863151550293,353.9407958984375,49.40076446533203,33.99156188964844
2022-06-14,36.68406295776367,86.99417877197266,105.92571258544922,57.54264450073242,39.682804107666016,54.299217224121094,352.874267578125,49.468345642089844,33.734962463378906
2022-06-15,39.09395980834961,87.82901763916016,107.36669158935547,58.88985824584961,40.1065559387207,54.55548095703125,357.9049987792969,50.58824157714844,33.982398986816406
2022-06-16,36.67414474487305,83.51400756835938,103.60679626464844,55.39097595214844,38.75052261352539,53.74094009399414,346.0596618652344,48.724971771240234,33.02927780151367
2022-06-17,38.47909164428711,84.02994537353516,103.65450286865234,56.37958526611328,38.807029724121094,53.576202392578125,346.80572509765625,49.08218002319336,32.92847442626953
2022-06-21,40.16503143310547,85.34318542480469,105.86845397949219,57.35919189453125,39.74481201171875,54.70684814453125,355.5361633300781,50.389835357666016,33.67726516723633
2022-06-22,40.76998519897461,85.16497802734375,105.68714904785156,57.19414520263672,39.432533264160156,54.963592529296875,354.8914794921875,50.380149841308594,33.57582473754883
2022-06-23,43.66583251953125,85.81224060058594,107.21400451660156,58.05821990966797,39.52717208862305,55.81637954711914,358.370361328125,51.2028923034668,33.723365783691406
2022-06-24,45.45094680786133,88.42935943603516,110.75438690185547,60.76696014404297,40.81414031982422,57.00845718383789,369.7643737792969,52.964500427246094,34.645530700683594
2022-06-27,44.429466247558594,89.16104125976562,110.27725982666016,60.291229248046875,40.7668342590332,57.19184875488281,368.3519592285156,52.60636520385742,34.654754638671875
2022-06-28,41.82121658325195,87.8384017944336,107.47166442871094,58.69899368286133,40.18012237548828,56.614166259765625,360.82550048828125,51.04801940917969,34.25823211669922
2022-06-29,41.16667556762695,87.05045318603516,107.27127075195312,57.6795768737793,40.057098388671875,56.79754638671875,360.53167724609375,51.17384719848633,34.110679626464844
2022-06-30,39.5501594543457,86.68460845947266,106.62232208251953,56.90288543701172,39.74481201171875,56.852569580078125,357.6025695800781,50.602779388427734,33.95391082763672
2022-07-01,40.87907791137695,87.50069427490234,107.18536376953125,57.3689079284668,40.01924133300781,57.75118637084961,361.3847351074219,50.960906982421875,34.37809753417969
2022-07-05,44.598060607910156,87.56636810302734,107.91062927246094,58.27181625366211,39.87730026245117,56.80670928955078,362.06732177734375,51.686851501464844,34.0645637512207
2022-07-06,43.596412658691406,86.5814208984375,108.50227355957031,57.95142364501953,40.04763412475586,57.19184875488281,363.2900695800781,52.03529739379883,34.07379150390625
2022-07-07,46.44267654418945,88.11042785644531,110.38221740722656,59.77666473388672,40.615421295166016,57.10015869140625,368.7311096191406,53.07096862792969,34.42420959472656
2022-07-08,46.47242736816406,87.93221282958984,110.24861907958984,59.572792053222656,40.59649658203125,56.971771240234375,368.4278259277344,53.1290397644043,34.35044479370117
2022-07-11,43.25922393798828,86.74087524414062,108.96989440917969,58.07763671875,40.23690414428711,57.017608642578125,364.218994140625,52.20951461791992,34.14755630493164
2022-07-12,43.953433990478516,86.60956573486328,107.91062927246094,57.66987609863281,39.90569305419922,56.71501541137695,360.99609375,51.473907470703125,33.99079895019531
2022-07-13,43.64599609375,86.38442993164062,107.4430160522461,57.543663024902344,39.76374435424805,56.43076705932617,359.1002502441406,51.30936050415039,33.78791809082031
2022-07-14,42.74352264404297,85.58709716796875,107.40486907958984,57.19414520263672,39.66912078857422,56.12815856933594,358.2281799316406,51.41582107543945,33.538936614990234
2022-07-15,43.745174407958984,87.36939239501953,109.24662780761719,58.786376953125,40.42616271972656,56.67832946777344,365.0721130371094,52.374061584472656,34.18445587158203
2022-07-18,43.60633087158203,87.35997772216797,108.44503021240234,58.932010650634766,40.170654296875,55.96454620361328,362.057861328125,51.89978790283203,33.95391082763672
2022-07-19,45.42119216918945,90.44617462158203,111.59416198730469,61.407737731933594,41.306217193603516,56.73621368408203,371.8403015136719,53.4871711730957,34.75618362426758
2022-07-20,47.72200393676758,91.75940704345703,112.73931121826172,62.9708366394043,41.54280090332031,56.39631271362305,374.2101135253906,54.193756103515625,34.728519439697266
2022-07-21,48.555057525634766,91.96578216552734,113.66497802734375,63.66016387939453,41.807762145996094,56.64434814453125,378.02069091796875,55.10358810424805,34.89451599121094
2022-07-22,45.86747360229492,91.15906524658203,112.30035400390625,62.39801788330078,41.419776916503906,56.93832015991211,374.513427734375,54.193756103515625,34.7930793762207
2022-07-25,45.272438049316406,91.68437194824219,112.12857055664062,62.19414138793945,41.52386474609375,57.28740310668945,374.96844482421875,53.9904899597168,35.00516891479492
2022-07-26,43.11046600341797,91.19658660888672,110.59217834472656,60.80579376220703,41.126426696777344,57.53544998168945,370.5322265625,52.964500427246094,34.829959869384766
2022-07-27,45.99639892578125,93.26028442382812,113.40730285644531,63.5145378112793,42.01594924926758,57.82941818237305,380.1535949707031,55.07456588745117,35.300262451171875
2022-07-28,45.79805374145508,94.5266342163086,115.21092987060547,64.97084045410156,42.508026123046875,58.96855926513672,384.9215393066406,55.85857009887695,35.6783561706543
2022-07-29,44.756736755371094,95.29582977294922,116.44194030761719,65.84461212158203,43.04743194580078,59.26253128051758,390.5332946777344,57.05879592895508,35.94578170776367
2022-08-01,45.312103271484375,95.58663940429688,116.14608764648438,65.9708480834961,42.88654708862305,59.10634994506836,389.37677001953125,56.845855712890625,35.86278533935547
2022-08-02,46.52201461791992,94.75177764892578,115.16320037841797,66.00968170166016,42.52695083618164,58.784812927246094,386.80792236328125,56.49739456176758,35.613792419433594
2022-08-03,49.34844207763672,95.66168212890625,116.65189361572266,67.11647033691406,43.028499603271484,59.05122756958008,392.86517333984375,57.81376266479492,35.89966583251953
2022-08-04,49.75505065917969,94.83619689941406,116.92862701416016,67.38831329345703,42.95278549194336,58.959373474121094,392.5997619628906,58.046077728271484,35.71522903442383
2022-08-05,49.65587615966797,95.323974609375,116.72821807861328,67.28150177001953,43.03794860839844,58.922611236572266,391.9361267089844,57.726654052734375,35.77056884765625
2022-08-08,50.37984085083008,95.9430923461914,116.66143035888672,67.39801788330078,42.97172164916992,59.10634994506836,391.4811706542969,57.54275131225586,35.816673278808594
2022-08-09,47.632747650146484,94.61107635498047,115.5353775024414,65.81550598144531,42.75406265258789,59.51057434082031,389.92657470703125,57.05879592895508,35.816673278808594
2022-08-10,51.143470764160156,96.6466064453125,118.4364013671875,68.26209259033203,43.615203857421875,60.070945739746094,398.11663818359375,58.636505126953125,36.351524353027344
2022-08-11,49.507118225097656,97.30325317382812,118.04515075683594,68.40773010253906,43.73822784423828,60.04338073730469,398.11663818359375,58.38484191894531,36.50829315185547
2022-08-12,51.579830169677734,99.03865051269531,120.03960418701172,70.01937866210938,44.391170501708984,60.870174407958984,404.8563537597656,59.54633331298828,37.02470779418945
2022-08-15,51.75834274291992,99.46076965332031,120.48812103271484,70.12619018554688,44.45741653442383,61.292755126953125,406.5246887207031,59.87544250488281,37.12614440917969
2022-08-16,50.32033920288086,99.9016342163086,120.69805908203125,70.08734893798828,44.495269775390625,61.57753372192383,407.3209228515625,59.84640121459961,37.28290939331055
2022-08-17,47.632747650146484,98.5414810180664,119.66741943359375,68.7281265258789,44.21137237548828,61.5407829284668,404.4298095703125,59.3914794921875,37.043148040771484
2022-08-18,47.10713577270508,99.39508819580078,120.24000549316406,69.08735656738281,44.55204772949219,61.5407829284668,405.60516357421875,59.507625579833984,37.1722526550293
2022-08-19,44.32037353515625,97.59407043457031,118.3696060180664,67.05821990966797,43.97480392456055,61.31110382080078,400.1546630859375,58.423553466796875,36.85871505737305
2022-08-22,43.24930953979492,95.42718505859375,115.98387908935547,64.82520294189453,43.11366653442383,60.46819305419922,391.8224182128906,56.95232009887695,36.24086380004883
2022-08-23,43.01129150390625,95.36150360107422,115.62126922607422,65.1358871459961,43.151512145996094,60.00807189941406,390.87451171875,56.82648849487305,36.15787124633789
2022-08-24,44.1319465637207,95.62416076660156,115.97434997558594,65.8640365600586,43.24614715576172,60.173728942871094,392.1257629394531,56.971675872802734,36.29619598388672
2022-08-25,45.40135955810547,97.43460083007812,118.0069808959961,67.533935546875,43.88017654418945,60.55103302001953,397.66168212890625,57.900882720947266,36.71116638183594
2022-08-26,42.48567581176758,94.34842681884766,113.62680053710938,64.4756851196289,42.479637145996094,59.235084533691406,384.2012023925781,55.58755874633789,35.71522903442383
2022-08-29,41.781551361083984,93.46664428710938,112.52935791015625,63.84463119506836,42.18628692626953,59.15226745605469,381.66070556640625,55.006813049316406,35.5953483581543
2022-08-30,41.56336975097656,92.05022430419922,111.38422393798828,63.23297119140625,41.67528533935547,58.48970413208008,377.4709167480469,54.397010803222656,35.180389404296875
2022-08-31,41.53361892700195,91.1778335571289,110.45858764648438,62.6019172668457,41.419776916503906,58.15842056274414,374.5987243652344,54.000179290771484,34.93140411376953
2022-09-01,41.374942779541016,90.0896987915039,110.6875991821289,62.26210403442383,41.4576301574707,58.682960510253906,375.7742004394531,54.13568115234375,35.05127716064453
2022-09-02,40.25428771972656,89.4237060546875,109.57109069824219,61.85434341430664,41.079105377197266,58.02958679199219,371.8118896484375,53.42910385131836,34.774635314941406
2022-09-06,39.7584228515625,88.26990509033203,109.46609497070312,61.54365158081055,40.95608901977539,57.983585357666016,370.4089660644531,53.21615219116211,34.645530700683594
2022-09-07,41.127010345458984,89.7989273071289,111.41285705566406,63.34947967529297,41.50494384765625,59.244300842285156,377.06329345703125,54.23247146606445,35.22649383544922
2022-09-08,42.34683609008789,90.20227813720703,112.26216125488281,64.38831329345703,41.779361724853516,59.29951858520508,379.5278625488281,54.59060287475586,35.43858337402344
2022-09-09,44.231117248535156,91.9376449584961,114.21845245361328,65.77666473388672,42.508026123046875,59.65839385986328,385.4239807128906,55.66498947143555,35.8812255859375
2022-09-12,45.302188873291016,93.05389404296875,114.91509246826172,66.52423095703125,42.90547561645508,60.090911865234375,389.56634521484375,56.36189270019531,36.19475555419922
2022-09-13,42.22782897949219,89.48933410644531,109.69512176513672,63.12617874145508,41.135887145996094,58.360877990722656,372.6270751953125,53.42910385131836,34.922183990478516
2022-09-14,43.38814926147461,89.5268783569336,109.8192138671875,63.572784423828125,41.306217193603516,58.360877990722656,374.0489807128906,53.680763244628906,35.01438903808594
2022-09-15,44.3402099609375,88.7576904296875,108.27326202392578,63.09705352783203,40.74789810180664,57.67988967895508,369.8022155761719,52.858028411865234,34.76541519165039
2022-09-16,42.22782897949219,88.13858032226562,107.45256805419922,62.32036209106445,40.47346878051758,57.606285095214844,366.9810485839844,52.451499938964844,34.48876190185547
2022-09-19,42.138572692871094,89.14227294921875,108.17782592773438,62.97254180908203,40.746376037597656,57.960304260253906,369.8269958496094,52.882320404052734,34.722537994384766
2022-09-20,41.09725570678711,88.04476165771484,106.65097045898438,61.757598876953125,40.356510162353516,57.15823745727539,365.5819396972656,52.36805725097656,34.28653335571289
2022-09-21,40.00635528564453,87.02227783203125,104.95233917236328,60.41630935668945,39.71940231323242,56.56821823120117,359.20477294921875,51.446250915527344,33.73920822143555
2022-09-22,38.2906608581543,85.18373107910156,103.90262603759766,58.647361755371094,39.43413162231445,56.47602844238281,356.1875,50.941680908203125,33.488739013671875
2022-09-23,37.51711654663086,83.34517669677734,102.38532257080078,57.38383483886719,38.67340087890625,55.922882080078125,350.2196960449219,50.13631820678711,32.87648010253906
2022-09-26,37.12042236328125,82.06758117675781,101.25366973876953,56.65487289428711,38.27402877807617,55.13004684448242,346.7550964355469,49.8258171081543,32.43119430541992
2022-09-27,37.89397048950195,82.13358306884766,101.10980987548828,57.07280349731445,38.13138961791992,54.4386100769043,345.8699035644531,49.8258171081543,32.27349853515625
2022-09-28,39.65924835205078,84.3681869506836,103.51696014404297,58.744564056396484,38.882606506347656,55.17613983154297,352.67535400390625,50.76702880859375,32.92285919189453
2022-09-29,37.487361907958984,82.68985748291016,101.387939453125,57.014488220214844,38.27402877807617,54.04220199584961,345.30828857421875,49.466793060302734,32.40336990356445
2022-09-30,37.417938232421875,82.20901489257812,99.68086242675781,55.780113220214844,37.789066314697266,53.31389617919922,339.9685974121094,48.6129264831543,31.995201110839844
2022-10-03,37.5865364074707,84.28333282470703,102.45244598388672,57.42270278930664,38.9111328125,54.567691802978516,348.9442138671875,49.767601013183594,32.85792541503906
2022-10-04,40.452632904052734,87.48909759521484,105.41582489013672,60.367713928222656,40.061729431152344,55.59098815917969,359.7568054199219,51.349220275878906,33.85053634643555
2022-10-05,39.70883560180664,86.93279266357422,105.43502044677734,60.24135208129883,40.1187858581543,54.93644332885742,358.919189453125,51.320106506347656,33.73920822143555
2022-10-06,39.8377571105957,86.47079467773438,104.53353118896484,59.99836730957031,39.88105010986328,53.7471923828125,355.2166442871094,50.90287399291992,33.31248474121094
2022-10-07,37.2195930480957,84.33047485351562,101.59893035888672,57.84064483642578,38.949161529541016,52.723876953125,345.30828857421875,49.07868576049805,32.672401428222656
2022-10-10,35.9997673034668,84.33989715576172,101.00432586669922,56.538230895996094,38.52125549316406,52.80684280395508,342.6717224121094,48.56441116333008,32.49613952636719
2022-10-11,35.35514450073242,84.55675506591797,100.4193115234375,55.47880935668945,38.10286331176758,53.10184860229492,340.5016174316406,48.001625061035156,32.41264343261719
2022-10-12,35.82125473022461,84.0004653930664,100.026123046875,55.5176887512207,38.03630065917969,52.474945068359375,339.3784484863281,47.95310592651367,32.27349853515625
2022-10-13,35.741920471191406,86.15020751953125,102.12638854980469,56.42159652709961,39.15837097167969,53.784053802490234,348.33514404296875,49.12718963623047,33.164058685302734
2022-10-14,33.7088737487793,84.17018127441406,99.5657958984375,54.66238021850586,38.19795227050781,52.9359016418457,340.3970031738281,47.68141555786133,32.598182678222656
2022-10-17,36.079105377197266,86.49907684326172,102.18389892578125,56.36328887939453,38.977691650390625,53.88548278808594,349.14410400390625,49.292144775390625,33.21971893310547
2022-10-18,36.66422653198242,87.50794219970703,103.35391998291016,57.276912689208984,39.38658142089844,54.61378860473633,353.2464294433594,49.777305603027344,33.65571975708008
2022-10-19,35.087379455566406,86.20680236816406,102.5099868774414,56.58683395385742,39.28199005126953,54.11594772338867,350.7431335449219,49.39888000488281,33.43307113647461
2022-10-20,34.95845031738281,84.94332885742188,101.70439910888672,56.32440185546875,39.02524948120117,53.341556549072266,347.8020935058594,49.03015899658203,33.145503997802734
2022-10-21,35.58324432373047,86.97049713134766,104.2841796875,57.97672653198242,39.92859649658203,54.22657775878906,356.254150390625,50.27217102050781,33.915470123291016
2022-10-24,35.136962890625,87.72480773925781,105.55968475341797,58.394657135009766,40.37553405761719,54.85931396484375,360.6134338378906,50.88346862792969,34.30508804321289
2022-10-25,37.49728012084961,89.78970336914062,107.83257293701172,60.163597106933594,40.946075439453125,55.52438735961914,366.3719482421875,51.90229797363281,34.722537994384766
2022-10-26,37.57661819458008,90.16683959960938,107.3722152709961,59.99836730957031,40.9745979309082,55.616764068603516,363.6116638183594,50.78643798828125,34.93588638305664
2022-10-27,37.55678176879883,90.45913696289062,106.4419937133789,59.648468017578125,40.613250732421875,55.89387893676758,361.66998291015625,50.01987838745117,35.02866744995117
2022-10-28,38.56834411621094,92.34488677978516,108.96421813964844,61.12582015991211,41.64023208618164,57.25172805786133,370.2743225097656,51.3104133605957,35.80790710449219
2022-10-31,37.9633903503418,92.3260269165039,107.94763946533203,60.63013458251953,41.316932678222656,57.03004837036133,367.5997619628906,50.80583572387695,35.64092254638672
2022-11-01,37.97330856323242,92.6937484741211,107.9092788696289,60.90228271484375,41.450050354003906,57.03004837036133,365.9912414550781,50.2624626159668,35.68731689453125
2022-11-02,36.138607025146484,89.57283782958984,104.89795684814453,58.84175491333008,40.489627838134766,56.28183364868164,356.8061828613281,48.58380889892578,35.065773010253906
2022-11-03,35.900596618652344,89.06368255615234,103.93891906738281,58.24885940551758,40.01417922973633,56.18022537231445,353.1321716308594,47.710533142089844,34.94517135620117
2022-11-04,34.92870330810547,90.45913696289062,105.6268081665039,59.37632751464844,40.73686981201172,56.697509765625,358.21484375,48.40916061401367,35.41828918457031
2022-11-07,34.70060348510742,91.3454360961914,106.84478759765625,59.80398178100586,41.316932678222656,56.706748962402344,361.64141845703125,48.923431396484375,35.69658279418945
2022-11-08,34.56175994873047,91.4774398803711,107.47772979736328,60.6107063293457,41.592689514160156,57.048526763916016,363.5926208496094,49.18540573120117,35.900672912597656
2022-11-09,32.30061721801758,89.3559799194336,105.2527847290039,58.987545013427734,40.72736358642578,56.51277160644531,356.10186767578125,48.040443420410156,35.26057815551758
2022-11-10,36.99149703979492,94.6172103881836,112.04266357421875,64.22634887695312,42.838382720947266,58.19392395019531,375.6711730957031,51.591796875,36.62425231933594
2022-11-11,40.06585693359375,95.13577270507812,113.64424896240234,66.0633316040039,43.22825241088867,57.547325134277344,379.30712890625,52.445682525634766,36.744850158691406
2022-11-14,38.58818054199219,94.20233917236328,112.71399688720703,65.07194519042969,42.9429817199707,57.19630432128906,376.08038330078125,51.91200637817383,36.512935638427734
2022-11-15,39.6394157409668,95.41864013671875,113.97988891601562,66.4132308959961,43.3899040222168,57.491905212402344,379.2880554199219,52.48448944091797,36.72629928588867
2022-11-16,37.59645080566406,93.84404754638672,112.36873626708984,64.58596801757812,42.87641906738281,57.77825927734375,376.3945007324219,51.970218658447266,36.54076385498047
2022-11-17,36.812984466552734,93.4668960571289,112.1673583984375,64.02224731445312,42.923954010009766,57.52885437011719,375.2427978515625,51.74705505371094,36.43871307373047
2022-11-18,36.25761795043945,94.1080551147461,112.5893325805664,64.02224731445312,43.08561325073242,58.31401062011719,376.94659423828125,51.805259704589844,36.735572814941406
2022-11-21,34.90886688232422,93.80632019042969,111.97554016113281,63.29328155517578,42.971500396728516,58.819278717041016,375.57598876953125,51.30070495605469,36.80978012084961
2022-11-22,35.0179557800293,94.94720458984375,113.80726623535156,64.43045806884766,43.64665603637695,59.18019485473633,380.6300964355469,52.0478515625,37.26434326171875
2022-11-23,36.01960372924805,95.06035614013672,114.53614807128906,65.09137725830078,43.817813873291016,59.43930435180664,383.0287170410156,52.562110900878906,37.38493728637695
2022-11-25,35.702247619628906,95.26779174804688,114.32515716552734,64.94556427001953,43.78929138183594,59.75395202636719,382.9429626464844,52.36805725097656,37.48698043823242
2022-11-28,34.70060348510742,93.42918395996094,112.77153778076172,63.61400604248047,43.000038146972656,59.170928955078125,376.8323974609375,51.47536087036133,36.94893264770508
2022-11-29,34.51217269897461,93.76861572265625,112.70441436767578,63.72092819213867,42.971500396728516,59.12467956542969,376.1851806640625,51.12604522705078,37.05097961425781
2022-11-30,37.17000961303711,96.02207946777344,116.27195739746094,66.3646240234375,44.25522994995117,60.27217483520508,388.0351867675781,53.34806823730469,37.765281677246094
2022-12-01,37.5865364074707,95.90895080566406,116.24319458007812,66.53958892822266,44.198177337646484,60.36471939086914,387.7496643066406,53.435401916503906,37.71889114379883
2022-12-02,37.844383239746094,96.2955093383789,116.20484161376953,66.23827362060547,44.11259460449219,60.48503112792969,387.3022766113281,53.2801513671875,37.72816848754883
2022-12-05,35.771671295166016,93.60832977294922,114.29637145996094,64.62484741210938,43.304325103759766,59.827980041503906,380.3350524902344,52.24190902709961,37.106632232666016
2022-12-06,34.33366012573242,92.71260833740234,112.43586730957031,63.34187316894531,42.58163833618164,59.70766830444336,374.8525695800781,51.242488861083984,36.735572814941406
2022-12-07,34.065895080566406,92.3260269165039,112.2920150756836,63.06001281738281,42.524574279785156,59.7261962890625,374.2149353027344,51.02901840209961,36.698463439941406
2022-12-08,34.869197845458984,92.75973510742188,113.241455078125,63.9736328125,42.838382720947266,60.09636306762695,377.1464538574219,51.61119842529297,36.88400650024414
2022-12-09,34.3634147644043,91.76972198486328,112.1865234375,63.46824264526367,42.562618255615234,59.66141128540039,374.3291015625,51.2521858215332,36.62425231933594
2022-12-12,35.0179557800293,92.75973510742188,114.0566177368164,64.51791381835938,43.180702209472656,60.46651840209961,379.7258605957031,51.92170333862305,37.153018951416016
2022-12-13,34.99812316894531,93.0740966796875,115.04940795898438,65.44127655029297,43.523033142089844,60.48503112792969,382.6003723144531,52.552406311035156,37.30144119262695
2022-12-14,34.64109802246094,92.36395263671875,114.58719635009766,64.86782836914062,43.27579116821289,60.35547637939453,380.1541748046875,52.193397521972656,37.106632232666016
2022-12-15,32.94524383544922,90.13887786865234,111.62139892578125,62.77812957763672,42.2583122253418,59.49483871459961,370.8550109863281,50.572967529296875,36.410888671875
2022-12-16,32.98490905761719,89.31515502929688,110.32146453857422,61.913116455078125,41.944515228271484,58.86555862426758,366.47662353515625,49.86463165283203,36.049102783203125
2022-12-19,31.953514099121094,88.68077087402344,109.13707733154297,60.8148193359375,41.63382339477539,58.685691833496094,363.3690185546875,49.446258544921875,35.73921203613281
2022-12-20,31.9039249420166,88.97428131103516,109.31039428710938,60.756404876708984,41.77722930908203,58.694969177246094,363.8662109375,49.426795959472656,35.832557678222656
2022-12-21,32.43946075439453,90.3566665649414,111.26512908935547,62.07084655761719,42.36994552612305,59.483009338378906,369.30694580078125,50.15652084350586,36.38324737548828
2022-12-22,31.338642120361328,89.23941040039062,109.5511245727539,60.454566955566406,41.74854278564453,59.20487594604492,364.03839111328125,49.28085708618164,35.98189163208008
2022-12-23,30.713850021362305,89.82645416259766,110.19629669189453,60.58114242553711,42.04490280151367,59.603538513183594,366.1324157714844,49.52410125732422,36.20590591430664
2022-12-27,29.533695220947266,89.77910614013672,109.84964752197266,59.889835357666016,42.03534698486328,59.853843688964844,364.6884765625,49.15436553955078,36.20590591430664
2022-12-28,29.394851684570312,88.07479858398438,108.38600158691406,58.89670944213867,41.49998474121094,59.241966247558594,360.15625,48.54139709472656,35.80454635620117
2022-12-29,30.91219711303711,90.01581573486328,110.28292846679688,60.83429718017578,42.140506744384766,59.705501556396484,366.6391906738281,49.37814712524414,36.429908752441406
2022-12-30,30.981618881225586,89.60867309570312,109.73409271240234,60.68824768066406,42.06401443481445,59.241966247558594,365.67340087890625,49.30031204223633,36.299251556396484
2023-01-03,30.20806884765625,89.47611236572266,109.42595672607422,60.52272033691406,41.719871520996094,59.214141845703125,364.13397216796875,48.70680618286133,36.48591613769531
2023-01-04,31.517152786254883,90.55549621582031,110.31183624267578,62.23637008666992,42.01622772216797,59.65916442871094,366.9451904296875,48.83328628540039,36.9339485168457
2023-01-05,30.763439178466797,89.7696304321289,109.03116607666016,61.36006546020508,41.75810241699219,58.86185073852539,362.7570495605469,48.26896286010742,36.54193115234375
2023-01-06,31.110544204711914,91.8810806274414,111.8332290649414,63.034759521484375,42.905303955078125,60.1783332824707,371.0758361816406,49.329498291015625,37.38197326660156
2023-01-09,32.53863525390625,91.87162780761719,111.74658203125,63.89159393310547,42.81926727294922,59.770416259765625,370.865478515625,49.329498291015625,37.38197326660156
2023-01-10,33.34193420410156,93.05516052246094,112.5554428100586,64.7776107788086,43.077392578125,59.826053619384766,373.46630859375,49.64085388183594,37.67131805419922
2023-01-11,34.472503662109375,94.10614776611328,114.17313385009766,65.86811065673828,43.45022964477539,60.280311584472656,378.1899108886719,50.32192611694336,38.091339111328125
2023-01-12,35.196468353271484,95.43172454833984,114.71234893798828,66.49127197265625,43.61274337768555,59.928016662597656,379.5668029785156,50.487335205078125,38.25001525878906
2023-01-13,35.69233322143555,96.01876068115234,114.96273040771484,66.79309844970703,43.69878005981445,59.918731689453125,381.039306640625,50.701385498046875,38.39002227783203
2023-01-17,36.733646392822266,95.67790222167969,114.72197723388672,67.12416076660156,43.622310638427734,59.71478271484375,380.3412780761719,50.75003433227539,38.194007873535156
2023-01-18,35.65266418457031,94.17240905761719,113.1235580444336,66.37442016601562,42.981781005859375,58.43537139892578,374.33642578125,50.049503326416016,37.52198028564453
2023-01-19,34.50225830078125,93.36762237548828,112.15101623535156,65.07946014404297,42.72365951538086,58.027462005615234,371.611328125,49.79651641845703,37.157955169677734
2023-01-20,36.19811248779297,94.76893615722656,114.40423583984375,67.20201873779297,43.40242004394531,58.45391845703125,378.5340576171875,50.75003433227539,37.79265594482422
2023-01-23,37.76504898071289,95.81044006347656,115.92564392089844,69.1785659790039,43.82305908203125,58.535648345947266,383.07598876953125,51.40192794799805,38.240684509277344
2023-01-24,37.17000961303711,95.47906494140625,115.84861755371094,68.79883575439453,43.813507080078125,58.73999786376953,382.664794921875,51.36300277709961,38.21268081665039
2023-01-25,37.19975662231445,95.71577453613281,115.71381378173828,68.9156723022461,43.75614929199219,58.8235969543457,382.8082275390625,51.2851676940918,38.25934600830078
2023-01-26,37.95347595214844,96.39749145507812,116.95597076416016,70.01591491699219,44.253273010253906,58.88862228393555,387.0153503417969,51.966251373291016,38.59537124633789
2023-01-27,40.055938720703125,96.78570556640625,117.2352294921875,70.40538024902344,44.0811882019043,58.75858688354492,387.9046630859375,52.141380310058594,38.651371002197266
2023-01-30,38.19148635864258,95.71577453613281,115.65603637695312,68.90592956542969,43.564945220947266,58.656410217285156,383.0377502441406,51.33382034301758,38.287349700927734
2023-01-31,39.59974670410156,98.13021087646484,117.58186340332031,70.49301147460938,44.09074401855469,59.27872848510742,388.66961669921875,52.06353759765625,38.828712463378906
2023-02-01,41.34518814086914,99.65461730957031,118.99735260009766,72.60585021972656,44.41579055786133,59.325164794921875,392.8003845214844,52.65705108642578,39.22072982788086
2023-02-02,44.04269027709961,101.9554443359375,121.52020263671875,74.84526062011719,44.96070861816406,59.17655563354492,398.5184020996094,53.279754638671875,39.92076110839844
2023-02-03,42.4955940246582,101.68086242675781,120.12396240234375,73.36530303955078,44.72170639038086,58.66569519042969,394.282470703125,52.91975402832031,39.35140609741211
2023-02-06,41.89064025878906,99.99547576904297,119.06476593017578,72.3624267578125,44.482704162597656,58.916473388671875,391.872802734375,52.627864837646484,39.10873031616211
2023-02-07,42.62451934814453,100.69612884521484,120.51875305175781,73.81318664550781,45.132781982421875,58.94435119628906,396.99798583984375,53.48407745361328,39.46340560913086
2023-02-08,41.394775390625,99.17172241210938,118.84329223632812,72.66426086425781,44.53050994873047,58.46134567260742,392.65692138671875,52.832183837890625,39.09006118774414
2023-02-09,40.16503143310547,97.89349365234375,117.64926147460938,72.2164077758789,44.27238464355469,57.92263412475586,389.2528991699219,52.48191452026367,38.670040130615234
2023-02-10,38.82619857788086,98.12073516845703,117.83222961425781,71.3303451538086,44.49226760864258,58.6285400390625,390.1612854003906,52.6084098815918,38.75403594970703
2023-02-13,39.49065399169922,99.3895034790039,119.54622650146484,72.55715942382812,44.99894332885742,59.055809020996094,394.7413635253906,53.13380813598633,39.239402770996094
2023-02-14,40.482383728027344,99.06755828857422,119.38253021240234,73.22898864746094,44.941585540771484,58.47991943359375,394.5597229003906,53.231109619140625,39.16472625732422
2023-02-15,42.86253356933594,100.00494384765625,119.44029235839844,73.93976593017578,44.88422775268555,58.63782501220703,395.8410949707031,53.35758590698242,39.29540252685547
2023-02-16,41.67245864868164,99.34217071533203,117.79369354248047,72.2164077758789,44.35842514038086,58.28487014770508,390.39080810546875,52.550025939941406,38.828712463378906
2023-02-17,41.5137825012207,99.51258087158203,117.32186126708984,71.3498306274414,44.06206512451172,58.95363998413086,389.41546630859375,52.326236724853516,38.79137420654297
2023-02-21,38.9848747253418,96.53949737548828,114.79903411865234,69.02276611328125,43.440670013427734,58.33852005004883,381.6034240722656,51.353275299072266,37.970001220703125
2023-02-22,39.93693161010742,96.90878295898438,114.53904724121094,69.1785659790039,43.2877082824707,58.20823287963867,381.0775451660156,51.31435775756836,37.885990142822266
2023-02-23,39.33197784423828,97.50527954101562,115.65603637695312,69.80168914794922,43.5362663269043,58.180320739746094,383.1046447753906,51.703529357910156,37.99799728393555
2023-02-24,38.122066497802734,96.75727844238281,114.30794525146484,68.43856811523438,43.18254852294922,57.93836212158203,379.01220703125,51.04192352294922,37.67131805419922
2023-02-27,38.498924255371094,96.97506713867188,114.49089813232422,68.74042510986328,43.297264099121094,57.79877471923828,380.3030700683594,51.30462646484375,37.73665237426758
2023-02-28,39.29230880737305,96.9466552734375,114.34647369384766,68.85724639892578,43.19211196899414,57.296260833740234,378.8974304199219,51.05165100097656,37.67131805419922
2023-03-01,38.37991714477539,97.17391204833984,114.00943756103516,68.6333236694336,43.27813720703125,56.858890533447266,377.44403076171875,50.87652587890625,37.50331115722656
2023-03-02,38.85594940185547,97.4674301147461,115.11679077148438,69.20777893066406,43.59362030029297,57.28695297241211,380.3794860839844,51.23652648925781,37.79265594482422
2023-03-03,40.12535858154297,98.6036148071289,116.9078140258789,70.63905334472656,44.27238464355469,57.66849136352539,386.47991943359375,52.073272705078125,38.399349212646484
2023-03-06,39.29230880737305,96.36907196044922,117.02339172363281,70.04512023925781,44.3488655090332,57.724327087402344,386.74774169921875,52.2775993347168,38.31534957885742
2023-03-07,38.63776779174805,95.41276550292969,115.38642120361328,69.06172943115234,43.68922424316406,56.92402648925781,380.8193664550781,51.53813934326172,37.67131805419922
2023-03-08,38.58818054199219,95.57372283935547,115.78121185302734,69.58749389648438,43.72747039794922,56.858890533447266,381.4409484863281,51.62570571899414,37.727317810058594
2023-03-09,36.9815788269043,93.3960189819336,113.8746337890625,67.24097442626953,43.163421630859375,56.22608947753906,374.4034118652344,50.798683166503906,36.92460632324219
2023-03-10,35.722084045410156,91.05732727050781,111.99693298339844,65.26445007324219,42.608943939208984,55.695648193359375,369.00091552734375,50.088409423828125,36.373924255371094
2023-03-13,36.67414474487305,88.85121154785156,111.95843505859375,64.21288299560547,42.608943939208984,55.88176727294922,368.4750061035156,50.253822326660156,36.103240966796875
2023-03-14,37.457611083984375,90.65965270996094,113.95166015625,65.32286071777344,43.345069885253906,56.440120697021484,374.5659484863281,51.1197624206543,36.70060348510742
2023-03-15,37.755126953125,89.21100616455078,113.4028091430664,64.33946990966797,42.92443084716797,56.4215087890625,372.2232666015625,50.91543960571289,36.401920318603516
2023-03-16,38.91545486450195,90.63125610351562,115.39604949951172,65.7220687866211,43.564945220947266,56.877498626708984,378.75396728515625,51.85921859741211,36.980613708496094
2023-03-17,38.360084533691406,88.05587005615234,114.56793212890625,64.5731430053711,43.19211196899414,56.10511016845703,374.32525634765625,51.46030044555664,36.38324737548828
2023-03-20,37.90388870239258,89.34355926513672,115.55973815917969,64.96724700927734,43.66263198852539,56.91633605957031,377.9247131347656,51.94746398925781,36.708614349365234
2023-03-21,40.00635528564453,90.83956146240234,116.84042358398438,66.35243225097656,44.10434341430664,56.77647399902344,382.8870849609375,52.699188232421875,37.158687591552734
2023-03-22,38.072479248046875,88.40618896484375,114.90495300292969,64.90872955322266,43.50899124145508,55.84403991699219,376.3602294921875,51.96698760986328,36.41794204711914
2023-03-23,37.487361907958984,87.673583984375,115.6824722290039,65.38668823242188,43.76825714111328,55.46171951293945,377.3776550292969,52.25011444091797,36.40856170654297
2023-03-24,37.417938232421875,88.60477447509766,116.1750717163086,65.17210388183594,43.989112854003906,56.55266571044922,379.85400390625,52.48440933227539,36.6992301940918
2023-03-27,37.447689056396484,89.55496978759766,116.13644409179688,65.0452880859375,44.0083122253418,56.85106658935547,380.564208984375,52.40631103515625,36.88676834106445
2023-03-28,36.88240432739258,89.6214599609375,115.8177261352539,64.86968994140625,44.046730041503906,57.00025177001953,379.71002197265625,52.25011444091797,36.896141052246094
2023-03-29,38.27082824707031,90.22959899902344,117.38243103027344,66.4499740600586,44.67089080810547,57.51311492919922,385.2290954589844,52.93350601196289,37.46809387207031
2023-03-30,38.16173553466797,90.20109558105469,118.07783508300781,67.06451416015625,44.94936752319336,57.699588775634766,387.4847106933594,53.25567626953125,37.665008544921875
2023-03-31,40.00635528564453,91.88290405273438,119.83573150634766,68.244873046875,45.43909454345703,58.18445587158203,392.9461669921875,54.04645538330078,38.18070602416992
2023-04-03,39.25263977050781,91.96843719482422,120.3766098022461,67.80590057373047,45.832794189453125,58.41755676269531,394.4435119628906,54.40766525268555,38.19945526123047
2023-04-04,39.044376373291016,90.1440658569336,119.28518676757812,66.92797088623047,45.47750473022461,58.2310905456543,392.25506591796875,54.124549865722656,37.965049743652344
2023-04-05,37.65595626831055,89.45043182373047,119.15962219238281,65.6695785522461,45.46790313720703,58.98636245727539,391.2280578613281,53.96834182739258,37.87127685546875
2023-04-06,38.25099182128906,89.47895050048828,119.43973541259766,65.71837615966797,45.42949295043945,59.16352844238281,392.7541198730469,54.2221794128418,38.002559661865234
2023-04-10,38.21132278442383,90.6191635131836,119.86470794677734,66.4987564086914,45.48710632324219,59.07028579711914,393.1572570800781,54.18313217163086,38.10569763183594
2023-04-11,38.4493408203125,91.24629974365234,120.08685302734375,66.78163146972656,45.535118103027344,59.238121032714844,393.2628479003906,54.11478805541992,38.18070602416992
2023-04-12,37.33860397338867,90.49564361572266,119.47835540771484,65.73786926269531,45.391082763671875,59.17285919189453,391.6599426269531,53.90000915527344,38.02131271362305
2023-04-13,38.83611297607422,91.26529693603516,120.87887573242188,66.65483093261719,45.996036529541016,59.3406867980957,396.8621826171875,54.749366760253906,38.39636993408203
2023-04-14,38.469173431396484,90.53365325927734,120.7339859008789,66.33292388916016,45.890411376953125,58.92108154296875,395.8927917480469,54.602928161621094,38.34010314941406
2023-04-17,38.64768600463867,91.08475494384766,120.89818572998047,66.67434692382812,45.86159896850586,59.35001754760742,397.3133850097656,54.58340072631836,38.6401481628418
2023-04-18,38.56834411621094,90.60015869140625,121.09136199951172,66.84994506835938,45.90961837768555,59.228797912597656,397.572509765625,54.63220977783203,38.66828155517578
2023-04-19,38.53859329223633,90.8757095336914,120.79193878173828,66.77189636230469,45.86159896850586,59.35001754760742,397.50531005859375,54.6224479675293,38.6870231628418
2023-04-20,37.080753326416016,90.46712493896484,120.78227996826172,66.09880828857422,45.79438400268555,59.415287017822266,395.33612060546875,54.339332580566406,38.41511917114258
2023-04-21,37.31876754760742,90.2865982055664,120.59877014160156,66.02076721191406,45.81358337402344,59.45258712768555,395.64324951171875,54.35886001586914,38.49013137817383
2023-04-24,36.812984466552734,90.33409881591797,120.78227996826172,66.040283203125,45.90961837768555,59.66651916503906,396.0560302734375,54.427188873291016,38.49949645996094
2023-04-25,35.61299514770508,87.95864868164062,118.71531677246094,63.95273971557617,45.17021942138672,59.67584991455078,389.7690734863281,53.62664794921875,37.87127685546875
2023-04-26,34.92870330810547,87.1414794921875,117.81705474853516,63.474754333496094,44.93975830078125,58.86310577392578,388.11822509765625,53.460689544677734,37.665008544921875
2023-04-27,35.40473175048828,88.50025939941406,120.59877014160156,64.49900817871094,45.727176666259766,59.57309341430664,395.8448181152344,54.37838363647461,38.508880615234375
2023-04-28,35.62290954589844,89.31741333007812,121.88339233398438,65.5818099975586,46.19769287109375,59.731895446777344,399.2234191894531,54.81771469116211,38.846435546875
2023-05-01,35.444400787353516,89.28890228271484,122.1248550415039,65.53302764892578,46.245697021484375,60.01215744018555,398.8203430175781,54.84699249267578,38.76204299926758
2023-05-02,34.61134719848633,87.62608337402344,120.44422912597656,64.46975708007812,45.583133697509766,59.432952880859375,394.3378601074219,54.25146484375,38.30259323120117
2023-05-03,34.472503662109375,87.65457153320312,119.661865234375,64.0698013305664,45.32386779785156,59.09666061401367,391.631103515625,53.93906021118164,38.002559661865234
2023-05-04,35.444400787353516,86.5998764038086,118.29999542236328,63.2894172668457,44.968570709228516,58.909820556640625,388.8572692871094,53.57783508300781,37.69313430786133
2023-05-05,37.080753326416016,88.69029998779297,120.28968811035156,64.4892578125,45.746368408203125,59.517032623291016,396.0560302734375,54.7005500793457,38.27447509765625
2023-05-08,37.50719451904297,88.30071258544922,120.29934692382812,64.66484832763672,45.65034484863281,59.39559555053711,396.16156005859375,54.759132385253906,38.27447509765625
2023-05-09,37.93363952636719,87.77811431884766,119.81639862060547,64.11857604980469,45.45830535888672,59.255462646484375,394.42425537109375,54.50529861450195,38.115074157714844
2023-05-10,38.469173431396484,88.0916748046875,120.39593505859375,64.32342529296875,45.583133697509766,59.36756896972656,396.2671203613281,54.86651611328125,38.19945526123047
2023-05-11,38.53859329223633,87.4930648803711,120.27037048339844,63.98200225830078,45.44869613647461,59.1527099609375,395.5760803222656,54.89580535888672,38.0494384765625
2023-05-12,37.36835479736328,87.23650360107422,120.3766098022461,63.689361572265625,45.47750473022461,59.27415466308594,395.0577697753906,54.84699249267578,37.95567321777344
2023-05-15,38.25099182128906,88.2056884765625,120.89818572998047,64.81114959716797,45.775177001953125,58.96586990356445,396.4206848144531,54.92509078979492,38.17133712768555
2023-05-16,37.3088493347168,87.0369644165039,119.9033432006836,64.12832641601562,45.362274169921875,58.246551513671875,393.77154541015625,54.749366760253906,37.786895751953125
2023-05-17,38.26091384887695,89.12737274169922,121.41008758544922,65.59153747558594,45.82319641113281,58.358642578125,398.5515441894531,55.31560516357422,38.311973571777344
2023-05-18,38.796443939208984,89.9350357055664,122.69470977783203,67.03527069091797,46.236106872558594,58.23720932006836,402.3908386230469,55.891597747802734,38.6401481628418
2023-05-19,38.37991714477539,89.26040649414062,122.39527893066406,66.52800750732422,46.236106872558594,58.30259323120117,401.8053894042969,55.901371002197266,38.53700637817383
2023-05-22,40.24436950683594,89.94453430175781,122.54981231689453,67.14259338378906,46.01524353027344,58.069541931152344,401.96856689453125,55.891597747802734,38.53700637817383
2023-05-23,39.371646881103516,89.83051300048828,121.07205963134766,66.34268188476562,45.54471969604492,57.62962341308594,397.4573669433594,55.276554107666016,38.13382339477539
2023-05-24,39.13363265991211,88.72828674316406,120.21241760253906,65.38668823242188,45.275856018066406,57.19905090332031,394.57781982421875,54.934852600097656,37.8056526184082
2023-05-25,38.062564849853516,88.42424774169922,122.21177673339844,66.34268188476562,45.583133697509766,56.702980041503906,397.99481201171875,55.79397964477539,37.81502914428711
2023-05-26,38.776607513427734,89.40292358398438,123.90204620361328,68.00098419189453,46.28411865234375,56.64680480957031,403.1491394042969,56.496891021728516,38.311973571777344
2023-05-30,39.48073959350586,88.98485565185547,123.92137908935547,68.19611358642578,46.130470275878906,56.42216873168945,403.30267333984375,56.54570007324219,38.30259323120117
2023-05-31,40.155113220214844,87.82562255859375,122.76231384277344,67.1718521118164,45.82319641113281,56.60936737060547,401.06634521484375,56.22353744506836,38.115074157714844
2023-06-01,40.76998519897461,88.57625579833984,123.85374450683594,68.19611358642578,46.25531005859375,56.712337493896484,404.8768615722656,56.81906509399414,38.40574264526367
2023-06-02,41.27576446533203,92.22496032714844,125.640625,69.76661682128906,46.96589660644531,57.5360107421875,410.7318420410156,57.5122184753418,39.07146072387695
2023-06-05,41.712127685546875,90.32460021972656,125.0321273803711,69.50324249267578,46.754634857177734,57.601539611816406,409.9447937011719,57.45363998413086,38.9870719909668
2023-06-06,42.32699966430664,92.89959716796875,125.32186126708984,70.61531066894531,46.79304504394531,57.358177185058594,410.8373718261719,57.424354553222656,39.193355560302734
2023-06-07,41.90055465698242,95.17967987060547,124.58080291748047,70.74210357666016,46.725830078125,57.601539611816406,409.4168701171875,56.95573425292969,39.25898742675781
2023-06-08,42.32699966430664,94.57891845703125,125.11358642578125,70.96646881103516,46.84105682373047,57.91041564941406,411.8932800292969,57.45363998413086,39.380882263183594
2023-06-09,42.15840530395508,93.79695129394531,125.28797149658203,71.0152587890625,46.86027145385742,57.90105056762695,412.6323547363281,57.59031677246094,39.39963150024414
2023-06-12,42.922035217285156,94.03534698486328,126.73139190673828,72.36141204833984,47.32118225097656,57.86362838745117,416.3756408691406,58.20537567138672,39.67156219482422
2023-06-13,43.923683166503906,94.78871154785156,127.52574920654297,73.58076477050781,47.51323699951172,58.0320930480957,419.1207580566406,58.57635498046875,39.97160339355469
2023-06-14,43.705501556396484,93.64436340332031,128.1263885498047,73.5320053100586,47.580448150634766,57.95721435546875,419.619873046875,58.65446472167969,40.00910186767578
2023-06-15,44.17161560058594,94.50262451171875,129.6376495361328,74.15630340576172,48.22383117675781,58.64986801147461,424.8222351074219,59.30855941772461,40.571693420410156
2023-06-16,43.943519592285156,94.06397247314453,129.32763671875,73.55149841308594,48.118194580078125,58.77153396606445,423.3751525878906,59.064491271972656,40.44979476928711
2023-06-20,43.89392852783203,93.70159912109375,128.756103515625,73.13520050048828,47.77214431762695,58.350467681884766,421.1785888671875,58.93326950073242,40.134178161621094
2023-06-21,42.30716323852539,93.58716583251953,128.38796997070312,72.30458068847656,47.64683532714844,58.58491134643555,419.0205993652344,58.58073043823242,39.964603424072266
2023-06-22,42.317081451416016,92.59539794921875,128.73670959472656,72.04071807861328,47.81070327758789,58.57552719116211,420.5331115722656,59.03120040893555,39.9080810546875
2023-06-23,41.791465759277344,91.10778045654297,127.92295837402344,71.39574432373047,47.473331451416016,58.097251892089844,417.3539123535156,58.551353454589844,39.644287109375
2023-06-26,41.55345153808594,91.68948364257812,127.23513793945312,71.30780792236328,47.319095611572266,58.34107971191406,415.648681640625,58.051910400390625,39.672550201416016
2023-06-27,42.96170425415039,93.28201293945312,128.9595184326172,73.10589599609375,47.78178405761719,58.52864456176758,420.2055969238281,58.68844985961914,40.11533737182617
2023-06-28,43.81459426879883,93.39645385742188,128.65919494628906,73.46746826171875,47.78178405761719,58.01284408569336,420.41754150390625,58.75699996948242,40.08708190917969
2023-06-29,43.427818298339844,94.9412841796875,129.2307586669922,73.67268371582031,48.07096862792969,58.4067268371582,422.07452392578125,58.962650299072266,40.30376434326172
2023-06-30,43.774925231933594,95.027099609375,130.65481567382812,74.64990234375,48.630035400390625,58.90377426147461,427.05535888671875,59.74607467651367,40.699459075927734
2023-07-03,44.74681854248047,95.62787628173828,130.48043823242188,75.15806579589844,48.57219696044922,59.00691223144531,427.546630859375,59.78524398803711,40.81250762939453
2023-07-05,44.58814239501953,94.20700073242188,130.3642120361328,74.4642105102539,48.45653533935547,59.044437408447266,426.91082763671875,59.677528381347656,40.718299865722656
2023-07-06,42.88236999511719,92.91010284423828,129.33734130859375,73.51632690429688,48.022762298583984,58.76310348510742,423.5678405761719,59.21726608276367,40.369712829589844
2023-07-07,43.368316650390625,93.8255615234375,128.73670959472656,74.01470184326172,47.839622497558594,58.312950134277344,422.4984130859375,58.992027282714844,40.36029052734375
2023-07-10,44.9947509765625,95.05571746826172,129.56983947753906,75.373046875,48.16735076904297,58.32234191894531,423.5678405761719,58.962650299072266,40.567562103271484
2023-07-11,46.66085433959961,95.93303680419922,130.4416961669922,76.16459655761719,48.524009704589844,58.73497009277344,426.265380859375,59.16829299926758,40.991512298583984
2023-07-12,47.08729934692383,96.98199462890625,131.64295959472656,76.92682647705078,48.81317901611328,58.79122543334961,429.6950378417969,59.63835525512695,41.30241012573242
2023-07-13,49.21951675415039,97.52555847167969,132.89263916015625,77.84542083740234,49.189117431640625,58.90377426147461,433.1054382324219,60.24550247192383,41.556785583496094
2023-07-14,48.16828536987305,96.70545959472656,132.96041870117188,76.8193359375,49.112003326416016,58.978782653808594,432.83575439453125,60.38261032104492,41.36836624145508
2023-07-17,49.26910400390625,97.4778823852539,133.7063751220703,77.64019012451172,49.35297775268555,58.67870330810547,434.338623046875,60.754730224609375,41.39662170410156
2023-07-18,49.44761657714844,98.82247161865234,134.442626953125,78.38288116455078,49.65179443359375,58.594295501708984,437.5660095214844,61.146446228027344,41.716949462890625
2023-07-19,50.231082916259766,99.36602783203125,134.4716796875,78.50016021728516,49.68071746826172,59.02568054199219,438.5390625,61.1562385559082,41.90536880493164
2023-07-20,47.36498260498047,98.62220764160156,133.49325561523438,76.77046966552734,49.565040588378906,59.8040657043457,435.6296081542969,60.588253021240234,41.80173110961914
2023-07-21,47.53357696533203,98.25984191894531,133.60952758789062,76.78024291992188,49.671077728271484,60.11354064941406,435.6296081542969,60.63722229003906,41.79231262207031
2023-07-24,47.017879486083984,98.82247161865234,134.20045471191406,76.91705322265625,49.92169952392578,60.18684387207031,437.57568359375,60.91141891479492,41.933624267578125
2023-07-25,46.87903594970703,98.79386901855469,135.03358459472656,77.0440902709961,50.20124053955078,60.09286880493164,438.770263671875,61.214996337890625,41.9619026184082
2023-07-26,47.880680084228516,99.51860809326172,134.98512268066406,77.2102279663086,50.20124053955078,60.13985824584961,438.8377380371094,61.16603088378906,41.9713134765625
2023-07-27,46.48234558105469,98.46009826660156,134.384521484375,77.17113494873047,49.854225158691406,59.529056549072266,435.9282531738281,60.78411865234375,41.68867874145508
2023-07-28,49.03108596801758,99.4041748046875,135.55667114257812,78.24607849121094,50.31690979003906,59.60422134399414,440.1961669921875,61.459815979003906,42.009002685546875
2023-07-31,50.032737731933594,100.28150939941406,135.59544372558594,78.77377319335938,50.471134185791016,59.453880310058594,441.0342712402344,61.587127685546875,42.10321044921875
2023-08-01,49.04100799560547,99.78561401367188,135.59544372558594,78.24607849121094,50.3554573059082,59.237754821777344,439.772216796875,61.38147735595703,41.99958038330078
2023-08-02,46.3038330078125,98.95597839355469,133.4835662841797,75.85188293457031,49.69035720825195,59.31292724609375,433.65460205078125,60.4511604309082,41.50968551635742
2023-08-03,45.80796813964844,98.58406829833984,133.231689453125,75.20691680908203,49.642154693603516,58.79609680175781,432.4118347167969,60.38261032104492,41.321258544921875
2023-08-04,45.004669189453125,98.57454681396484,132.48574829101562,74.92352294921875,49.37226486206055,58.32626724243164,430.4561462402344,59.853790283203125,41.292991638183594
2023-08-07,44.776573181152344,99.13716125488281,133.9679412841797,75.734619140625,49.90242004394531,58.777305603027344,434.2134094238281,60.27488327026367,41.75462341308594
2023-08-08,44.53855514526367,98.46009826660156,133.4351348876953,75.31441497802734,49.584320068359375,58.49540328979492,432.3251037597656,60.09861373901367,41.50968551635742
2023-08-09,42.93195724487305,97.75443267822266,132.60202026367188,74.35672760009766,49.333702087402344,58.60816955566406,429.4349060058594,59.677528381347656,41.20820617675781
2023-08-10,42.62451934814453,97.38253021240234,132.447021484375,74.3078842163086,49.36261749267578,58.439022064208984,429.58905029296875,59.716697692871094,41.22704315185547
2023-08-11,42.396419525146484,97.29669952392578,131.9238739013672,73.574951171875,49.32406234741211,58.758506774902344,429.33856201171875,59.657936096191406,41.217613220214844
2023-08-14,42.56501388549805,96.86756896972656,133.34793090820312,74.18084716796875,49.75782775878906,58.561187744140625,431.7085266113281,60.16716384887695,41.30241012573242
2023-08-15,41.82121658325195,95.76138305664062,132.1660614013672,72.94953918457031,49.246944427490234,57.884605407714844,426.6796569824219,59.589385986328125,40.77482986450195
2023-08-16,40.89891052246094,94.64566040039062,131.37168884277344,71.83551025390625,48.90958023071289,57.83763122558594,423.5486145019531,59.138916015625,40.463924407958984
2023-08-17,39.90718078613281,93.6539077758789,130.509521484375,71.08303833007812,48.6878776550293,57.34898376464844,420.3211669921875,58.76678466796875,40.077659606933594
2023-08-18,40.046024322509766,94.1307144165039,130.64512634277344,71.11236572265625,48.77462387084961,57.56510925292969,420.5234375,58.7374153137207,40.12477111816406
2023-08-21,40.760066986083984,93.68252563476562,131.90452575683594,71.63029479980469,49.246944427490234,57.37771224975586,423.259521484375,59.41312026977539,40.162452697753906
2023-08-22,40.67081069946289,93.5013427734375,131.32327270507812,71.13188934326172,49.06380844116211,57.217628479003906,422.113037109375,59.30540084838867,40.030555725097656
2023-08-23,41.612953186035156,94.49308013916016,132.71829223632812,72.2654800415039,49.593963623046875,57.537811279296875,426.8144836425781,60.02027130126953,40.40740203857422
2023-08-24,40.13528060913086,93.54901123046875,130.9260711669922,70.9755630493164,48.967411041259766,57.264713287353516,420.89923095703125,59.11933135986328,39.94576644897461
2023-08-25,40.63114547729492,93.77787780761719,131.7107696533203,71.38599395751953,49.30479049682617,57.65081024169922,423.866455078125,59.569801330566406,40.200130462646484
2023-08-28,40.740234375,94.540771484375,132.5826416015625,72.17752075195312,49.68071746826172,57.83914566040039,426.55438232421875,59.91255569458008,40.463924407958984
2023-08-29,42.95178985595703,95.80907440185547,134.57826232910156,73.72154235839844,50.3554573059082,58.06515121459961,432.7200927734375,60.9407958984375,40.9161376953125
2023-08-30,43.24930953979492,96.2286605834961,134.97544860839844,74.02445983886719,50.5868034362793,58.06515121459961,434.50238037109375,61.303131103515625,40.991512298583984
2023-08-31,43.38814926147461,96.10468292236328,135.00448608398438,74.29810333251953,50.57716751098633,57.66965103149414,433.8666076660156,61.205204010009766,40.95382308959961
2023-09-01,43.25922393798828,97.08690643310547,135.31451416015625,74.69876098632812,50.65427780151367,57.54722595214844,434.6758117675781,61.27375411987305,41.03861618041992
2023-09-05,43.64599609375,94.28329467773438,134.54917907714844,73.99516296386719,50.432579040527344,56.86918258666992,432.797119140625,61.205204010009766,40.727718353271484
2023-09-06,43.8046760559082,93.9686050415039,133.65792846679688,73.65314483642578,50.162681579589844,56.71852493286133,429.8877258300781,60.588253021240234,40.633514404296875
2023-09-07,43.64599609375,93.30107116699219,133.14451599121094,72.41206359863281,49.92169952392578,57.11404800415039,428.56793212890625,60.314056396484375,40.567562103271484
2023-09-08,43.68000030517578,92.93870544433594,133.1348114013672,72.32411193847656,50.018089294433594,57.2835578918457,429.21331787109375,60.40219497680664,40.624080657958984
2023-09-11,44.599998474121094,92.91963195800781,133.5804443359375,72.4413833618164,50.12411880493164,57.47188186645508,432.0361328125,60.8134880065918,40.89730453491211
2023-09-12,44.0099983215332,92.91963195800781,132.7570037841797,72.07978820800781,49.93133544921875,57.368309020996094,429.6661376953125,60.36301803588867,40.765411376953125
2023-09-13,43.43000030517578,92.37606811523438,132.989501953125,71.59120178222656,49.99881362915039,57.57547378540039,430.1670837402344,60.509918212890625,40.75598907470703
2023-09-14,43.61000061035156,93.9686050415039,133.8517303466797,72.53910827636719,50.31690979003906,58.09339904785156,433.8761901855469,60.93101119995117,41.151676177978516
2023-09-15,43.060001373291016,93.08174896240234,131.81732177734375,71.61074829101562,49.69035720825195,57.688472747802734,428.64874267578125,60.1475715637207,40.70887756347656
2023-09-18,42.0099983215332,92.50003814697266,132.1854248046875,71.23361206054688,49.89640426635742,57.75360870361328,428.9000549316406,60.26445770263672,40.68143081665039
2023-09-19,41.5099983215332,92.30933380126953,132.02078247070312,71.02790832519531,49.79966354370117,57.69697952270508,428.0105895996094,60.13677215576172,40.5867805480957
2023-09-20,40.779998779296875,91.56550598144531,130.751708984375,70.20506286621094,49.26762008666992,57.876304626464844,424.07574462890625,59.488555908203125,40.27442932128906
2023-09-21,39.540000915527344,90.22093200683594,128.27171325683594,68.70633697509766,48.52275085449219,57.18730545043945,417.0664978027344,58.49658966064453,39.65918731689453
2023-09-22,38.81999969482422,89.9157485961914,128.4460906982422,68.30471801757812,48.5517692565918,56.97020721435547,416.12872314453125,58.447486877441406,39.4982795715332
2023-09-25,38.79999923706055,90.33537292480469,128.87232971191406,68.49085235595703,48.803287506103516,56.84751510620117,417.8786315917969,58.732303619384766,39.602394104003906
2023-09-26,38.43000030517578,89.02159118652344,127.17050170898438,67.39373779296875,48.16482925415039,56.07356262207031,411.73944091796875,57.91712951660156,39.0060920715332
2023-09-27,38.68000030517578,89.90318298339844,127.47195434570312,67.63863372802734,48.377647399902344,55.71491241455078,411.9037780761719,58.015342712402344,38.94929885864258
2023-09-28,39.119998931884766,91.01475524902344,128.38609313964844,68.54962921142578,48.6678581237793,55.72434997558594,414.2917175292969,58.3689079284668,39.166996002197266
2023-09-29,39.66999816894531,90.39188385009766,128.16244506835938,68.66716003417969,48.406673431396484,55.48838424682617,413.2862854003906,58.221588134765625,39.05341720581055
2023-10-02,39.040000915527344,89.07909393310547,128.4736328125,68.20677185058594,48.45503234863281,54.7805061340332,413.1219482421875,58.49658966064453,38.83571243286133
2023-10-03,37.970001220703125,87.69920349121094,126.85929107666016,66.66886901855469,47.90364074707031,54.648380279541016,407.5919189453125,57.730525970458984,38.296199798583984
2023-10-04,38.529998779296875,87.87167358398438,127.85123443603516,67.31536102294922,48.08744430541992,55.025909423828125,410.5599365234375,58.21177291870117,38.54229736328125
2023-10-05,38.540000915527344,87.75669860839844,127.90959167480469,67.0411148071289,48.02939987182617,54.7521858215332,410.4052429199219,58.241233825683594,38.46657943725586
2023-10-06,39.209999084472656,88.30289459228516,129.71839904785156,67.9324951171875,48.60015106201172,54.997581481933594,415.27789306640625,58.94838333129883,38.892513275146484
2023-10-09,39.36000061035156,89.05033874511719,130.72003173828125,68.05984497070312,48.92904281616211,55.53557586669922,417.9366455078125,59.360877990722656,39.11020278930664
2023-10-10,40.189998626708984,90.0181655883789,131.23544311523438,68.81410217285156,49.13219451904297,55.8187370300293,420.11187744140625,59.5671272277832,39.40363693237305
2023-10-11,39.900001525878906,90.13316345214844,132.1690216064453,69.23530578613281,49.19990539550781,55.79041290283203,421.8327331542969,59.85195541381836,39.536136627197266
2023-10-12,38.47999954223633,88.43705749511719,131.7703399658203,68.2459487915039,49.14186096191406,55.0164680480957,419.2611389160156,59.65552520751953,39.166996002197266
2023-10-13,37.77000045776367,87.41172790527344,131.05068969726562,67.15863800048828,48.96773910522461,55.42231369018555,417.1728515625,59.360877990722656,38.968231201171875
2023-10-16,38.529998779296875,88.9736557006836,132.49966430664062,68.20677185058594,49.41272735595703,55.94143295288086,421.56207275390625,59.94035339355469,39.42255783081055
2023-10-17,39.18000030517578,90.00859069824219,132.28570556640625,68.63777923583984,49.393375396728516,56.00749588012695,421.5427551269531,59.81267547607422,39.50774383544922
2023-10-18,37.43000030517578,88.29332733154297,130.59359741210938,67.01171875,48.96773910522461,55.752662658691406,415.9256286621094,59.06623458862305,38.93036651611328
2023-10-19,36.61000061035156,86.92301940917969,129.2710418701172,65.84603118896484,48.58079147338867,55.233551025390625,412.2711486816406,58.48677444458008,38.6748046875
2023-10-20,36.029998779296875,85.90727233886719,127.85123443603516,64.543212890625,48.09711456298828,54.88432693481445,407.2052001953125,57.701053619384766,38.229942321777344
2023-10-23,36.11000061035156,85.13109588623047,127.78314971923828,64.36689758300781,48.00038146972656,54.54843521118164,406.4993896484375,57.68141555786133,38.116363525390625
2023-10-24,37.16999816894531,85.63896942138672,128.7167510986328,64.66075897216797,48.28091049194336,55.05937194824219,409.56414794921875,58.06444549560547,38.41924285888672
2023-10-25,35.220001220703125,84.60404968261719,126.68428802490234,62.97592544555664,47.526371002197266,55.23915100097656,403.6860046386719,57.09212112426758,37.99331283569336
2023-10-26,34.7599983215332,84.82445526123047,124.59344482421875,62.52532958984375,46.76215744018555,55.13507080078125,398.85198974609375,56.1983757019043,37.71882629394531
2023-10-27,34.099998474121094,83.95243835449219,124.14611053466797,62.15309143066406,46.365543365478516,54.387569427490234,397.04412841796875,56.00194549560547,37.510597229003906
2023-10-30,34.290000915527344,84.48905944824219,125.70206451416016,62.60368728637695,46.849220275878906,54.83229064941406,401.7911071777344,56.571590423583984,38.03117370605469
2023-10-31,35.08000183105469,85.17900085449219,126.2660903930664,62.926944732666016,47.08137893676758,55.23915100097656,404.314453125,56.80730438232422,38.37192153930664
2023-11-01,35.310001373291016,85.55271911621094,127.56922149658203,62.936744689941406,47.39094161987305,55.560874938964844,408.6263732910156,57.50463104248047,38.71267318725586
2023-11-02,38.279998779296875,87.83335876464844,130.1560516357422,64.82728576660156,48.26156234741211,56.34621047973633,416.4574890136719,58.59480285644531,39.413089752197266
2023-11-03,40.439998626708984,90.28649139404297,131.27435302734375,66.6590805053711,48.59047317504883,56.69630432128906,420.2569580078125,58.99748611450195,39.93368148803711
2023-11-06,39.77000045776367,89.37614440917969,131.7313995361328,66.04193878173828,48.70655059814453,56.64898681640625,421.2236633300781,59.27248001098633,39.87689208984375
2023-11-07,40.90999984741211,88.72453308105469,132.3148956298828,66.36520385742188,48.793601989746094,56.57330322265625,422.4225158691406,59.54749298095703,39.91474533081055
2023-11-08,40.34000015258789,87.89085388183594,132.7233123779297,66.30643463134766,48.793601989746094,56.47867965698242,422.7319030761719,59.68498992919922,39.886348724365234
2023-11-09,39.09000015258789,86.70262145996094,131.86756896972656,65.42481994628906,48.4647102355957,56.242122650146484,419.4351501464844,59.164459228515625,39.61185836791992
2023-11-10,39.72999954223633,87.61296081542969,134.00701904296875,66.72764587402344,49.29663848876953,56.563846588134766,425.9803161621094,60.17605972290039,40.16083908081055
2023-11-13,39.90999984741211,87.61296081542969,133.78335571289062,66.35541534423828,49.26762008666992,56.53544235229492,425.57427978515625,60.18588638305664,40.056724548339844
2023-11-14,41.95000076293945,92.37548828125,136.1561737060547,69.27449035644531,50.02215576171875,57.25457000732422,433.8307189941406,61.12873840332031,41.02218246459961
2023-11-15,43.0099983215332,92.50962829589844,136.02976989746094,70.16588592529297,49.983463287353516,57.24510192871094,434.7491455078125,61.148380279541016,41.173622131347656
2023-11-16,42.209999084472656,91.14891815185547,135.9519805908203,69.8426513671875,49.954444885253906,57.34917449951172,435.2809143066406,61.27606201171875,41.19255447387695
2023-11-17,43.70000076293945,92.1646499633789,136.02976989746094,70.36180114746094,50.0802001953125,57.292415618896484,435.82232666015625,61.27606201171875,41.287208557128906
2023-11-20,44.880001068115234,92.51922607421875,137.13836669921875,71.01811981201172,50.4768180847168,57.351200103759766,439.1771545410156,61.806434631347656,41.56169509887695
2023-11-21,43.869998931884766,91.41722106933594,136.88552856445312,70.23444366455078,50.38975524902344,57.55033874511719,438.219970703125,61.75731658935547,41.42918014526367
2023-11-22,44.31999969482422,91.90593719482422,137.2842559814453,70.52835083007812,50.505836486816406,57.8917121887207,439.9118957519531,61.92428207397461,41.64688491821289
2023-11-24,44.880001068115234,92.34672546386719,137.2842559814453,70.69486236572266,50.5155143737793,58.08137130737305,440.1825866699219,61.8457145690918,41.760459899902344
2023-11-27,45.45000076293945,92.10717010498047,136.87582397460938,70.5675048828125,50.31237030029297,57.8917121887207,439.38983154296875,61.76713562011719,41.67527389526367
2023-11-28,46.70000076293945,91.62803649902344,136.77854919433594,70.73404693603516,50.26399230957031,57.81585693359375,439.82489013671875,61.786781311035156,41.72260284423828
2023-11-29,46.900001525878906,91.9155044555664,136.71051025390625,71.57645416259766,50.099552154541016,57.55982208251953,439.5154724121094,61.65910339355469,41.75099563598633
2023-11-30,46.11000061035156,92.2221450805664,137.18699645996094,71.70380401611328,50.244651794433594,58.19517135620117,441.24609375,61.76713562011719,42.025489807128906
2023-12-01,48.43000030517578,94.91484069824219,138.00387573242188,73.68251037597656,50.48648452758789,58.631370544433594,443.8564453125,61.9930305480957,42.40409469604492
2023-12-04,48.689998626708984,96.15099334716797,137.3037109375,73.65313720703125,50.176937103271484,58.659820556640625,441.52642822265625,61.551063537597656,42.29051208496094
2023-12-05,48.2599983215332,94.69445037841797,137.23561096191406,72.86947631835938,50.118896484375,58.308956146240234,441.4394836425781,61.75731658935547,42.091739654541016
2023-12-06,48.040000915527344,94.49320220947266,136.8369140625,72.84989929199219,49.86738204956055,58.47014617919922,439.6605224609375,61.40373611450195,42.00655746459961
2023-12-07,48.290000915527344,95.5568618774414,137.87744140625,73.70211029052734,50.244651794433594,58.45118713378906,443.0152893066406,61.9930305480957,42.262123107910156
2023-12-08,49.18000030517578,96.16056060791016,138.58734130859375,74.38780212402344,50.4768180847168,58.31844711303711,444.919921875,62.23856735229492,42.46088790893555
2023-12-11,48.529998779296875,96.67802429199219,139.78350830078125,75.22042846679688,51.01853561401367,58.868431091308594,446.6505126953125,62.307315826416016,42.744842529296875
2023-12-12,48.380001068115234,96.54386138916016,140.87266540527344,75.230224609375,51.38613510131836,59.096012115478516,448.6903991699219,62.631431579589844,42.9436149597168
2023-12-13,50.16999816894531,99.78275299072266,142.4967041015625,77.46361541748047,51.947208404541016,60.12014389038086,454.8778991699219,63.37785720825195,43.606170654296875
2023-12-14,52.02000045776367,102.60960388183594,142.39947509765625,80.17701721191406,52.034263610839844,59.20980453491211,456.3377380371094,63.33856964111328,43.91852569580078
2023-12-15,51.11000061035156,101.73758697509766,142.27304077148438,79.77537536621094,51.937530517578125,58.612396240234375,455.5863952636719,63.33856964111328,43.81441116333008
2023-12-18,51.06999969482422,101.5938491821289,143.26495361328125,79.7547607421875,52.37153244018555,58.91653060913086,458.14910888671875,63.865692138671875,43.90097427368164
2023-12-19,53.18000030517578,103.65409851074219,143.91653442382812,80.79527282714844,52.64339065551758,59.08759689331055,460.9350891113281,64.17112731933594,44.22441101074219
2023-12-20,51.0099983215332,101.85072326660156,142.04269409179688,78.91059112548828,51.88607406616211,58.22272491455078,454.5477294921875,63.34349822998047,43.510955810546875
2023-12-21,52.310001373291016,103.54167175292969,143.301025390625,80.64801025390625,52.37153244018555,58.65992736816406,458.8577880859375,64.0036392211914,43.90097427368164
2023-12-22,53.0099983215332,104.08931732177734,143.09616088867188,80.79527282714844,52.420082092285156,58.93553161621094,459.77996826171875,64.04304504394531,44.08171844482422
2023-12-26,53.790000915527344,105.28067016601562,143.73995971679688,81.41366577148438,52.64339065551758,59.15414810180664,461.7213134765625,64.2302474975586,44.31952667236328
2023-12-27,54.2599983215332,105.78987121582031,144.01309204101562,81.5609130859375,52.63368606567383,59.23967361450195,462.5561828613281,64.33863067626953,44.3956298828125
2023-12-28,54.13999938964844,105.44398498535156,143.9711151123047,81.67869567871094,52.5754280090332,59.448768615722656,462.73089599609375,64.31891632080078,44.45271301269531
2023-12-29,52.369998931884766,104.00284576416016,143.61972045898438,80.88360595703125,52.50745391845703,59.553314208984375,461.3912658691406,64.1021499633789,44.35758972167969
2024-01-02,50.5,103.50325012207031,142.57533264160156,79.61734771728516,52.13851547241211,60.07604217529297,458.8092041015625,63.07746887207031,44.64296340942383
2024-01-03,48.52000045776367,100.74586486816406,141.65780639648438,77.32038116455078,51.798683166503906,59.92397689819336,455.0622253417969,62.54541778564453,44.29100036621094
2024-01-04,48.90999984741211,100.53447723388672,141.16000366210938,77.20262145996094,51.62392044067383,59.885948181152344,453.5964050292969,62.19072723388672,44.27197265625
2024-01-05,48.900001525878906,100.29428100585938,141.28689575195312,77.63451385498047,51.66275405883789,59.79091262817383,454.21771240234375,62.24983596801758,44.36709213256836
2024-01-08,50.279998779296875,101.9179916381836,143.37570190429688,79.2737808227539,52.38124084472656,60.152076721191406,460.7021179199219,63.55039978027344,44.65247344970703
2024-01-09,49.5,100.7746810913086,143.26832580566406,78.99893951416016,52.39094924926758,60.04753494262695,460.00323486328125,63.727760314941406,44.37661361694336
2024-01-10,49.349998474121094,101.1397705078125,144.12728881835938,79.16581726074219,52.653099060058594,60.07604217529297,462.6047058105469,64.34847259521484,44.41465759277344
2024-01-11,48.18000030517578,100.47683715820312,144.47869873046875,78.86151123046875,52.77931594848633,59.752899169921875,462.40087890625,64.54554748535156,44.243431091308594
2024-01-12,47.380001068115234,100.26546478271484,144.830078125,78.07622528076172,52.915245056152344,60.01900863647461,462.72119140625,64.62435913085938,44.233917236328125
2024-01-16,46.7599983215332,99.27588653564453,144.2053680419922,77.67377471923828,52.76960754394531,59.76239776611328,461.0224304199219,64.57508850097656,43.92951202392578
2024-01-17,45.91999816894531,98.33434295654297,143.62948608398438,76.78052520751953,52.50745391845703,59.61034393310547,458.4597473144531,64.25981140136719,43.644134521484375
2024-01-18,45.65999984741211,99.25666046142578,145.09359741210938,77.65415954589844,53.04146957397461,59.724395751953125,462.5367431640625,65.17610931396484,43.777313232421875
2024-01-19,46.279998779296875,100.24625396728516,147.20191955566406,78.97930145263672,53.84733581542969,59.904972076416016,468.3028259277344,66.20079803466797,44.11024856567383
2024-01-22,47.33000183105469,102.25425720214844,147.71925354003906,79.68605041503906,53.99296569824219,59.799251556396484,469.2929992675781,66.34858703613281,44.243431091308594
2024-01-23,47.380001068115234,101.7354507446289,147.38739013671875,79.70567321777344,54.13861083984375,60.02781677246094,470.6616516113281,66.56534576416016,44.32905197143555
2024-01-24,46.279998779296875,100.9476089477539,147.65090942382812,79.61734771728516,54.216285705566406,59.4564094543457,471.1761474609375,66.94961547851562,44.129276275634766
2024-01-25,45.81999969482422,101.69702911376953,148.08038330078125,80.24555969238281,54.575523376464844,60.00876235961914,473.7388000488281,67.11710357666016,44.52880859375
2024-01-26,45.91999816894531,101.84111785888672,147.72901916503906,79.84310150146484,54.4007568359375,59.99924850463867,473.13702392578125,66.94961547851562,44.55734634399414
2024-01-29,48.11000061035156,103.04209899902344,149.0759735107422,81.05047607421875,54.827964782714844,60.19924545288086,476.8839416503906,67.65901184082031,44.757110595703125
2024-01-30,46.86000061035156,102.52326202392578,149.0759735107422,80.44187927246094,54.94447708129883,60.52306365966797,476.51513671875,67.35358428955078,44.89980697631836
2024-01-31,45.40999984741211,99.91960144042969,146.89935302734375,78.90078735351562,54.06093215942383,60.11353302001953,468.7396545410156,65.94462585449219,44.48124694824219
2024-02-01,46.029998779296875,101.02447509765625,148.6562957763672,79.81365203857422,54.61436080932617,60.84685134887695,474.87457275390625,66.97916412353516,44.89029312133789
2024-02-02,46.65999984741211,100.58253479003906,150.60842895507812,80.31428527832031,54.92506408691406,60.43734359741211,479.8737487792969,68.35855865478516,44.804683685302734
2024-02-05,45.20000076293945,98.99726104736328,150.5205841064453,79.96089172363281,54.993019104003906,59.86592483520508,478.12646484375,68.44723510742188,44.41465759277344
2024-02-06,46.70000076293945,99.55451202392578,150.7841339111328,80.09832763671875,55.090118408203125,60.07545471191406,479.5146179199219,68.36841583251953,44.70955276489258
2024-02-07,47.16999816894531,99.26628112792969,152.55081176757812,80.62838745117188,55.54644775390625,60.142112731933594,483.513916015625,69.28471374511719,44.795166015625
2024-02-08,48.439998626708984,100.62096405029297,152.9119873046875,81.23698425292969,55.614410400390625,59.98020553588867,483.7275390625,69.37339782714844,44.795166015625
2024-02-09,49.59000015258789,101.84111785888672,153.8685302734375,81.66886138916016,55.90568923950195,59.961158752441406,486.523193359375,70.13206481933594,44.78565979003906
2024-02-12,50.720001220703125,103.656982421875,153.85877990722656,82.50324249267578,55.92510986328125,60.237335205078125,486.3095703125,69.69853973388672,45.09006118774414
2024-02-13,47.880001068115234,99.92921447753906,151.94564819335938,80.11796569824219,55.36197280883789,59.72306823730469,479.6116027832031,68.73296356201172,44.47173309326172
2024-02-14,50.5,101.80269622802734,153.4878692626953,81.50200653076172,55.72121810913086,59.81831359863281,483.9701843261719,69.55073547363281,44.74760818481445
2024-02-15,51.63999938964844,104.33912658691406,154.37608337402344,82.54248809814453,55.98335266113281,60.427818298339844,487.3094482421875,69.64928436279297,45.30885696411133
2024-02-16,50.33000183105469,103.16698455810547,153.20480346679688,81.60997772216797,55.59498977661133,60.332576751708984,484.8826904296875,69.18619537353516,45.2042121887207
2024-02-20,48.689998626708984,102.14856719970703,152.0627899169922,80.79527282714844,55.18720626831055,60.48716735839844,482.213134765625,68.48665618896484,45.21372604370117
2024-02-21,47.310001373291016,101.84111785888672,152.30677795410156,80.57929229736328,55.39109802246094,60.878387451171875,482.64996337890625,68.35855865478516,45.403987884521484
2024-02-22,48.47999954223633,102.0909194946289,156.23065185546875,81.72777557373047,56.760101318359375,61.2314453125,492.638671875,70.58529663085938,45.717899322509766
2024-02-23,48.40999984741211,102.39837646484375,156.42584228515625,81.41366577148438,56.79893493652344,61.49862289428711,492.9783935546875,70.43749237060547,45.870094299316406
2024-02-26,50.08000183105469,102.42720031738281,156.2794189453125,81.109375,56.701847076416016,61.04060745239258,491.1728820800781,70.26998138427734,45.622764587402344
2024-02-27,51.540000915527344,103.29187774658203,156.26968383789062,82.03206634521484,56.66300582885742,61.13602828979492,492.08538818359375,70.37838745117188,45.73691940307617
2024-02-28,51.15999984741211,102.61934661865234,155.9280548095703,81.64925384521484,56.61445999145508,61.27915954589844,491.4350280761719,70.1517562866211,45.755950927734375
2024-02-29,51.25,103.13814544677734,156.4453582763672,82.77808380126953,56.750396728515625,61.07878112792969,493.20172119140625,70.68380737304688,45.77497100830078
2024-03-01,51.13999938964844,103.66658020019531,158.4951171875,83.83821105957031,57.49800109863281,61.06923294067383,497.83197021484375,71.57057189941406,45.96522521972656
2024-03-04,50.68000030517578,103.13814544677734,158.3779754638672,83.56336212158203,57.459163665771484,61.221920013427734,497.29815673828125,71.27497863769531,46.0984001159668
2024-03-05,48.900001525878906,102.68660736083984,156.6600799560547,82.7093734741211,56.92515563964844,61.050148010253906,492.3280944824219,70.1221923828125,45.9937629699707
2024-03-06,49.68000030517578,103.05169677734375,157.80210876464844,83.25907135009766,57.33293914794922,61.43182373046875,494.8227844238281,70.44734191894531,46.25060272216797
2024-03-07,50.25,103.85871887207031,159.6468963623047,84.43697357177734,58.0999755859375,61.62266540527344,499.7346496582031,71.5016098022461,46.44085693359375
2024-03-08,50.75,103.77227020263672,157.74354553222656,84.08360290527344,57.43974685668945,61.641761779785156,496.73516845703125,70.7232437133789,46.45037841796875
2024-03-11,50.650001525878906,103.30148315429688,157.30433654785156,83.94618225097656,57.488285064697266,61.97572326660156,496.3079833984375,70.31925964355469,46.640625
2024-03-12,50.25,103.02287292480469,159.5980987548828,84.21122741699219,58.16793441772461,62.03298568725586,501.6469421386719,71.66908264160156,46.72623825073242
2024-03-13,50.36000061035156,103.10932922363281,159.36380004882812,83.95600128173828,58.0999755859375,62.00437545776367,500.860595703125,71.36366271972656,46.7928352355957
2024-03-14,48.7400016784668,101.53369140625,159.1100311279297,82.49342346191406,58.07084274291992,61.641761779785156,499.87054443359375,71.4621810913086,46.49793243408203
2024-03-15,48.65999984741211,101.90838623046875,157.6166534423828,81.9437255859375,57.43974685668945,61.574951171875,496.4381103515625,70.6148452758789,46.412322998046875
2024-03-18,48.790000915527344,101.58171844482422,158.5048828125,82.3730697631836,57.76613998413086,61.76996994018555,499.3885192871094,71.28189086914062,46.52325439453125
2024-03-19,48.5099983215332,102.28307342529297,159.43214416503906,82.60941314697266,58.11688995361328,62.17144012451172,502.1636962890625,71.69631958007812,46.771888732910156
2024-03-20,50.209999084472656,103.97402954101562,160.99386596679688,84.42133331298828,58.574798583984375,62.267032623291016,506.80841064453125,72.52516174316406,47.087459564208984
2024-03-21,50.529998779296875,105.18440246582031,161.84988403320312,85.51436614990234,58.9255485534668,62.32439041137695,508.4832458496094,72.59423828125,47.355220794677734
2024-03-22,49.40999984741211,103.85452270507812,161.008544921875,84.72659301757812,58.85735321044922,62.11409378051758,507.5191955566406,72.75212860107422,47.087459564208984
2024-03-25,50.25,103.63289642333984,160.38243103027344,84.5197982788086,58.711204528808594,61.88467788696289,506.11712646484375,72.4659652709961,46.991825103759766
2024-03-26,50.029998779296875,103.47869110107422,159.76609802246094,84.25391387939453,58.47737121582031,61.87510299682617,505.1822814941406,72.16007995605469,46.991825103759766
2024-03-27,50.11000061035156,105.96495819091797,160.59765625,86.03629302978516,58.75017547607422,62.754547119140625,509.42767333984375,72.38703918457031,47.71860885620117
2024-03-28,50.08000183105469,106.5046157836914,160.78353881835938,86.400634765625,58.86709213256836,62.96482849121094,509.3303527832031,72.17981719970703,47.90986633300781
2024-04-01,49.2400016784668,105.41566467285156,160.31396484375,85.83934020996094,58.837860107421875,62.592037200927734,508.4442443847656,72.29821014404297,47.61341857910156
2024-04-02,47.779998779296875,103.5750732421875,159.31610107421875,84.29330444335938,58.51634979248047,62.42952346801758,505.21148681640625,71.79498291015625,47.30740737915039
2024-04-03,47.91999816894531,104.23998260498047,159.364990234375,84.65766906738281,58.55531692504883,62.11409378051758,505.7664489746094,72.0614013671875,47.22134780883789
2024-04-04,47.27000045776367,103.36304473876953,157.1149139404297,83.3676528930664,57.71742248535156,61.61701202392578,499.593017578125,70.96612548828125,46.81013870239258
2024-04-05,47.119998931884766,103.70999145507812,159.0128173828125,83.84032440185547,58.38968276977539,61.85597610473633,504.81219482421875,72.0614013671875,47.0778923034668
2024-04-08,48.099998474121094,104.4616470336914,158.91497802734375,84.77581787109375,58.360450744628906,61.82731246948242,505.0946044921875,72.03179931640625,47.125709533691406
2024-04-09,48.619998931884766,104.94347381591797,158.93455505371094,85.56361389160156,58.467620849609375,61.9993782043457,505.6788635253906,72.03179931640625,47.24046325683594
2024-04-10,47.4900016784668,101.82119750976562,157.3888397216797,83.14115905761719,58.11688995361328,61.25379180908203,500.61541748046875,71.55817413330078,46.59975814819336
2024-04-11,48.20000076293945,102.25483703613281,158.7877960205078,83.67292022705078,58.70146179199219,60.756717681884766,504.3935852050781,72.68305969238281,46.48500061035156
2024-04-12,46.5099983215332,100.71297454833984,156.67465209960938,81.6640625,57.922027587890625,60.27876663208008,497.43133544921875,71.66669464111328,45.8060417175293
2024-04-15,44.380001068115234,99.77821350097656,154.73765563964844,80.53160858154297,57.23027420043945,59.98244857788086,491.1994934082031,70.38395690917969,45.557403564453125
2024-04-16,43.650001525878906,99.2385482788086,154.8843994140625,79.97032165527344,57.240013122558594,59.84861373901367,490.30364990234375,70.40369415283203,45.33746337890625
2024-04-17,43.02000045776367,98.41943359375,153.79849243164062,79.46809387207031,56.69440460205078,60.05891036987305,487.4018859863281,69.72283172607422,45.29920959472656
2024-04-18,42.90999984741211,98.6218032836914,153.4658660888672,79.103759765625,56.5092887878418,60.25966262817383,486.39892578125,69.36760711669922,45.385276794433594
2024-04-19,42.0,99.46983337402344,151.20599365234375,78.7197036743164,55.85651397705078,60.909664154052734,482.15350341796875,67.79869842529297,45.748661041259766
2024-04-22,42.599998474121094,100.32750701904297,152.4973602294922,79.60595703125,56.43134689331055,61.34151840209961,486.5937194824219,68.46968841552734,46.102481842041016
2024-04-23,43.869998931884766,102.11029815673828,154.24850463867188,80.9255142211914,57.132843017578125,61.52345275878906,492.36798095703125,69.5649642944336,46.437191009521484
2024-04-24,43.900001525878906,101.86936950683594,154.140869140625,81.33909606933594,57.06464385986328,61.714962005615234,492.1342468261719,69.54522705078125,46.41805648803711
2024-04-25,43.61000061035156,101.05025482177734,153.67129516601562,81.1618423461914,57.04515075683594,61.580902099609375,490.2646789550781,69.23933410644531,46.303306579589844
2024-04-26,44.06999969482422,101.81155395507812,155.59857177734375,81.88069915771484,57.853824615478516,61.18830490112305,494.9093933105469,70.57142639160156,46.198116302490234
2024-04-29,45.130001068115234,102.5439453125,155.52029418945312,82.4616928100586,57.844078063964844,61.47557830810547,496.6620788574219,70.71942901611328,46.408504486083984
2024-04-30,43.459999084472656,100.59734344482422,153.55392456054688,80.72856140136719,56.830814361572266,60.99678421020508,488.7944030761719,69.38734436035156,45.8634147644043
2024-05-01,43.81999969482422,100.93461608886719,152.80059814453125,79.82260131835938,56.3046875,61.0255241394043,487.2071533203125,69.1110610961914,45.767784118652344
2024-05-02,44.93000030517578,102.46685028076172,153.95498657226562,80.63008880615234,56.78208923339844,61.07341003417969,491.76422119140625,69.94978332519531,46.016422271728516
2024-05-03,45.470001220703125,103.23777770996094,155.73553466796875,81.40803527832031,57.44461441040039,61.32236862182617,497.85980224609375,71.29176330566406,46.255496978759766
2024-05-06,46.5,104.32672882080078,157.8388671875,82.54048156738281,58.097389221191406,61.580902099609375,503.0011901855469,72.25875091552734,46.50412368774414
2024-05-07,45.54999923706055,104.67366027832031,158.34756469726562,81.87085723876953,58.204566955566406,62.0596809387207,503.55615234375,72.22914123535156,46.666690826416016
2024-05-08,44.43000030517578,104.32672882080078,158.34756469726562,81.77238464355469,58.233795166015625,62.06927490234375,503.60479736328125,72.17981719970703,46.71450424194336
2024-05-09,44.15999984741211,105.5794906616211,158.86605834960938,82.03825378417969,58.34096908569336,62.46186065673828,506.5065612792969,72.37715148925781,47.125709533691406
2024-05-10,42.91999816894531,105.02056884765625,159.40411376953125,82.07765197753906,58.574798583984375,62.69168472290039,507.15899658203125,72.43637084960938,47.259586334228516
2024-05-13,44.16999816894531,105.33858489990234,159.30630493164062,82.32384490966797,58.66248321533203,62.624656677246094,507.22698974609375,72.43637084960938,47.24046325683594
2024-05-14,45.119998931884766,106.38896942138672,160.0106964111328,83.21009826660156,58.89632797241211,62.605506896972656,509.5542907714844,72.90999603271484,47.364784240722656
2024-05-15,45.77000045776367,106.85154724121094,162.6031951904297,84.27361297607422,59.74395751953125,62.88319778442383,515.8640747070312,74.10394287109375,47.709041595458984
2024-05-16,44.959999084472656,106.39861297607422,161.97708129882812,83.64338684082031,59.62704086303711,63.180049896240234,514.802734375,73.74871826171875,47.76641845703125
2024-05-17,45.45000076293945,106.37933349609375,161.9477081298828,83.59414672851562,59.61730194091797,63.323665618896484,515.542724609375,73.75860595703125,47.900306701660156
2024-05-20,45.599998474121094,106.21551513671875,162.4955596923828,84.12589263916016,59.83164978027344,63.026329040527344,516.13671875,74.22235107421875,47.632545471191406
2024-05-21,45.20000076293945,106.15770721435547,162.64230346679688,83.91910552978516,59.8706169128418,63.03592300415039,517.402587890625,74.48877716064453,47.689918518066406
2024-05-22,44.9900016784668,105.41566467285156,162.14340209960938,83.78124237060547,59.860870361328125,63.007171630859375,515.9127807617188,74.28155517578125,47.546478271484375
2024-05-23,43.61000061035156,103.89307403564453,161.75204467773438,82.30413818359375,59.782928466796875,62.14390182495117,512.1443481445312,74.13355255126953,46.86751174926758
2024-05-24,44.380001068115234,104.86637878417969,162.9064483642578,83.24949645996094,60.14342498779297,62.297367095947266,515.5330200195312,74.8637466430664,47.05876922607422
2024-05-28,44.029998779296875,104.48091888427734,163.30755615234375,83.14115905761719,60.37725830078125,61.568416595458984,515.893310546875,75.33736419677734,46.685821533203125
2024-05-29,43.47999954223633,103.2088623046875,162.0063934326172,81.8216323852539,59.919334411621094,61.117610931396484,512.28076171875,75.031494140625,46.18854904174805
2024-05-30,42.790000915527344,104.47128295898438,161.1161651611328,81.52619171142578,59.490638732910156,61.491676330566406,508.8824768066406,73.86713409423828,46.47543716430664
2024-05-31,42.45000076293945,105.66622924804688,162.14340209960938,81.91024780273438,59.8803596496582,62.575523376464844,513.5172729492188,74.01515197753906,47.22134780883789
2024-06-03,42.97999954223633,105.29039764404297,162.29014587402344,81.6541976928711,59.93882369995117,62.41246795654297,513.93603515625,74.42957305908203,47.0205192565918
2024-06-04,43.22999954223633,103.70999145507812,162.68141174316406,81.17169952392578,60.14342498779297,62.71940994262695,514.510498046875,74.64665985107422,46.9631462097168
2024-06-05,44.150001525878906,104.85673522949219,164.74563598632812,82.74726104736328,61.05926513671875,62.71940994262695,520.6256103515625,76.09716033935547,47.10658264160156
2024-06-06,44.7599983215332,104.12435913085938,164.6771697998047,82.52079010009766,61.03977584838867,62.68104553222656,520.615966796875,76.0774154663086,47.09702682495117
2024-06-07,43.79999923706055,103.0450439453125,164.50106811523438,81.94963836669922,61.00080490112305,62.64266586303711,519.9829711914062,76.05769348144531,47.0205192565918
2024-06-10,44.150001525878906,102.58248138427734,165.1663360595703,82.53062438964844,61.22489547729492,62.5659294128418,521.5895385742188,76.35369873046875,47.087459564208984
2024-06-11,44.15999984741211,102.18208312988281,165.92605590820312,82.1958236694336,61.41000747680664,62.4796142578125,522.8457641601562,77.07402801513672,46.800575256347656
2024-06-12,45.08000183105469,103.78758239746094,167.04360961914062,83.78124237060547,61.809471130371094,62.345333099365234,527.1400146484375,78.19891357421875,46.75275802612305
2024-06-13,44.380001068115234,102.77205657958984,167.49453735351562,83.55475616455078,62.38430404663086,62.345333099365234,528.2012939453125,78.61333465576172,46.657135009765625
2024-06-14,43.869998931884766,101.24391174316406,167.7592315673828,82.70787048339844,62.7740364074707,62.239830017089844,528.522705078125,78.87975311279297,46.48500061035156
2024-06-17,44.130001068115234,102.201416015625,169.09246826171875,83.37748718261719,63.37810134887695,62.690616607666016,532.7291870117188,79.66914367675781,46.7336311340332
2024-06-18,43.68000030517578,102.23043060302734,169.7786407470703,83.73200988769531,63.6606330871582,62.89204788208008,534.08251953125,79.8763656616211,46.88664245605469
2024-06-20,43.369998931884766,101.8338851928711,169.02381896972656,83.05252838134766,63.25143051147461,63.10307693481445,532.6317749023438,79.28431701660156,47.087459564208984
2024-06-21,43.31999969482422,101.97896575927734,168.66111755371094,83.1313247680664,62.91042709350586,63.09347152709961,531.9176635742188,79.01790618896484,47.05876922607422
2024-06-24,43.2400016784668,102.67533874511719,168.0532989501953,82.70403289794922,62.59286880493164,63.583473205566406,530.1885375976562,78.18183135986328,47.45123291015625
2024-06-25,43.33000183105469,101.79520416259766,168.81797790527344,82.90139770507812,62.475624084472656,63.04545211791992,532.2302856445312,79.14045715332031,47.056846618652344
2024-06-26,43.58000183105469,101.84355926513672,168.45523071289062,82.74349212646484,62.34859848022461,62.670745849609375,532.89453125,79.57528686523438,46.92218017578125
2024-06-27,44.0099983215332,102.32715606689453,168.35719299316406,83.1480941772461,62.34859848022461,62.64191436767578,533.7346801757812,79.77293395996094,46.874088287353516
2024-06-28,43.95000076293945,103.158935546875,167.3965301513672,83.33557891845703,62.084781646728516,62.40172576904297,531.63427734375,79.18984985351562,46.88370132446289
2024-07-01,44.45000076293945,102.35617065429688,167.07301330566406,82.65467834472656,62.04569625854492,62.036643981933594,532.7286376953125,79.76304626464844,46.6624641418457
2024-07-02,44.81999969482422,102.89779663085938,168.08273315429688,83.54281616210938,62.49516296386719,62.31525802612305,536.3135986328125,80.454833984375,46.84522247314453
2024-07-03,45.61000061035156,102.84942626953125,168.81797790527344,84.12503814697266,62.81760787963867,62.199974060058594,538.70703125,81.1466293334961,46.78751754760742
2024-07-05,45.95000076293945,102.06600189208984,169.99432373046875,84.05594635009766,63.11072540283203,62.478580474853516,541.8134155273438,81.97676086425781,46.79713439941406
2024-07-08,45.88999938964844,102.73336791992188,169.81784057617188,84.69737243652344,63.091190338134766,62.344078063964844,542.4386596679688,82.1447982788086,46.82598876953125
2024-07-09,46.04999923706055,102.07569122314453,169.87667846679688,84.60855865478516,62.954410552978516,62.24800109863281,542.9661254882812,82.23372650146484,46.84522247314453
2024-07-10,45.95000076293945,103.16859436035156,171.2196807861328,85.81246185302734,63.24753189086914,62.747596740722656,548.3389282226562,83.11328125,47.249229431152344
2024-07-11,45.709999084472656,106.61175537109375,169.64141845703125,86.11837005615234,62.75898361206055,63.28562927246094,543.6109008789062,81.3739242553711,47.6724739074707
2024-07-12,46.790000915527344,107.63694763183594,170.88641357421875,87.25318908691406,63.19866180419922,63.746803283691406,547.0397338867188,81.897705078125,47.96104049682617
2024-07-15,47.70000076293945,109.1070556640625,171.5333709716797,87.42095947265625,63.49180221557617,63.621910095214844,548.5440673828125,82.16453552246094,48.08609390258789
2024-07-16,49.400001525878906,112.99510192871094,172.6117401123047,89.13799285888672,64.00965881347656,64.30403900146484,551.7970581054688,82.1744155883789,48.78829574584961
2024-07-17,48.43000030517578,112.47282409667969,169.80807495117188,86.36507415771484,63.27684783935547,64.8804931640625,544.0602416992188,79.83222961425781,49.0672492980957
2024-07-18,46.56999969482422,110.74156188964844,168.6807098388672,85.69403839111328,62.89576721191406,64.53461456298828,539.8792724609375,79.32820892333984,48.567054748535156
2024-07-19,46.630001068115234,109.9775161743164,167.4161376953125,85.07235717773438,62.28020095825195,64.04464721679688,536.2940673828125,78.7945556640625,48.27847671508789
2024-07-22,47.65999984741211,111.58301544189453,169.68060302734375,86.69071960449219,62.98371505737305,64.45071411132812,541.8232421875,80.01012420654297,48.4420051574707
2024-07-23,47.7599983215332,112.45348358154297,169.09246826171875,86.29600524902344,62.798065185546875,64.12353515625,540.9733276367188,80.000244140625,48.23999786376953
2024-07-24,44.709999084472656,110.38372802734375,165.151611328125,83.46385955810547,61.53760528564453,63.95032501220703,528.7135009765625,77.00578308105469,48.08609390258789
2024-07-25,45.189998626708984,111.7861328125,163.90660095214844,82.76325225830078,61.51807403564453,63.988834381103516,525.9586791992188,76.19539642333984,48.18229293823242
2024-07-26,45.779998779296875,113.87522888183594,166.02407836914062,84.22371673583984,62.397457122802734,64.70088958740234,531.8492431640625,76.9168472290039,48.83639144897461
2024-07-29,45.93000030517578,113.14983367919922,166.0044708251953,84.33226013183594,62.37791442871094,64.93182373046875,532.161865234375,77.0453109741211,48.79791259765625
2024-07-30,44.959999084472656,113.78816986083984,165.32806396484375,83.74017333984375,62.123863220214844,65.20125579833984,529.4656982421875,76.05704498291016,49.02876663208008
2024-07-31,45.529998779296875,114.45552825927734,168.39642333984375,85.792724609375,63.120506286621094,65.1146469116211,538.0719604492188,78.11265563964844,49.096099853515625
2024-08-01,43.209999084472656,111.24451446533203,166.5142364501953,82.45732879638672,62.19226837158203,65.60539245605469,530.452392578125,76.60059356689453,48.807533264160156
2024-08-02,41.209999084472656,107.45317077636719,164.2203369140625,79.08245086669922,61.4985237121582,65.65351867675781,520.5762329101562,75.01937866210938,48.13418960571289
2024-08-05,39.59000015258789,104.13577270507812,159.43646240234375,77.12857818603516,60.062191009521484,64.21012115478516,505.4151306152344,72.51904296875,46.960655212402344
2024-08-06,40.20000076293945,105.33506774902344,161.1519775390625,78.10552215576172,60.48234558105469,64.64315032958984,510.0748291015625,73.35909271240234,47.33580017089844
2024-08-07,39.470001220703125,104.31953430175781,159.82858276367188,76.61544799804688,60.14036178588867,64.6720199584961,506.6654357910156,72.60800170898438,47.13379669189453
2024-08-08,41.290000915527344,106.66976928710938,163.9458465576172,79.3488998413086,61.4985237121582,65.30709075927734,518.3782958984375,74.79206085205078,47.81676483154297
2024-08-09,41.459999084472656,106.46665954589844,164.9457244873047,79.57585906982422,61.811195373535156,65.3455810546875,520.6641235351562,75.34548950195312,47.893714904785156
2024-08-12,40.91999816894531,105.17064666748047,165.22023010253906,79.27982330322266,61.674400329589844,65.1146469116211,520.9376220703125,75.65187072753906,47.69171142578125
2024-08-13,42.59000015258789,106.96958923339844,167.6807861328125,81.24356842041016,62.446311950683594,65.42256164550781,529.5046997070312,77.39122009277344,48.124568939208984
2024-08-14,41.90999984741211,106.45698547363281,168.09254455566406,81.02645874023438,62.641727447509766,65.7497329711914,531.17529296875,77.5394515991211,48.33618927001953
2024-08-15,43.91999816894531,108.96198272705078,171.0922393798828,83.6612319946289,63.81425476074219,66.12499237060547,540.2797241210938,79.20962524414062,48.83639144897461
2024-08-16,44.09000015258789,109.28114318847656,171.19029235839844,83.58228302001953,63.78493118286133,66.32708740234375,541.490966796875,79.27880859375,49.01914978027344
2024-08-19,45.09000015258789,110.19996643066406,172.44508361816406,84.71710968017578,64.1464614868164,66.6961441040039,546.66845703125,80.2967300415039,49.3077278137207
2024-08-20,44.540000915527344,108.93294525146484,172.4058380126953,83.98687744140625,64.20508575439453,66.6961441040039,545.779541015625,80.21765899658203,49.1634407043457
2024-08-21,45.61000061035156,110.19029235839844,173.6508331298828,85.09210205078125,64.52752685546875,67.02381134033203,547.6551513671875,80.5141372680664,49.36544418334961
2024-08-22,44.25,109.35852813720703,172.30783081054688,83.73030853271484,64.12691497802734,67.12016296386719,543.3568115234375,79.39739990234375,49.35581970214844
2024-08-23,46.2400016784668,112.6275634765625,173.8861083984375,85.69403839111328,64.4688949584961,67.3707275390625,549.1302490234375,80.30659484863281,49.846397399902344
2024-08-26,45.72999954223633,112.5888900756836,173.6312255859375,84.50988006591797,64.34188842773438,67.63091278076172,547.8211059570312,79.77293395996094,49.96182632446289
2024-08-27,45.41999816894531,111.89250183105469,174.2586212158203,84.70722961425781,64.57637786865234,67.70801544189453,548.5734252929688,79.98047637939453,50.01955032348633
2024-08-28,44.27000045776367,111.54434204101562,172.9254150390625,83.33557891845703,64.11714172363281,67.84293365478516,545.3887329101562,79.18984985351562,49.96182632446289
2024-08-29,44.68000030517578,112.12464904785156,172.9450225830078,83.7007064819336,64.4493637084961,68.02603149414062,545.4376220703125,78.97245788574219,50.154212951660156
2024-08-30,44.81999969482422,112.6759262084961,174.27822875976562,84.62830352783203,65.11378479003906,68.51750183105469,550.6443481445312,79.8025894165039,50.567832946777344
2024-09-03,42.97999954223633,109.45523071289062,170.523681640625,81.05606842041016,64.00965881347656,68.55604553222656,539.3125610351562,77.3319091796875,50.154212951660156
2024-09-04,42.869998931884766,109.18441772460938,170.2982177734375,80.97711181640625,64.11714172363281,68.69097137451172,538.2088012695312,77.13426971435547,50.12535858154297
2024-09-05,43.599998474121094,108.72017669677734,169.30812072753906,80.67121124267578,63.75560760498047,68.20913696289062,536.8997192382812,77.20343780517578,49.73097229003906
2024-09-06,41.59000015258789,106.8535385131836,167.2984619140625,78.7568130493164,62.8762321472168,67.62129974365234,527.8637084960938,75.51351165771484,49.269248962402344
2024-09-09,42.63999938964844,106.59239196777344,169.1610565185547,79.93110656738281,63.687217712402344,68.36331939697266,533.773681640625,76.36341857910156,49.807918548583984
2024-09-10,43.290000915527344,106.23454284667969,169.5825958251953,80.37516784667969,64.00965881347656,68.30548858642578,536.0986938476562,77.05519104003906,49.702110290527344
2024-09-11,44.22999954223633,106.42796325683594,171.34710693359375,82.2500991821289,64.34188842773438,67.89111328125,541.5985107421875,78.60678100585938,49.57706832885742
2024-09-12,44.97999954223633,107.79169464111328,172.59210205078125,82.78297424316406,64.78157806396484,68.24766540527344,546.1605224609375,79.5159912109375,49.76945114135742
2024-09-13,45.7599983215332,110.59649658203125,173.337158203125,84.22371673583984,65.20172119140625,68.64279174804688,549.012939453125,79.91129302978516,50.086875915527344
2024-09-16,45.689998626708984,111.05107879638672,173.67047119140625,84.45068359375,65.25057220458984,69.1535415649414,549.8237915039062,79.66424560546875,50.490875244140625
2024-09-17,46.060001373291016,111.911865234375,173.6508331298828,85.03289031982422,65.27012634277344,68.88370513916016,550.0484619140625,79.70376586914062,50.4620246887207
2024-09-18,46.18000030517578,112.05693817138672,172.89601135253906,84.70722961425781,64.89881896972656,68.39221954345703,548.4171142578125,79.41716003417969,50.31773376464844
2024-09-19,47.41999816894531,114.24275207519531,175.45460510253906,86.91767883300781,65.76844024658203,68.58497619628906,557.7755126953125,81.3838119506836,50.68326187133789
2024-09-20,46.900001525878906,113.11116027832031,174.88600158691406,86.74005889892578,65.66095733642578,68.58497619628906,556.8113403320312,81.22569274902344,50.587074279785156
2024-09-23,46.939998626708984,113.10149383544922,175.5036163330078,87.16609954833984,65.84516906738281,69.01734161376953,558.2027587890625,81.36426544189453,50.824951171875
2024-09-24,47.45000076293945,113.1304931640625,175.56240844726562,87.61092376708984,65.75698852539062,68.77606964111328,559.7999267578125,81.76020050048828,50.786277770996094
2024-09-25,46.86000061035156,111.66846466064453,175.29989624023438,87.15621948242188,65.47283172607422,68.61197662353516,558.5653076171875,81.87898254394531,50.496177673339844
2024-09-26,47.27000045776367,112.38733673095703,176.09632873535156,88.67851257324219,65.99213409423828,68.79535675048828,560.77978515625,82.08683776855469,50.7765998840332
2024-09-27,47.880001068115234,113.23249816894531,175.7030487060547,88.54012298583984,65.79617309570312,69.03665161132812,559.9664916992188,81.65130615234375,50.95065689086914
2024-09-30,47.529998779296875,113.62108612060547,176.30284118652344,88.19413757324219,65.91375732421875,69.22966766357422,562.21044921875,82.09674835205078,51.115047454833984
2024-10-01,46.18000030517578,112.1541748046875,175.1622314453125,86.83989715576172,65.42384338378906,69.27792358398438,557.1738891601562,80.90892791748047,50.969993591308594
2024-10-02,45.869998931884766,111.63932800292969,175.45721435546875,87.18586730957031,65.44343566894531,69.16211700439453,557.4091186523438,81.02772521972656,50.911983489990234
2024-10-03,45.38999938964844,110.80387115478516,175.37855529785156,87.03759765625,65.21806335449219,68.72781372070312,556.3899536132812,81.08712005615234,50.66056442260742
2024-10-04,46.54999923706055,112.4747543334961,176.21435546875,88.14472198486328,65.58061218261719,69.03665161132812,561.4461669921875,81.99775695800781,50.9990119934082
2024-10-07,45.90999984741211,111.40616607666016,174.62144470214844,87.94702911376953,64.78694152832031,68.22594451904297,556.370361328125,81.13661193847656,50.61221694946289
2024-10-08,46.63999938964844,111.27987670898438,176.3815155029297,88.42150115966797,65.3846435546875,68.62164306640625,561.63232421875,82.36399841308594,50.71858215332031
2024-10-09,46.650001525878906,111.59074401855469,177.5319366455078,89.38034057617188,66.05094146728516,69.00770568847656,565.5224609375,82.93810272216797,51.07636642456055
2024-10-10,46.16999816894531,110.8330078125,177.2467803955078,88.9058609008789,65.9235610961914,68.76640319824219,564.53271484375,82.86882019042969,50.882965087890625
2024-10-11,46.63999938964844,112.88277435302734,178.39723205566406,89.7164306640625,66.16851806640625,69.37442016601562,567.9132690429688,83.04698181152344,51.47283172607422
2024-10-14,47.369998931884766,113.65020751953125,180.12783813476562,90.6456298828125,66.73681640625,69.92460632324219,572.557861328125,83.8487548828125,51.78226852416992
2024-10-15,47.290000915527344,113.79595184326172,177.91543579101562,88.97505950927734,66.18811798095703,70.11761474609375,568.1092529296875,82.87871551513672,51.63722229003906
2024-10-16,47.689998626708984,115.33084106445312,178.86920166015625,89.57805633544922,66.3056869506836,70.484375,570.5785522460938,83.0370864868164,52.05302810668945
2024-10-17,47.040000915527344,115.13653564453125,178.57423400878906,89.42977905273438,66.2861099243164,70.42646789550781,570.6275634765625,83.16576385498047,51.95632553100586
2024-10-18,48.029998779296875,114.77710723876953,179.3706817626953,89.80540466308594,66.69762420654297,70.58088684082031,572.8223876953125,83.62109375,52.072364807128906
2024-10-21,47.380001068115234,112.7564926147461,178.92822265625,89.18264770507812,66.42327880859375,70.08023071289062,571.8817749023438,83.95763397216797,51.5888671875
2024-10-22,47.150001525878906,112.09589385986328,178.3480682373047,88.53022766113281,65.9627456665039,70.0222396850586,571.5779418945312,83.97742462158203,51.5018424987793
2024-10-23,45.7599983215332,111.3867416381836,176.84364318847656,87.4725341796875,65.52183532714844,69.93527221679688,566.355224609375,82.71043395996094,51.453487396240234
2024-10-24,47.380001068115234,111.69760131835938,176.71585083007812,88.02611541748047,65.3846435546875,69.76128387451172,567.580078125,83.19547271728516,51.28910446166992
2024-10-25,47.66999816894531,111.20216369628906,176.75514221191406,88.38196563720703,65.31605529785156,68.98809814453125,567.3840942382812,83.62109375,50.911983489990234
2024-10-28,48.400001525878906,112.88277435302734,177.0796356201172,88.9058609008789,65.3846435546875,69.26837158203125,569.1381225585938,83.73986053466797,51.182743072509766
2024-10-29,48.40999984741211,112.3678970336914,177.5319366455078,89.56816101074219,65.50221252441406,68.91079711914062,570.0592041015625,84.36346435546875,50.83462142944336
2024-10-30,48.22999954223633,112.50390625,176.61749267578125,87.8778305053711,65.32585144042969,69.03644561767578,568.3345947265625,83.99723052978516,50.786277770996094
2024-10-31,45.88999938964844,110.6678695678711,173.47097778320312,85.60426330566406,64.34600067138672,68.60151672363281,557.193603515625,81.53255462646484,50.496177673339844
2024-11-01,46.63999938964844,111.02731323242188,174.12977600097656,85.99967193603516,64.56159210205078,68.47587585449219,559.5452270507812,82.11654663085938,50.5155143737793
2024-11-04,46.68000030517578,111.71702575683594,173.93312072753906,85.95024108886719,64.5517807006836,68.41786193847656,558.3399047851562,81.85918426513672,50.428489685058594
2024-11-05,48.189998626708984,114.01937866210938,175.7030487060547,87.39346313476562,65.25727081298828,69.03644561767578,565.09130859375,82.98758697509766,50.921653747558594
2024-11-06,52.13999938964844,120.84868621826172,179.21334838867188,89.85484313964844,66.5604476928711,70.19620513916016,579.142578125,85.14542388916016,52.169063568115234
2024-11-07,52.689998626708984,120.00352478027344,180.9046173095703,91.0311508178711,66.92298889160156,70.10923767089844,583.6205444335938,86.46189880371094,52.024017333984375
2024-11-08,54.06999969482422,120.70297241210938,181.33724975585938,91.0904541015625,67.18755340576172,70.69881439208984,586.1486206054688,86.69947052001953,52.35279083251953
2024-11-11,57.849998474121094,122.65559387207031,181.17010498046875,91.36724090576172,67.14835357666016,71.008056640625,586.7072143554688,86.59059143066406,52.53651809692383
2024-11-12,56.810001373291016,120.7709732055664,180.99310302734375,90.07230377197266,66.9915771484375,70.79544067382812,584.8846435546875,86.61038208007812,52.14005661010742
2024-11-13,55.84000015258789,119.7509536743164,180.55062866210938,89.6966781616211,66.97197723388672,70.91140747070312,585.1688232421875,86.59059143066406,52.256099700927734
2024-11-14,53.849998474121094,118.20634460449219,179.49851989746094,88.92564392089844,66.59965515136719,70.32186126708984,581.4060668945312,86.02638244628906,51.92731857299805
2024-11-15,53.459999084472656,117.08916473388672,176.55850219726562,87.21553039550781,65.68840789794922,70.26384735107422,573.9591674804688,84.294189453125,51.75326156616211
2024-11-18,55.11000061035156,117.14744567871094,176.97146606445312,87.97669219970703,66.001953125,70.52713012695312,576.3108520507812,84.59111785888672,51.98533630371094
2024-11-19,55.91999816894531,117.40974426269531,177.38446044921875,88.84654998779297,65.84516906738281,70.43034362792969,578.41748046875,85.4324722290039,51.7629280090332
2024-11-20,55.279998779296875,117.56517791748047,177.8662567138672,88.64885711669922,65.81576538085938,70.55616760253906,578.6134643554688,85.3631820678711,51.878971099853516
2024-11-21,54.77000045776367,119.46923828125,179.036376953125,90.5566635131836,66.5800552368164,71.3014144897461,581.7196044921875,85.4225845336914,52.468833923339844
2024-11-22,56.209999084472656,121.4801254272461,179.6951904296875,91.65390014648438,66.9621810913086,71.58208465576172,583.522705078125,85.4225845336914,52.865291595458984
2024-11-25,57.029998779296875,123.74362182617188,180.678466796875,93.31458282470703,67.37371826171875,71.72725677490234,585.5020141601562,85.49186706542969,53.22308349609375
2024-11-26,56.20000076293945,122.5487289428711,181.465087890625,92.4447021484375,67.55987548828125,72.16278839111328,588.5592041015625,86.2639389038086,53.242427825927734
2024-11-27,57.150001525878906,122.61673736572266,181.17010498046875,91.55506134033203,67.31492614746094,72.36602020263672,586.77587890625,85.69974517822266,53.30044174194336
2024-11-29,57.97999954223633,122.91787719726562,182.19271850585938,92.01963806152344,67.67747497558594,72.4434585571289,590.4208984375,86.4718017578125,53.445491790771484
2024-12-02,59.470001220703125,123.20932006835938,182.87120056152344,93.71986389160156,68.0204086303711,71.72725677490234,591.479248046875,87.14488220214844,53.08770751953125
2024-12-03,58.9900016784668,122.29615020751953,182.9105224609375,93.24539184570312,67.77545166015625,71.3594741821289,591.75341796875,87.56063079833984,52.797607421875
2024-12-04,60.83000183105469,122.72359466552734,183.72662353515625,93.9175796508789,67.86363983154297,71.16590881347656,595.427978515625,88.69892883300781,52.64289093017578
2024-12-05,60.380001068115234,120.95555114746094,182.94984436035156,92.76102447509766,67.60888671875,71.11752319335938,594.4480590820312,88.63954162597656,52.50751495361328
2024-12-06,62.900001525878906,120.96526336669922,183.34315490722656,93.87803649902344,67.88322448730469,70.7206802368164,595.5750122070312,89.17404174804688,52.362464904785156
2024-12-09,61.310001373291016,120.8195571899414,182.46803283691406,93.70999908447266,67.67747497558594,70.13998413085938,592.5079956054688,88.65933990478516,52.06269836425781
2024-12-10,60.59000015258789,120.39210510253906,182.05503845214844,91.98998260498047,67.33452606201172,70.12064361572266,590.6658325195312,88.44156646728516,51.8983039855957
2024-12-11,61.810001373291016,121.11097717285156,183.0088348388672,93.02790832519531,67.70686340332031,69.72380065917969,595.2321166992188,89.8966293334961,51.69524383544922
2024-12-12,60.91999816894531,120.1395263671875,181.65191650390625,92.3853988647461,67.24634552001953,69.65605926513672,592.1651000976562,89.30272674560547,51.511512756347656
2024-12-13,61.33000183105469,119.32350158691406,180.88494873046875,92.30631256103516,67.92243957519531,69.47216033935547,592.0474853515625,89.48089599609375,51.36646270751953
2024-12-16,62.939998626708984,119.7509536743164,180.8357696533203,92.66216278076172,68.38294219970703,69.11407470703125,594.5755004882812,90.45093536376953,51.08604049682617
2024-12-17,62.97999954223633,118.0625228881836,180.1730194091797,91.8911361694336,68.06940460205078,68.85274505615234,592.1258544921875,90.12430572509766,50.80561447143555
2024-12-18,58.560001373291016,113.25804138183594,175.46875,88.14472198486328,66.15870666503906,67.43968200683594,574.4783935546875,87.12509155273438,49.59687805175781
2024-12-19,58.16999816894531,112.84622192382812,175.26165771484375,87.33415222167969,65.89414978027344,67.34288787841797,574.302001953125,87.27357482910156,49.403480529785156
2024-12-20,59.400001525878906,113.5718002319336,176.95794677734375,88.876220703125,66.53105163574219,68.00104522705078,581.199951171875,88.23370361328125,50.03202819824219
2024-12-23,59.2400016784668,113.3757095336914,178.29920959472656,89.74224853515625,66.74919891357422,68.0126724243164,584.680419921875,89.18675994873047,50.10893249511719
2024-12-24,60.959999084472656,114.32679748535156,179.63063049316406,90.74193572998047,67.2896499633789,68.53607177734375,591.1791381835938,90.36692810058594,50.517822265625
2024-12-26,60.959999084472656,115.10137939453125,179.73912048339844,90.65283966064453,67.32894134521484,68.5748519897461,591.2184448242188,90.24793243408203,50.615177154541016
2024-12-27,59.27000045776367,113.54240417480469,178.03292846679688,89.49480438232422,66.76885986328125,68.2549819946289,584.9949340820312,88.9090805053711,50.30363845825195
2024-12-30,57.61000061035156,112.72857666015625,176.1196746826172,88.1289291381836,66.0122299194336,67.69281005859375,578.3192749023438,87.93717193603516,49.748714447021484
2024-12-31,56.77000045776367,112.97370910644531,175.62655639648438,87.74292755126953,65.8648452758789,67.8478775024414,576.21533203125,87.17354583740234,49.78765869140625
2025-01-02,56.88999938964844,112.72857666015625,175.16302490234375,87.7231216430664,65.69779968261719,67.56680297851562,574.7994995117188,87.13387298583984,49.53453063964844
2025-01-03,59.81999969482422,113.96401977539062,176.82974243164062,89.75215148925781,66.19893646240234,67.88665771484375,581.9865112304688,88.63139343261719,49.933692932128906
2025-01-06,61.150001525878906,113.95421600341797,177.52011108398438,91.0982437133789,66.38563537597656,67.00464630126953,585.3390502929688,89.61322021484375,49.943424224853516
2025-01-07,58.900001525878906,113.1109619140625,176.1788330078125,90.02928924560547,65.99258422851562,67.03372192382812,578.722412109375,87.91735076904297,49.82659912109375
2025-01-08,58.95000076293945,113.140380859375,176.52401733398438,89.3364486694336,66.07118225097656,67.42141723632812,579.56787109375,88.02644348144531,49.87527847290039
2025-01-10,57.470001220703125,110.87541961669922,173.92039489746094,88.09923553466797,64.99031829833984,66.21955108642578,570.7193603515625,86.80660247802734,49.086692810058594
2025-01-13,56.70000076293945,111.32644653320312,174.2162628173828,87.71324157714844,65.18682861328125,66.68479919433594,571.604248046875,86.51899719238281,49.40797424316406
2025-01-14,56.40999984741211,112.84622192382812,174.20639038085938,88.4456558227539,65.37354278564453,67.16941833496094,572.3907470703125,86.31072998046875,49.63188934326172
2025-01-15,58.66999816894531,114.74840545654297,176.97767639160156,89.93031311035156,66.20875549316406,67.60557556152344,582.802490234375,88.37354278564453,50.27443313598633
2025-01-16,58.7400016784668,115.08177947998047,176.99737548828125,90.36581420898438,66.46424865722656,68.50698852539062,581.6817626953125,87.99668884277344,50.30363845825195
2025-01-17,59.61000061035156,115.689697265625,178.20059204101562,91.5040283203125,66.92606353759766,68.72023010253906,587.5217895507812,89.14710235595703,50.63465118408203
2025-01-21,61.5,117.62128448486328,179.63063049316406,92.9194107055664,67.55494689941406,69.45985412597656,592.8995361328125,90.05948638916016,50.994873046875
2025-01-22,62.060001373291016,116.6015625,181.18885803222656,93.83988952636719,68.01677703857422,68.77071380615234,596.232666015625,91.16031646728516,50.93645477294922
2025-01-23,62.689998626708984,116.99376678466797,182.06658935546875,94.23580932617188,68.45895385742188,68.74158477783203,599.4868774414062,91.60660552978516,51.257728576660156
2025-01-24,62.33000183105469,116.74864196777344,181.56362915039062,93.53306579589844,68.20347595214844,68.99394226074219,597.7367553710938,91.25949096679688,51.170108795166016
2025-01-27,60.70000076293945,116.4544906616211,180.0349884033203,89.62348937988281,68.19364929199219,70.0228271484375,589.2815551757812,87.94710540771484,51.695831298828125
2025-01-28,61.93000030517578,116.38584899902344,181.17898559570312,90.09857177734375,68.3213882446289,69.16866302490234,594.3448486328125,89.71238708496094,51.51084899902344
2025-01-29,61.86000061035156,116.01325988769531,180.62669372558594,89.93031311035156,68.33121490478516,68.8968734741211,591.6805419921875,89.0975112915039,51.42323303222656
2025-01-30,63.5099983215332,117.11141967773438,182.31314086914062,91.24671173095703,69.18609619140625,69.61518096923828,594.856201171875,89.90081787109375,51.49138259887695
2025-01-31,62.869998931884766,116.13092803955078,180.8338165283203,90.37570190429688,68.54739379882812,69.24633026123047,591.6903076171875,89.45453643798828,51.209049224853516
2025-02-03,61.779998779296875,114.59153747558594,179.94622802734375,88.9603271484375,68.46878051757812,69.48897552490234,587.7085571289062,88.71073913574219,50.926719665527344
2025-02-04,63.119998931884766,115.87599182128906,180.7943572998047,89.98970794677734,68.44912719726562,69.26573181152344,591.6510009765625,89.68262481689453,51.05328369140625
2025-02-05,63.810001373291016,116.91532897949219,181.58331298828125,90.54397583007812,69.058349609375,69.89665985107422,594.0499877929688,90.05948638916016,51.24799346923828
2025-02-06,62.720001220703125,116.49371337890625,181.82003784179688,90.90027618408203,69.0780029296875,69.97431945800781,596.1146240234375,90.78345489501953,51.189579010009766
2025-02-07,62.7599983215332,114.86607360839844,180.3900146484375,90.38560485839844,68.71443939208984,69.76077270507812,590.6580200195312,89.94049072265625,50.73200225830078
2025-02-10,62.720001220703125,114.99354553222656,181.7115478515625,91.66241455078125,69.15660095214844,70.07136535644531,594.6693115234375,90.69420623779297,50.90724563598633
2025-02-11,61.349998474121094,114.78762817382812,181.8791961669922,90.57365417480469,69.3334732055664,70.4111099243164,595.1216430664062,90.4165267944336,51.179840087890625
2025-02-12,62.68000030517578,113.3462905883789,181.31707763671875,90.46478271484375,69.18609619140625,70.207275390625,593.2044067382812,90.20824432373047,51.004600524902344
2025-02-13,64.77999877929688,114.89549255371094,183.24020385742188,91.6129150390625,69.88375091552734,70.79936981201172,599.4672241210938,91.35865783691406,51.40375900268555
2025-02-14,67.0199966430664,114.80723571777344,182.5596923828125,92.45421600341797,69.5889663696289,70.19754028320312,599.4376831054688,91.56694030761719,51.31613540649414
2025-02-18,66.4800033569336,115.52301025390625,183.0232391357422,94.15662384033203,69.73635864257812,70.45962524414062,601.1975708007812,91.59668731689453,51.55952835083008
2025-02-19,65.70999908447266,115.08177947998047,183.64456176757812,94.14673614501953,69.98200225830078,70.81876373291016,602.61328125,91.62642669677734,51.783447265625
2025-02-20,63.97999954223633,113.77771759033203,183.14157104492188,93.12726593017578,69.7166976928711,70.85758972167969,600.1062622070312,90.9520492553711,51.783447265625
2025-02-21,60.20000076293945,110.75775146484375,180.08428955078125,89.96991729736328,68.91095733642578,71.0323257446289,589.842041015625,88.84957122802734,51.2674674987793
2025-02-24,59.08000183105469,110.34593963623047,179.51226806640625,88.47535705566406,68.77338409423828,71.40362548828125,587.157958984375,87.90743255615234,51.296669006347656
2025-02-25,56.0,110.45380401611328,179.3248748779297,87.05008697509766,68.86183166503906,72.09375,584.2379150390625,86.96528625488281,51.34535217285156
2025-02-26,56.459999084472656,110.22828674316406,179.03887939453125,88.46546173095703,68.89129638671875,71.47166442871094,584.5328979492188,87.58016204833984,51.014339447021484
2025-02-27,54.59000015258789,108.67909240722656,176.47470092773438,85.24871063232422,68.07572937011719,71.55915069580078,575.20263671875,85.31900024414062,50.78068542480469
2025-02-28,55.63999938964844,109.6105728149414,179.0684814453125,85.98114776611328,69.06817626953125,72.4339370727539,584.178955078125,86.86610412597656,51.44270324707031
2025-03-03,53.09000015258789,107.06126403808594,176.6324920654297,82.91285705566406,68.3606948852539,72.95883178710938,573.9442138671875,84.71403503417969,50.946189880371094
2025-03-04,53.16999816894531,105.4336166381836,174.81785583496094,82.00228118896484,67.52547454833984,71.70494079589844,567.1505126953125,83.90081787109375,50.18681335449219
2025-03-05,54.70000076293945,106.53178405761719,176.68179321289062,83.52651977539062,68.19364929199219,71.94793701171875,573.24609375,85.0611343383789,50.556766510009766
2025-03-06,52.13999938964844,105.16889190673828,173.79217529296875,80.63639831542969,67.0145034790039,71.50082397460938,563.0703735351562,82.62146759033203,50.24523162841797
2025-03-07,52.45000076293945,105.7081527709961,174.39378356933594,81.50738525390625,67.19136810302734,72.19094848632812,566.2262573242188,82.93883514404297,50.654117584228516
2025-03-10,47.86000061035156,103.22747802734375,170.49818420410156,78.34012603759766,65.92379760742188,72.08403778076172,551.14453125,79.82479095458984,49.85580825805664
2025-03-11,48.189998626708984,102.6587905883789,168.3975372314453,78.171875,65.19666290283203,70.8106918334961,546.5629272460938,79.67601776123047,49.12563705444336
2025-03-12,49.61000061035156,102.207763671875,168.75257873535156,79.42888641357422,65.24578857421875,70.0136489868164,549.4631958007812,80.9057846069336,48.87251281738281
2025-03-13,47.25,100.49188232421875,165.84323120117188,77.85514831542969,64.13542938232422,69.99420928955078,542.138671875,79.388427734375,48.46361541748047
2025-03-14,49.189998626708984,102.95294189453125,169.01885986328125,80.52751922607422,65.2359619140625,70.74266815185547,553.3369140625,81.431396484375,49.27167510986328
2025-03-17,49.97999954223633,104.05110931396484,170.71517944335938,81.87360382080078,65.98275756835938,71.45222473144531,557.6039428710938,81.67933654785156,49.79739761352539
2025-03-18,48.2400016784668,103.40495300292969,168.9863739013672,80.5968017578125,65.26544952392578,71.30642700195312,551.5771484375,80.29090118408203,49.641624450683594
2025-03-19,50.04999923706055,104.80152130126953,170.587646484375,81.87360382080078,65.75675201416016,71.520263671875,557.584228515625,81.54048919677734,49.904483795166016
2025-03-20,50.02000045776367,104.29993438720703,169.9451446533203,81.33912658691406,65.51109313964844,71.3841781616211,555.9718627929688,81.33222198486328,49.81686019897461
2025-03-21,51.5,103.63115692138672,169.6189727783203,81.27975463867188,65.27527618408203,70.87873077392578,556.1552124023438,81.58016204833984,49.680564880371094
2025-03-24,54.18000030517578,106.22760009765625,172.55467224121094,83.63079833984375,66.29142761230469,71.37128448486328,566.1151733398438,83.55353546142578,50.24722671508789
2025-03-25,54.13999938964844,105.58831787109375,172.82156372070312,83.4721450805664,66.37026977539062,71.16686248779297,567.4760131835938,83.92100524902344,50.227684020996094
2025-03-26,51.65999984741211,105.02771759033203,171.358642578125,81.38980865478516,65.98588562011719,71.809326171875,560.7012939453125,82.11347961425781,50.20814514160156
2025-03-27,50.779998779296875,104.5556411743164,171.07200622558594,80.23955535888672,66.01546478271484,72.10135650634766,559.2122802734375,81.5970458984375,50.20814514160156
2025-03-28,48.70000076293945,102.29359436035156,167.65194702148438,77.88948822021484,64.77360534667969,71.76065826416016,547.95068359375,79.5710220336914,49.46562576293945
2025-03-31,47.58000183105469,102.84435272216797,168.91717529296875,77.60193634033203,65.3846664428711,72.73408508300781,551.6288452148438,79.81930541992188,49.895511627197266
2025-04-01,47.79999923706055,103.07056427001953,169.31253051757812,78.05806732177734,65.2368392944336,72.72434997558594,553.18701171875,80.39533233642578,49.8759651184082
2025-04-02,49.150001525878906,104.59498596191406,170.2713623046875,79.49585723876953,65.4832534790039,72.7827377319336,556.6876831054688,81.06074523925781,50.100677490234375
2025-04-03,45.119998931884766,97.2679214477539,162.70965576171875,72.30683135986328,63.117794036865234,72.15975189208984,529.2538452148438,76.66109466552734,48.009891510009766
2025-04-04,41.939998626708984,93.0683822631836,153.69496154785156,67.53728485107422,59.39223098754883,68.12979125976562,498.2696838378906,71.95355987548828,45.26451873779297
2025-04-07,42.279998779296875,91.78984832763672,152.80532836914062,68.58836364746094,59.10641098022461,67.0006332397461,497.3822021484375,72.34090423583984,44.82487106323242
2025-04-08,40.5099983215332,89.06554412841797,150.660400390625,66.7142562866211,58.386924743652344,66.31922149658203,489.591796875,71.33782958984375,44.07257080078125
2025-04-09,47.25,96.93353271484375,163.73765563964844,76.144287109375,63.20650100708008,69.2394790649414,541.0084228515625,79.44190979003906,47.36507034301758
2025-04-10,44.529998779296875,92.6651611328125,158.84481811523438,71.54330444335938,61.422569274902344,68.53862762451172,517.3019409179688,76.35321807861328,45.99727249145508
2025-04-11,45.88999938964844,93.83551788330078,161.5630645751953,72.52498626708984,62.378597259521484,69.5802001953125,526.5321044921875,77.75355529785156,46.75932693481445
2025-04-14,46.2599983215332,94.8681869506836,162.94691467285156,73.46698760986328,62.96995544433594,70.62174987792969,531.6401977539062,78.22034454345703,47.29668426513672
2025-04-15,46.54999923706055,94.64198303222656,162.5416259765625,73.63557434082031,62.881256103515625,70.2615966796875,530.151123046875,78.26006317138672,47.062198638916016
2025-04-16,45.08000183105469,93.7076644897461,159.15121459960938,71.89036560058594,61.76752471923828,69.61913299560547,518.3668823242188,76.0254898071289,46.34898376464844
2025-04-17,45.119998931884766,94.7108383178711,159.5663604736328,72.0192642211914,62.0927734375,70.20318603515625,519.1065063476562,76.0552749633789,46.446693420410156
2025-04-21,44.439998626708984,92.822509765625,156.03761291503906,70.12532806396484,60.811492919921875,69.02738952636719,506.7503356933594,73.91007232666016,45.54784393310547
2025-04-22,46.119998931884766,95.06489562988281,159.90245056152344,72.17791748046875,62.427879333496094,70.35333251953125,519.9348754882812,75.9162368774414,46.61278533935547
2025-04-23,47.95000076293945,96.27458953857422,161.780517578125,74.19084930419922,62.98966979980469,70.12908935546875,527.991455078125,77.71382904052734,47.03289031982422
2025-04-24,49.9900016784668,98.23175048828125,164.89414978027344,77.68124389648438,64.00484466552734,70.16807556152344,539.1051635742188,79.80937194824219,47.67770767211914
2025-04-25,51.0,98.1924057006836,165.7936553955078,78.18696594238281,64.28079986572266,69.83658599853516,543.0004272460938,80.98129272460938,47.67770767211914
2025-04-28,51.2400016784668,98.5366439819336,165.94190979003906,78.35553741455078,64.39907836914062,70.09009552001953,543.2073974609375,80.8819808959961,47.814491271972656
2025-04-29,51.529998779296875,99.1759033203125,166.94024658203125,78.50428009033203,64.87216186523438,70.60681915283203,546.6293334960938,81.42821502685547,48.058746337890625
2025-04-30,50.84000015258789,98.47762298583984,167.4147186279297,78.50428009033203,65.19741821289062,71.00653839111328,546.8462524414062,81.43814086914062,48.09782409667969
2025-05-01,50.77000045776367,99.08739471435547,167.45425415039062,79.15872955322266,65.2861099243164,70.47032928466797,550.7216796875,82.4014892578125,48.205291748046875
2025-05-02,51.900001525878906,101.32977294921875,170.29112243652344,81.35013580322266,66.24214935302734,71.0748062133789,558.8966674804688,83.8912124633789,48.68403244018555
2025-05-05,50.689998626708984,100.60198211669922,169.7178192138672,80.99317169189453,66.02532196044922,70.8505630493164,555.6918334960938,83.48401641845703,48.38115310668945
2025-05-06,48.779998779296875,99.97254180908203,168.06710815429688,80.2693099975586,65.65078735351562,70.6945571899414,551.0471801757812,82.74909973144531,48.058746337890625
2025-05-07,49.59000015258789,100.1102294921875,168.99624633789062,81.07250213623047,66.28156280517578,71.09430694580078,553.3645629882812,83.00730895996094,48.322532653808594
2025-05-08,51.470001220703125,101.93954467773438,169.49046325683594,82.39131164550781,66.46884155273438,70.87005615234375,557.2203369140625,83.62306213378906,48.57655334472656
2025-05-09,51.349998474121094,101.9100341796875,168.9468231201172,82.50038146972656,66.26185607910156,70.78231048583984,556.51025390625,83.47409057617188,48.5667839050293
2025-05-12,54.47999954223633,105.74567413330078,174.30426025390625,86.99230194091797,68.06550598144531,70.89930725097656,574.9014892578125,86.70182037353516,49.86619567871094
2025-05-13,57.40999984741211,106.2374267578125,174.61068725585938,89.0548095703125,68.28233337402344,70.24608612060547,578.6981811523438,88.1816177368164,49.66102981567383
2025-05-14,57.560001373291016,105.15557098388672,174.67987060546875,89.27294921875,68.18377685546875,69.74883270263672,579.437744140625,88.81722259521484,49.38747024536133
2025-05-15,56.72999954223633,105.88337707519531,175.87588500976562,88.93582153320312,68.92298126220703,71.1137924194336,582.267822265625,88.84701538085938,49.846656799316406
2025-05-16,58.369998931884766,106.69966888427734,177.0718994140625,89.8282470703125,69.43548583984375,71.85478210449219,585.9559936523438,89.41311645507812,50.237457275390625
2025-05-19,57.400001525878906,106.01122283935547,177.59580993652344,89.5704345703125,69.71146392822266,72.14380645751953,586.596923828125,89.4329833984375,50.305850982666016
2025-05-20,57.459999084472656,105.83419036865234,176.89401245117188,89.0052261352539,69.56362915039062,72.10474395751953,584.6246948242188,89.00592803955078,50.19837951660156
2025-05-21,55.68000030517578,102.91320037841797,174.08677673339844,86.64523315429688,68.58788299560547,71.08920288085938,574.7732543945312,87.64531707763672,49.279991149902344
2025-05-22,56.380001068115234,102.81485748291016,173.79025268554688,86.69482421875,68.48931121826172,70.71813201904297,575.0001831054688,87.91345977783203,49.133445739746094
2025-05-23,56.06999969482422,102.27392578125,172.0011444091797,86.07012939453125,67.99652099609375,70.84506225585938,571.0753784179688,87.22820281982422,48.869651794433594
2025-05-27,58.04999923706055,104.870361328125,175.52993774414062,88.58875274658203,69.32706451416016,71.56768035888672,582.9483032226562,89.2740707397461,49.680564880371094
2025-05-28,56.97999954223633,103.61148071289062,174.3536834716797,87.8946533203125,69.00182342529297,70.97201538085938,579.5757446289062,88.94633483886719,49.31907272338867
2025-05-29,56.619998931884766,104.0934066772461,174.84788513183594,87.92440032958984,69.1102523803711,71.39189910888672,581.8635864257812,89.28400421142578,49.54378128051758
2025-05-30,56.369998931884766,103.63115692138672,175.0159149169922,87.1608657836914,69.28765106201172,71.74343872070312,581.2127685546875,89.07544708251953,49.51447677612305
2025-06-02,57.130001068115234,103.277099609375,175.7968292236328,88.01364135742188,69.49462890625,71.74343872070312,584.4866943359375,89.7706527709961,49.690338134765625
2025-06-03,57.939998626708984,104.93920135498047,176.89401245117188,89.71917724609375,69.9085693359375,71.58720397949219,587.8197631835938,90.37647247314453,49.93458938598633
2025-06-04,57.97999954223633,104.66382598876953,177.5562744140625,89.86791229248047,70.05642700195312,71.16730499267578,587.6619262695312,90.55522918701172,49.79780960083008
2025-06-05,56.36000061035156,104.63432312011719,177.09169006347656,89.27294921875,69.81002044677734,70.91342163085938,584.8219604492188,89.86996459960938,49.690338134765625
2025-06-06,61.130001068115234,105.89320373535156,178.31736755371094,90.7206802368164,70.36194610595703,71.23566436767578,590.8275146484375,90.80352020263672,50.20814514160156
2025-06-09,62.40999984741211,107.02422332763672,177.66500854492188,91.51395416259766,69.9578628540039,70.8548355102539,591.3599243164062,90.85318756103516,50.25699996948242
2025-06-10,62.939998626708984,107.67333221435547,179.0587158203125,92.33697509765625,70.13526916503906,71.07942199707031,594.7128295898438,91.31995391845703,50.55986785888672
2025-06-11,63.529998779296875,107.02422332763672,178.48541259765625,92.00975799560547,69.91842651367188,70.81578063964844,593.0166625976562,91.16106414794922,50.39377975463867
2025-06-12,62.02000045776367,106.61114501953125,179.0982666015625,91.90067291259766,70.07613372802734,71.40166473388672,595.37353515625,91.5384521484375,50.55986785888672
2025-06-13,62.189998626708984,104.54581451416016,176.2218475341797,90.16539001464844,68.85398864746094,70.72789001464844,588.7171630859375,90.38639831542969,50.05183029174805
2025-06-16,64.93000030517578,105.60002899169922,177.82464599609375,92.4361343383789,69.4552001953125,70.57164764404297,594.318359375,91.49873352050781,50.384010314941406
2025-06-17,63.90999984741211,104.48461151123047,176.1208038330078,91.48419952392578,68.88355255126953,70.18104553222656,589.2398681640625,90.74394226074219,49.944358825683594
2025-06-18,66.7699966430664,104.91893768310547,174.9221649169922,91.8411865234375,68.29219818115234,70.09315490722656,589.1510009765625,90.64462280273438,49.98344039916992
2025-06-20,67.7300033569336,104.77086639404297,173.99099731445312,91.8114242553711,68.22320556640625,70.19080352783203,587.7673950195312,90.068603515625,50.06160354614258
2025-06-23,68.8499984741211,106.17254638671875,175.93260192871094,92.43328094482422,69.08177947998047,71.04872131347656,593.5730590820312,91.18756103515625,50.44746398925781
2025-06-24,70.30000305175781,107.2386245727539,177.92372131347656,94.5491714477539,69.68446350097656,71.1661148071289,600.1304321289062,92.5302963256836,50.830387115478516
2025-06-25,69.5,106.17254638671875,177.6859893798828,94.68824005126953,69.12129974365234,70.21721649169922,600.4666137695312,92.86847686767578,50.7027473449707
2025-06-26,71.02999877929688,107.75190734863281,178.67657470703125,96.09882354736328,69.42758178710938,70.42265319824219,605.1646118164062,93.7337875366211,50.987483978271484
2025-06-27,69.83999633789062,108.0776596069336,179.8851318359375,96.47630310058594,69.96111297607422,70.6574478149414,608.1712036132812,94.28085327148438,51.164215087890625
2025-06-30,70.29000091552734,107.88023376464844,181.10360717773438,96.88359069824219,70.40572357177734,71.23458862304688,611.0790405273438,94.80799865722656,51.390045166015625
2025-07-01,68.94000244140625,109.52869415283203,181.70785522460938,97.00279998779297,70.84044647216797,71.7432632446289,610.8812866210938,93.82331848144531,51.91041946411133
2025-07-02,70.58000183105469,111.01922607421875,182.21307373046875,98.60211944580078,70.87008666992188,71.20523834228516,613.650634765625,94.5394515991211,51.98896789550781
2025-07-03,71.08999633789062,111.6213607788086,183.2333984375,99.65510559082031,71.24553680419922,71.58674621582031,618.4869995117188,95.55396270751953,52.24424743652344
2025-07-07,70.44000244140625,109.72611999511719,181.8762664794922,98.37364959716797,70.90960693359375,71.3128433227539,613.8779907226562,94.83783721923828,51.87114715576172
2025-07-08,70.9000015258789,110.57501983642578,182.08428955078125,99.38688659667969,70.77128601074219,70.99003601074219,613.5418090820312,94.62895965576172,51.92024230957031
2025-07-09,72.37000274658203,111.49302673339844,183.2036895751953,99.96304321289062,70.93924713134766,71.08784484863281,617.2210083007812,95.48433685302734,52.057701110839844
2025-07-10,73.55999755859375,112.59857940673828,183.1937713623047,101.3041000366211,70.9491195678711,71.4204330444336,618.9617919921875,95.57386779785156,52.33261489868164
2025-07-11,72.29000091552734,111.36470031738281,182.13381958007812,100.61866760253906,70.33655548095703,70.99003601074219,616.7858276367188,95.3251953125,52.09697723388672
2025-07-14,73.6500015258789,111.66082763671875,182.17343139648438,100.51933288574219,70.57367706298828,71.28350067138672,617.9627685546875,95.67333221435547,52.038063049316406
2025-07-15,72.58999633789062,109.3905029296875,180.90545654296875,99.8041000366211,69.92159271240234,70.44221496582031,615.3220825195312,95.73300170898438,51.52750015258789
2025-07-16,75.25,110.1209487915039,181.65834045410156,99.95310974121094,70.14883422851562,70.92155456542969,617.3792114257812,96.01150512695312,51.75332260131836
2025-07-17,76.23999786376953,111.4140625,182.7480010986328,101.32395935058594,70.70211791992188,71.10741424560547,621.1573486328125,96.69779205322266,52.00860595703125
2025-07-18,77.62999725341797,110.42696380615234,182.30223083496094,101.79084777832031,70.514404296875,71.21502685546875,620.7025146484375,96.74751281738281,51.91041946411133
2025-07-21,76.80999755859375,110.17031860351562,182.6885528564453,101.47296142578125,70.58355712890625,71.25225067138672,621.87939453125,97.03596496582031,51.92024230957031
2025-07-22,76.38999938964844,111.37458038330078,183.09471130371094,101.49283599853516,70.84044647216797,72.17340850830078,621.9684448242188,96.44912719726562,52.34243392944336
2025-07-23,77.33999633789062,112.67754364013672,184.50137329101562,102.7246322631836,71.61109161376953,72.00682067871094,627.259765625,97.354248046875,52.695899963378906
2025-07-24,75.80000305175781,110.87115478515625,184.40231323242188,102.16831970214844,71.61109161376953,72.11461639404297,627.4674682617188,97.54322814941406,52.62717056274414
2025-07-25,76.79000091552734,111.45354461669922,185.1353759765625,103.0126953125,72.04581451416016,72.26158905029297,630.1181030273438,98.03059387207031,52.784263610839844
2025-07-28,76.83999633789062,111.34496307373047,185.02639770507812,103.6981201171875,71.81858825683594,71.36985778808594,629.9598999023438,98.37871551513672,52.56826400756836
2025-07-29,74.73999786376953,110.90076446533203,184.283447265625,103.00276184082031,71.61109161376953,71.74222564697266,628.2982788085938,97.94107818603516,52.519168853759766
2025-07-30,75.6500015258789,110.1209487915039,183.5404815673828,103.54911041259766,71.1368408203125,71.3012466430664,627.507080078125,98.2195816040039,52.24424743652344
2025-07-31,75.33000183105469,108.85747528076172,182.39137268066406,102.11866760253906,70.52427673339844,71.04647064208984,625.1531982421875,98.03059387207031,51.87114715576172
2025-08-01,71.16000366210938,107.06094360351562,180.61817932128906,100.21138000488281,69.96111297607422,70.90927124023438,614.9066162109375,96.24026489257812,51.17403030395508
2025-08-04,73.58999633789062,108.86734771728516,183.70887756347656,101.61204528808594,70.87008666992188,71.65404510498047,624.2530517578125,98.07037353515625,51.70423126220703
2025-08-05,72.62999725341797,109.3905029296875,182.15365600585938,100.91667938232422,70.1587142944336,71.51685333251953,621.0880737304688,97.3741455078125,51.59622573852539
2025-08-06,74.16000366210938,109.38063049316406,183.6494598388672,100.26104736328125,70.71199798583984,71.70304870605469,625.8455200195312,98.47817993164062,51.7729606628418
2025-08-07,74.3499984741211,109.16346740722656,182.39137268066406,100.2411880493164,70.49463653564453,71.9774169921875,625.3212280273438,98.13005828857422,51.91041946411133
2025-08-08,74.76000213623047,109.45960235595703,183.90699768066406,100.67826843261719,71.10720825195312,72.09501647949219,630.1972045898438,98.79646301269531,52.34243392944336
2025-08-11,75.2300033569336,109.3905029296875,183.56028747558594,100.45972442626953,70.89971923828125,71.95782470703125,628.9510498046875,98.64727020263672,52.19515609741211
2025-08-12,76.77999877929688,112.90457916259766,185.47218322753906,103.44977569580078,71.52216339111328,71.86962127685547,635.6468505859375,99.75130462646484,52.7449951171875
2025-08-13,77.91000366210938,115.29336547851562,186.92837524414062,104.15506744384766,72.07544708251953,72.5457992553711,637.8228149414062,99.5921630859375,53.21628189086914
2025-08-14,77.05000305175781,113.6646499633789,186.83921813964844,103.49945831298828,71.66049194335938,72.08522033691406,637.882080078125,99.72146606445312,53.177005767822266
2025-08-15,77.01000213623047,112.96381378173828,186.3439178466797,102.40673065185547,71.19612121582031,72.02641296386719,636.388671875,99.43302154541016,53.07882308959961
2025-08-18,77.11000061035156,113.1316146850586,186.3340301513672,103.2014389038086,71.24553680419922,71.68185424804688,636.2501220703125,99.52252960205078,53.01008987426758
2025-08-19,74.02999877929688,113.26980590820312,185.7891845703125,102.01931762695312,71.4925308227539,72.54573059082031,632.7984008789062,98.2892074584961,53.11809539794922
2025-08-20,73.77999877929688,112.73677062988281,185.39292907714844,101.23456573486328,71.54193878173828,73.0758285522461,631.1170043945312,97.8515625,53.06900405883789
2025-08-21,73.51000213623047,112.64793395996094,184.8084716796875,100.80741119384766,71.23564147949219,72.75187683105469,628.5851440429688,97.4338150024414,52.911903381347656
2025-08-22,76.5199966430664,116.971435546875,187.5920867919922,104.16500854492188,71.83834075927734,73.05619049072266,638.2381591796875,99.00532531738281,53.6777458190918
2025-08-25,75.66000366210938,115.86587524414062,186.64111328125,103.68817901611328,71.24553680419922,72.23160552978516,635.4292602539062,98.83625030517578,53.294830322265625
2025-08-26,76.2699966430664,116.2607192993164,187.28500366210938,104.35375213623047,71.4925308227539,72.13343048095703,638.0897827148438,99.40318298339844,53.41265106201172
2025-08-27,75.5199966430664,117.22808837890625,187.572265625,104.84049987792969,71.66049194335938,72.36902618408203,639.5436401367188,99.55237579345703,53.589385986328125
2025-08-28,76.06999969482422,117.00105285644531,187.90908813476562,105.68487548828125,71.7494125366211,71.8487319946289,641.8085327148438,100.07952880859375,53.63847732543945
2025-08-29,74.95999908447266,116.51737213134766,187.176025390625,104.17494201660156,71.52216339111328,72.1530532836914,637.9810180664062,98.9555892944336,53.64829635620117
2025-09-02,74.41000366210938,115.63885498046875,185.84861755371094,103.1517562866211,70.9491195678711,71.71131896972656,633.2533569335938,98.10021209716797,53.3831901550293
2025-09-03,74.79000091552734,115.50066375732422,186.89865112304688,102.95309448242188,71.04792785644531,71.80947875976562,636.6853637695312,99.06500244140625,53.334102630615234
2025-09-04,75.0199966430664,117.22808837890625,188.54307556152344,104.21468353271484,71.51228332519531,72.07450866699219,642.00634765625,99.9900131225586,53.71702194213867
2025-09-05,75.37000274658203,117.59329986572266,187.4434814453125,104.5623550415039,71.42337036132812,72.02544403076172,640.1470336914062,99.91043090820312,53.45192337036133
2025-09-08,76.12999725341797,117.4156265258789,187.92889404296875,104.82062530517578,71.52216339111328,71.81928253173828,641.7195434570312,100.42765808105469,53.42246627807617
2025-09-09,76.58999633789062,116.38904571533203,188.21615600585938,104.69149780273438,71.34432983398438,71.80947875976562,643.2031860351562,100.89512634277344,53.41265106201172
2025-09-10,75.55999755859375,116.10279083251953,187.79022216796875,105.52592468261719,71.18624877929688,71.38734436035156,645.0625610351562,101.85992431640625,53.147552490234375
2025-09-11,78.30000305175781,118.55079650878906,189.7714385986328,107.19479370117188,72.04581451416016,72.44756317138672,650.423095703125,102.33734130859375,53.80539321899414
2025-09-12,78.56999969482422,116.93194580078125,189.01856994628906,106.7577133178711,71.62096405029297,72.00580596923828,650.20556640625,102.48652648925781,53.667930603027344
2025-09-15,79.72000122070312,117.04052734375,189.6426544189453,107.73120880126953,71.67037200927734,71.46588134765625,653.6671752929688,103.50105285644531,53.667930603027344
2025-09-16,81.02999877929688,116.8958740234375,189.46292114257812,107.55239868164062,71.69012451171875,70.97505187988281,652.7671508789062,103.24244689941406,53.63847732543945
2025-09-17,80.66999816894531,116.86614227294922,189.9594268798828,107.64180755615234,71.98653411865234,71.26953887939453,651.9561157226562,102.7252426147461,53.82503128051758
2025-09-18,83.16000366210938,119.52152252197266,190.68435668945312,110.00602722167969,72.23353576660156,70.95540618896484,655.0023803710938,103.45132446289062,53.94285202026367
2025-09-19,84.95999908447266,118.16410827636719,191.36956787109375,109.8669662475586,72.50029754638672,70.92595672607422,658.2465209960938,104.15750122070312,54.090126037597656
2025-09-22,84.69000244140625,118.47126007080078,192.43211364746094,110.61033630371094,72.92542266845703,70.81974792480469,661.3607177734375,104.88355255126953,54.155235290527344
2025-09-23,83.58000183105469,118.23346710205078,191.52842712402344,110.02320098876953,72.61823272705078,71.18363189697266,657.7605590820312,103.84777069091797,54.20455551147461
2025-09-24,83.45999908447266,117.2525634765625,190.86309814453125,109.28678894042969,72.31103515625,71.3311538696289,655.6677856445312,103.39958190917969,54.096046447753906
2025-09-25,81.62999725341797,116.23202514648438,189.96937561035156,108.02295684814453,71.74617767333984,70.85909271240234,652.6429443359375,102.80201721191406,53.908626556396484
2025-09-26,83.0999984741211,117.3813705444336,191.2603302001953,108.898681640625,72.07320404052734,71.5967025756836,656.3819580078125,103.26014709472656,54.2933349609375
2025-09-29,86.16999816894531,117.4903564453125,192.01502990722656,109.12757110595703,72.2713851928711,71.81304931640625,658.2266845703125,103.63861083984375,54.40184783935547
2025-09-30,86.30000305175781,117.7380599975586,193.14712524414062,109.26689147949219,72.62814331054688,72.26544952392578,660.7061157226562,104.08679962158203,54.579402923583984
2025-10-01,86.91999816894531,118.08484649658203,194.477783203125,110.74964904785156,73.0740737915039,71.80321502685547,662.9574584960938,104.52500915527344,54.73723602294922
2025-10-02,89.22000122070312,118.44153594970703,194.99417114257812,111.61543273925781,73.302001953125,71.49833679199219,663.7210693359375,104.71424102783203,54.72736740112305
2025-10-03,88.31999969482422,118.97657012939453,195.10340881347656,111.42635345458984,73.28217315673828,71.80321502685547,663.7112426757812,104.40550231933594,54.94438171386719
2025-10-06,91.58999633789062,118.66941833496094,195.4410400390625,112.5608139038086,73.33172607421875,71.65568542480469,666.0914916992188,104.89351654052734,55.05289077758789
2025-10-07,89.11000061035156,117.15348052978516,194.447998046875,110.98848724365234,73.01461029052734,71.84255981445312,663.6219482421875,104.32582092285156,54.97397232055664
2025-10-08,92.52999877929688,118.22355651855469,195.32188415527344,112.8394546508789,73.1929931640625,71.63601684570312,667.5791625976562,105.19229888916016,55.11207580566406
2025-10-09,91.66000366210938,116.86614227294922,194.4082794189453,112.3120346069336,72.8560562133789,71.15412902832031,665.6452026367188,105.25204467773438,54.72736740112305
2025-10-10,86.5199966430664,113.21996307373047,189.68138122558594,106.9382553100586,71.55789184570312,71.2328109741211,647.6542358398438,101.98533630371094,53.53377914428711
2025-10-13,87.7699966430664,115.50874328613281,191.5383758544922,110.18241882324219,72.33084869384766,71.03612518310547,657.5919189453125,104.13658905029297,53.9875373840332
2025-10-14,86.86000061035156,117.2624740600586,191.6873321533203,110.18241882324219,72.84615325927734,71.79338836669922,656.78857421875,103.3099594116211,54.362388610839844
2025-10-15,89.30000305175781,118.25328063964844,192.36260986328125,111.6651840209961,72.82632446289062,71.60650634765625,659.7044067382812,103.80792999267578,54.5498046875
2025-10-16,86.68000030517578,116.7076187133789,190.9524688720703,110.68000030517578,72.3704833984375,70.83940124511719,655.2117309570312,103.29002380371094,54.096046447753906
2025-10-17,86.23999786376953,116.50945281982422,192.11434936523438,110.55062103271484,72.83623504638672,71.47866821289062,658.9308471679688,103.81788635253906,54.48075866699219
2025-10-20,90.01000213623047,118.35235595703125,194.24940490722656,112.06324005126953,73.55965423583984,71.77721405029297,665.7840576171875,104.72419738769531,55.09234619140625
2025-10-21,88.6500015258789,118.68923950195312,194.76577758789062,112.5608139038086,74.03531646728516,71.6786880493164,665.7741088867188,104.51505279541016,55.23045349121094
2025-10-22,85.3499984741211,117.81732940673828,193.49468994140625,110.9984359741211,73.21281433105469,71.89543914794922,662.3128051757812,103.91748046875,54.964111328125
2025-10-23,87.93000030517578,118.98648071289062,194.72604370117188,112.86930847167969,73.83712005615234,71.4717788696289,666.2402954101562,104.69432067871094,55.181121826171875
2025-10-24,89.33000183105469,120.0268325805664,195.49069213867188,114.03363037109375,73.87676239013672,71.3338394165039,671.6851806640625,105.7998275756836,55.48692321777344
2025-10-27,90.25,120.0367431640625,197.7945556640625,115.16809844970703,74.32270050048828,71.55059051513672,679.6094970703125,107.46306610107422,55.88149642944336
2025-10-28,89.27999877929688,119.3431625366211,197.7449188232422,114.41178894042969,73.90648651123047,70.69341278076172,681.4144897460938,108.26979064941406,55.674339294433594
2025-10-29,89.2300033569336,117.7975082397461,196.9405517578125,115.15814971923828,73.48037719726562,69.29431915283203,681.7418823242188,108.94702911376953,55.338951110839844
2025-10-30,85.68000030517578,116.51936340332031,195.33180236816406,113.84455871582031,73.4605484008789,69.81651306152344,674.2440185546875,107.26387023925781,55.0726203918457
2025-10-31,88.9800033569336,116.717529296875,194.93458557128906,114.54115295410156,73.39118194580078,69.58004760742188,676.4556274414062,107.6224136352539,55.2205810546875
2025-11-03,88.19000244140625,116.955322265625,194.6565399169922,114.60086822509766,73.12362670898438,69.26476287841797,677.7251586914062,108.16022491455078,55.12194061279297
2025-11-04,83.5,115.52855682373047,193.16697692871094,111.10790252685547,72.59841918945312,69.777099609375,669.6917114257812,106.19820404052734,54.85560607910156
2025-11-05,84.98999786376953,117.46063232421875,193.93161010742188,112.96882629394531,73.05426025390625,69.76725006103516,672.012451171875,106.58662414550781,55.05289077758789
2025-11-06,80.91999816894531,115.86542510986328,191.92567443847656,111.4760971069336,72.51913452148438,69.5701904296875,664.8021850585938,105.01303100585938,54.697776794433594
2025-11-07,80.75,116.86614227294922,191.8660888671875,111.9438247680664,72.78668975830078,70.38796997070312,665.4567260742188,104.80387878417969,54.964111328125
2025-11-10,82.83999633789062,118.01548767089844,194.5473175048828,113.75499725341797,73.16326904296875,70.4372329711914,675.8407592773438,107.22403717041016,55.338951110839844
2025-11-11,82.05000305175781,118.49107360839844,195.15306091308594,112.70014190673828,73.55965423583984,71.1269302368164,677.3878784179688,106.8655014038086,55.842037200927734
2025-11-12,81.36000061035156,118.40190124511719,195.6396484375,113.46639251708984,73.72811889648438,71.1958999633789,677.7647705078125,106.61650848388672,56.098506927490234
2025-11-13,77.08999633789062,115.87532806396484,193.55426025390625,110.20232391357422,72.9749755859375,71.10720825195312,666.5180053710938,104.28597259521484,55.52638244628906
2025-11-14,76.91999816894531,115.77626037597656,193.0279541015625,109.97344207763672,72.78668975830078,70.9495849609375,666.4088745117188,104.38557434082031,55.40800476074219
2025-11-17,75.48999786376953,113.24968719482422,190.98228454589844,107.57513427734375,71.94436645507812,70.79193878173828,660.2002563476562,103.58882141113281,54.806278228759766
2025-11-18,74.97000122070312,113.16051483154297,189.74098205566406,106.8984375,71.6074447631836,70.82150268554688,654.6561889648438,102.69245910644531,54.59912872314453
2025-11-19,74.38999938964844,113.03170776367188,190.41624450683594,107.63484954833984,71.95427703857422,70.40767669677734,657.185302734375,103.33983612060547,54.411705017089844
2025-11-20,71.75,111.02037048339844,188.04286193847656,104.01251220703125,70.9930419921875,70.47664642333984,647.1683349609375,101.52720642089844,53.7310676574707
2025-11-21,73.3499984741211,114.51792907714844,190.64463806152344,105.87345123291016,72.17229461669922,71.27471923828125,653.6148681640625,102.18452453613281,54.490623474121094
2025-11-24,76.79000091552734,116.0140380859375,192.33279418945312,107.99310302734375,72.3704833984375,71.07137298583984,663.2351684570312,105.64047241210938,55.29949951171875
2025-11-25,77.30000305175781,119.00630187988281,194.62673950195312,109.65499114990234,73.34163665771484,71.70313262939453,669.4734497070312,105.4711685180664,55.32909393310547
2025-11-26,78.47000122070312,119.6701431274414,195.96734619140625,111.50596618652344,73.70829010009766,72.0091323852539,674.09521484375,106.19820404052734,55.71379852294922
2025-11-28,79.68000030517578,119.75931549072266,196.70220947265625,112.64042663574219,74.04522705078125,72.22628784179688,677.7747192382812,106.6065444946289,56.10837173461914
2025-12-01,77.52999877929688,119.11528778076172,196.29505920410156,112.39164733886719,73.61911010742188,71.337890625,674.6802978515625,106.07869720458984,55.86176681518555
2025-12-02,78.22000122070312,119.16482543945312,197.04977416992188,113.51615142822266,73.84703063964844,70.84434509277344,675.9300537109375,106.38744354248047,55.891357421875
2025-12-03,80.75,120.8194808959961,197.73497009277344,115.69552612304688,74.22360229492188,70.8147201538086,678.2706298828125,106.59658813476562,56.187286376953125
2025-12-04,82.6500015258789,120.72039794921875,197.8938751220703,116.02391815185547,74.07495880126953,70.58769989013672,678.7665405273438,107.0348129272461,56.03932571411133
2025-12-05,81.91000366210938,120.51232147216797,198.3705291748047,116.87974548339844,74.25332641601562,70.400146484375,680.0557861328125,107.38339233398438,56.03932571411133
2025-12-08,81.95999908447266,120.01692199707031,197.1689453125,117.11858367919922,73.81729888916016,69.7486572265625,678.0127563476562,107.02484130859375,55.88149642944336
2025-12-09,82.52999877929688,120.57177734375,197.02992248535156,117.59624481201172,73.77766418457031,69.45252990722656,677.4276123046875,106.9850082397461,55.80257797241211
2025-12-10,83.16000366210938,122.94972229003906,197.9534454345703,119.9845962524414,74.71908569335938,69.68943786621094,681.92041015625,107.42323303222656,56.354984283447266
2025-12-11,82.05999755859375,124.30712890625,199.61181640625,120.41250610351562,75.57131958007812,70.261962890625,683.5072631835938,107.31367492675781,56.71010208129883
2025-12-12,80.38999938964844,122.97944641113281,198.1222686767578,117.61614990234375,75.25421142578125,70.6765365600586,676.1581420898438,105.56079864501953,56.47335433959961
2025-12-15,79.20999908447266,122.58312225341797,198.30101013183594,117.22804260253906,75.19474792480469,71.09111022949219,675.1365356445312,105.27196502685547,56.48321533203125
2025-12-16,80.13999938964844,121.67929077148438,197.4154815673828,117.23799133300781,74.85782623291016,70.44950103759766,673.2918701171875,105.4213638305664,56.05905532836914
2025-12-17,77.69999694824219,121.3209457397461,195.59263610839844,114.8595962524414,74.15423583984375,70.9627914428711,665.8832397460938,103.40955352783203,55.960411071777344
2025-12-18,78.69000244140625,121.56979370117188,196.99713134765625,116.3324203491211,74.60017395019531,70.7555160522461,670.9114990234375,104.66443634033203,56.10837173461914
2025-12-19,80.30000305175781,121.81864166259766,198.0629425048828,118.26298522949219,74.98664093017578,70.38041687011719,676.9923095703125,106.00897979736328,56.32538604736328
2025-12-22,81.48999786376953,122.73442840576172,199.0889129638672,119.61956787109375,75.45976257324219,70.79972076416016,681.2098388671875,106.79796600341797,56.626922607421875
2025-12-23,80.51000213623047,122.17699432373047,199.37779235839844,119.1211929321289,75.51940155029297,70.77994537353516,684.3233032226562,107.6557846069336,56.64676284790039
2025-12-24,80.6500015258789,122.57516479492188,200.20455932617188,119.48998260498047,75.87721252441406,71.10630798339844,686.7305297851562,107.93506622314453,56.9046516418457
2025-12-26,79.69999694824219,122.5652084350586,200.244384765625,119.22087097167969,75.86727905273438,71.0766372680664,686.660888671875,107.91512298583984,56.9046516418457
2025-12-29,78.61000061035156,121.96795654296875,199.71646118164062,118.3636703491211,75.569091796875,71.14586639404297,684.2138671875,107.36651611328125,56.79553985595703
2025-12-30,77.87000274658203,121.1318130493164,199.31802368164062,117.8553237915039,75.28084564208984,71.15574645996094,683.3782958984375,107.2069320678711,56.73603057861328
2025-12-31,76.91999816894531,119.62873840332031,197.8437957763672,116.5894546508789,74.59503936767578,70.631591796875,678.3152465820312,106.42890167236328,56.34919738769531
2026-01-02,78.30999755859375,120.81328582763672,198.4115753173828,118.64274597167969,74.9528579711914,70.4239273071289,679.55859375,106.4787826538086,56.49797439575195
2026-01-05,81.33999633789062,122.32630920410156,200.39378356933594,120.59637451171875,75.78775787353516,70.54259490966797,684.0845947265625,106.88774108886719,57.0633544921875
2026-01-06,81.86000061035156,124.14791107177734,202.11703491210938,123.3972396850586,76.79164123535156,70.84916687011719,688.1529541015625,107.46626281738281,57.46010971069336
2026-01-07,81.13999938964844,123.15250396728516,201.14085388183594,121.44361114501953,75.9666748046875,70.16679382324219,685.9347534179688,107.73558044433594,56.89473342895508
2026-01-08,80.55000305175781,124.89447784423828,201.61898803710938,120.9053726196289,76.00643157958984,71.04695892333984,685.8651123046875,106.82788848876953,57.420433044433594
2026-01-09,80.29000091552734,125.84011840820312,203.2725067138672,122.60980987548828,76.88108825683594,71.04695892333984,690.4010009765625,107.64580535888672,57.74775695800781
2026-01-12,82.54000091552734,125.9595718383789,203.43186950683594,122.55996704101562,77.15939331054688,71.14586639404297,691.4852294921875,108.01486206054688,57.69816207885742
2026-01-13,83.20999908447266,125.93965911865234,202.734619140625,122.68954467773438,76.82145690917969,71.3238754272461,690.1026000976562,107.82534790039062,57.569217681884766
2026-01-14,83.19999694824219,126.65635681152344,201.81820678710938,122.00179290771484,76.68230438232422,72.07547760009766,686.7105712890625,106.55857849121094,57.73783874511719
2026-01-15,81.93000030517578,128.46800231933594,202.6947784423828,122.95866394042969,77.09976196289062,72.24361419677734,688.5806884765625,106.91766357421875,57.84694290161133
2026-01-16,81.68000030517578,128.030029296875,202.51548767089844,122.40049743652344,77.0202407836914,72.421630859375,688.0037231445312,107.00743103027344,57.70808029174805
2026-01-20,79.2300033569336,126.23828125,198.750244140625,119.48002624511719,75.95673370361328,71.9311752319336,673.9981689453125,104.4140396118164,56.77570724487305
2026-01-21,80.29000091552734,129.5231475830078,201.1807098388672,122.42041778564453,76.76182556152344,72.30769348144531,681.77685546875,105.40151977539062,57.54937744140625
2026-01-22,82.2300033569336,129.83172607421875,201.83815002441406,122.81912231445312,76.53321838378906,72.12934875488281,685.3379516601562,106.23939514160156,57.70808029174805
2026-01-23,80.69999694824219,127.50244903564453,201.887939453125,121.67286682128906,76.36425018310547,72.05998992919922,685.5865478515625,106.67826843261719,57.46010971069336
2026-01-26,79.91999816894531,127.55223083496094,202.933837890625,121.63299560546875,76.8313980102539,72.3869400024414,689.068115234375,107.36651611328125,57.6882438659668
2026-01-27,79.7699966430664,127.07443237304688,203.3422393798828,122.24101257324219,77.328369140625,72.53556060791016,691.8134765625,108.3839340209961,57.569217681884766
2026-01-28,78.94000244140625,126.47718048095703,203.4717254638672,123.12811279296875,77.30847930908203,72.12934875488281,691.7438354492188,108.51359558105469,57.46010971069336
2026-01-29,77.63999938964844,127.27351379394531,203.9398956298828,123.49691009521484,77.99430847167969,72.36713409423828,690.3711547851562,107.90514373779297,57.59897232055664
2026-01-30,74.87000274658203,126.44731903076172,201.6289520263672,120.755859375,76.92085266113281,72.97151947021484,688.3121337890625,106.97750854492188,57.69816207885742
2026-02-02,74.36000061035156,127.76127624511719,202.933837890625,122.19116973876953,78.16326904296875,72.89224243164062,691.73388671875,107.35653686523438,58.19410705566406
2026-02-03,73.44000244140625,127.65177154541016,200.5830535888672,121.08478546142578,77.94461059570312,73.31828308105469,685.885009765625,105.5910415649414,58.18418502807617
2026-02-04,69.98999786376953,128.74671936035156,200.8320770263672,119.91858673095703,77.66630554199219,73.86322021484375,682.5626831054688,103.72578430175781,58.70988845825195
2026-02-05,66.33000183105469,127.84089660644531,198.4613800048828,117.48653411865234,77.43770599365234,73.99201965332031,674.0379638671875,102.11988067626953,58.16434860229492
2026-02-06,70.41000366210938,131.36465454101562,202.84417724609375,122.59983825683594,79.3758773803711,74.17036437988281,686.96923828125,104.69332885742188,58.96778106689453
2026-02-09,72.44000244140625,131.3845672607422,203.232666015625,123.83580017089844,79.29635620117188,73.81367492675781,690.2816162109375,105.82044982910156,58.858673095703125
2026-02-10,72.26000213623047,131.46420288085938,202.82424926757812,124.10492706298828,79.04788208007812,74.43788146972656,688.4613037109375,105.26187896728516,58.8487548828125
2026-02-11,70.87000274658203,131.21536254882812,202.9936065673828,124.42388916015625,79.78338623046875,74.69548034667969,688.3021850585938,105.03246307373047,58.96778106689453
2026-02-12,68.44999694824219,128.8064422607422,199.95553588867188,120.99507141113281,78.25273132324219,74.49732971191406,677.668701171875,103.18716430664062,58.18418502807617
2026-02-13,70.25,130.34933471679688,200.96157836914062,122.24101257324219,78.90872192382812,75.1512451171875,678.1461181640625,102.74828338623047,58.511512756347656
2026-02-17,70.30000305175781,130.20997619628906,201.4496612548828,122.54003143310547,79.18702697753906,75.05216217041016,679.2402954101562,103.08741760253906,58.50159454345703
2026-02-18,71.38999938964844,130.57827758789062,202.6947784423828,123.8856430053711,79.47526550292969,74.88373565673828,682.662109375,103.7557144165039,58.719810485839844
2026-02-19,72.23999786376953,130.3294219970703,202.236572265625,122.89886474609375,79.26654052734375,75.00261688232422,680.8616943359375,103.6061019897461,58.50159454345703
2026-02-20,71.48999786376953,131.02622985839844,203.5912628173828,123.97534942626953,79.92254638671875,75.24041748046875,685.7855834960938,104.6235122680664,58.779319763183594
2026-02-23,70.0,128.39834594726562,201.46957397460938,120.36712646484375,78.94847869873047,75.50343322753906,678.7827758789062,103.34675598144531,58.28337478637695
2026-02-24,72.06999969482422,129.58287048339844,203.1728973388672,122.61976623535156,79.76351165771484,75.75157928466797,683.7164916992188,104.08487701416016,58.7297248840332
2026-02-25,73.54000091552734,130.0606689453125,204.64710998535156,124.55345916748047,80.19091033935547,75.62255096435547,689.4859008789062,105.5511474609375,58.858673095703125
2026-02-26,74.61000061035156,130.7873077392578,203.99964904785156,124.51358795166016,80.15115356445312,76.2081527709961,685.6561889648438,104.24447631835938,58.96778106689453
2026-02-27,72.91000366210938,129.10507202148438,204.05941772460938,122.69950866699219,80.44933319091797,76.82353973388672,682.3637084960938,103.30685424804688,59.01737594604492
2026-03-02,74.22000122070312,129.9810333251953,203.67095947265625,122.33071899414062,80.15115356445312,76.87316131591797,682.7516479492188,103.46646118164062,58.947940826416016
2026-03-03,72.26000213623047,128.60736083984375,201.49945068359375,119.68933868408203,78.79939270019531,76.41659545898438,676.7337036132812,102.45901489257812,58.45199966430664
2026-03-04,74.93000030517578,129.31410217285156,202.64495849609375,121.89215087890625,79.2069091796875,76.4860610961914,681.50830078125,103.6061019897461,58.64045715332031
2026-03-05,73.98999786376953,127.07443237304688,200.89183044433594,121.47351837158203,78.08375549316406,75.62255096435547,677.7084350585938,103.50634765625,58.055240631103516
2026-03-06,72.4000015258789,124.21759796142578,197.88365173339844,117.89519500732422,76.89103698730469,75.50343322753906,668.8256225585938,101.86054229736328,57.44027328491211
2026-03-09,74.29000091552734,124.79493713378906,199.92564392089844,119.98835754394531,77.57685089111328,75.29499816894531,674.6845092773438,103.48639678955078,57.509700775146484
2026-03-10,72.88999938964844,124.21759796142578,199.497314453125,119.1112289428711,77.5172119140625,74.64984130859375,673.6002807617188,103.5362777709961,57.2220573425293
2026-03-11,73.06999969482422,123.9488296508789,198.74029541015625,119.1112289428711,77.06000518798828,74.10394287109375,672.7548217773438,103.6061019897461,57.073272705078125
2026-03-12,70.63999938964844,121.63947296142578,195.45318603515625,115.96150207519531,75.67842864990234,74.00468444824219,662.5390625,101.83061218261719,56.30952072143555
2026-03-13,70.25,121.49017333984375,194.38735961914062,116.01134490966797,75.49951934814453,74.2428970336914,658.7890014648438,100.8331527709961,56.250003814697266
2026-03-16,72.05000305175781,122.38603210449219,196.210205078125,117.64600372314453,76.21515655517578,74.62999725341797,665.493408203125,102.10990905761719,56.676517486572266
2026-03-17,73.05999755859375,123.45679473876953,196.52964782714844,119.200927734375,76.64254760742188,74.5108871459961,667.2440185546875,102.30940246582031,56.8649787902832
2026-03-18,71.41000366210938,121.86161804199219,193.734619140625,117.92509460449219,75.47964477539062,73.21064758300781,657.9335327148438,101.0226821899414,56.00203323364258
2026-03-19,71.06999969482422,122.39998626708984,193.86439514160156,118.47330474853516,75.52933502197266,72.82355499267578,656.3121337890625,100.60374450683594,55.93260192871094
2026-03-20,69.1500015258789,120.04710388183594,191.54852294921875,115.24385070800781,74.78388214111328,71.80121612548828,646.9034423828125,98.65870666503906,55.387062072753906
2026-03-23,70.91999816894531,122.5196304321289,193.6048583984375,117.5949478149414,75.62696075439453,72.06473541259766,653.6959228515625,99.89616394042969,55.922691345214844
2026-03-24,69.0,123.39697265625,192.9560089111328,118.0843505859375,76.06594848632812,72.04484558105469,651.5015869140625,98.98728942871094,56.06208038330078
2026-03-25,69.9000015258789,124.7030258178711,193.77455139160156,119.03317260742188,76.30540466308594,72.13434600830078,655.1322021484375,99.5865478515625,56.340843200683594
2026-03-26,67.38999938964844,123.29727172851562,189.81161499023438,115.79716491699219,74.77889251708984,72.22383880615234,643.432373046875,96.73008728027344,56.04216766357422
2026-03-27,64.62999725341797,121.38306427001953,186.96669006347656,113.35018157958984,73.94081115722656,71.76641082763672,632.4606323242188,94.69261169433594,55.34524917602539
2026-03-30,63.52000045776367,120.50572204589844,186.15814208984375,111.22280883789062,73.29229736328125,72.37300109863281,630.3460693359375,93.95352935791016,55.39502716064453
2026-03-31,67.58999633789062,123.93534851074219,191.46865844726562,115.8071517944336,75.01834869384766,72.73098754882812,648.6688842773438,97.78878021240234,56.33089065551758
2026-04-01,68.4000015258789,124.54351043701172,192.4269561767578,117.03563690185547,75.68682098388672,72.91992950439453,653.5562744140625,99.07717895507812,56.40058135986328
2026-04-02,68.55999755859375,125.05197143554688,192.81626892089844,116.7459945678711,75.58705139160156,73.49669647216797,654.144775390625,99.1371078491211,56.470272064208984
2026-04-06,68.80000305175781,125.72992706298828,193.68470764160156,117.45511627197266,76.20562744140625,73.5265121459961,657.23681640625,99.56657409667969,56.7291259765625
2026-04-07,68.76000213623047,126.13868713378906,193.0458526611328,117.66485595703125,75.86640930175781,73.34752655029297,657.5260009765625,100.03599548339844,56.530006408691406
2026-04-08,70.36000061035156,129.438720703125,198.6558380126953,122.12935638427734,78.45049285888672,74.1927719116211,674.27294921875,103.06224060058594,57.67494583129883
2026-04-09,68.91999816894531,130.35594177246094,199.89364624023438,121.96955108642578,78.99923706054688,74.42147827148438,678.162841796875,103.8712387084961,57.9039306640625
2026-04-10,69.29000091552734,129.79762268066406,199.1150360107422,122.0993881225586,78.5802001953125,73.7751235961914,677.7140502929688,104.34065246582031,57.45591354370117
2026-04-13,71.95999908447266,131.41273498535156,200.89186096191406,124.95587158203125,79.04912567138672,73.74529266357422,684.3369750976562,105.61907196044922,57.9039306640625
2026-04-14,74.83000183105469,132.03086853027344,202.9082794189453,126.9134521484375,79.42826080322266,73.84473419189453,692.675537109375,107.81634521484375,58.02340316772461
2026-04-15,77.47000122070312,131.86138916015625,204.0063018798828,128.14193725585938,79.22871398925781,73.5464096069336,698.1414184570312,109.23458862304688,58.15283203125
2026-04-16,77.33999633789062,132.29010009765625,203.95640563964844,129.39039611816406,78.94934844970703,73.84473419189453,699.8569946289062,109.45431518554688,58.30217361450195
2026-04-17,79.2300033569336,134.98194885253906,206.55177307128906,131.74749755859375,80.31622314453125,74.26238250732422,708.3152465820312,110.9724349975586,58.90948486328125
2026-04-20,79.31999969482422,135.73965454101562,206.22235107421875,132.60643005371094,80.28629302978516,74.03025817871094,706.8988037109375,110.42311096191406,58.96921920776367
2026-04-21,77.37999725341797,134.6728973388672,205.09437561035156,132.16697692871094,79.4781494140625,73.21334075927734,702.2708129882812,109.67404174804688,58.62076187133789
2026-04-22,79.30000305175781,135.2112579345703,206.80133056640625,133.705078125,79.94706726074219,72.87462615966797,709.3825073242188,111.6316146850586,58.710365295410156
2026-04-23,76.5,135.1614227294922,205.5236053466797,132.4066925048828,80.0667953491211,73.9704818725586,706.6295776367188,110.45307159423828,58.89952850341797
2026-04-24,76.5,135.88922119140625,207.03091430664062,134.54405212402344,80.54570007324219,73.4823226928711,712.10546875,112.2009048461914,58.84975051879883
2026-04-27,76.55000305175781,136.14842224121094,206.8212890625,134.08460998535156,80.08674621582031,73.32292938232422,713.332275390625,112.8001708984375,58.68049621582031
2026-04-28,75.44999694824219,135.3807373046875,205.5435791015625,131.35797119140625,79.51805114746094,73.821044921875,709.8612060546875,111.68155670166016,58.72032165527344
2026-04-29,73.52999877929688,134.32394409179688,205.39382934570312,131.43788146972656,79.82734680175781,73.59191131591797,709.7515258789062,111.38191986083984,58.88957595825195
2026-04-30,75.83999633789062,136.6868133544922,206.8811798095703,134.39422607421875,80.89490509033203,74.20957946777344,716.8132934570312,112.25084686279297,59.61635971069336
2026-05-01,76.91999816894531,137.02577209472656,206.79135131835938,135.14329528808594,80.61553955078125,73.88082885742188,718.7982177734375,112.88006591796875,59.61635971069336
2026-05-04,78.2300033569336,135.7595977783203,205.73324584960938,135.25315856933594,80.37608337402344,73.40262603759766,716.1649780273438,112.74024200439453,59.238033294677734
2026-05-05,76.58000183105469,137.69375610351562,207.1307373046875,137.5403594970703,81.48355102539062,73.41259765625,721.9102172851562,113.60916900634766,59.705963134765625
2026-05-06,79.58000183105469,138.5112762451172,209.6662139892578,140.68646240234375,82.48126983642578,73.06390380859375,731.9443359375,116.13603210449219,59.97477722167969
2026-05-07,77.93000030517578,137.2251739501953,209.08726501464844,138.61900329589844,81.74295806884766,72.84474182128906,729.7001342773438,115.97623443603516,59.63627243041992
2026-05-08,79.12000274658203,137.93304443359375,210.05552673339844,141.49546813964844,82.25180053710938,72.35658264160156,735.724609375,117.41444396972656,59.83538818359375
2026-05-11,80.02999877929688,136.93605041503906,210.19528198242188,142.13467407226562,82.800537109375,72.386474609375,737.4002685546875,117.7640151977539,59.89512634277344
2026-05-12,78.20999908447266,135.3807373046875,210.01559448242188,140.0872039794922,82.40145111083984,72.8248062133789,736.2831420898438,117.38448333740234,59.954864501953125
2026-05-13,78.05000305175781,134.87228393554688,210.59457397460938,139.9773406982422,82.20191192626953,72.44624328613281,740.4025268554688,118.68287658691406,59.9150390625
2026-05-14,78.0,135.7296905517578,211.9920654296875,141.03604125976562,83.00008392333984,72.66542053222656,746.2474975585938,120.1310806274414,60.04446792602539
2026-05-15,74.9000015258789,133.52635192871094,210.0754852294922,137.9897918701172,82.3914794921875,72.06766510009766,737.2706298828125,118.22344970703125,59.61635971069336
2026-05-18,74.51000213623047,133.99493408203125,210.54464721679688,135.44293212890625,82.44136047363281,73.17157745361328,736.751953125,117.4244384765625,59.97477722167969
2026-05-19,73.83999633789062,132.75868225097656,209.18707275390625,133.58522033691406,81.88263702392578,73.2913589477539,731.8446044921875,116.24589538574219,59.8453483581543
2026-05-20,75.83999633789062,135.45054626464844,211.85232543945312,137.50039672851562,83.03999328613281,73.42111206054688,739.3452758789062,117.89385223388672,60.22367477416992
2026-05-21,76.62000274658203,135.85931396484375,212.36141967773438,139.82752990722656,83.50891876220703,73.55086517333984,740.8114624023438,118.13355255126953,60.32323455810547
2026-05-22,76.4000015258789,136.9858856201172,213.99850463867188,141.80508422851562,84.44676971435547,73.95010375976562,743.7239990234375,118.13355255126953,60.81107711791992
2026-05-26,77.2300033569336,139.16929626464844,215.40597534179688,145.7602081298828,85.4245376586914,73.7405014038086,748.6613159179688,119.61172485351562,60.79116439819336
2026-05-27,77.94999694824219,139.19920349121094,214.8569793701172,146.10977172851562,85.31478881835938,73.44107818603516,748.5316162109375,119.57177734375,60.8210334777832
2026-05-28,81.01000213623047,139.2989044189453,215.49583435058594,147.727783203125,85.24494934082031,72.78231811523438,752.6609497070312,120.6604232788086,60.90067672729492
2026-05-29,81.94999694824219,138.24209594726562,215.1065216064453,149.8551483154297,85.16513061523438,72.07366180419922,754.5361328125,121.34957122802734,60.78120803833008
2026-06-01,81.26000213623047,138.04270935058594,215.58566284179688,150.31459045410156,84.83588409423828,71.17535400390625,756.5908203125,122.44820404052734,60.48252868652344
2026-06-02,79.91000366210938,139.2689971923828,215.39601135253906,153.00128173828125,85.9034423828125,71.5047378540039,757.6182250976562,122.2584457397461,60.7712516784668
2026-06-03,78.16000366210938,138.03273010253906,215.24627685546875,151.98252868652344,86.14289093017578,71.56462097167969,752.3018798828125,121.05992889404297,60.55221939086914
2026-06-04,80.06999969482422,139.83726501464844,216.94325256347656,151.65293884277344,86.65172576904297,72.28326416015625,755.1445922851562,121.03995513916016,61.10975646972656
2026-06-05,74.48999786376953,137.26504516601562,212.76071166992188,143.0535430908203,84.75606536865234,73.33128356933594,735.65478515625,116.40570068359375,60.42279052734375
2026-06-08,75.87999725341797,138.16233825683594,213.44947814941406,145.70028686523438,85.24494934082031,72.33316802978516,737.3204345703125,117.17474365234375,60.283409118652344
2026-06-09,75.0,139.46839904785156,213.73895263671875,144.741455078125,85.36466979980469,73.50096130371094,735.1560668945312,116.41567993164062,60.412837982177734
2026-06-10,73.01000213623047,138.4813690185547,211.9521484375,139.52789306640625,84.00777435302734,73.75048828125,723.56591796875,113.7789535522461,59.94490432739258
2026-06-11,75.45999908447266,141.8611602783203,215.5157928466797,146.35946655273438,86.24266815185547,73.70057678222656,735.8642578125,116.2758560180664,60.582088470458984
2026-06-12,75.6500015258789,143.23699951171875,216.5240020751953,148.54676818847656,87.12065887451172,74.32939147949219,739.843994140625,116.75526428222656,61.000240325927734
2026-06-15,79.62999725341797,143.38999938964844,219.1999969482422,154.04998779296875,88.49750518798828,74.05989837646484,752.890380859375,120.10111999511719,61.24913787841797
2026-06-16,79.08000183105469,142.6199951171875,217.75999450683594,151.71286010742188,88.46757507324219,74.35933685302734,748.4019775390625,118.76277923583984,61.31883239746094
2026-06-17,78.48999786376953,140.6699981689453,214.4499969482422,150.69412231445312,88.0684814453125,73.17157745361328,739.0560302734375,117.44440460205078,60.47257614135742
2026-06-18,80.19000244140625,143.2100067138672,215.88999938964844,154.84898376464844,89.15599822998047,72.95199584960938,746.739990234375,119.39199829101562,60.60200119018555
2026-06-22,78.43000030517578,143.25999450683594,215.8300018310547,156.75999450683594,89.55000305175781,73.23999786376953,744.3900146484375,118.54000091552734,60.72999954223633
2026-06-23,76.68000030517578,142.77000427246094,213.00999450683594,150.4600067138672,86.93000030517578,74.20999908447266,733.5800170898438,115.69000244140625,60.560001373291016
2026-06-24,76.72000122070312,144.4199981689453,213.19000244140625,151.0,87.01000213623047,74.69000244140625,733.239990234375,115.45999908447266,60.599998474121094
2026-06-25,76.54000091552734,146.27000427246094,213.25,154.35000610351562,88.5199966430664,74.9000015258789,734.2999877929688,115.52999877929688,60.54999923706055
2026-06-26,78.12999725341797,147.41000366210938,213.66000366210938,150.49000549316406,86.8499984741211,75.76000213623047,728.989990234375,114.70999908447266,60.61000061035156
2026-06-29,80.62999725341797,147.36000061035156,217.2899932861328,153.1699981689453,88.80000305175781,75.58999633789062,741.0,117.41000366210938,60.79999923706055
2026-06-30,80.81999969482422,148.30999755859375,219.42999267578125,155.58999633789062,90.0999984741211,74.9000015258789,746.77001953125,118.98999786376953,60.790000915527344
2026-07-01,81.8499984741211,147.5399932861328,218.8699951171875,152.3000030517578,88.9800033569336,75.23999786376953,745.760009765625,118.44000244140625,61.0
2026-07-02,81.25,146.47999572753906,218.42999267578125,147.85000610351562,87.87000274658203,76.7300033569336,744.780029296875,117.19999694824219,61.63999938964844
2026-07-06,83.61000061035156,146.80999755859375,218.49000549316406,150.2899932861328,88.51000213623047,76.16999816894531,751.280029296875,118.69999694824219,61.849998474121094
2026-07-07,81.19000244140625,145.38999938964844,217.74000549316406,145.8300018310547,86.69000244140625,76.91999816894531,747.7100219726562,117.80000305175781,61.79999923706055
2026-07-08,80.16000366210938,143.69000244140625,216.9199981689453,145.5399932861328,86.62999725341797,75.86000061035156,745.4000244140625,117.91999816894531,61.290000915527344
2026-07-09,81.52999877929688,145.47000122070312,218.5,149.6300048828125,87.76000213623047,75.5,751.7100219726562,119.27999877929688,61.599998474121094
2026-07-10,80.24500274658203,145.55999755859375,219.69000244140625,149.4499969482422,88.12000274658203,75.83999633789062,754.9500122070312,120.0,61.72999954223633
2026-07-13,78.58000183105469,144.89930725097656,218.82009887695312,145.97999572753906,86.73999786376953,76.23999786376953,749.6599731445312,118.40010070800781,61.775001525878906
