Date,ARKK,IJR,QUAL,SPHB,SPHQ,SPLV,SPY,SPYG,SPYV
2014-10-31,500.0,500.0,500.0,500.0,500.0,500.0,500.0,500.0,500.0
2014-11-03,500.0,499.50672268258273,499.2646610692555,499.85302115500434,500.0,500.81951352880503,500.27278189358253,500.36823869145593,499.9498584810239
2014-11-04,497.05598589237775,497.66842085786334,497.9576134801795,497.5007135742167,499.77725651707203,500.81951352880503,498.5371650707644,498.79010569194827,498.6414544068299
2014-11-05,490.67710716999534,498.9238583964705,499.1014740391154,498.5298239135291,502.45084199895507,505.7362272217599,501.68596987342056,501.0522418310883,502.4155308452641
2014-11-06,494.1119199306981,500.26900490146045,501.4706039877769,501.4703052986423,505.57042497496116,505.18988486922325,503.6942304257691,502.9460933293474,504.8813048133928
2014-11-07,493.62127683978974,500.3585918701554,500.8985998345968,500.8823253125739,505.124784850625,506.28223550168286,504.1653237888378,502.20961594643546,505.38459967509107
2014-11-10,498.0373239282518,502.06261490657215,503.59480564380385,504.11663517550693,507.1300377780707,508.46760491182954,505.75223003688336,504.2088294760782,507.1458014783975
2014-11-11,497.79200238279765,502.1074693897635,504.16684673384003,504.41059286549824,506.2387064765718,507.921095522986,506.2481008199668,504.99791895054454,506.894077844632
2014-11-12,499.50935690909165,505.5151088036378,504.82033359152194,504.26367862658833,507.1300377780707,505.7362272217599,505.7026751968538,505.576697907068,506.44128011551953
2014-11-13,499.01861011006855,501.6591278873294,505.31048567163947,503.969494815297,507.5757289552335,505.59982537356336,506.27297034934963,505.89218665869475,506.03867470732746
2014-11-14,501.4720329808398,500.8070960361731,504.65699881395756,504.11663517550693,505.79311740506245,503.6153338260682,506.39699561347555,506.10277287318723,506.69305455122935
2014-11-17,500.7360683444773,496.05422878551707,503.59480564380385,501.32332645364664,507.1300377780707,506.2155880152385,506.7191941830355,505.3136833987209,508.8568617627279
2014-11-18,505.3975406865083,498.430703076741,505.9641202767457,506.6158892982474,509.3581362940978,508.2680967468944,509.6448640415067,509.1013863952391,510.5174249144724
2014-11-19,497.79200238279765,493.4534007465445,504.82033359152194,504.11663517550693,510.4722621313514,507.31007671242617,508.82684074354734,508.15469039323426,509.9637345240767
2014-11-20,497.54673269140085,499.19286329793096,506.29090064244275,505.29272435981505,511.3636955385037,507.7206519547324,509.7193344656031,508.7857597953376,510.9200811246087
2014-11-21,499.50935690909165,499.0583811801487,508.8236608635172,508.67423918904376,514.7060730502644,510.04713363692963,512.4466467999041,511.10082967200657,513.8890483505472
2014-11-24,502.69879627028286,504.8426168829347,510.53930395449675,511.61442984677115,516.2654816420672,510.32100636568686,513.8846121997568,513.6785464616232,514.392241608357
2014-11-25,503.43481276070275,504.8426168829347,510.13078232630534,511.4672248804755,516.2654816420672,510.32100636568686,513.5128587901673,513.8362908374365,513.3353579601516
2014-11-26,504.41609894251945,506.32228617160274,511.2745690115291,511.61442984677115,517.6022999094221,511.96300666955926,514.8270291993144,515.6250100514367,514.1909135032888
2014-11-28,505.15211543293935,499.0583811801487,511.4379407259496,506.1747589450033,518.4937333165744,514.4261908653056,513.7360397890363,515.3093375021102,511.57400375101236
2014-12-01,497.3013074378319,492.33252665751144,508.9052913154433,498.5298239135291,515.3741503405683,512.6474212333613,510.165604353973,510.5746628070375,510.8694823881344
2014-12-02,491.903818605381,497.53381674239336,511.51968198844395,502.64642678599324,518.0482974035451,515.6581170357924,513.4632578954538,513.1525174449289,513.9390882656348
2014-12-03,492.88520849531244,502.64543852678844,513.9706270733119,508.0858715664611,520.7217297269481,516.3427320431628,515.4466949731036,514.8886705167996,516.2037881384166
2014-12-04,492.14919200489254,500.3138593846518,513.8890335582419,507.0569550454058,519.6077570481746,515.9322236153793,514.8764919299758,515.0990269841674,514.9962259235616
2014-12-05,493.3759034402782,503.45249389706566,514.4609638377098,508.96790615164934,520.7217297269481,515.9322236153793,515.7194768666861,515.2567713599808,515.1975032266855
2014-12-08,484.0531143183883,497.4890029250979,510.62097134327894,502.9404490820703,517.8250944451768,516.3427320431628,512.2732969691689,511.7845111656643,512.9832496845453
2014-12-09,485.27977389971653,506.05328127014235,511.4379407259496,503.969494815297,516.9340184078114,515.2475752007475,511.9260446514899,512.1527498571203,510.819290067214
2014-12-10,484.0531143183883,494.70904161463125,502.85965139733975,493.0903791330613,509.3581362940978,509.4998892883358,503.71919206452003,503.8931109773268,503.87481669388467
2014-12-11,485.034400500205,496.1886702374034,505.5555247748422,494.56055521953215,512.4775661116238,512.2370798418848,506.27297034934963,506.3132671888298,506.03867470732746
2014-12-12,481.0598907103145,489.82144825081747,498.36606123465873,485.2984329535486,505.79311740506245,504.7102234103923,498.09084912771044,498.94785006776164,497.131773029512
2014-12-15,473.0128669620896,485.830903884935,495.9150422760786,482.2112957538684,504.01060796054475,501.3366579348994,494.66912426741965,496.4753115118289,494.36408310669736
2014-12-16,464.9166855674706,484.9788720337787,490.03273713553943,476.1836448660322,502.00525292744567,500.65104070968783,490.7022501121201,490.26731445553287,492.04919091299524
2014-12-17,470.06874914635256,498.1613728481133,498.20268952023827,487.944827436499,509.58098188267917,509.1532555443025,500.322244624244,499.94747980729545,501.1073299788471
2014-12-18,487.7330412083157,505.5151088036378,512.3366144342585,501.4703052986423,519.830602636756,519.4376809587831,512.6946973281559,511.7319450235348,512.8824586271506
2014-12-19,494.60261487566385,505.29095838536875,514.5425204159237,507.10641100401864,521.7348730729727,520.671477935907,514.8759853284514,515.3136567480544,516.8422161718236
2014-12-22,498.77334041867175,509.5507516480871,514.5425204159237,506.95872149208014,525.3188836135436,524.5112417438964,517.2445777287469,516.8983605153284,517.2980620175911
2014-12-23,498.9450810567069,512.0615860594055,514.7059660040564,507.2539713037857,528.231243165941,526.7052302274781,517.9425825200921,515.7359319632379,521.0956597562136
2014-12-24,499.7546784545458,513.2186121299047,513.7255879701092,508.2867964930266,528.0071212566919,527.5280510751593,517.9925057975939,516.6869931606119,520.5893167778603
2014-12-26,505.3975406865083,516.4599280294974,514.9511159178273,509.7622702785259,528.679333825959,529.0365893698362,519.662724969072,518.4303602921979,521.146461700465
2014-12-29,501.1531305279666,519.0712885355113,515.1143768216796,511.0900868551295,529.3513421839194,530.9565380883537,520.3608218697851,519.3281201566434,522.0070466360833
2014-12-30,498.0373239282518,516.6850544292683,513.1537315643534,507.69668450612977,525.7669742735617,526.9799047305083,517.5686645403526,515.5777280931751,520.3867694261301
2014-12-31,494.60261487566385,513.4887963423466,508.5784001391781,503.56535144612326,521.510700110897,520.5343745352214,512.4328303946915,511.5628511397617,514.2091514012751
2015-01-02,494.84788456706065,509.70715268376614,508.4968435609641,502.38490135102955,520.8388959642434,521.0828883597476,512.1585747512195,510.24235656588337,513.4496623347171
2015-01-05,482.92445890550397,501.9186983009382,500.81708019323884,489.2537144299889,512.7740809291452,515.5976832999639,502.90918228158404,502.42406191262273,504.33528551657906
2015-01-06,481.1089965026512,493.5453056713065,496.4870464292587,481.1387701249572,509.4136817695563,513.8153056837912,498.1722277544132,498.51505243426726,500.2841352741979
2015-01-07,483.3170978279684,498.67746373313736,502.124201656027,485.86018286881773,515.6862362702357,520.671477935907,504.379984671159,504.536954319563,503.47439576929537
2015-01-08,494.1119199306981,507.41119686644873,511.51968198844395,496.0406806432027,523.9748158447961,527.6653883266744,513.3302059132557,513.940274386072,512.7914215430521
2015-01-09,489.9411943876902,502.4590260599261,507.1079438988255,491.61422698366204,519.4945218785357,523.002736856481,509.21683180801756,510.0309892111669,509.0444733428482
2015-01-12,494.3571896220949,500.748211818892,502.9412449124098,484.53233398917126,515.9102560738314,521.6313687770123,505.22780534969365,506.2802755017241,503.62644598843974
2015-01-13,490.43178562454113,502.8192852318139,501.55234525027123,482.76180421022354,514.3421685014882,521.2201922040014,503.80674201888445,505.75222471033254,501.5502721307748
2015-01-14,488.95975264370134,500.3881966423796,499.5915891823768,478.48291085044997,512.5499079670693,521.2201922040014,500.7650604113107,503.5333269800595,497.95486613027265
2015-01-15,477.91950528740267,492.5098299636894,494.9347381158436,469.4828631711587,510.5338318403615,521.1515402818744,496.17792177132947,498.2508891902967,493.80282322660827
2015-01-16,481.1089965026512,500.47814960413785,501.63416038647773,477.8929280757245,514.7901570558529,526.3726275332225,502.6849420249821,505.22399012124123,500.94252847169565
2015-01-20,487.97846646188464,497.28181018542426,503.921622946357,479.9586430602921,515.6862362702357,526.2351566526619,503.7568187413826,506.4916888058654,500.03098918599335
2015-01-21,496.81066434692355,496.426525062595,504.9020748540163,484.53233398917126,517.9263832533659,527.7465345645558,506.2999583941984,508.9743821847095,503.7275926594442
2015-01-22,503.6310285138202,506.78091614570263,512.9902490393647,492.05710170122035,525.7669742735617,534.4788995060135,513.8290702508018,516.6341513219328,510.4115536626525
2015-01-23,506.13345346881346,505.38542526157323,511.84664703842134,489.99148362578137,522.182759521684,530.6322203949193,511.01181311856624,515.3663147890338,506.7657013315088
2015-01-26,509.0775712845505,509.8872619367621,512.7451360624499,493.2373902810998,523.0789408417202,531.7310186288244,512.2083598646692,517.1623859110241,507.0694461561877
2015-01-27,501.4720329808398,507.1859891348859,504.16684673384003,487.1881286575928,517.9263832533659,529.3952163207033,505.45204560629566,508.02350478503524,502.81605337374185
2015-01-28,499.26403536363745,499.6678002962917,499.4281805311003,478.9257209619226,511.429962107571,523.0751303918819,498.970079100762,502.79390883395155,494.1067712590642
2015-01-29,500.24537339951155,505.5652905191937,504.24829250148576,485.2698770636637,516.3582446281961,527.1967846713587,503.58227148886226,508.55173937412656,498.00582048035676
2015-01-30,496.5653428014694,495.07584799576097,499.75492395994127,480.84368182846595,507.3976566956752,517.5792016011967,497.24975243304596,501.790327443873,491.2203571925342
2015-02-02,499.6810975471268,501.06357584169257,504.24829250148576,486.59798436765305,512.5499079670693,523.6246798415106,503.407770291026,506.5972805843738,498.9678568986449
2015-02-03,496.31991754790045,509.93219775174526,511.84664703842134,496.9258809265908,520.8388959642434,528.7085634703891,510.68772630696054,511.5628511397617,507.67708821137836
2015-02-04,501.96272792580555,508.85186756093685,508.170026258411,492.9422373785228,517.9263832533659,527.1967846713587,508.7430672732744,510.1894687777793,504.79108056040235
2015-02-05,511.28556890175287,515.514649279014,514.3790748277911,497.9585446006175,523.0789408417202,532.6928804983509,513.8789474736196,516.1059626822664,511.4747875538894
2015-02-06,510.1079114046466,515.1092916285594,510.9477886458321,496.48323233033244,521.0626605037056,525.2736622630106,512.4577920334424,512.1967694062112,511.27229100410347
2015-02-09,507.3110591118624,510.3373927386163,509.3138498804908,493.974997961678,518.822564573402,522.3880432471698,510.1641766587677,509.9252136349588,509.85456114588055
2015-02-10,511.5309423012644,512.9485499151506,514.7059660040564,500.76199647793464,523.9748158447961,527.3343223664422,515.5989978132314,516.4757177047453,512.9939180928382
2015-02-11,515.8488815131677,512.4983784474005,514.9511159178273,500.02438879735644,523.3029095924892,524.9986202801052,515.8983532595064,518.1660132505276,512.7914215430521
2015-02-12,519.7252834264996,518.8009823253817,519.1993714824571,509.31962168226755,525.7669742735617,528.2960171996617,520.8595480432792,522.973242087578,517.3993102924841
2015-02-13,526.2512721096626,521.6371439039992,522.3857293717816,513.7458492205081,528.679333825959,525.6937919820701,523.0036699135526,525.6145988307342,519.4249362156189
2015-02-17,523.5525276934371,522.1323325185243,522.7125097374786,515.3687217905602,528.231243165941,525.6937919820701,523.8262986799161,526.2483332994839,520.5386672394417
2015-02-18,524.2885960379144,523.3929346259124,523.7746290339202,515.6638746931372,530.2473703454755,529.548889723031,523.8762680121021,527.9914706839453,518.4121486550237
2015-02-19,528.4593734349797,522.8977460113873,524.7549701310113,518.61475765805,529.3513421839194,525.55608725068,523.5022579229945,527.6747872472702,517.703055117163
2015-02-20,531.9921903641265,523.7532344636961,528.5948148780179,523.3362027049534,532.7114860793747,527.3464492023214,526.6434176480997,531.6367304631545,518.5638940625024
2015-02-23,526.9872367460251,524.6534147356127,529.0033365062093,519.9427034468251,532.7114860793747,528.4476527590456,526.568716950583,532.9044291477787,519.4249362156189
2015-02-24,525.5644132656369,525.9140168430008,530.1471970651452,521.4184033536244,534.2798289158513,527.7594965819694,528.064619142961,533.0101587745619,521.3994045808926
2015-02-25,525.7606290187542,525.8239418835549,530.9642033846719,522.7460584150137,534.5036955609669,526.6576916945405,527.6158623016528,532.7460414800163,520.6906666566417
2015-02-26,530.9126925976362,527.4448438287267,530.6373122084066,519.4999579414382,533.8315850973531,525.2809450459904,526.9926963718765,533.6439851421616,519.7284778325209
2015-02-27,527.7233050905024,524.8335239886087,529.820342825736,516.9918204819123,532.0394777214143,525.1427726129409,525.1976229519597,531.7422303428131,518.9690395679071
2015-03-02,527.4534047218513,528.7952769001852,533.9053374865134,520.0901668374636,535.6235903676386,526.5203544430254,528.5133299295851,536.0211786413472,519.9311267881395
2015-03-03,523.5525276934371,525.6888497773339,530.8824990590335,518.0247748833247,533.1594235809126,525.4184827410738,526.3443385299289,533.1157046036453,518.361295908828
2015-03-04,520.5839347626178,522.4476152095331,528.6765930773684,515.3687217905602,529.7993307382841,521.149903326067,524.125423852771,531.0027202978551,515.6775815998609
2015-03-05,523.846955031228,523.1227910793664,530.3106426532778,516.2541804982912,532.0394777214143,524.4548502866944,524.6990809972018,532.1649191028209,516.6398212259261
2015-03-06,514.3768485323279,515.9198035999891,522.3040619829994,508.8770376920949,523.7508981468538,514.1277972066986,517.3194165903157,524.2939204591561,509.29746702522004
2015-03-09,510.30423086587876,519.3412287525778,525.2452330216971,508.43435679279366,527.558979543847,517.1576019626365,519.4633542418528,526.6710220594919,512.2343274223916
2015-03-10,504.8576880951485,513.2186121299047,516.5033503575303,497.66384394064045,519.9426125385538,511.23696665808325,511.0366826479491,518.2189010386317,503.980586341816
2015-03-11,506.99226036710394,516.5050265080642,513.8890335582419,499.5818694132695,518.5983405584996,509.85955186430556,509.840089847162,516.2115544607748,502.86675371410473
2015-03-12,507.3602167582565,525.4637640434588,519.2811127449514,505.33581661898523,525.3188836135436,518.6717526772245,516.3220563526957,521.9696147480745,509.9051090804106
2015-03-13,505.79002404680057,523.6181830233711,515.7680483636419,501.49979797676997,522.4067793252797,515.1673977734462,513.1557047154193,519.53939561251,506.0062630668951
2015-03-16,510.30423086587876,525.4187875625797,523.3659965951606,508.1391069810881,528.4551098110566,522.4795457360775,520.0119115834807,526.4597466036253,512.4369255760661
2015-03-17,512.0216372462302,526.544216231955,521.0785340352813,506.6638593168888,525.9910961828108,520.271860275332,518.466316387021,525.9842160049383,510.00635735530363
2015-03-18,510.30423086587876,531.3613355981527,527.4510281927942,515.221419915136,531.8154579178187,527.7225147436267,524.6990809972018,531.0554702376844,516.8928657102422
2015-03-19,517.6644476241353,532.3517128272028,527.369434677724,511.2376471548966,529.1273223803238,524.5491923928191,522.3053887941032,531.7951181309171,512.6395745316848
2015-03-20,523.3072061479829,537.9791815012466,532.4347704355927,517.235837667648,533.868343132583,530.619659264642,526.9159232135779,536.1885264469727,517.9750487266848
2015-03-23,522.3258681121089,538.7895308090928,532.3531030468105,514.4288647586594,533.1941395030742,530.481620460638,525.8891800875389,534.2807063235323,517.5169167934259
2015-03-24,522.3258681121089,539.0597963533264,528.6765930773684,512.8036663695217,531.3967226331578,526.8945491776936,522.9342194500168,532.4256820893461,513.6475867095205
2015-03-25,510.5495524113329,527.9006678560086,521.0929763460067,504.3824246121277,524.2066467308782,520.1342891729872,515.2711805722184,521.7730890576131,509.01465260157266
2015-03-26,510.05890932042456,526.2292995340094,520.2731628254184,503.7915373522023,522.6337601928245,518.8925078603945,514.0442837893315,520.7130817737103,507.33442909740285
2015-03-27,509.32289283000466,528.8945016862114,520.5191253500229,504.2348643123606,524.6560647643907,520.4100995229043,515.2211651853485,522.6209478465756,507.0290586105079
2015-03-30,515.2109728993066,535.3098314276617,526.5039302661706,510.7352702323971,530.9472535468185,527.170660192963,521.5067084634417,527.4969629727588,515.2258507115778
2015-03-31,511.16293405605444,533.231722814747,521.5029754484411,506.74636128834356,527.1274810525092,523.3071438221355,516.9490908759316,522.5150344220928,511.254611927504
2015-04-01,502.94406596167966,532.5089271808001,518.3874624490687,504.9735702963959,524.8806461490801,522.0658636184634,515.1209501928724,519.8120135506692,508.7600332569848
2015-04-02,506.8204678750114,534.1352783560242,519.3712756106308,508.2236763472856,526.4533795286537,524.4111201815538,516.9740525146825,521.9849618560039,511.560185622176
2015-04-06,514.4750601170015,535.8068500075028,522.2407891485427,513.8378159835198,529.8237339894506,528.1361634539794,520.4549115892836,524.9001312223677,515.1239420114096
2015-04-07,514.2296348634325,532.0119492668549,523.2246023101048,512.655815342369,528.4755309417399,524.5491923928191,519.0776923176826,524.1579101613386,515.7858405430605
2015-04-08,520.5103538551988,535.4904693373045,523.8805639371438,514.7243729947079,529.374520167245,525.2391191547482,520.8305796470166,526.4370016382808,513.6475867095205
2015-04-09,523.0618327484714,533.231722814747,526.5039302661706,519.3042661078155,531.3967226331578,523.9971708058487,523.1344652162327,528.1859286502844,515.6840334467809
2015-04-10,527.2326619995941,535.6713105764269,527.8157427096804,519.5997097377781,532.7446704167351,526.0667506480675,525.9892108612788,530.4119025919979,520.724246741792
2015-04-13,528.2140000354682,535.5808289580218,526.0940789111606,518.2700518877317,529.8237339894506,523.4452494406622,523.6102101023897,528.7159552669482,518.5859929082518
2015-04-14,524.7792391288228,535.5808289580218,524.7821556570826,520.6338270487332,530.2733051814433,524.2732484138567,524.6120376443619,527.6558101347706,519.5533127287421
2015-04-15,529.9313545617622,539.3759330281493,528.0616313605727,528.3163305190492,531.3967226331578,523.9692757426,526.9659386004479,530.3058053698152,523.6261554013186
2015-04-16,535.819434631064,537.975277575239,526.7498927907752,527.282213208094,530.9472535468185,523.9692757426,526.8157082211019,529.934809712863,522.3024091399607
2015-04-17,525.0246125283344,529.481839220874,520.1090523738764,520.4859114154948,525.3299620769393,518.7155161896266,520.7554644573437,523.7340267162822,516.4985918209073
2015-04-20,527.4779316909909,535.4454115246335,525.8481163865561,524.6228975080012,530.4978355133061,522.3101709209033,525.5135120298058,529.7759625508511,520.215160458449
2015-04-21,529.7350869545874,533.9997795908441,526.340004498909,524.0318810359043,530.0483664269668,520.5127934443728,524.8874907096189,530.5179079153306,517.9750487266848
2015-04-22,533.8568104133733,534.9937354187347,529.4554805614255,527.1342975748555,531.8460896138436,522.033625611236,527.46692145346,533.7508175551433,519.4516072363508
2015-04-23,539.3768303834079,538.2917802431251,531.9969948173897,529.4983311602,532.7446704167351,523.2775115812954,528.794079283507,535.6057498904795,522.6078304288
2015-04-24,539.4258843216872,537.2074647945173,533.9644364562337,526.5434103149302,532.7446704167351,524.3838264490099,530.021068175762,537.0896406194387,521.0807239846038
2015-04-27,545.3875971524656,533.2769432910015,531.9149949969028,523.2931104457833,531.1719880899882,521.4807020282083,527.817351544338,534.439691333819,519.6042670788262
2015-04-28,533.120742068896,536.8008058353934,532.4887721191745,525.2139139800979,530.9472535468185,523.2775115812954,529.4953079027351,535.2347082841023,521.5387035120299
2015-04-29,528.7045394182618,530.9275931523512,529.4554805614255,526.3958500151631,528.0262660667074,518.0240861009356,527.3165068553778,532.1607377051515,520.215160458449
2015-04-30,514.1070518717914,520.9434650515258,522.4047518526604,520.4859114154948,522.6337601928245,512.6324547802651,522.0326529552048,524.4229004949581,518.0257490670477
2015-05-01,510.05890932042456,524.0606686367938,529.8651102952991,525.6570148189563,528.0262660667074,517.1947508372862,527.6921749131109,531.4718179770508,522.0988965512897
2015-05-04,515.5054002370975,525.4160222816577,531.0130339084033,526.2477405636674,530.2733051814433,518.9920614992939,529.194662925307,532.2138552403803,524.8989981145367
2015-05-05,509.5683180835736,519.9042887473806,525.5202648520328,519.8951856707837,524.6560647643907,512.0793307536692,523.1344652162327,525.3238308697242,519.9096883676655
2015-05-06,506.378826868325,520.9434650515258,522.5686776199219,517.0881804587523,523.3078617166799,510.8351775255188,520.9809481904148,523.0449231904818,516.3966323187948
2015-05-07,511.77631570077597,523.2023335717711,525.3561544004908,517.235837667648,526.0041657064481,514.1531867253441,523.0593500265597,526.4899353758098,519.1968862878745
2015-05-08,511.28556890175287,526.500134400786,533.2267705035565,524.1795705478428,531.1719880899882,519.5450853041057,529.9460450954571,533.7508175551433,525.153515855236
2015-05-11,515.2109728993066,526.8617762131348,531.5869587780993,522.4069087680666,529.1495814127685,515.8118906599043,527.4169060665901,531.2598992292352,523.3206325085908
2015-05-12,512.7576018825927,525.4160222816577,529.9473317369224,520.0430043948936,528.9250510809057,514.7063441592014,525.839164700669,529.8288043895302,521.793373658562
2015-05-13,515.4563981528755,525.0997636091471,529.7832951590926,520.6338270487332,528.4755309417399,513.6001629205323,525.9392415290929,529.1929562472333,521.4370488215828
2015-05-14,519.6271755499408,531.0632545811148,536.1780991776748,523.1454532368876,533.6436085894135,520.9276114088738,531.4235714689022,536.5596599521997,524.7461858662285
2015-05-15,518.4495180528345,530.3856794234226,536.5879135958288,522.4069087680666,534.7670770939546,522.0221001060614,531.9995313475351,536.7187368613363,525.4080843978796
2015-05-18,521.3200549611526,535.4003130460667,538.0636887434562,525.2139139800979,535.6657089496729,523.268859100599,533.6522036843932,539.1565836014406,527.4444803331958
2015-05-19,521.5898516216889,535.1743326624816,538.5557615400896,519.8951856707837,535.890698756976,524.3769779604279,533.4771037756643,538.361704499432,526.4264093703983
2015-05-20,520.6084617317575,535.5356898135591,537.9816519861132,519.5997097377781,535.6657089496729,523.4075660498305,533.1014817726153,537.8845656708721,527.4444803331958
2015-05-21,525.2698822197311,535.2195531387362,538.8834653271886,523.7361789815988,536.5645450166978,522.8535400271775,534.6540772810494,538.7854960456384,528.4628561076587
2015-05-22,526.4230646017552,532.6896057563389,537.2440599071481,522.8499450008393,534.3176080076155,522.2993135609562,533.3768427285042,538.9975985911539,527.8519627280359
2015-05-26,522.8164593489598,526.500134400786,530.685145437024,514.2810783375924,529.5991015519345,517.4502495722868,527.6422976902932,532.6378765337114,520.5715360973722
2015-05-27,523.0618327484714,532.5089271808001,535.0304341225632,519.5997097377781,532.9696091712115,521.7451205019962,532.6506064158411,538.9975985911539,525.7134548847746
2015-05-28,529.4406077627391,532.7799247111603,534.7022870931913,516.3495390808027,532.0707220513598,521.1907604067294,532.0495467344051,537.9904331459302,524.6443787699487
2015-05-29,529.8332466852034,528.5333071987176,530.3571092182203,512.9514527905889,528.9250510809057,517.4502495722868,528.7439257325849,534.439691333819,522.9134549254161
2015-06-01,527.968678490014,530.6565549560951,531.7508845453608,512.8036663695217,530.4978355133061,518.1428489151259,529.820822409546,535.6057498904795,524.1354448924386
2015-06-02,528.9009107335513,532.1022275557804,531.2589964330078,515.7586195178344,528.4755309417399,516.895622218929,529.2949700271511,535.2347082841023,522.3024091399607
2015-06-03,531.8941343416251,537.568659282011,532.2428834682821,515.3152925576761,530.0483664269668,518.1428489151259,530.6971969921871,535.5527242541007,524.5936276276417
2015-06-04,529.9313545617622,532.6443852800843,527.405743607246,509.8487778272947,525.7793801104518,513.4324250611653,526.2146485396659,530.8888576228579,518.8405106489512
2015-06-05,530.5446843524263,535.9877319125211,526.340004498909,513.2468964205515,523.5322899428893,510.9388736648287,525.31326626359,530.4119025919979,519.2986425822099
2015-06-08,529.9313545617622,533.5479001554658,522.9786397855003,508.51918458333404,521.2855060922869,508.99911444031545,522.0826683420746,527.1259673158064,517.0077289061945
2015-06-09,526.4965936551168,532.1475700297227,522.8966030281573,508.37155967748123,521.2855060922869,509.2762276734261,522.0075070977176,525.6419846879975,517.313200996978
2015-06-10,536.064859884633,539.6921917006599,530.0292576836971,515.610703884596,526.0041657064481,514.9564977323819,528.2680426823758,532.5847589984827,523.8808255478507
2015-06-11,534.3474016502242,540.0986879962002,532.1608097740831,514.7243729947079,528.0262660667074,518.0042755949399,529.9711909529442,534.0688794745665,524.288104734914
2015-06-12,531.1580141430904,539.1047728342055,527.8977055933112,511.4740408225182,525.3299620769393,514.4022044516379,525.9140956716058,529.9878812986667,520.4697798030368
2015-06-15,524.2885960379144,537.7494598552375,525.1101180021741,508.51918458333404,523.0830250678569,511.08493021156283,523.6603175986277,527.5498507608628,518.5859929082518
2015-06-16,530.4221013607853,541.7251205032161,528.5536672203501,511.32628670449395,525.1053296394231,515.2485440113275,526.5152014077258,530.5709335517095,520.9279117362956
2015-06-17,535.57411308561,540.3246277138894,530.6031825533931,512.0649603854864,527.8015825763646,516.6370500158819,527.3666143516159,532.5318712103787,522.4042162362405
2015-06-18,540.9715500640035,546.5590348844255,536.0958407991953,516.0539339356258,533.4189250990705,522.4670180130618,532.8508061273731,538.7326082575344,525.6116477884948
2015-06-19,539.7448386286178,546.6494758369346,534.3742878112438,512.8791262776338,531.8379211615702,518.9966382941022,530.4854836096446,536.030276627485,523.2970604064582
2015-06-22,540.9715500640035,549.6764011332772,536.2601359350177,518.3683823501859,532.9673628468363,521.3565940521979,533.2031705149807,539.1156886132454,526.3182520310871
2015-06-23,545.3875971524656,551.1219517352748,535.3582117833743,519.1103186385069,532.5154942776418,519.968388712996,533.5805886507073,539.168989946174,527.1889973555556
2015-06-24,538.2728575018353,547.397524992243,532.4259425269906,514.36248200559,528.9022304673672,517.0532710853605,529.7053172619679,535.9769293451316,522.6315041348211
2015-06-25,537.2915194659613,546.6725333999169,530.4489342424232,510.6535758370138,527.3215328468272,514.8322895345874,528.0948770703768,535.5513457713525,520.5320121847448
2015-06-26,533.3661673224649,545.8570601891859,529.9548668555617,509.17002629080054,528.6764238148367,517.6084663621617,527.9942475857443,533.9020830620402,521.0950501328826
2015-06-29,519.1364806049751,533.2607175985324,518.1762205691748,495.0757887530883,519.8689433096139,507.47594376515605,516.9219186123465,522.4113265700068,511.1096231786106
2015-06-30,523.7979010929487,534.1215332832058,520.5649270515561,497.59801033929955,520.0945968036642,508.5860336534061,518.0038813045524,524.6454795093593,511.9288553316082
2015-07-01,522.8164593489598,536.7041836667056,523.2008519116486,496.85620326315,525.7405289093268,516.3592018230208,522.1561255631221,526.5608353384897,514.6940559591544
2015-07-02,521.2954761379555,533.2152124610064,524.0244329915566,496.4109704234632,525.2889666570926,515.3877186622183,521.6779397787109,528.3164250171093,514.796625084598
2015-07-06,517.6152899777411,532.354437442229,521.8005756978388,490.625010902277,523.933718319296,514.6936493998786,520.1933209839233,526.507671853836,510.23908106191914
2015-07-07,514.7203298083982,533.1248528402891,525.4247461422224,494.33417549519595,528.9022304673672,521.3565940521979,523.464677300816,529.6995486571786,514.6940559591544
2015-07-08,509.8135877749704,526.1014866231569,517.4350086783144,481.13004830338605,522.1273161518789,514.2774617376614,514.6824174914216,521.9855591985281,506.70565343340365
2015-07-09,513.9843651720357,527.2796589595305,518.9999124596511,484.8391805932622,523.0305427620008,515.804206989788,515.6135510933889,522.6771439932752,509.2661730275612
2015-07-10,519.3817502963718,534.4387679372184,524.4362789367948,488.84488711960097,527.5472373937042,520.6623911608128,522.1056496294118,529.6995486571786,513.7211987267407
2015-07-13,526.0058987101511,538.6978698797062,531.437438384707,494.6308143377443,532.5154942776418,524.8266396985435,527.868564352993,535.8173469923206,518.5346829445579
2015-07-14,529.0726513715865,541.0993536969163,533.7438495517528,498.04324317898636,533.6448338572544,525.9369968448846,530.158311134208,538.3708484349947,520.8391099377443
2015-07-15,525.3926207735443,537.3386529747306,533.4141511744258,492.9988323096068,531.8379211615702,525.8119534655557,529.9822901317983,537.7324271249013,520.0195729730812
2015-07-16,536.0157022382389,540.9181464647306,537.203207744329,496.4109704234632,534.7737650142534,529.4274209206694,534.2350717656325,543.3184068158068,523.5020970534567
2015-07-17,537.7821625568696,537.7011081049977,540.9099689988967,492.85046443376837,533.6448338572544,527.202497313054,534.6880195831885,546.0847459947954,521.1975176544377
2015-07-20,538.5182309013469,535.0276507759256,542.0630268349953,488.99315808631087,533.4189761518973,528.0368770731711,534.9646700702307,548.2126638636905,520.5830173367731
2015-07-21,536.5555029755413,533.5778302548572,540.4979753062343,487.8063119887317,530.7088878989179,525.53350394199,532.8508521820571,546.6168862850064,517.5618257121442
2015-07-22,531.1580141430904,534.8916640199947,538.2740810756603,483.94887642910277,530.2572745938569,526.7854744693022,531.8946187772868,543.850455207168,517.5618257121442
2015-07-23,534.8380447411326,528.3216818763894,535.3912702695615,482.3168944009653,527.5472373937042,523.8648780508012,528.9000511114883,540.4988582027397,514.4382173679045
2015-07-24,537.2915194659613,521.4345057446678,527.4014958687974,471.78348588337644,523.7081158780724,521.0833894686682,523.4143855858418,536.5089777364927,507.67856146776165
2015-07-27,531.1580141430904,518.1270670983216,524.0244329915566,464.51375069467696,520.7721188669091,519.9709944793832,520.369341986333,532.891563308796,504.50369396177234
2015-07-28,539.0088739922553,522.068934386797,531.0258509974614,474.45391383021183,527.7729419405813,524.8387665344229,526.7612715845639,539.7541099233389,511.51923925510937
2015-07-29,535.3287915401557,524.8782971400082,535.4736763954652,479.4981631843771,533.1930673937134,528.8715574986406,530.3848080703281,543.2651973817283,515.1550836032357
2015-07-30,531.1580141430904,527.0530685875067,537.203207744329,479.9432022058068,533.6448338572544,530.2620679388775,530.5106755218156,543.7971998236645,515.6160096434282
2015-07-31,527.4779316909909,529.6811021108447,535.5558978370885,477.1243417770472,534.0963961094888,530.4010087389387,529.7053172619679,543.1587325641461,514.130916407128
2015-08-03,517.9097691695894,526.8265595472748,533.4141511744258,472.82209331728865,532.2896365722846,531.6526451936372,527.9186257945469,541.349841552598,509.6757383021157
2015-08-04,516.4376843346922,526.7811764074365,533.5791481105136,474.60228170605035,532.0639830782343,530.5400831680454,526.8869087626313,541.5096077031086,510.1878219001695
2015-08-05,517.6644476241353,528.9108493763681,537.9444565720455,476.23423143114496,535.2255825306212,533.5996537938689,528.6232624603941,543.1587325641461,512.1338411766625
2015-08-06,510.30423086587876,524.4251163959606,531.437438384707,474.60228170605035,532.0639830782343,530.8182320262587,524.2950893087827,537.57312046864,510.34134537569713
2015-08-07,509.74000686755136,521.7518217304721,530.2843805486084,471.3384145589039,530.7088878989179,530.4010087389387,523.2885641890383,535.9238577593278,507.9857608246497
2015-08-10,522.0805465666547,527.5060866679706,536.379663601277,483.50393431680163,536.3546668461004,535.2685469431487,529.8815224831138,541.9884007109663,515.3598662405128
2015-08-11,515.1619708150846,523.8813320358202,532.1788349598478,476.23423143114496,532.2896365722846,533.3215049356556,525.1004475686304,537.466563752208,511.05826241297245
2015-08-12,510.30423086587876,522.1141955289474,532.9201945981325,477.8662457623253,531.8379211615702,532.9045489064266,525.7294624432802,537.2006084806648,510.08530357667024
2015-08-13,514.9165455615157,521.2987223182163,533.0026376608923,474.3055459543734,531.612063456213,533.877602208514,525.0753477658274,537.8388459930585,510.290187817836
2015-08-14,514.2296348634325,525.9656218649136,534.2379169386143,475.0473853335657,534.7737650142534,536.9852792907184,526.9874921925797,539.9668557608035,510.1366135403641
2015-08-17,518.0815098076246,529.8622686771344,537.0385063030898,477.8662457623253,536.1289112463966,538.7963537444128,529.931860252772,543.6376634202785,514.335648242461
2015-08-18,514.7203298083982,526.7358745993901,536.379663601277,474.8989528516416,535.9030535410394,538.9353279517353,528.3969497430103,542.2011005990059,512.6458739727719
2015-08-19,509.0775712845505,521.6158349745411,534.3203600013741,467.629443784242,533.4189761518973,535.1735700990579,524.2195596269534,539.9137382255748,508.80514538348
2015-08-20,487.97846646188464,510.5147367106902,523.2008519116486,454.12867774988376,524.1596781303066,527.2318288885417,513.2731441597272,526.9331175793402,499.02450106648524
2015-08-21,479.1463204309031,503.9447139011892,504.7504121229717,438.9960912026022,510.6097473936766,514.1344786589738,497.82258059316405,509.8562435481264,483.86687736603704
2015-08-24,465.16190340481,484.3704695650335,485.4763173806746,419.56099777121926,493.44624652981173,486.9645200184996,476.8605608778907,489.48116574426257,464.8683218685199
2015-08-25,475.46613427068877,478.93315462027607,479.7929541469562,412.73636621003516,496.8338057932093,478.04755403390675,471.2489818460725,483.5762510948599,456.623826741798
2015-08-26,477.06085395128434,490.8951905664881,501.8674905063046,428.7592246184332,501.35044937208596,501.31594543284655,489.34211712829887,504.43003000773143,471.83286200982855
2015-08-27,491.7566567905429,498.82443028096475,511.998789948595,448.0460470831063,511.5130250566252,510.5117618281416,501.44588680550805,515.708270409425,483.1497571209847
2015-08-28,496.5653428014694,502.53999185868764,512.1634913898341,451.90328882447807,510.83540088772696,508.5610784291585,501.47130899109936,514.8040776254882,484.2765442444801
2015-08-31,493.130581894824,502.17753672842053,506.56234959773917,452.94179934926166,506.5447681726876,503.8236949152678,497.4198323812141,510.1756839502978,482.94512688954023
2015-09-01,475.22086457929197,488.5390898891163,492.72462133258574,436.32553404359544,493.220490930108,491.1448708562134,482.57286150370936,496.39701369173395,468.50442022636736
2015-09-02,480.49556300387235,495.29040126259474,501.2909061829711,443.5951400201235,502.253829140688,499.2259537539272,491.7327697222506,506.1857115852009,475.77575330901004
2015-09-03,486.0157385360791,496.15121694726815,502.3617795143025,445.3754899240995,505.1896729933712,501.31594543284655,492.0849498911221,505.5474281233823,476.90238802667267
2015-09-04,476.4475241606202,491.93741681282665,495.19573394087075,438.9960912026022,497.0597145513932,493.51317842965295,484.6365258409608,498.68483555941447,471.37188516769163
2015-09-08,491.16785396901844,502.17753672842053,507.30374617288,453.23853510093863,508.3513745514116,504.52077083113124,496.8157330906313,510.76080392746275,480.896792497325
2015-09-09,492.88520849531244,497.4653760395728,499.06701195239725,446.2655679669589,502.7055445514024,497.1358952604851,490.17248308158156,503.5257453249447,473.9836131216545
2015-09-10,490.9225324235643,497.78244803000166,502.27933645154275,448.49102149845027,503.3831176674739,498.94727037953186,492.83992432662757,507.19641513614494,475.7245957511489
2015-09-11,493.3759034402782,499.59480501312896,505.4093286984966,446.7107038975172,505.1896729933712,502.70929549030035,495.0794254475525,509.32447085331484,477.6193558658922
2015-09-14,492.3945654044041,497.69188507980476,503.35006203544975,445.227122048261,503.6087711615243,501.31594543284655,493.24253437452535,508.1008376672065,475.4687063579548
2015-09-15,498.77334041867175,503.17446116671266,509.85722797021265,451.90328882447807,509.7064186779013,506.4528129782667,499.4076446538479,514.9635680794491,482.07463557479304
2015-09-16,504.66142048797366,508.4304062157009,513.3165492259328,460.0629082377799,513.997153498594,510.7805232459083,503.7359099148274,518.2086083674454,486.6320779935833
2015-09-17,509.0775712845505,508.83816315401435,512.7399649025994,457.244112415106,512.8679160246348,509.9428027596536,502.60356339827933,518.3149353367528,483.35479376798327
2015-09-18,501.226763289443,500.4104002215478,504.99748275325845,445.5466960512373,505.17466346231896,503.5217266796937,494.39030921022754,511.4946162437283,474.84623013504273
2015-09-21,498.0373239282518,502.35878462650203,507.22145085754454,446.29186264384384,508.5787127887433,507.8492030965057,496.9451928074742,513.2038429525851,477.8867264984872
2015-09-22,487.7330412083157,495.47160849478036,503.0205483424032,436.904016935064,502.6782823419402,501.8461186708774,490.4949579792457,507.3822346105956,471.857196141125
2015-09-23,486.751755026499,494.97316660858223,501.8674905063046,431.09250570697856,501.3166013479784,502.8237821750345,489.7107848740575,506.8481184951122,470.5687572310217
2015-09-24,481.1089965026512,494.42954491202545,500.46717735563874,428.7083796289776,500.862792771369,501.4275925003638,487.9401204366832,504.6048675696219,468.7651358042654
2015-09-25,475.95682921565447,493.92028589751465,500.9055439635389,427.9632776424567,501.77046097741453,503.5217266796937,487.8135161102509,502.78899224548314,471.03252818009247
2015-09-28,466.14329329474145,480.6459614902099,489.9048248029511,411.8699662975893,492.01186631061745,494.3084048794379,475.570753396602,488.5823490430435,461.65306681685075
2015-09-29,458.5378068450882,478.50945665076495,491.39360172391696,412.31704041071896,493.82766219814886,496.82103182202,475.84896974290155,488.6892274054501,459.33405966566426
2015-09-30,460.9911778618021,484.4645297822789,499.9958261352635,423.79088741498003,500.63576085099754,501.9857944306888,484.72766806068057,497.98217695325724,467.32210657780524
2015-10-01,454.61240284753444,482.6009744361979,499.91301370394297,425.2811559941074,499.0473032007978,501.28808377685925,485.99237573916616,498.302812040477,468.14652052911646
2015-10-02,468.1060730746044,488.0560197115731,506.53006678552947,436.904016935064,505.8556060649533,506.4528129782667,493.2520676941221,508.1834087838207,473.09407107781306
2015-10-05,478.9009470313915,501.10298109483165,514.5530104830491,449.4210907083657,515.8408752823349,515.3872175532977,502.0293075429559,516.1947829206723,485.56559277791433
2015-10-06,471.7860518185892,498.7390318995487,512.7334640159302,452.5502541668018,513.117564347238,511.75765223388345,500.30925720334403,512.9901781266217,486.1840048452862
2015-10-07,478.65557363188,507.0125490888196,516.8691360432427,460.00088639549597,516.0679072027064,516.5038886720387,504.4070648253758,516.8357314491374,489.3277307594494
2015-10-08,475.71155952425767,512.6041504426686,521.9144520251185,467.1535876599275,522.4224014902525,522.7856564720622,508.9600769444817,521.0013684657736,494.84172298654875
2015-10-09,486.3837986353464,513.2863208465989,522.3281817500165,465.51443435627596,523.5570505638427,522.6462479703418,509.2637154763726,522.6036708627988,493.34748540028323
2015-10-12,482.5810294834911,513.9225794540441,521.7491595941822,461.19299788906073,523.7839803785608,524.0421369796602,509.7441579403019,523.7786436078974,492.4197402943648
2015-10-13,480.8636231031397,507.28541725039173,517.9442571130227,454.4874353438446,520.8336375230924,520.4125382529846,506.5319358377195,520.2537253726016,490.71909440860594
2015-10-14,478.4102002323684,501.92121958648477,514.8012630927303,458.80893641714545,516.9756775144053,515.5267930913249,504.10347234816896,517.7968555705728,487.8332391634627
2015-10-15,479.0235818770899,511.51324711892295,522.6588774224575,465.2163741798419,521.741305729138,522.3940899614787,511.84365282173826,525.4344770849758,495.04792807826504
2015-10-16,486.0157385360791,511.51324711892295,525.6364312643892,461.6401366082761,523.3301207491247,525.191513807288,514.1709802251319,527.0366416337263,497.9340373331296
2015-10-19,486.0157385360791,512.7407065211424,526.2982658515441,457.61669571140925,523.1030888287532,527.1494465819895,514.42377438584,529.8673559570534,496.0788519329581
2015-10-20,478.3120923558097,513.6951350982062,526.4637060299049,458.9577888386268,523.3301207491247,527.7090516172923,513.7662516617681,528.2115684293999,497.10952177792984
2015-10-21,482.3357079380369,505.7852930160797,525.2229231606277,455.38151896401814,522.8761590140351,527.5689749703444,510.57899119793666,525.4878703167542,493.45051174322504
2015-10-22,477.15901368190043,510.37671665996356,536.9682154659788,462.5342202284497,532.4077728132875,538.1991655400625,519.2048032456394,533.4457593229776,502.5205892659759
2015-10-23,486.0157385360791,515.4683308235698,542.0136791952789,467.7495464975813,532.6346005223521,537.359340396341,524.8960568808508,542.365002197761,504.99433913935206
2015-10-26,485.27977389971653,513.104340962391,541.5172478496286,462.0869522970629,532.1807919457427,536.2407316564403,523.6058809620897,542.365002197761,502.62386961863893
2015-10-27,481.1089965026512,507.3765088572355,540.3593512853842,456.8717229370599,529.0035192755563,535.9611796932492,522.5941977177325,541.4569496621293,500.2014805109009
2015-10-28,486.2610082274759,521.0142237104133,545.7357323082617,464.3223228627112,532.6346005223521,539.7372024465341,528.5384757870722,547.3853444676755,507.0558312351284
2015-10-29,483.807637210762,516.286528649327,545.3220395202197,463.2791606997563,533.9963836219673,540.2968074818368,528.2349293645494,548.1863807926258,506.23121407604015
2015-10-30,488.2237880073388,513.9225794540441,543.2543881908439,467.7495464975813,531.72703442196,536.5202168051086,525.9584002776545,545.4092434987767,504.16972198026383
2015-11-02,501.96272792580555,523.6965055388984,548.5478090349766,474.4552059519261,536.7196435042374,542.8140780337502,532.1811249667139,551.9250098033098,511.59071759067103
2015-11-03,501.8401449341645,526.2876550946438,551.1948149518915,478.92559174975116,536.9466243717821,539.3177408727018,533.724002936815,552.2456448905297,512.7246677883059
2015-11-04,511.1875128792515,525.1057008299503,549.5405239788529,476.2433731922733,535.8120263510186,538.1991655400625,532.1050426286761,551.9784489845131,509.58094187414264
2015-11-05,506.86952181329076,526.1060005376031,547.1418076084752,474.6042198886217,536.7196435042374,539.3177408727018,531.5738018482482,550.6432505946544,508.7564771208872
2015-11-06,511.48183650892764,528.9242691220193,547.3071369762677,476.2433731922733,533.0885622574416,535.1217554366643,531.2957697206848,550.109180428596,510.6116625210587
2015-11-09,507.48279974989754,521.2415867344595,541.2690691136595,472.5178955627119,529.6844618781906,532.044512369573,526.3379829835311,544.7683868691615,506.07662375968323
2015-11-10,501.3002923428047,522.3780765275229,542.4270395516161,468.6436624207978,531.0462449778058,533.8631702715996,527.5518462908341,544.3946342467129,506.59211108800184
2015-11-11,500.24537339951155,517.877622492795,541.1036658721549,463.42827154558046,529.9115448513888,534.842270287996,525.477819649673,543.5399289934346,505.04595391471145
2015-11-12,491.65860076804154,508.5130393161948,533.5770427097173,454.18950437958193,521.9684397551629,528.1285465983858,518.1422295754154,537.5580031078354,497.52188115941823
2015-11-13,486.2610082274759,505.1034072734208,527.1253559327794,452.10327696280075,516.521868937796,523.8830850082509,512.3241873950357,529.3864952250736,493.96589746765517
2015-11-16,488.71448295230454,510.74051376479576,535.1485212514355,460.2989788749729,524.6918017430864,531.7296155238465,520.1151661851036,536.8637532464418,500.56227591897414
2015-11-17,489.4013417963303,509.46754922505033,535.3138136823718,459.106899684451,525.3724890815872,532.7102856815275,519.7359058620152,537.6115801373135,499.7379127696072
2015-11-18,495.33863136608375,517.01383819772,543.6677485471811,469.38866749819005,532.6346005223521,539.9961421294563,527.981904930421,545.5694691435367,507.77726964544206
2015-11-19,503.1893875071338,515.6499853806105,543.8333364729662,466.2594394336682,533.3154920721597,541.5373527257586,527.5266083239788,545.9968447448883,507.0042672617132
2015-11-20,506.6241484137792,519.6960793603092,546.4800099581764,464.6203184330595,537.4003818955649,542.938586896897,529.4491150546406,549.0944333282574,507.31344789442704
2015-11-23,507.3602167582565,521.4690310902974,547.0590690508668,465.2163741798419,537.1736562921537,543.3586163941726,528.8421603736472,548.560363162199,506.12808612920986
2015-11-24,506.13345346881346,525.0146498890024,547.3900232813004,470.4318942672307,537.8543946834811,541.8179403140523,529.5502971954816,548.9875549658508,508.0350387105735
2015-11-25,512.7576018825927,528.5607566784585,547.803605258774,470.13373718166804,539.2161267302696,542.6584001957398,529.474491185548,549.4149305672024,507.31344789442704
2015-11-27,521.8351731671431,530.0152537775567,548.4651074142243,468.4947130901879,539.6699353068791,544.479864307722,530.0814919212255,549.4683697484057,507.8802451864396
2015-11-30,520.1178186408491,527.7879419925395,545.6529198769412,469.68675997766695,536.7196435042374,542.2378027750209,527.8809070083163,546.2104176720018,506.9010885129387
2015-12-01,522.8164593489598,531.6973985619726,549.2922713691717,475.49817429662386,539.8969672272506,546.5815819353842,532.9144997554035,551.9250098033098,511.43633048209114
2015-12-02,524.0431707843455,526.8786525599385,544.9912699740667,466.2594394336682,534.2232623838587,540.5564821245094,527.4761323902685,547.3853444676755,504.4791058207547
2015-12-03,511.5309423012644,518.604932041188,536.802738350762,458.65985787436415,528.0958510695108,533.6911562827767,520.0900663823005,538.8933393459688,498.1401916229016
2015-12-04,516.5604228885054,523.8782820936267,548.79613551837,461.93822908775303,537.4003818955649,544.9001276558272,530.233334214513,550.3227993051344,506.4373683658122
2015-12-07,510.05890932042456,516.0137418195467,545.9839110442308,448.6760856309734,536.03890511291,543.6394378332959,527.0209278931944,547.0114999463771,502.93279624163154
2015-12-08,514.9657032079098,512.6041504426686,542.8405476553777,444.2056352270626,532.1807919457427,541.6774293727065,523.4795529637616,546.3705054684871,498.55239859855726
2015-12-09,508.21881624031744,506.60365350542054,537.9608195992869,443.3115193038462,529.0035192755563,537.1939410452704,519.406891199217,540.2286755841022,495.76951889441153
2015-12-10,516.9283274256006,507.8763740497905,539.6149258880451,446.5898259111493,529.0035192755563,535.9328837428641,520.7476812157405,541.1364524231843,496.3879309617834
2015-12-11,513.2482968275584,498.375478790092,528.8623485265704,431.53948291097964,522.4224014902525,528.9271137743083,510.6549353719224,530.9355881880202,487.00852040048596
2015-12-14,495.8292744569921,495.60230868424276,532.4190722717607,428.41031945254355,524.2380952721304,532.429898536802,513.2350108813401,534.2468415973527,488.8122434311308
2015-12-15,504.2198313353446,502.4666712483576,537.2989850121319,438.69215187236836,527.8689723076194,536.4727784939553,518.622948367449,537.7718517314984,496.43969814297554
2015-12-16,509.8135877749704,509.4220440875244,544.0813305246548,442.7154958601066,535.5849944306472,545.3152128784191,526.2113326024148,546.3170203378588,503.24228168601087
2015-12-17,515.0392841153288,503.69421198236887,536.4717471834724,432.13560326384777,528.322934042709,539.8412326584577,518.1927515638098,538.4126624116886,497.4701139782261
2015-12-18,513.4936183730126,495.4204914636185,526.5464445875132,423.8622448366493,519.7746487386837,530.5772654499564,508.9610901475306,527.8735644595534,487.58263317247065
2015-12-21,512.0216372462302,499.3755751682653,531.1782894024835,427.90907313654407,523.6704899447884,534.6475393614376,513.159757527615,532.81027877608,489.7105234093835
2015-12-22,514.2296348634325,504.2396636442417,535.6445462916689,433.4546980188802,529.4000465805991,539.8412326584577,517.8161624123959,536.4593064081344,496.50990642993094
2015-12-23,521.7615922597241,509.96749574939724,541.8480912694939,447.24351028638716,535.3586261970229,545.45609129964,524.2285402903416,541.1279517795707,503.88035410580807
2015-12-24,523.6929484808161,511.42418880687484,541.2668159654389,447.24351028638716,534.6710977797431,544.1925284526304,523.3634951599751,541.4499194001137,503.4131286245282
2015-12-28,524.4705000711956,509.36934108642197,539.9379386944225,439.89951040216124,533.9834162039834,545.8768223494044,522.1673168513444,540.3768624795284,500.97377166741023
2015-12-29,521.20976138111,514.6206095573801,545.6687288513414,446.0445828507797,538.5670410915012,550.228017921793,527.7400257298309,547.084513582604,505.8005659946213
2015-12-30,522.7146698343273,509.5064664874385,542.0143809955443,440.4989902714864,535.3586261970229,547.421173228276,523.9994182372312,543.5964467861088,501.75220985917395
2015-12-31,513.1834792558362,502.7939910445564,536.2835169649134,438.85030757019223,530.0873707865719,541.3852494647155,518.7578425370089,537.5326849746942,497.85935847508006
2016-01-04,501.8964065864194,491.0585454703682,528.3932504544157,434.65365775753054,524.3579673092414,532.8230351886701,511.5059798783401,526.8001399435686,491.83861685407334
2016-01-05,505.90959950311367,492.5655015751935,529.8052725884573,433.3047472939418,526.4205525610804,537.1742641683202,512.3707486806023,528.6784605361986,492.98049215501135
2016-01-06,497.3815775186527,486.94893136125427,523.4930593800592,418.16673383546043,520.0037227721235,532.4016694009397,505.90780275957826,523.5804177887134,485.86989642398004
2016-01-07,477.8173527943685,474.43729583178634,511.03484881560126,403.02881728610765,511.2950805394078,523.5587339075552,493.770182889598,510.05796152360574,474.81412330627586
2016-01-08,472.29935513257163,466.5376608895339,505.2210615430815,396.43408648093106,504.87794443349077,518.5058188099719,488.35028345276385,505.44266343452284,469.15671719055496
2016-01-11,455.74505102283683,466.58324735885174,505.9684788257626,389.5396157410919,504.4194900496509,519.628904122897,488.833857635208,506.8917244993787,468.74156370213274
2016-01-12,462.3918596596901,467.8162373229153,511.11806755233863,389.98920949156434,509.4615182681819,522.2956387622048,492.77775050317047,511.882383440783,471.23294185016414
2016-01-13,448.2203531945781,455.0763441196911,499.5733423754757,374.40163458565337,498.9194669227204,514.4353778621838,480.48759751964207,497.50085672702795,460.8521233637837
2016-01-14,452.2335461112724,461.2864737503675,507.0482908762641,382.79493421097686,504.1904670690378,520.1905135938823,488.3757056383552,505.2281255694857,468.8453520742383
2016-01-15,434.425021988713,455.8068662738612,497.0818406226372,370.8045292484025,497.77338201594745,512.8913944631875,477.89232396449034,494.71057789764654,458.3609484235293
2016-01-19,438.93992883756584,450.783936808451,497.66311592669217,364.95926134053235,498.6903418364539,516.9696861173987,478.5282930964305,495.7299658899039,459.08736542437964
2016-01-20,427.65283024112034,451.7427573022733,491.51708163377623,362.4112619261219,493.8774897570161,508.8129023654078,472.39601980683005,491.16861242569865,451.6134341880625
2016-01-21,431.4151791552497,450.783936808451,493.6765949242111,368.25656213703496,496.16920009512165,509.37517998162065,475.0424601159528,492.8856964862199,454.0009223600998
2016-01-22,439.6923312101171,460.37328039175895,504.3905363342313,377.0995524219594,503.7320637380247,518.094742458745,484.78790758740786,504.1547470029258,461.6307647633244
2016-01-25,434.425021988713,451.8798827032898,496.6664856760719,364.35968456207866,497.31492763210764,513.4538391157071,477.45964020791297,497.9298865076774,453.8451635990251
2016-01-26,427.65283024112034,462.6563857859681,504.05828931383513,373.6523332035612,504.87794443349077,519.7824773034407,483.9737989375921,503.08169008234046,461.6307647633244
2016-01-27,423.31368271974947,456.17212735094625,497.74618691600523,370.65461082650694,502.12798392285225,517.954031073831,478.7065247236742,494.8176400577529,459.4505993257769
2016-01-28,413.35599251932626,457.3138223786865,499.4903452598748,372.3034550430154,506.2530012680501,520.34515580679,481.20024770051265,498.6276285253662,461.7865743263434
2016-01-29,419.8773402643541,471.83451582980996,511.53323781462353,384.89327526882914,519.3161433020172,531.8768413247288,492.9305599448228,509.7892952359912,472.2709779770524
2016-02-01,423.2634879922078,470.2363054545573,511.94855582433274,382.4952588824,520.0037227721235,533.1427426800348,492.7523283175791,510.9699197603572,472.84189022654925
2016-02-02,412.85427858716776,460.9667991426002,503.3938691467549,368.7062527966359,513.8158649109531,526.954615433647,483.8718799218065,502.1695020984643,462.98016600652926
2016-02-03,410.521727524144,462.06270437154313,507.0482908762641,377.24927702559785,517.4825810307913,529.7672061761207,486.77277236026293,502.0620263935335,467.28827248293385
2016-02-04,414.35923889444246,464.4372266997633,508.0449211268844,380.3969178245477,519.0870182157507,528.6422166492971,487.53617480294815,501.6328128151843,470.86970794876686
2016-02-05,388.7753285032316,453.889103288529,498.82599896650675,372.00352129009565,514.2742682419663,523.2983243051323,478.2484648361895,487.6806834774782,464.27785087048625
2016-02-08,371.2177261643232,449.59673664318484,493.6765949242111,358.9639457985952,510.60750106930146,519.0790540079159,471.8108489913886,480.4363890405475,460.80035618259154
2016-02-09,372.7226864715979,447.3592990500853,494.9222165216341,354.617345260995,512.2116319373006,521.3293003196541,471.8362251222959,481.29481619724584,459.3470141614484
2016-02-10,377.613742652669,445.989305682693,495.5037503836816,353.86801157586,510.3782738773815,522.0324563570878,471.42905566067793,482.6901164349238,457.37462867588897
2016-02-11,370.71611594027945,440.8750812809595,489.4407132063666,346.82349320195385,503.961393035598,516.1261193604033,465.2967823710775,478.61173737624557,450.62721604431067
2016-02-12,374.9800750784526,448.4094144802309,498.0783969995453,360.01318093360703,512.2116319373006,523.6082768761752,474.8896046196164,486.01708454758517,460.1774735441255
2016-02-16,390.0294188809127,458.36389714293614,506.0515867519317,370.0551632602247,520.2328989112168,529.6668173556869,482.9050078850224,495.622582083823,467.4957476232564
2016-02-17,404.57715245932906,463.93475888986984,513.5266460632884,381.44608835347384,526.4205525610804,533.4713030956639,490.7930238943675,504.36942271623775,474.6068513737303
2016-02-18,403.0722440061117,463.0672333323709,512.4467970759307,376.2003003149288,525.9623023885473,534.4580533749152,488.7831053733934,500.88135591974253,473.5166416500959
2016-02-19,403.82472415974905,464.93953184607307,511.94855582433274,373.0527887281504,526.1914785276406,535.0214668380147,488.5539372655989,501.79372770131846,471.699964123667
2016-02-22,413.10514851676135,470.3734308555739,518.0115560647916,386.24215342937504,532.1502113025444,539.3895998919209,495.6277985704442,508.8770613026901,479.4335948989971
2016-02-23,408.84116345155957,467.5422711821535,512.3636891497616,374.7014391264017,528.2539616738261,537.416967922214,489.3680919700987,503.08169008234046,473.87992635343744
2016-02-24,412.35269429015267,472.0171463683525,515.1046624285318,379.647519533327,530.7749502566783,538.966697370167,491.6073167629194,505.8184378316687,474.9700344731833
2016-02-25,414.61010882403605,476.3095130136967,520.5860918700872,381.5959744723266,536.0460014558224,545.5895199015741,497.5616347533804,511.9358685714112,479.7970828101156
2016-02-26,426.90040194154034,478.50120147389475,518.4267263270766,388.64033133101844,533.9834162039834,540.0941924415938,496.4165771440367,510.9699197603572,479.74516322309074
2016-02-29,428.9070502539449,476.9945300303408,514.6063473032217,385.49278744119715,529.8582967531321,537.1351442652493,492.52343653788887,505.9257756883247,476.163778559202
2016-03-01,438.5636757972328,485.9444024004265,526.233847974549,398.08273687918233,539.9421489788873,544.1802679877056,504.1012156686509,519.019110273933,486.18095672863114
2016-03-02,444.70884828301365,490.1909792469733,527.1475180464245,409.173922037769,540.4005012570738,545.0256721440767,506.36595475643105,519.2876846626976,488.9839032007562
2016-03-03,455.11808361508236,495.4878748531453,527.8119012766485,419.21593666742945,542.9214898399259,547.1395500148795,508.3504510918138,519.4485995488318,493.0322593362035
2016-03-04,465.0254753798491,498.2734073913519,528.9747843164631,427.45941477998593,544.9841261445916,548.6894464991395,510.004459014509,520.6826632544011,496.3022788837756
2016-03-07,464.27302115324045,504.0267370132445,529.3068835894351,431.95583683035306,545.4421721058178,547.5619514277128,510.4114903120748,518.7510872782676,497.6518325328132
2016-03-08,456.74827147092435,492.7937592489497,525.8187885228323,411.87180757103215,542.9214898399259,547.5619514277128,504.8391038163767,515.3165515618256,491.7867480689927
2016-03-09,450.9794038795339,495.4878748531453,526.8154187734526,416.66793725301903,544.0672173769119,549.1121819845864,507.332688629163,517.5702789562018,493.0322593362035
2016-03-10,446.79058127050115,491.92623369145076,527.2304782251692,416.068425080651,544.0672173769119,549.6758961130384,507.73976598141286,517.3019343145619,493.18806889922246
2016-03-11,449.7253135018528,502.2003909619233,534.7885715889829,430.60692636676436,551.1717287416285,556.0166611366514,515.9332627100105,525.6195154192026,502.27130412553447
2016-03-14,461.51397046828464,499.7346143632758,534.7053528522456,428.3586668870165,550.4842003243488,554.7482542367422,515.2716871737429,526.7467007623653,501.80402784231035
2016-03-15,447.46784711391206,493.4330271326924,535.2868128405809,421.61404996298717,549.7965698014158,555.0588415457513,514.4319721195995,526.3172574368914,499.5202772404343
2016-03-16,451.23017010101273,496.30989527311823,537.6953544146746,430.4570079448688,553.0051889072009,558.3055930570624,517.4091771695141,529.8588553134399,502.5826692418511
2016-03-17,453.9893244940833,504.9400930354367,541.931199195663,436.4521942746345,559.6514500993845,563.2464267927305,520.691540555893,531.4688312644298,506.68319897404456
2016-03-18,464.22282642569877,509.8261817611017,543.1771162879346,440.38208555938985,561.0264558811172,563.1053813352028,522.7378422772605,532.5675279641308,510.2452788991178
2016-03-21,468.662363402153,508.2735985210627,544.3398146434688,439.93216877848886,561.7138821927434,563.1053813352028,523.4793687450256,533.967836689127,509.93183090308685
2016-03-22,473.3026792887739,506.76668308213334,544.0905647386736,440.2320702283657,560.7972286891973,562.1171277291895,523.1980667348952,534.4526950210766,508.62591612416117
2016-03-23,473.3026792887739,498.8782312612568,538.858163580777,426.13263190075367,557.3596887084523,562.5403309162957,519.7453010175598,531.7596911242896,504.65660781396895
2016-03-24,458.2533354863138,500.39083992561393,538.1937064768408,426.4325979567162,556.901132218959,561.2699195807041,519.5150736520324,532.1904210336618,503.92526302452626
2016-03-28,458.2533354863138,500.9408868337249,538.9413453806583,424.93276767690344,558.2763422119984,562.8230231620561,519.8219360118062,532.1367061559088,504.39533341468416
2016-03-29,472.42479009736843,514.9207645351095,543.6753206026765,427.6326236957808,562.630637801943,568.8934566266176,524.6302752992426,538.4383940896541,507.1113577601951
2016-03-30,474.0550816613252,515.425062310319,546.4162200077345,429.8825306307143,564.234972881249,570.304646161646,526.932410790465,540.9698398083578,509.3574133194366
2016-03-31,479.82394925271564,515.9749872207423,545.0042348105491,431.8324715096853,563.776722708716,569.3163925556328,525.6534261599263,541.4544224437577,509.30503651491347
2016-04-01,479.82394925271564,517.3043146922222,549.1569716653684,429.4324523345991,568.5891663655401,574.2571928840396,529.2343620629514,545.6555324164462,509.67086131546756
2016-04-04,489.8569315444513,511.66647621472083,547.2466344060166,424.3326094436783,566.9850354975409,571.4340788542324,527.5205751603693,543.6628437051447,508.1560997437245
2016-04-05,486.59629656248046,505.4327196985193,543.4262553821617,419.83286017989695,564.6933762122621,565.7876503510502,522.25168903251,538.5999982171624,502.72394944881415
2016-04-06,488.67808140402536,509.8330542975109,548.5756594244573,427.1825453996655,570.1933993391926,569.8809084583578,527.9552853230446,545.4938363900882,507.3725305555914
2016-04-07,489.10437360972793,502.82009854973217,542.678579541488,420.7327906508275,564.9225012985287,564.7990626724232,521.6379643129623,538.4383940896541,501.4182886796097
2016-04-08,486.34537477882947,505.7077024866789,544.0076784336409,425.98255196364386,566.0682288355147,567.1990403296468,523.0446585823503,539.2462309294953,503.1941722448048
2016-04-11,486.34537477882947,504.4244088093717,542.595545489031,429.28253391270346,564.005745689329,564.6580840294182,521.8170249245187,536.6610703330387,503.2462442376625
2016-04-12,488.8536073882491,509.69572556701473,547.4958843108118,442.181946501251,568.3600923321003,569.0343016405772,526.6765309659261,540.8080978325748,508.9395165260249
2016-04-13,496.8799413675802,520.7420062031757,552.063791427916,451.1816388470708,572.0269105575918,568.8934566266176,531.9963996290203,545.0093456535382,514.9982580013316
2016-04-14,502.147276516013,519.5502514575674,551.8147631442573,450.28164377005453,571.7979386298055,567.9048689479906,532.0220520880318,545.6018634881183,515.8340007862109
2016-04-15,495.87672091949275,520.8337077984582,551.8977971967142,446.9817264270806,573.4020184449779,570.153177638569,531.4337956087595,545.063198379566,513.7447200269291
2016-04-18,497.03047369614785,524.4088500375956,555.3030798319965,450.7315928539984,577.2979107039092,573.5468876926714,535.1680936096454,548.5100485418915,517.8709047409695
2016-04-19,486.4456605257981,526.333973550088,556.5488861136997,457.4814105679275,576.3813082531898,573.8301812691365,536.8560438344798,547.8099171541058,521.8927422615176
2016-04-20,490.7348207358568,526.5631665394502,556.1336789145588,463.03113793670644,576.3813082531898,569.0215400667316,537.3676192648217,547.4868007979393,523.4597282319511
2016-04-21,495.550610752644,522.3462351310235,552.8944274473345,461.23127699484536,574.7770242267105,560.2550069801132,534.4775036224312,545.4400296134854,519.855838306759
2016-04-22,494.3716569041033,527.8924126791384,552.3961123220244,467.3809364755494,574.547899140444,564.0732565117768,534.4775036224312,542.4240012593818,523.564177029332
2016-04-25,492.1143460783347,523.4463289472453,551.9807943123152,460.33131422087195,574.547899140444,564.3559487575371,533.5566862696894,542.370148533354,520.169083095013
2016-04-26,490.88524935630966,530.2758408385633,552.8113195211654,467.3809364755494,575.4646547496436,565.2040254948183,534.3496558195297,541.185158813619,523.9820738227437
2016-04-27,488.3519712371766,532.7969637215476,553.1435665415615,474.7306539983608,577.985592279669,568.8805614237266,535.4493495650918,540.538880151861,527.5337393492454
2016-04-28,491.48727496246545,525.1423814680633,547.994273309834,464.9810142095917,571.3393821403122,565.3455386540054,530.5897974690004,535.0452128556566,522.2584654581832
2016-04-29,473.55339365619534,522.1628726063545,542.8449062043945,460.18133119289064,566.0682288355147,564.7796864608254,527.7251961215693,532.9984416712026,519.542390310728
2016-05-02,476.56331427074474,526.8381899935057,547.745097278751,460.0311866496951,570.4227796895927,570.5772494144709,531.9197185800899,538.061379058035,522.1538134530255
2016-05-03,469.5403044476158,518.908502954174,543.4262553821617,447.8817861101826,566.526785325008,568.597668734398,527.2903477948419,534.183339492088,516.4084183698611
2016-05-04,456.74827147092435,516.3417936018719,540.020751125743,440.38208555938985,563.776722708716,569.8707526508996,524.3491114531644,532.1367061559088,513.1180272426442
2016-05-05,455.494284801358,513.2709084720481,540.2700379673944,440.2320702283657,564.4640979675155,570.4360035133749,524.2468239999064,532.0828534298811,512.6478044466536
2016-05-06,449.976131577389,517.3043146922222,541.5159919965221,438.2821616524376,566.526785325008,572.1329587622101,526.1650015902683,534.8298479009705,513.8491688243099
2016-05-09,459.0056860048077,517.2128570923153,542.678579541488,431.2324101855887,568.5891663655401,574.3954321316118,526.5997578076276,536.2300647271169,513.3789968302635
2016-05-10,462.5674374979712,521.704527293526,548.8246877081161,440.08202259429873,574.547899140444,580.051815998684,533.1474443472895,543.3395895007035,519.3857171146568
2016-05-11,459.206413060917,515.1042083915703,543.0109004355963,440.98204997435784,567.2143137422876,575.6679815319314,528.1598602295605,538.1151858346377,516.1997239828765
2016-05-12,450.20185228915443,513.4541489990293,544.0905647386736,436.63228373855776,568.1308651401804,579.3450519770217,528.3136828742618,536.8764352877247,514.8937584020066
2016-05-13,454.2400388615048,509.28308872119175,539.2734815904862,430.3324797146582,562.859864993863,574.4011781805684,523.709642165237,534.4526950210766,510.7152984873315
2016-05-16,458.50410170779264,515.0123441327042,544.422922569638,437.2322804565686,568.1308651401804,578.6507154565911,528.8761487304704,539.5154026607842,514.6325856066103
2016-05-17,455.2434148717644,506.2577493947898,539.3565895166554,439.0321090953869,561.7138821927434,570.0099941163131,523.9397774213963,533.1599998492859,509.98415690566577
2016-05-18,458.50410170779264,508.73308247897677,538.5260273709491,437.5321819064455,559.6514500993845,567.1769247226161,524.0932316286253,532.9444051474751,511.3422452813376
2016-05-19,450.7035402942842,504.83700498929875,536.2835169649134,436.93215288539176,556.901132218959,566.1850631323744,522.2774796555736,530.628646029432,509.40953611423856
2016-05-20,456.4975052494455,512.7666106968386,538.7750925914639,442.181946501251,559.4222229074646,567.3184378818032,525.5768832750481,533.6447203329606,512.8569052491922
2016-05-23,460.91199671618625,511.2540020324815,537.8613855827325,443.08187697218153,558.9637685236247,565.051822011991,524.8605487194541,532.9984416712026,513.0658536458981
2016-05-24,474.5567178123976,522.3462351310235,546.0840099241944,450.58164212905996,567.2143137422876,571.5680419723486,531.6642071930232,541.6160265712658,518.4456271362852
2016-05-25,478.8207806586855,525.1423814680633,548.4094805089751,458.5313886729251,569.7351491666597,570.5763808256752,535.2702889535353,544.5783859970414,523.6687782325455
2016-05-26,482.08141564065636,524.8673580140078,548.2432646566368,456.13146640696743,569.5060240803931,573.4095170338949,535.4239273795005,545.3323701108549,522.5719642561585
2016-05-27,483.83724587752465,529.5424720716793,550.1536757897007,458.08143958898125,571.5687114378856,574.9676317044532,537.7257404879347,547.5408373216668,523.094106639174
2016-05-31,488.8536073882491,530.5509049585147,548.6588781611947,460.0311866496951,570.1933993391926,574.2593977632903,536.7024975178828,547.325288569281,524.0343998253226
2016-06-01,489.60616532297246,534.4011113176035,549.4891817489084,461.23127699484536,571.1103591596991,576.3839659577334,537.8025597009172,547.6484049254475,524.8178674095672
2016-06-02,495.17440956636835,537.2887559204461,549.9043150743373,462.8811226056823,573.8603196703376,577.234047130697,539.4393431717806,549.2641245545548,526.4890989696045
2016-06-03,490.8601519925388,534.2635385917318,548.8246877081161,458.5313886729251,573.4020184449779,580.6339041208926,537.8279818865085,547.756064428078,523.8775742234186
2016-06-06,499.63904390659343,540.3598037138536,552.3130782695674,467.83095016557894,575.4646547496436,580.491722816478,540.5648735950904,549.5334341341185,528.8393493165056
2016-06-07,499.88975827401487,542.1016053675729,551.8977971967142,470.53077388141344,575.0062514186304,581.0585104129766,541.4088256801655,549.5873328095712,530.981108484199
2016-06-08,499.63904390659343,547.0519462087796,553.5589214881269,470.6807892124376,577.0687856176427,584.458367403172,543.1735490632984,550.9338347579646,531.4510772704684
2016-06-09,492.3651122998135,544.2100507388383,552.8944274473345,464.9810142095917,576.3813082531898,587.7165107906122,542.431746267429,551.1492456620756,530.5107332823756
2016-06-10,491.61265807320484,537.105474727569,548.4094805089751,450.88167279110826,572.4852628357783,586.0166157027759,537.2909842705753,545.6555324164462,524.9222146030595
2016-06-13,484.33883017453974,531.1009518666256,544.0905647386736,446.38176201211263,567.2143137422876,582.0502383741729,533.1474443472895,542.1007930043655,521.7360690654464
2016-06-14,482.5830517917288,530.2758408385633,543.3430366454243,443.08187697218153,566.9850354975409,584.3169210585078,532.0987331369623,541.7238698715962,519.2811667133875
2016-06-15,486.59629656248046,530.2298883761823,541.8480912694939,444.2818704082032,565.6099276101548,581.676344304857,531.357022450461,540.3233313994753,518.9156975264432
2016-06-16,487.09788085949555,529.8633666563239,544.588990674552,441.43203136134457,567.672666020474,585.3672453561568,532.9429154954577,542.5855134880402,520.3258578949726
2016-06-17,490.8601519925388,528.4424189213534,542.4293665735488,445.38663447388484,565.8999076658577,583.6639427276601,530.9581888866547,539.0117050646099,521.1405178729876
2016-06-20,493.36848831007313,534.9052870951252,545.9177940718562,451.55160559690273,569.8137705197903,586.6445385875918,534.3774728486912,541.8230746800381,524.7146886607927
2016-06-21,491.1110219221324,534.0180792440048,546.9705314068547,453.50645653838785,570.2742159638717,587.7799177727031,535.8944220316766,543.1749067617244,525.923520924254
2016-06-22,487.5493222830263,531.6272092256278,546.1349827855782,451.85234692589387,569.3534271813622,587.2123952164543,535.0203041285537,542.3638075127126,525.135125551417
2016-06-23,492.1143460783347,542.4778462365543,553.0680676077438,464.03217693177686,575.3390647959413,591.8962268903599,541.987594894525,548.0410427615458,530.18097786224
2016-06-24,475.5600419685999,521.6503603201708,533.9393193941025,433.50764270612154,556.4604442188137,581.8185924237944,522.5251617463531,530.0902106680045,514.360287185423
2016-06-27,458.0024137026628,505.55853998047223,525.7531886664428,410.3512710407485,546.5606374333416,580.9671749603757,513.1669420583257,521.331193437981,502.4814209669581
2016-06-28,468.9885254230591,512.3172118811108,534.4405525310426,424.93667634508904,554.3883631412069,587.0704811701307,522.4224137462547,530.1983756143094,510.6811087788503
2016-06-29,480.6015526971525,522.7537887398574,543.2113567535163,436.6655235696568,562.6766363988071,594.025605730441,531.3180601877613,539.2818417338225,520.1942808593616
2016-06-30,483.83724587752465,534.2937126864989,551.313936312734,441.4770295000432,571.6555012432895,607.2261509903983,538.5681267137523,545.6079288122102,527.7632625333731
2016-07-01,487.87538059581766,535.0754332036227,552.3164395234702,444.0334277055963,573.7276844265497,606.2323517789968,539.6994600272515,547.6626032977534,528.9720439948901
2016-07-05,482.7837269937807,527.8112842167932,549.0586457544962,430.04908511968085,570.5044131594991,608.9292531753268,535.8172804359058,545.4457732916027,523.7686040529994
2016-07-06,481.3290132681051,531.3512097900705,551.313936312734,433.2069336801733,572.3461949358251,610.20674685033,539.0309762883775,548.7441149125275,526.0287825527429
2016-07-07,492.1143460783347,531.9951135859471,550.9799532601023,434.10918997018945,573.2671879296414,606.2323517789968,538.6968035009666,547.9870521872432,524.9774363164607
2016-07-08,502.39809459154924,544.9604991820055,558.5814104929482,444.18360455183466,582.9364912025259,613.0458963655973,546.7180557112459,556.5299692717815,533.4397193781882
2016-07-11,504.40469104989637,551.121382412732,560.0848513457759,446.7398735452163,584.3179296404237,613.0458963655973,548.646365332097,558.5305153347475,534.9640825173948
2016-07-12,513.1834792558362,558.5234701184963,563.0922871042724,462.0773582933346,587.0808575690461,610.064966433052,552.6314310875933,561.1256469564157,540.6406409660985
2016-07-13,513.6850116987939,557.4201230306015,563.0086251252621,459.2204771831333,587.5413540659544,612.9042495773647,552.5542434371384,561.0175739089608,541.2188178936234
2016-07-14,508.7940332988089,557.6039735460214,565.5981942309802,463.73150020887147,590.9947714758055,612.3359252468429,555.6393085570801,563.7210083252087,544.1096517293032
2016-07-15,509.0448513743451,559.0293131977505,565.6817823362783,464.33278904859657,590.9947714758055,612.2792665315499,554.8938674411713,563.2884404388391,543.3211547525777
2016-07-18,513.4844402048567,559.3051093038283,566.684063925878,467.1897993709693,592.6062028980239,611.4263791486306,556.385118110461,564.8024280411328,544.5826178302835
2016-07-19,503.90305489882394,555.8568853258334,567.018157789078,462.67877634523114,593.0665972892787,612.137419299749,555.8194744810535,564.0452734169986,543.0058270846096
2016-07-20,512.0798693526654,559.3510617662093,569.6075791473718,467.1897993709693,594.4480357271766,611.5684936385225,558.1333999713909,568.1006777632077,545.1083671513409
2016-07-21,511.1768309434317,555.8108108657648,567.3521777785658,465.6861896351423,591.4553190255403,609.7201366811329,556.0251546999864,565.8297193344796,542.3750701447846
2016-07-22,505.03165845765085,559.9028166419486,570.1089230948801,466.8891226480639,593.5270427333602,613.1321539144691,558.518969786193,568.3169157569677,545.2661071882414
2016-07-25,504.780892236172,557.7419122649562,569.2737438421644,463.4305650616232,593.5270427333602,611.7106081284143,557.0020666578918,567.181413567891,542.3225409344286
2016-07-26,510.1736104953442,560.9142181391856,567.8534109155058,468.8438443773776,591.9155092054883,609.2936595824119,557.259236013584,566.6946713095191,544.2148625558478
2016-07-27,514.6131474717984,562.4316253792604,567.519353989162,466.43794604849154,588.9226903981988,604.4604974501574,556.6678478157968,567.181413567891,542.0598440807048
2016-07-28,519.2031649227629,560.1785720821305,567.6863824523339,467.1897993709693,589.843530233535,607.8722474254026,557.3104027675549,569.4522341483444,542.3750701447846
2016-07-29,516.4441142378071,560.9602519333583,568.1041382945441,469.1446503124544,589.1528365409995,608.5829535039072,558.2104494577936,570.6416350128736,542.5328609836292
2016-08-01,517.4725357577802,561.3739460924751,567.519353989162,460.4232809838835,588.4620917956372,609.7201366811329,557.7478301565886,571.2907625389778,538.8535301712238
2016-08-02,506.9880601884563,553.0523211483398,565.4311288309522,458.01744726108313,584.0878856032765,607.1614077178524,554.1739866749061,568.2086589118129,536.1203855705003
2016-08-03,512.4309731751702,555.9487902505955,566.2663080836679,466.8891226480639,583.8574841963423,603.7494572990389,555.7937759673579,569.2359502051596,537.539487081218
2016-08-04,518.7015806257479,556.0407765071493,566.0991318730717,465.6861896351423,584.3179296404237,605.1714039722303,556.385118110461,569.884893933564,539.0112194061801
2016-08-05,522.5140464863327,563.718863648471,570.8606250528659,474.1066561195078,588.6923400440912,604.1757339541917,560.9356432766286,573.6696102174611,543.8469040736352
2016-08-08,524.219630141602,562.9832582573118,570.5264573159538,476.362248389984,587.7716533672351,603.6072091801016,560.6015625985858,572.4261728292045,544.477610211516
2016-08-09,524.219630141602,563.1671087727317,570.1089230948801,475.15934768010527,587.5413540659544,604.3181825166973,560.9356432766286,573.3452532268213,544.1620285338264
2016-08-10,524.9971298779242,559.9948842302942,569.1063460104317,469.8963744227608,587.5413540659544,604.4604974501574,559.5473248261735,572.2638794603222,542.6904486146971
2016-08-11,529.3615303252379,562.707462151234,572.1135601477918,476.362248389984,590.764421121698,606.0240240970585,562.1439800218465,575.5620832329721,546.2119377863135
2016-08-12,531.2427436728457,561.9718974259708,571.3617843160938,475.45999209996785,590.0737784819892,605.3134516475993,561.6554779882098,574.1023619015306,545.4762240296651
2016-08-15,531.2427436728457,567.3970126019544,572.9488502110756,482.07630133777235,591.9155092054883,603.9609920780692,563.2752672806615,575.9405686461894,547.8415117520645
2016-08-16,535.0050666599464,563.443148874185,569.4404768104877,480.87323911267936,588.2318946000098,599.1200126466529,560.3701378112733,571.9395684191073,545.6864932769215
2016-08-17,530.8413932687419,561.6040743974432,571.1113524319042,480.87323911267936,589.1528365409995,602.2521438441843,561.4240532008972,573.5075006462787,546.6324762808263
2016-08-18,532.37139908573,565.6038092558019,571.5288866529779,487.63969289367947,589.3829826838002,603.8182762574727,562.6840633016105,572.6963554478419,548.629805521013
2016-08-19,528.7344592093688,565.419958740382,571.445409358248,486.8879687833731,589.843530233535,601.5406359914066,561.8611121524586,573.3993356999738,547.6837209132198
2016-08-22,530.8914842881687,566.9830744474623,571.1113524319042,484.1813291254959,589.6132819850809,603.1063007030358,561.835413638763,573.0747949116342,546.2119377863135
2016-08-23,533.44991162513,570.8451959140534,572.36428752683,489.5946084412503,590.9947714758055,600.8285936224469,562.9667008975781,575.5620832329721,547.8415117520645
2016-08-24,532.7476002720057,568.0406317365598,570.0253719264381,483.1287021709841,588.9226903981988,599.8319882010898,560.0873159965695,570.9121392774857,544.7403070652398
2016-08-25,524.7212662926745,569.6958556978817,570.0253719264381,484.33163518390575,588.9226903981988,600.6862786889868,559.7016540723993,570.1011778767488,544.477610211516
2016-08-26,523.9688639201232,567.85678122114,568.3547548630141,486.136180066981,587.0808575690461,595.1333905176562,558.647462354671,570.3173239716588,543.3737347648779
2016-08-29,527.706089543453,571.2130596084769,570.3593549790697,488.9929319650109,589.843530233535,600.1164176244417,561.3984928512538,571.7231006782227,547.2634364284282
2016-08-30,522.5892867235879,571.7189026877311,568.3547548630141,489.7448175905315,588.0016974043824,596.6993893018991,560.4729318660557,569.6685640409542,546.8426947261383
2016-08-31,517.0460879899055,568.8222709218918,566.8509446416257,485.08339159725494,587.3111058175002,596.9844200559559,558.8789331966676,569.1279231071295,545.633862462677
2016-09-01,513.434245477315,569.1441414880384,566.4333365468398,483.27910513852254,587.7716533672351,596.5571411829618,558.9045396009951,569.6685640409542,543.6366348263788
2016-09-02,519.0276389385391,575.9486031874743,569.1063460104317,486.8879687833731,589.3829826838002,600.8285936224469,561.4240532008972,572.588236450962,547.1056455895834
2016-09-06,530.9668282335386,574.7072360488528,569.7746076105437,488.54191688065276,589.6132819850809,602.9639189550529,563.121122253172,573.5075006462787,548.1042594077327
2016-09-07,533.6756841909528,578.2015751528123,569.858269589554,491.54923326143535,589.3829826838002,600.5440973845722,563.0694949523606,573.9941510058007,548.472167088001
2016-09-08,533.7258789184945,575.9945556498552,567.4358028207199,497.4135599645907,587.0808575690461,598.8351155216417,561.7841087207399,571.182505693823,549.7337317695954
2016-09-09,526.2262265999492,559.1671705848935,554.5718039554201,483.7302171320092,572.3461949358251,581.1805137315203,548.3378910583817,556.7462072655414,537.9074963653749
2016-09-12,526.2262265999492,565.419958740382,561.9226076829399,491.6995716228881,580.1739716965171,590.0077144047968,556.2051364052237,564.9106389368626,543.8469040736352
2016-09-13,516.8706138597391,555.7189059410027,555.4072417661284,479.3695001646809,571.8856984389168,581.7502411670199,548.2093063805356,559.5576228303945,535.5422086429754
2016-09-14,519.7048010738353,554.0177701831958,555.4072417661284,476.9636987449234,570.7345593022998,581.7502411670199,548.0036722162868,559.2332198903298,532.8616948564962
2016-09-15,531.7442761158034,560.6844964931764,560.836701051186,484.03095846100035,575.799663398503,586.8125102977883,553.4797123129684,566.0459113788145,538.7485225524563
2016-09-16,531.7442761158034,559.6728103346682,558.3307939244781,481.38000924900723,573.0498560463445,586.384763723135,551.3404261845195,564.8196131260597,534.7820591511422
2016-09-19,536.2591570376275,563.3051288234584,558.9990185877341,480.4763962311911,573.7431023802155,588.8089282375946,551.4436807861424,564.7110346349305,535.6282163345929
2016-09-20,538.0148835663811,561.0981499863973,559.6673540615582,478.0664277189051,575.1295950479575,589.3792570037989,551.4694253545221,565.9049385431036,535.9983593004084
2016-09-21,532.9984702015993,569.7417674943667,565.5981942309802,486.65167202488004,580.2130271089488,597.2226138295639,557.6710569982902,570.8975273603553,541.3399297287186
2016-09-22,548.0478658581167,577.9256977149427,568.6053344946281,490.26651173265896,583.4479894733156,601.2155165236992,561.1851675547698,575.2931871982329,544.3013274649637
2016-09-23,548.2735865698821,574.1096100425243,565.0131883044617,485.2961717405487,581.1372874836745,598.3634049910181,558.1103265746856,572.0373028459511,541.9216627923411
2016-09-26,544.0346729414224,567.5761458734486,561.2377244975942,479.57258939511775,575.8228413818284,595.9392404765586,553.5884934766764,566.8273732487411,537.2147610535633
2016-09-27,554.443752711319,568.4060961431244,564.4260031034346,481.68126742668403,580.2130271089488,596.7945331822968,557.0249097811767,570.9518395806325,538.6426513006364
2016-09-28,555.8233299078543,573.524021141386,566.1042660960661,492.22468988755827,581.1372874836745,596.6520846197913,559.7898027376563,573.0681781944431,543.1381153474401
2016-09-29,550.8068128349578,566.4235117197079,561.1536931500231,488.3084627899311,577.4401438791183,590.0926356632136,554.7252612428925,567.5330645169443,539.1186655182718
2016-09-30,556.3250179129841,572.4175021136099,566.2720332963595,495.08644875723087,581.8304317118922,591.6610397702756,558.9112635848653,571.060280223487,544.3542122889294
2016-10-03,557.0774202855354,570.9419807463249,564.5098867035814,495.08644875723087,579.750896921586,586.5274127292089,557.5676642326152,569.7579816218843,541.9743444085298
2016-10-04,553.8166815954498,568.6367531047395,560.9020792864391,493.7307223515995,576.5160877156994,579.6822648733471,554.7252612428925,567.0986586535771,537.9023145670612
2016-10-05,561.6674377364999,571.8640392702424,562.999723342948,503.2197734936477,577.9023761721346,578.3989583348645,557.1800219570312,568.0213690557641,543.6139771592426
2016-10-06,547.2953597774507,571.2648679598693,563.5031726912525,502.16553138699317,579.2887667342231,579.3973677483359,557.5676642326152,568.7268305768426,542.8736404256674
2016-10-07,544.3105883807295,566.6079315576706,561.8251682566137,498.2493688954517,575.5918273409737,577.8282286815237,555.6554737511789,567.044300483875,541.6044046504912
2016-10-10,549.3019562357978,572.9246465015333,564.5939549880085,502.9187737403138,576.7469996509008,580.8233232928923,558.5496422057652,569.2151810650874,544.1427745969552
2016-10-11,526.7278627510216,563.5187874405821,558.3849433554843,491.6221089261189,570.7391030038768,573.8353259873884,551.4952159775858,562.051895464323,537.6377380414001
2016-10-12,522.9655397639209,564.4409272962913,559.1401912516534,490.11597955294917,571.8946326835908,578.5415405264156,552.2187811185743,563.6256632684616,537.4791851733916
2016-10-13,516.419120582151,558.8620137019669,557.8814201334676,485.2961717405487,570.7391030038768,579.5400167544097,550.4099373481289,560.9666159967041,535.9453728725542
2016-10-14,511.1768309434317,557.3404992064051,558.4688269556311,485.1455103486674,571.6635165370827,578.3396938531841,550.694278967406,562.1602901577527,535.9983593004084
2016-10-17,507.6653778859246,556.4183186847998,557.5459226697369,481.53057373175994,569.3529166530951,578.4824764883035,548.7819963766017,559.6099592253993,534.570418251391
2016-10-18,515.9424780867346,558.170408810185,557.7976842807452,486.8023657198042,570.5080889630221,579.91110461377,552.2187811185743,563.734195810166,537.1089406036876
2016-10-19,517.9490745450818,560.4296839893894,558.80443522993,493.7307223515995,571.2014374025465,578.7679749440194,553.6916099142471,564.493739804397,539.541490100276
2016-10-20,515.9424780867346,556.9255037386191,557.0423994477201,494.6345937937585,570.2770749221675,575.9118545399733,552.6581428043379,563.6799295393138,538.1666878849454
2016-10-21,514.9392057845897,555.357711453509,556.1193104775456,492.52575424697795,570.7391030038768,574.9117079489104,552.9165095818151,565.3079176648796,537.1616730218205
2016-10-24,518.4005159686126,560.0608443134641,558.6365202822124,492.67654485103066,573.7431023802155,577.0539819918826,555.268015694331,569.5949530622029,537.7435076893315
2016-10-25,512.4309731751702,554.8508110609611,556.1193104775456,489.0616082341231,570.7391030038768,576.9116002438998,553.4074525137061,566.3390227604963,538.1666878849454
2016-10-26,509.9227405657506,550.7471748385462,556.7069019839894,492.22468988755827,572.587827964635,575.9118545399733,552.2962911518175,563.5714888964593,538.2725083348209
2016-10-27,505.80921004803037,545.0760716581885,554.5253004536215,492.52575424697795,570.0459587756593,572.1981697364154,550.8235544655129,560.803541487598,537.7964941171856
2016-10-28,501.1439523598107,544.0618235482377,554.6930676539149,489.6640922864339,572.587827964635,574.4831595999841,549.1955674393015,559.2842237520114,535.3108565888547
2016-10-31,499.5637518152809,547.1507643358466,554.6930676539149,486.50104293604164,572.3567628709536,577.9114127623488,549.2214041170492,558.8500935851938,535.6282163345929
2016-11-01,494.5974813239834,539.6816592336187,550.833387815196,484.54302629635663,567.9664750381799,571.198156774398,545.2421412517424,553.9659913602216,531.4501120335276
2016-11-02,484.5895963960186,534.4253888574632,548.0646749575134,478.81944395092574,565.886889195047,568.3415018541698,541.9604686856242,550.5471243976834,530.6569412779311
2016-11-03,481.5797794895839,532.9038336960053,546.8060515867519,478.3676858965819,564.2693824864504,567.6271877914365,539.4799634031059,547.562341652538,527.0078376223552
2016-11-04,482.934207468291,535.4395963015181,545.8830734271455,477.76513723818545,563.113903859563,565.7704790187031,538.8855355961718,546.4770162354941,528.1713037496
2016-11-07,497.13075944311646,548.4878996593418,557.3781185325873,489.965285858025,574.2052836204051,576.1974866247348,550.7719732193855,558.9586261268981,539.1186655182718
2016-11-08,501.39477043534697,549.779082520456,560.0631324744037,490.11597955294917,577.6712089727997,580.4826360413839,553.2524324472197,561.6175814998057,540.7052610391863
2016-11-09,502.7742957778249,566.8384665215979,566.6916359813735,507.73829082532853,581.5995197766908,576.1974866247348,559.1179570068472,564.493739804397,550.3833870326818
2016-11-10,512.6817912507064,577.5353051141838,567.4467361301182,517.2275680886768,582.754845245098,573.055266434268,560.5135060426969,560.2067503564986,556.4650909867902
2016-11-11,510.7002921561301,592.0590891733965,566.8592554342426,515.8719062891311,583.4479894733156,573.4832802670122,559.221303717838,560.6952386930183,554.9315326956742
2016-11-14,518.7015806257479,601.0960272266307,565.3489073893288,525.5116511261034,582.2926640049084,573.9117618014158,559.6605732942335,556.6249467331291,559.1623186129281
2016-11-15,516.5696010566612,602.8019208942593,567.7821227832808,533.6450081655631,584.6034681002028,577.3748921446567,564.0274784351245,561.2919379252677,562.5471505545083
2016-11-16,516.5696010566612,603.0785709841513,568.7051748165993,527.7709259434653,585.5276263692751,576.2300921118374,562.9681285927835,563.0829546105148,560.0084757963789
2016-11-17,519.7048010738353,605.9371394714166,571.3901518215595,530.4820880273423,588.5314215343069,577.6609919310773,565.8621128286336,566.2305361682168,560.5373748379799
2016-11-18,517.9490745450818,608.79562662689,570.3832531249503,531.536297830954,587.8382773060894,576.2300921118374,564.5960235096267,564.4396113818196,560.3258863440615
2016-11-21,523.718045844587,611.2395249735366,574.0750549528076,540.2723973470673,591.5353188049922,580.0935082608808,568.8594437754746,569.4866502676232,564.9268660290752
2016-11-22,524.9971298779242,619.1237882071342,575.8369799244493,539.8202839592522,595.9256576905927,582.3830415119966,569.9705590826791,570.7347285477988,566.249189835994
2016-11-23,522.4639036128485,622.9045372160047,574.1588646792422,544.0378338406418,596.618852971637,580.6658414627677,570.2806913250199,569.7579816218843,568.0471722469385
2016-11-25,525.4737205192831,625.5325707393425,576.5081225993353,542.682204344139,599.3916851486408,585.9603578746194,572.3997594471743,571.7114754737133,570.215602435364
2016-11-28,523.2164096935145,618.0635063030105,574.5783934905439,535.151137538733,597.7742805456976,587.963657710269,569.7122383598859,569.3779798776441,566.4077427040025
2016-11-29,510.6752466464166,617.8788424696723,574.7462715014057,530.7832815989334,598.2364107330604,590.109740181038,570.8234457764585,570.6261960060943,567.1481302395221
2016-11-30,504.40469104989637,615.6658044141203,571.3901518215595,549.1590290428906,593.84622500594,580.9522085072794,569.4538255277245,565.9592048139558,569.3693944499689
2016-12-01,492.6159822294071,613.7753689108413,569.4605335233365,549.309432010429,591.5353188049922,577.6609919310773,567.3609164661062,559.8267486122585,571.3788145528875
2016-12-02,496.50368832724723,613.8677211604582,569.4605335233365,550.0626097576638,592.2286161916899,579.664024508636,567.6451199213312,560.9122118775771,570.5856945992351
2016-12-05,506.6118071481233,624.4720448398434,571.9772631488744,556.6898374239538,594.7703322221856,581.095191585967,571.055929821504,564.6024561438011,573.5474987510343
2016-12-06,506.0349826138531,631.526398469661,572.9842357191957,562.413355163299,595.6945415440846,582.3830415119966,572.8647275372654,565.687781560845,576.5089472892234
2016-12-07,503.65213311517294,638.1197635034157,580.5357543226279,569.6430991849426,605.6305447836927,589.82370720914,580.3582851777882,573.1768026349973,584.3360028400319
2016-12-08,509.822454818782,648.7242498463846,581.7103832826745,574.61363299531,606.0927260238823,588.9648733336959,581.7793024539133,573.6109787512398,585.6052894171523
2016-12-09,511.67846709450413,650.0615071675675,584.8148152252244,574.61363299531,609.0965722417409,592.9720075211771,585.2935972291291,577.7352153360066,589.0958910066639
2016-12-12,511.6534215847907,643.5143385915692,585.8218616692578,567.6849533330861,608.4034280135232,596.4061403615441,584.6217975530041,576.5414033266833,588.0379913195734
2016-12-13,515.4408419356622,644.2520179434199,590.0169281611393,570.0949541484149,611.4072742313818,598.6956067981372,588.5235043303837,581.3712392808033,591.7929154250248
2016-12-14,511.9544862419259,636.2292466683448,585.2344548470943,561.6601128099784,607.7101816796522,591.9699233089545,583.6655641482338,578.7663663810481,587.5091938818609
2016-12-15,521.2348068908235,642.1771219362822,586.8285756815866,564.8231621603707,609.5586003234503,594.1490789684854,586.0687896709292,580.1774272714799,588.831365282947
2016-12-16,522.4639036128485,638.350339133239,586.5769248811464,562.2951260264454,609.1389971407353,596.2987694234829,584.9224425304322,577.342072056234,587.74506730902
2016-12-19,523.9688639201232,641.900593844078,587.7515169043369,562.2951260264454,611.4703755251932,599.3093650041299,586.1962229816742,580.6134873141449,587.8516497880594
2016-12-20,522.4137088853068,648.4478030859722,589.681209076272,565.020081509622,613.102023866788,600.3127855068076,588.4575079681512,582.5763088992366,589.981318093021
2016-12-21,514.1866997039238,644.84236475438,588.1709718419265,565.020081509622,612.4027532993655,597.875725789457,586.8199876223431,581.1585853421885,589.6087366338814
2016-12-22,507.1636898807948,638.4548098198379,587.850322994338,563.2032937733043,611.2372172656168,599.1657137802147,585.806231917204,579.1958097065219,588.9697497790877
2016-12-23,509.4211562687355,641.2783649707226,588.2722896381407,564.8687740568836,611.4703755251932,599.0225302579588,586.6639543528078,580.1771975243553,589.8215459783504
2016-12-27,519.5793661090385,645.1664312789059,588.7782137558023,567.4424866934075,612.1696460926157,599.1657137802147,588.1196508060168,582.1945151274238,589.981318093021
2016-12-28,508.9194164095483,637.6218909397604,584.5613545188365,558.9640362471151,607.740507058717,594.5787631642984,583.2589933975083,576.960462082121,584.8167924404269
2016-12-29,506.4112356541861,639.0101026285215,585.2359323213374,555.6333341042993,608.2067725250432,598.4490612091852,583.128981024457,577.8872619831276,584.8701344818908
2016-12-30,502.89967888856427,636.5108173316422,582.7899737120396,553.968047638977,605.8755472990655,596.0122019354029,580.9977084110315,574.2886868196556,582.84694705208
2017-01-03,512.6065510134513,640.0746951176119,587.007128443854,562.9004204434846,608.4396244676594,596.7287876919097,585.4424920226379,578.1053839033099,588.7034967892663
2017-01-04,535.7575208865551,650.7666944685842,590.2963185404918,569.4107757007208,613.3351310735378,599.5954647905505,588.925423558021,581.3768910600706,592.0577967623515
2017-01-05,530.4901857381222,641.371001881611,589.7060306435545,568.8048352228244,611.4703755251932,599.8828340529035,588.4575079681512,582.6853928340402,590.1943814472113
2017-01-06,535.8829039972944,637.8070020979536,591.7300964827617,570.0161993299315,612.1696460926157,601.0293712633143,590.5627596850928,586.9381499603594,591.3125830421282
2017-01-09,542.9059656744807,632.2988878284127,588.7782137558023,564.2629627911587,610.5378956453675,596.0122019354029,588.6134491283184,585.62964818639,587.4789667250313
2017-01-10,550.5560984675363,637.9922352538345,587.850322994338,566.5339959161201,610.5378956453675,595.1522990275948,588.6134491283184,585.9021742256994,587.8516497880594
2017-01-11,546.2920356212484,640.0746951176119,588.1878519851529,570.1676359948414,611.936538885866,596.7287876919097,590.2767600971902,586.3385099649139,589.5022557587306
2017-01-12,547.546177852987,633.2245656170663,587.513274182652,565.6256989570898,611.4703755251932,596.2987694234829,588.7952269662334,586.2291962829856,589.2359011650207
2017-01-13,553.3150972984347,637.85319855571,587.513274182652,567.4424866934075,611.7035337847697,596.514647146492,590.1468398335068,587.3742100030244,588.7034967892663
2017-01-17,544.7870234599163,629.614572705132,587.850322994338,561.2350693720766,611.7035337847697,598.8122649548608,588.067609013049,586.0658001279048,585.5622093684271
2017-01-18,546.7937236263782,632.0673768829835,588.8627252825023,563.0518571083944,613.102023866788,600.3916266436539,589.3672261420387,587.4832939378281,586.9997519849081
2017-01-19,547.546177852987,626.050369591995,585.910916429255,559.872656236574,611.2372172656168,596.6577638542251,587.1838656809614,586.3385099649139,584.124615950002
2017-01-20,548.0227684943459,629.1052323588293,587.513274182652,563.6572807376051,614.5009223714202,599.386402148862,589.3413434096069,588.3012396511557,585.6687410455223
2017-01-23,549.2517615082561,626.9762100442323,586.6698580110316,560.6294519246088,613.102023866788,596.6577638542251,587.8074921575782,587.6469657894585,583.1130984380129
2017-01-24,553.3150972984347,636.14055434936,590.6337736575946,569.4107757007208,618.463744886166,598.9558493642531,591.576515390232,590.8092511631407,588.54377547654
2017-01-25,557.9553094769409,643.2685132507788,595.6097960974735,577.2833502752026,622.6600830302752,599.8172890060845,596.6968291073708,594.6802145176473,593.1760491592125
2017-01-26,554.5691876761158,639.8434281675582,594.1760550920595,576.3749887100865,621.2612866312966,599.6736377821694,596.0730644667019,594.8440242175525,592.4837710648992
2017-01-27,556.19953109413,637.1587877171102,593.3326758572952,573.8012760735626,620.795072217797,599.5299865582543,595.1373253963305,595.4435723141481,590.3008115204178
2017-01-30,551.8853253743578,628.5497362206662,590.7182113105824,565.7770710159139,617.9976325783199,598.2377936882458,591.4465030171805,591.2999450720574,586.946562349277
2017-01-31,554.0925970347569,632.8081468429235,589.5374508324275,564.8687740568836,614.0347590107473,600.5348769804326,591.3944151695287,590.9182431990945,587.2661065786181
2017-02-01,558.6827181938361,632.1601764574556,588.6939238502388,566.685626399287,611.7035337847697,595.0785357944775,591.6285571831997,592.445096640371,585.1895771073434
2017-02-02,562.0938855043746,629.0125547820451,588.8627252825023,564.8687740568836,611.7035337847697,598.6683464728546,592.0182719195657,592.2813328898908,586.0945629422373
2017-02-03,561.3414312777659,639.1028208712017,593.1639852355999,573.0442219611849,616.5990914434748,601.6838863281852,596.0990393085018,595.3345343287695,592.1643284394465
2017-02-06,561.5921974992448,633.1783284934139,592.4893335593869,569.5620831534592,615.8996166647454,599.2426172959014,595.0335181384992,595.4982980792497,589.7152175090323
2017-02-07,558.8332505224037,631.0491028493374,593.4170396365708,565.3228902333559,617.0652037513208,600.9662315393144,595.0594469256149,596.1522962443972,588.9165601434565
2017-02-08,564.1004819627217,630.0310728110667,593.1639852355999,563.8086527964292,618.2307397850697,604.1251553604691,595.8392448358192,597.6246077182719,589.7152175090323
2017-02-09,575.0112497377481,640.1211355707438,596.1155724677108,571.2274988309529,621.9607103571992,605.1302462262155,599.374172109486,600.4052831178412,594.1344278375146
2017-02-10,576.1399570046898,645.3050613180711,598.9835346576674,575.3151258739749,623.8256190640241,608.2899718216431,601.7393564631624,602.5861806736903,596.1042732258614
2017-02-13,578.146553463037,646.7863165766798,602.2726508805931,578.3432131113141,626.156793237175,610.8744911907056,605.0143511000945,605.5850239428669,599.2454590428122
2017-02-14,582.4105644552674,648.2673685058089,604.8872631747302,582.2794680955121,628.2548602035762,610.299685851477,607.4315772467386,607.5478455279584,603.1322141935958
2017-02-15,581.1062274959872,652.0626352395201,608.6823404521735,584.8532453381217,631.9848818285326,612.4289978770354,610.6026264617872,610.5466428477101,606.5931474476646
2017-02-16,576.3908269342834,650.7666944685842,609.3572506863791,579.554383400164,632.4510451892054,615.4502169667998,610.0828072430018,610.2192991444492,605.6347687693625
2017-02-17,580.403916142863,649.8408540163468,611.8875361380966,579.0999441932631,632.9172596027049,617.032518494594,611.044382991121,611.2009167094072,605.3683633737083
2017-02-21,581.9089801582523,655.4877203227409,614.586364464085,582.7337134841558,637.1133424826805,620.4858939175132,614.6833017413552,614.254026249436,609.8410173475431
2017-02-22,581.2317143148415,653.1734648522628,614.501852937385,577.4346577279409,637.5795568961801,621.0611001438784,614.1374155714019,614.5267820358702,609.6280047952971
2017-02-23,576.1399570046898,648.544913245411,616.2730121230455,576.0720507741812,637.5795568961801,623.650430158579,614.5533814776719,613.8723703258981,610.2667884423138
2017-02-24,573.3809581737913,648.3598020872178,618.2130096778257,571.6815504013395,640.6100016367536,627.6788113642951,615.3330872785081,615.017384045937,610.746003182437
2017-02-27,583.664706687006,653.4512129213444,618.1284981511257,576.3749887100865,638.978302242332,625.9520568383127,616.2948472453634,616.6531376243173,611.278356756247
2017-02-28,580.0277149565873,642.9907245158014,617.2007920739417,571.8328578540778,637.1133424826805,626.6717828773888,614.6313060030715,614.8538040931564,609.8410173475431
2017-03-01,589.3081911676569,654.8397092713769,625.2976094836117,585.004811215203,645.5056614011122,631.706992126443,623.2345973102775,622.3235264088346,618.8389053075128
2017-03-02,583.1630186818761,647.7117910358539,623.0203784328652,575.618128415966,642.4750635020584,630.1244233405578,619.3100474096128,619.2701411722562,615.5378965739474
2017-03-03,581.9089801582523,645.8603134608588,622.767213221326,576.5264253749963,642.4750635020584,628.541988183718,619.6999003100309,619.9245528822282,615.2183523446063
2017-03-06,583.664706687006,641.4171983393675,621.1648924047851,573.4983381376572,639.677674915408,627.1032042507934,617.8543970110878,619.0521571003487,612.4496463829066
2017-03-07,583.0375837170793,636.8813243092999,619.5624238408199,568.9564657059914,638.2789295692561,626.5275971372917,616.0088476574607,617.7979675466563,609.308460565956
2017-03-08,582.8870513885116,632.7154692661392,618.550280110648,564.5657715148925,638.978302242332,623.2190755996971,614.8650795792702,616.9801596816036,607.870917949475
2017-03-09,576.7670281205591,629.1052323588293,618.550280110648,564.717078967631,637.5795568961801,623.650430158579,615.6450156535266,617.5797996770491,607.5514753240225
2017-03-10,582.1596426716164,632.252772702448,620.9959432250972,566.231445616729,639.9106800165043,626.6717828773888,617.8024933821722,620.0334530193321,609.2019796908052
2017-03-13,587.6778477496428,634.1965211952682,621.0805286255094,568.502349529519,640.8434662132903,627.6788113642951,618.1143296478226,620.4697428091217,609.4148906391626
2017-03-14,586.4237055179043,631.234458002906,619.1406418812975,563.5062963152952,638.0457713096796,625.9520568383127,615.7489610754101,619.1065612194757,607.9242599909389
2017-03-15,591.8163719230191,641.2319245175906,624.8759383346576,571.0758683477859,642.9412268627314,632.40901231699,621.0773498550521,623.8500122547116,612.6627605390412
2017-03-16,594.951675648308,642.4353097094299,623.5265611085193,570.4704447185752,642.9412268627314,629.671019989168,619.8557954155141,622.8687622851531,611.0653442040011
2017-03-17,594.7760459559695,646.0455059508439,623.4420495818193,566.4686791634649,644.4111398493145,631.9770564274035,618.7670166300701,623.9956719317662,609.5296014292823
2017-03-20,594.4500394972355,642.5278652885265,622.5985595364867,564.4978059127232,642.7779088700917,630.6795183955749,618.0884929700749,623.3940101616234,606.3187153448187
2017-03-21,577.8706380237298,625.4951987809991,616.4416658078848,549.7942360776146,635.7785152755673,628.5177345119594,610.1524879799578,616.6643492840022,597.9169373986946
2017-03-22,577.3940473823709,624.476884081457,617.6226479071762,551.0070215186074,637.8784201437301,629.671019989168,611.5882427549765,618.6337875862849,599.0407272074791
2017-03-23,577.5194304931103,628.4572619733614,616.863373893695,552.5229387137626,637.8784201437301,628.9499576596369,610.9357860461491,617.3755085337732,598.0775731464174
2017-03-24,580.9056041479927,628.4016716936492,616.0753999430434,552.674698409101,637.4118483604436,628.0856449933273,610.4918188919814,616.7737548647805,597.5958691110259
2017-03-27,587.6778477496428,629.0517160398086,614.9738320843136,551.6133496330181,635.3120455979342,626.7885078486352,609.865337024954,616.7737548647805,597.0072269829853
2017-03-28,591.8163719230191,634.0668376532037,618.1091432385423,559.9503773576861,639.2783397048963,628.6618534375338,614.303074269902,620.9864900419785,602.0911807519968
2017-03-29,596.7074540311189,635.7387752977455,617.5160850773993,566.165418197131,638.8115126574763,626.6439880359243,614.8774682892775,622.2449069427652,600.8601480388976
2017-03-30,598.2124143383936,641.125501867988,618.1940980075152,570.4097149980056,639.5115490172994,627.5089688474615,616.8353910719679,622.4638559525964,604.4992945134002
2017-03-31,600.9713613152346,642.3329536494185,616.9227314214078,569.803386883595,638.5782522922464,626.5000027393954,615.3995441875811,622.135363513712,603.268465008078
2017-04-03,602.7271396980456,630.5378105400309,615.3974978234958,565.710785171973,637.4118483604436,625.2032664818399,614.3293254398061,621.9166902004305,601.1278234831581
2017-04-04,600.218907088626,631.0021337395585,615.2278837803985,566.9234414007943,637.1784858895603,625.9233265935297,614.7208363088497,621.6977871400242,601.5558806654201
2017-04-05,593.3213840843512,624.1291093396143,613.5330361393893,562.2241885443332,635.3120455979342,626.2120321463377,612.8935246101033,620.4394621380874,598.6126192232729
2017-04-06,596.1054284249631,630.1661242513917,614.9738320843136,568.5906660486879,636.4785005825638,625.7793412970009,614.6163382307577,621.5337476929942,601.020885390509
2017-04-07,600.5700109111308,630.0732433451278,614.8044396623528,567.529769515205,636.9451744715037,625.3471181493233,613.9898563637303,621.861918485904,600.2715567128013
2017-04-10,604.1568597680651,632.0238237084614,614.8044396623528,568.894120833279,636.7117609477937,626.9323595161185,614.3553923909741,621.2054850012347,601.1278234831581
2017-04-11,602.6519513148478,637.9680797116625,614.8888403784846,568.5906660486879,636.9451744715037,626.9323595161185,613.6244124458547,620.0565655800762,600.0040844763178
2017-04-12,597.3595706567015,628.6803550783368,612.9401626625267,561.3146640696743,634.3787999257079,626.9323595161185,610.9357860461491,618.0868515812438,598.0775731464174
2017-04-13,598.2124143383936,621.3430888106567,609.804371329169,554.3419876630803,631.1123379672623,623.6118113644287,606.9677144690646,616.2813148777162,593.4217273616122
2017-04-17,601.6235297948747,628.4016716936492,614.3806261757463,560.4051395950155,635.7785152755673,628.8095135328139,612.3451975418957,620.6582273502189,598.3451977887336
2017-04-18,605.9878783881311,628.9588757994406,612.4314682806595,556.6157988497274,637.1784858895603,629.2427388983327,610.5179318978334,618.9623259745943,596.0975165672761
2017-04-19,609.4993832996956,632.4881062420931,610.312917963612,555.5545792858159,635.5452549103375,627.5102383233938,609.3954410836704,618.6886511996614,593.4217273616122
2017-04-20,615.7699388962159,641.2185861037314,614.7193371459556,561.6180542481796,640.4448457423525,629.9649370747507,614.3553923909741,623.6673632905816,599.0942216547758
2017-04-21,610.5027074558978,639.5466891250854,613.6179539715062,557.8282612602916,638.1117315617867,629.6759642638516,612.3976077723358,622.9014323262843,594.9201815092506
2017-04-24,619.0306775863015,647.5338370753414,618.7873039160825,565.8622864429685,645.5779011509043,634.5850945084743,619.1325066026297,629.5217335725522,601.9841918574034
2017-04-25,627.5586477167051,653.2925345954943,622.9396344654849,570.2582783330957,648.6109495856399,636.4622485251697,622.7350882071547,633.6798348834984,605.516044625647
2017-04-26,635.3341117664427,657.5645276269864,621.8375864276261,569.803386883595,647.6775507549335,634.1518023284327,622.3435312834271,632.6401831948433,606.0510907025025
2017-04-27,641.6047192170204,656.9146459444105,622.3464285569177,565.5592192948918,648.1442246438734,635.8847037905082,622.8656532364146,634.1722289211378,604.178124621843
2017-04-28,631.3209707038058,648.1844507440436,620.7362771268888,561.9211213962564,644.1778794840847,632.9968464881551,621.5080993148997,634.2269546862394,601.7699092565512
2017-05-01,644.8653541989912,651.6209222781198,620.0584119441972,562.6787569634055,642.7779088700917,631.9864104605886,623.0744651738624,636.579565243083,602.5191871323145
2017-05-02,644.1129518264399,648.9272946646752,621.1600906134953,561.7694909130894,643.7113587536248,631.2643459132162,623.3094361718462,637.5645371160615,601.234710773863
2017-05-03,641.855589146614,644.9336596907033,620.3124636402823,562.3759482396715,643.0111692353215,630.3976947386102,622.5524353302429,636.3061202152749,602.1980680427017
2017-05-04,639.5981227586732,644.376333587224,620.9905504441103,558.8892870059459,643.7113587536248,634.4405078812407,623.2832310566262,636.9079657831174,601.6094259146611
2017-05-05,646.119548284787,647.2555603496129,623.1091007611578,564.1950617950749,646.7445092940139,637.3285656271619,625.7372548958201,639.5887011834458,604.8204644049573
2017-05-08,644.3637699019761,644.9336596907033,622.8547535702241,563.8916716165696,645.8111104633075,635.3070254268011,625.6327107630441,640.2454103646647,604.0711357272496
2017-05-09,658.9114775533637,645.7695065152865,622.7699465486755,563.4369093792402,645.8111104633075,633.2854852264404,625.0583167436686,640.5189472913228,601.3955497293628
2017-05-10,665.1569357861132,649.2990622851062,622.6854350219755,567.0750072778756,646.2777843522473,634.0074829592901,626.1809457218836,641.3942378869734,603.268465008078
2017-05-11,666.4110780178517,644.4693771570716,621.2446760139075,562.9823409601679,644.1778794840847,632.7076064191651,624.9017768726088,640.901935748184,601.448942572771
2017-05-12,669.9727776569579,639.3610086443495,620.3973445355431,559.3441784554468,642.0781277744021,631.5532519095925,623.8576711306857,640.2999523320666,599.6829145847606
2017-05-15,675.9674696682284,643.4475651904811,623.9565061132344,565.1044570575624,644.877711632601,634.7784557373163,627.3032983719945,643.4734493654338,603.1613237076518
2017-05-16,679.1026696854025,643.4475651904811,623.4478856050793,564.952697362224,645.111125156311,631.5962804622443,626.7289964619871,643.6374888124637,601.1813179304547
2017-05-17,655.1492064203205,627.2872228161702,615.4820462870518,547.9754455526398,635.3120455979342,628.9923180670612,615.6083561250289,631.4914475713845,592.886732086701
2017-05-18,674.2116394313601,628.2159912129132,616.7532651257349,549.6427348066192,635.7785152755673,631.4517606495334,618.0884929700749,635.4853256376011,591.3882271371184
2017-05-19,675.4658335171559,631.0950553117183,619.9736049226486,557.6768245953817,641.3781424674056,634.1999087848135,622.1086063401273,639.6434728979723,596.5792714046117
2017-05-22,686.0003482518493,636.1101769251134,623.9565061132344,559.9503773576861,644.877711632601,639.263781464128,625.2672668451685,643.4185398026325,598.5592263798646
2017-05-23,688.2577627857327,638.2466004327665,623.7022327960129,561.0115323155119,644.877711632601,640.1313012275298,626.6507956084832,644.3486940116595,601.1813179304547
2017-05-24,708.8252079581044,637.9680797116625,625.4817766480024,560.7084651674351,646.9777696592438,642.8796498063782,628.1125712799859,646.975025292861,600.539079751229
2017-05-25,717.6040480181016,638.8038452044539,629.1257452472424,558.5862198578692,651.644100126029,647.0750673189724,631.1147379686513,650.914177593976,602.6263284327407
2017-05-26,708.5743898825682,638.7109236322941,628.956500572706,558.737656522779,651.877156279952,646.930681135307,630.9841729393914,651.1876685712091,602.6263284327407
2017-05-30,705.815287343555,635.0886089538983,628.6173463602237,555.2515121377392,652.3439322745454,647.7985349713225,630.4359840352358,651.9537833332062,601.5558806654201
2017-05-31,711.0826743460451,634.6243264202666,629.973150599319,552.9775717389206,653.0438154758884,650.2574430376127,630.2794441641761,653.0478391409883,600.6461194477666
2017-06-01,726.3828362240415,645.6765442772308,634.2951321286747,559.7990699049476,657.94330420225,654.8869545045216,635.2916214831837,656.440193285337,604.8204644049573
2017-06-02,731.3991977347658,649.856103727314,636.0744543595279,556.7672355146373,659.343274816243,656.3334221075626,637.4060380822498,660.6529744119599,605.9976978590943
2017-06-05,732.6533399665044,645.5836633709669,635.6508624940578,555.5545792858159,659.343274816243,655.1761277589887,636.9362803050184,660.2153061394222,605.4089541271652
2017-06-06,737.6698570394009,644.6550576378075,633.3629197550496,555.402948802649,656.5434356939105,652.8616726908867,634.900018504772,657.6986101861237,603.1079308642437
2017-06-07,738.7735187966291,645.6765442772308,633.8712447683561,552.9775717389206,656.5434356939105,653.4401528288668,636.074781385323,659.1758841978917,604.1246809764906
2017-06-08,746.1978271698046,654.4069428070774,634.5491099510476,557.8282612602916,657.2435231065605,650.9808438754401,636.3879992914948,658.6286724963009,605.9976978590943
2017-06-09,723.0217599329299,659.7936693773197,635.0576565854906,564.4978059127232,657.7100948898469,652.8616726908867,635.4220483483915,652.1178227802361,610.7068348834192
2017-06-12,709.076077887698,658.400618446945,634.7186501204326,566.165418197131,657.2435231065605,652.8616726908867,635.2916214831837,649.0539610747718,611.7773842546283
2017-06-13,720.1121769194065,661.5583252645418,638.0235383809024,571.1678028077547,659.8098465995295,655.610355342349,638.3981941405731,654.0875827284934,614.1319527667907
2017-06-14,713.8416731769436,657.4716467207224,637.854293706366,564.1950617950749,660.043158017586,657.7803574122628,637.5888751778978,653.0478391409883,613.5966526802141
2017-06-15,711.3333887134667,654.3141838985011,637.5152872413081,561.1632274047645,661.209715107869,659.4179813648951,636.362070504379,652.0085550477327,611.4561127591826
2017-06-16,715.5723541959836,650.7848314581611,638.0235383809024,561.6818850608635,661.6078761033665,659.7074886919761,636.5010635408186,653.2770348725809,611.4668319694197
2017-06-19,735.4124943595749,653.7568984609178,642.6843047541797,567.4786661014065,666.0576404792554,662.1715414765181,641.8000233773577,658.3845891510283,616.3655618496906
2017-06-20,736.1648967321262,645.9553496596061,638.3623970985361,561.3766859119581,660.9052871022078,658.6929101639989,637.4714357335898,654.9247812508702,611.3053325886445
2017-06-21,746.6995151749343,642.9830793273699,637.7693389373932,556.4951146816167,660.202749153876,655.794830239665,637.3142050422695,656.7921199309399,609.0445952675144
2017-06-22,753.7225249980632,645.3051833157589,637.1763546499624,556.6477788621551,658.7974690459054,653.4760322275841,637.0256263920604,657.0117581821452,607.591202444427
2017-06-23,759.9930287405261,650.7848314581611,638.2780333192604,558.020658183543,659.031648362016,653.9102598109444,637.786219499019,659.757787715311,608.5598939174121
2017-06-26,748.7060079251667,651.9921612419039,638.5320850153454,559.2409379304785,659.9686208905921,655.215281069321,638.2060539987486,657.5611295067081,609.1520921815503
2017-06-27,732.5531060735932,647.1110744214361,633.9573815167233,556.4951146816167,654.8161654078912,650.7222048578701,633.064463017582,650.9703737406757,607.8065518861085
2017-06-28,747.1008137249808,657.5438693518629,638.8131006163653,564.5802432780921,659.031648362016,653.1861240133667,638.7308010687266,656.6271614954112,612.3283313400344
2017-06-29,733.079787734379,653.4451130369575,631.4020159397309,564.5802432780921,651.7717832456262,645.9398217629065,633.1170114120744,648.0048897540042,611.4668319694197
2017-06-30,726.1320181485053,653.0728574257756,633.5318689347374,566.8685262279388,654.8161654078912,648.2586197749874,634.2973929640785,649.377950470012,611.8974292488942
2017-07-03,722.3695914532898,659.2204022426429,635.8318530888262,573.4277882920593,656.689804148083,648.4036072893575,635.3730001098864,649.8171350735728,615.4503648240022
2017-07-05,727.1352904506501,655.3081803922877,635.5761022973617,571.9025032144758,657.1580606746509,648.2586197749874,636.8419142574156,650.8607384127727,615.3966163669843
2017-07-06,712.3367647237262,646.2727876430982,630.3796776372823,565.3429181199267,651.0691431916409,644.0553849632313,631.0182994602667,644.5997616695228,609.205993044401
2017-07-07,716.8514900833782,653.0728574257756,634.5538378686252,568.8514808167088,654.8161654078912,647.8237908609225,635.1106265748975,650.5312350865398,611.0899323450187
2017-07-10,715.8483214893481,649.1604729118368,634.9795720717476,573.1227183553254,653.4108342470938,646.664291633098,635.7926964455639,652.2337072299307,611.5207328322704
2017-07-11,724.8779277708242,650.650755999338,633.105691489342,573.1227183553254,653.4108342470938,644.9252432349293,635.3204056607102,651.959159415924,610.3364887098268
2017-07-12,737.168169034271,655.5875144313098,638.2168658855999,577.5468784988233,657.1580606746509,649.1279435305034,640.0947105366394,658.6592748133098,613.4586745996273
2017-07-13,733.9074821982429,657.1713697453055,638.7279980999681,580.2927663537707,658.0950332032269,648.4036072893575,641.1702255730792,660.0873829403938,614.1583697778015
2017-07-14,735.2870593947781,658.8479839678772,642.646629160983,582.7335196658987,661.6078761033665,650.9152988286212,644.160924645418,663.9317875272859,617.2267564086399
2017-07-17,730.1452110651995,660.524598190449,641.9652919138204,582.2757855486265,661.6078761033665,651.9316145341899,644.0819408622855,664.0416066528886,615.8273152503474
2017-07-18,738.1714931904734,658.4751997000484,642.902158331311,579.6824972681317,661.6078761033665,652.3673788515732,644.4231139616709,666.018672559711,614.2660698996143
2017-07-19,739.1748173466756,666.020553357112,644.8615846723867,586.2420823626808,665.5892307942074,654.690519807633,647.9118944419273,669.7532580210005,616.6345581445016
2017-07-20,745.6960873106173,666.952127700673,646.56533409571,584.1063989872866,664.1841548975436,655.4165932263704,648.2005191468204,669.53375761807,617.8188530688896
2017-07-21,751.2142405345863,663.6916988300015,646.394833568067,583.0386542087182,662.778874789573,656.5781637044003,647.6234079010864,669.6982565593494,615.9886622252898
2017-07-24,761.9996251988732,663.7849050634327,644.776260534853,584.411598136192,659.9686208905921,654.8357745800942,647.4660851003978,669.6982565593494,615.9348121643833
2017-07-25,759.9930287405261,670.0258594432107,645.6280983096586,589.2930401543621,661.6078761033665,655.1256159797889,649.0400039275435,670.1924426245613,620.2412421766276
2017-07-26,759.7422625190472,665.4615599519004,645.5429957932614,585.9368186076897,663.2472334217942,654.2548891192951,649.0662090427635,670.9614062509046,618.46485059199
2017-07-27,748.2044236281516,662.3875842139872,644.6907886498951,583.9537994128341,663.9500266342596,656.5781637044003,648.4629847911775,668.3253336916163,617.4960067131722
2017-07-28,751.7158766856587,661.3630882982665,640.0057178253204,581.81811603744,660.6712609445774,655.8519566566173,647.7021153561146,668.1058332886859,619.1108481150903
2017-07-31,742.9872832072606,659.5931458445758,640.0057178253204,581.6655164629874,661.1395685239719,657.1584478344945,647.3348292508773,666.3483137342188,619.5954478613041
2017-08-01,744.9437367921234,661.5495007651289,642.2207472104363,579.9877610231226,662.778874789573,658.9008369588007,648.7777225019225,668.0507858776097,621.1564900042603
2017-08-02,747.7528784965061,652.9795698605526,642.1354969466148,578.1569537662053,662.0762347355877,658.9008369588007,649.0924602126677,668.654974866124,621.2103400651667
2017-08-03,753.3462719577302,650.7442062281447,641.0279822540568,576.0213996029827,661.6078761033665,659.9175535515059,647.8333712056352,666.3483137342188,620.5643425420662
2017-08-04,762.5012094958884,653.3521507989019,641.7947913861774,579.8350322364986,662.0762347355877,660.6432928976296,649.0138448670074,668.6000653033227,620.61804019714
2017-08-07,776.7981509257971,652.7001138238427,643.668671968583,579.0722927885782,664.418385266481,660.207595394769,650.2204315342317,670.4673120845425,621.3180401869796
2017-08-08,775.5441124021735,650.9304153655274,642.2207472104363,576.6314748703646,662.5446444206357,659.481655605077,648.6201233731298,667.8310557275545,619.3800476176784
2017-08-09,768.5209988709297,645.4345008647603,641.7093933749317,574.4959853132277,663.2472334217942,659.9175535515059,648.5940103672779,668.9842943946572,617.7652062157601
2017-08-10,754.7257973002081,635.4673304425304,633.0203673518084,561.3766859119581,655.5188054618765,655.9971446145557,639.4388457811929,658.4396365621045,613.02792491432
2017-08-11,771.2800495558855,635.2810806392516,632.8503100664383,561.6818850608635,656.689804148083,655.2712716393866,640.3832431321644,660.9110263824138,610.0134899482765
2017-08-14,796.3623756500814,644.6891356585821,638.8983508801869,567.0210611963057,661.3736967872559,661.0789235859675,646.731374725871,668.6000653033227,615.1273660624521
2017-08-15,784.5737186836495,638.3550970430607,638.8983508801869,566.8685262279388,659.7343905216547,661.8646623735218,646.6528054348948,668.9293388824309,616.203960865027
2017-08-16,790.8442742801698,639.1932618237109,640.1762183529635,567.0210611963057,662.3105672101784,664.6283114780803,647.7809609751951,670.522129748494,615.342613900245
2017-08-17,776.7981509257971,626.8045186316903,630.2096203519122,553.1391515592873,652.2401418778476,656.6278068948044,637.6813529834546,659.4831939518793,606.1375556116183
2017-08-18,771.2800495558855,625.6866944848505,628.5911211924104,553.5966918583023,649.8978892413008,655.4640315375237,636.6846835660953,658.3845891510283,605.3299571038543
2017-08-21,771.2800495558855,624.8484483724085,630.0389720768449,552.0712775685474,651.7717832456262,657.500471376458,637.1829952474329,659.5380116158308,605.2224601898184
2017-08-22,785.5769909857944,630.9031122830119,635.8318530888262,559.0885967803687,658.0950332032269,662.7373936696981,643.8459566612528,667.1719571762387,610.2287377860696
2017-08-23,789.8410019780249,629.2264573945441,634.042705654257,558.1733869701671,654.5819350389538,660.1191329666464,641.5376037876846,664.810524329807,608.7751925571494
2017-08-24,796.1115057204878,630.0648661705699,633.6168237037102,557.7153298224664,653.4108342470938,657.2097613879674,640.0423003061992,663.4922353283256,607.4832991148371
2017-08-25,794.0297727330003,633.1385979131076,634.9795720717476,559.0885967803687,655.2845240401124,659.6824332459444,641.5376037876846,663.6023760999029,609.7980897046507
2017-08-28,810.4084990044539,633.7907162199585,635.4909259072523,557.5630532784422,655.5188054618765,658.8099023933363,641.5638549575887,664.810524329807,608.398597744414
2017-08-29,822.6986884138435,633.6043037530962,635.3206470007458,557.410582916161,655.5188054618765,659.8282893491103,642.2982890040113,666.7874983377795,608.0216981200131
2017-08-30,838.2497720754908,637.143985330998,639.2392041880485,561.3766859119581,656.9238303057135,659.8282893491103,645.3412601427382,670.6870422345977,609.4211900802497
2017-08-31,856.3591793659846,643.3849803766719,642.9874824688446,565.1905123637313,659.5000580470639,662.1552387329668,649.2235318434521,675.7945965130452,611.5207328322704
2017-09-01,843.7678734454024,647.9494831974617,644.180173551512,570.6822234675404,662.3105672101784,661.8646623735218,650.1417240792034,676.3988774004094,614.5352694022023
2017-09-05,838.5006938591417,641.2427009800074,639.7502625287045,561.987019603683,658.3291104136841,657.6459265924874,645.4723317735226,672.1696463796586,607.9142012059772
2017-09-06,843.7678734454024,643.1987305733932,641.1985566554121,565.9531872055659,660.9052871022078,658.0825594986666,647.6758181315265,673.9821673957769,610.4441380296954
2017-09-07,846.5269759844156,641.335744549855,643.1576875016391,563.8175684362575,662.0762347355877,657.6459265924874,647.5971106764981,676.288874477107,607.6986485565186
2017-09-08,834.4873972343328,642.2673595593118,643.8393941173624,562.9022294138846,662.3105672101784,661.5736183124175,646.8364715148556,673.9272578329754,608.9368443437572
2017-09-11,845.7745736118643,649.1604729118368,650.0575660901932,570.5298177113449,668.1654585355578,668.4101470948444,653.7356934578124,680.5726474652597,616.3655618496906
2017-09-12,849.5368447449076,653.9109815405299,652.1022426950904,576.6314748703646,670.5075069607976,667.1014510377164,655.938949542396,681.3415191927531,619.6492979222106
2017-09-13,845.7745736118643,656.0535049325698,651.1653762775996,579.2248277569452,670.2732765918603,665.0645434971229,656.2537793625092,681.8356593085402,620.887239699728
2017-09-14,841.510458911519,655.7741708935476,651.6763607445436,578.91962860804,671.6785056470043,666.2283188544035,656.0440463313806,680.6824206414374,620.887239699728
2017-09-15,851.54333749514,659.3136491419699,654.317198206494,580.5979008965903,673.5521443871961,667.9742491484155,656.9271448978917,681.1125072588604,621.8297681714237
2017-09-18,861.8271378624119,664.5300262742353,656.3615054428304,586.3403482190492,677.0173039471902,668.9067126279315,658.324351902367,681.8843656989749,624.6461771587752
2017-09-19,858.0647111671965,663.1329900860612,657.3836959978547,588.0244996613995,676.5457289868863,669.0523682875291,658.9835786497486,681.939367160626,626.2167192653063
2017-09-20,860.322281263252,665.5547661853316,656.1910787888996,590.0153361926264,676.0743582378892,668.9067126279315,659.2206221085142,682.1598325014803,626.7584203968587
2017-09-21,852.0450773543272,665.927265791889,654.317198206494,590.3216982510745,674.6599907267646,666.7206750725572,657.4543328661239,679.4034183982784,626.2710773456553
2017-09-22,850.2892471174589,670.212312575969,656.4468295803641,593.384285138184,676.5457289868863,666.7206750725572,657.5863255905891,679.2379545190754,627.029296363607
2017-09-25,837.2464479192886,672.2615890686818,657.1282407012388,592.924935868769,677.4887257490138,667.5950099172796,656.241666980606,675.0481940543466,628.4375262582549
2017-09-26,833.9858129373176,675.6814689172257,657.898300276694,593.8435051954276,678.1959095045762,665.7006845682372,656.6373227712135,675.820052494461,627.8957743247583
2017-09-27,848.5335724427628,689.5110861332141,660.1228593706772,601.9595801069593,677.4887257490138,664.0978041674356,659.1943248839261,679.5136510687055,629.5207253135826
2017-09-28,855.8075040495426,691.3798467139719,659.438714922453,601.50029544363,677.7244366499258,665.5550957231623,659.9851298636164,680.2857852053696,630.4956654257106
2017-09-29,860.0211128980019,693.5291206447333,660.0375352331436,603.7972356089621,678.6674334120534,667.3036985980843,662.3051345722473,683.152110333024,631.7955347732704
2017-10-02,864.5862404014251,702.9669430998717,663.8022873517493,607.6254046117633,682.6747229388621,670.0722919773264,665.1787165830667,684.861199193606,635.6409879433778
2017-10-03,872.8633924562924,704.5550276670423,665.4278783876176,610.8411079220111,685.031985106461,670.6555827609444,666.6022208121301,686.4598715860611,637.1032203047649
2017-10-04,869.351887544728,701.4714141117979,666.626036124984,610.9944827694924,685.9750329214153,672.6960982857665,667.3930718465045,687.2867774372517,638.0783636246699
2017-10-05,880.8894671653368,702.9669430998717,670.8185909106523,613.5975265689298,688.332141930534,673.861811264207,671.3475112371126,691.8625130714627,641.3278591867645
2017-10-06,878.3814938262041,701.7519274618015,669.5351090357523,612.8318152410666,687.8607201287103,672.9872759759163,670.5829113726423,692.303535652021,639.2157175525696
2017-10-09,876.5504233520807,698.481332117152,670.2196967262495,612.066233125375,685.5035600667649,672.8415535017959,669.4757107135814,691.8625130714627,636.8868040222541
2017-10-10,872.6125225266989,700.1634362356718,673.0430022572112,613.1381772995147,687.6250602806251,675.9019259018925,671.2420460106557,692.5790484039513,639.648905731201
2017-10-11,873.1140549696565,698.107693865509,674.6687410405038,613.291293722653,688.5680059899261,676.9218495916898,672.2963758924361,694.7842072561677,639.7574694860662
2017-10-12,875.8731056546123,697.2668858016244,674.7545084203103,612.8318152410666,690.2179822963092,678.5249972505824,671.2948246785683,694.9496251859458,637.7533835872939
2017-10-13,872.4871394159594,696.9864537834126,675.1821633399487,613.7507722042395,691.1611322169169,678.6705860956573,672.1121571562669,696.2727848264706,637.7533835872939
2017-10-16,870.1042380632219,695.8652137013163,675.0109979488964,617.2729021790211,690.4538463557012,678.5249972505824,673.008289198362,697.7061771374225,638.6740672229615
2017-10-17,871.1076140734815,694.1831095827964,675.8667510304459,613.903824021292,690.9251660518715,678.3791411474165,673.482882717418,698.8086416899683,638.4574477326737
2017-10-18,870.1042380632219,698.7616014717801,676.7219869960104,615.1287554063988,692.1039758205644,678.2338195604326,674.1418791913792,699.4701755608058,639.107255401593
2017-10-19,861.8271378624119,697.2668858016244,677.8343034798581,613.7507722042395,693.2826324307772,680.5648446301769,674.3263282009686,698.36761910941,640.1905052588648
2017-10-20,873.8665610503226,700.6305247161215,680.9148372765274,620.488605489269,696.1114695586799,683.7713403915304,677.8062201272048,700.7933352013306,644.0902149054327
2017-10-23,865.8402270709914,697.173354241026,679.8025946663919,616.8134236974347,693.9898161863396,682.3696385187327,675.1700960673077,697.4855279988685,643.4400516229036
2017-10-24,861.8271378624119,699.1356463823822,680.0593058161143,621.101135787908,694.225424981598,682.6616179831556,676.3563265641852,697.7061771374225,644.740225782129
2017-10-25,846.0253398333431,695.4914941178815,678.17722525166,611.1475991926307,691.8682138668258,679.8877462566162,673.008289198362,695.2805529443518,641.4904254083689
2017-10-26,858.0647111671965,698.7616014717801,679.2893201143713,614.2100568675687,692.5752955167347,682.3696385187327,673.8782621799211,695.7213457777855,642.5735736617523
2017-10-27,874.1174309799162,702.4995292922548,680.9148372765274,615.2820656477942,690.9251660518715,682.3696385187327,679.3881064146898,706.0856980668801,641.2739075219696
2017-10-30,878.8831299772766,692.5946996884586,678.6904259299685,612.9850608763763,686.9179275778895,679.3042550294298,676.8572633625133,704.9829118683597,638.8907375151936
2017-10-31,890.6716313815363,699.5094472976089,679.2893201143713,614.3631732907071,686.4463526175856,679.3042550294298,677.9116853536617,705.865232726026,639.7574694860662
2017-11-01,876.876481664872,694.5569104980231,679.6312815279152,614.6694707430695,687.38940043254,680.7641523515438,678.8081397785452,706.0856980668801,641.4904254083689
2017-11-02,873.6158985369585,695.3978812254911,680.9148372765274,615.4354404952754,687.6250602806251,682.5155614364214,679.0716646806352,706.5266746980135,641.9236643889445
2017-11-03,885.404503649333,690.9125955699386,682.1129211401817,617.5790058131264,689.0394788445765,683.100054881449,681.3387986119856,710.0549012919048,641.4904254083689
2017-11-06,883.8994914880009,692.4077178990534,682.9683787268826,624.9293047907092,688.8038189964914,682.0775254252644,682.3934048218701,712.9215940149587,641.4904254083689
2017-11-07,875.1207032820611,684.932350248855,681.9419034965536,619.5698423443533,689.7467647057923,685.1439779469314,681.9188113028142,713.1422431535127,639.973885768577
2017-11-08,876.1240792923207,688.0158011405157,684.337554107877,619.1102992566812,691.6324008602605,687.0415103930658,683.0786985204196,714.9061496780462,639.5405451841128
2017-11-09,869.351887544728,684.8389000200483,681.7706642317892,613.5975265689298,688.0965331352756,684.8515307808493,680.6008183548917,711.598434374434,638.8907375151936
2017-11-10,870.3552117009302,685.3997640564719,682.6262695659144,614.2100568675687,689.0394788445765,685.4356233387404,680.3899339566619,711.8189916141381,638.6740672229615
2017-11-13,874.1174309799162,686.6142917037912,683.2253114977415,614.0569404444304,688.5680059899261,688.0633048895002,681.022448987299,712.7008989269798,638.8907375151936
2017-11-14,865.5893571413978,686.4274725779698,683.4818010263275,610.5348104696487,687.38940043254,691.859171556042,679.4408390279183,711.1573658444507,637.1574767812253
2017-11-15,867.8469272374533,682.6897074210787,679.4605593791358,608.084818487264,683.3818556415977,686.8955206608545,676.0398848301305,706.5266746980135,634.99107867057
2017-11-16,885.404503649333,694.3700100404097,684.5944868787359,615.1287554063988,691.8682138668258,689.5235362842279,681.7870027970852,712.7008989269798,639.7574694860662
2017-11-17,889.919229008985,697.3601733668474,684.6797371425574,616.6603072742964,692.1039758205644,686.6035411964316,679.7833477131409,710.2753206833341,638.8907375151936
2017-11-20,898.9489908526332,702.6864297498681,685.9632190174575,620.0293208259397,693.9898161863396,688.5634784068158,680.9433730947983,711.1573658444507,639.973885768577
2017-11-21,913.9982828010359,712.2176211020213,690.2413195617959,623.0917785008778,697.2899730104126,691.92712192568,685.3986111196824,717.1114004291125,642.5735736617523
2017-11-22,922.0246686344244,710.7224987729066,688.7870416644042,622.172821537705,695.4042347502909,689.4408199050619,684.7923472589496,716.8906134422837,642.1404870870094
2017-11-24,926.5392902859617,711.18974991694,689.9847561594978,622.4792482022388,696.8185512085889,690.6113435291404,686.3740493276983,719.3164214330541,642.3570049734087
2017-11-27,934.5656761193502,707.7321727828852,689.8135907684455,619.7230233735773,697.0544152679809,692.3661601546783,686.0313103690555,719.7576278113122,641.706892492824
2017-11-28,944.8495801947369,719.7862763174429,697.2574753732746,630.7481165064802,705.5407224403823,698.3623626844632,692.9910481668439,724.1677617180453,650.5897140490644
2017-11-29,927.542770004336,724.1779490806051,698.5408833744625,632.1265519512394,706.7193279977683,700.2640376310083,692.5693714797527,718.4344222213624,656.2222780140463
2017-11-30,933.0609750823623,723.9912112865754,703.7606521275814,636.2610184064031,710.962328425489,705.6755462721973,698.6327009073417,725.4908754091451,661.6384256965175
2017-12-01,938.0772328849721,719.6929887522199,704.0171416561674,633.5045997594844,708.3693043041515,703.4814909740929,697.1825310162178,723.5063197460578,660.7720493392546
2017-12-04,921.523032483352,720.0664643402793,704.5304900819001,637.0266651281804,710.962328425489,703.6275475208271,696.3390394779831,718.4344222213624,664.8883276741661
2017-12-05,911.7408682671526,712.498134452025,702.733512033843,632.8921986730169,708.6050152050634,698.9477915328093,693.8345857597627,716.8906134422837,661.2052883198304
2017-12-06,916.0048274053256,709.4141955696133,702.3057832404926,630.595193901599,709.5479609143642,700.2640376310083,693.966578484228,718.8753529030708,659.0389918130635
2017-12-07,929.5493146086258,712.9651416006828,705.0438385076328,637.7923764560435,711.4339033857929,700.2640376310083,696.1546365230777,721.7422294238245,660.3387595567348
2017-12-08,921.523032483352,712.498134452025,708.2952422005059,641.7737910941545,714.9697711107777,703.0421854870037,699.9506938552643,725.0499906768616,664.454987089702
2017-12-11,927.7935362258149,710.5356796470851,709.5788718228301,641.7737910941545,715.6770059191668,704.3584983997254,702.0599983844016,727.9165455516408,666.1881970217258
2017-12-12,941.5887896505939,708.8535755285651,709.9210548575105,643.1519681145709,716.8556114765529,701.872530451721,703.2989154398236,728.5780794224783,667.4879139634529
2017-12-13,943.0936981038112,712.4041149006756,710.263311765903,640.0894458335471,718.9771627432399,701.872530451721,703.2197474379549,729.6808196715738,666.404867313958
2017-12-14,942.3411920231451,704.2749209759978,707.3540911077105,635.1892034444347,715.9127168200787,699.0937144504979,700.3460272630834,727.9165455516408,663.1552193460307
2017-12-15,964.4135975027916,716.0486738241354,712.6590362509387,641.9269075172928,720.863003109015,704.2123750384685,706.1783463955163,733.1421439027548,668.2194111587283
2017-12-18,1001.7862685685491,726.4203479130059,716.9371367952771,651.3460871776431,723.991367171215,704.1392799505786,710.6563814890013,738.4566084416997,672.6041777690083
2017-12-19,980.4662654614539,719.9043700791724,715.568109161707,649.5021002792404,722.5693927889107,699.744688345663,707.9270888032866,735.7991234503901,669.9731450762298
2017-12-20,961.4038843044717,721.4980665399788,715.3114718856967,652.1142535367633,721.8583800713453,697.5474259504666,707.5559801592736,734.4708174742723,669.9731450762298
2017-12-21,946.8561247990266,724.4048647797962,714.8646098008993,655.1874358219296,721.621341796939,695.057248687529,709.0131964170561,734.0279569167164,673.4809177228983
2017-12-22,946.8561247990266,722.5294349921088,714.3488235426656,655.648271031316,721.1474184066066,695.2039065649678,708.8280105325221,733.1421439027548,673.700128112343
2017-12-26,959.6478985054313,723.1860265475102,714.5206537971272,655.8019043031401,722.5693927889107,694.91059081009,707.9802359086714,731.5923616984342,673.700128112343
2017-12-27,954.0078363925671,722.3421278755363,715.2943331844778,655.1874358219296,723.0433161792432,697.2547783408163,708.3245867812557,732.9207595734018,673.4809177228983
2017-12-28,951.2131101161355,725.2486821199782,716.153853825347,657.3384954457232,723.7541757383285,699.744688345663,709.7819412030902,733.8064806885135,675.2348040462326
2017-12-29,942.0668840596168,720.1856154153025,712.5439410074084,652.8826137141406,721.621341796939,699.3054496730966,707.1057495680761,730.7065946338975,672.6041777690083
2018-01-02,980.1764012807123,725.623784343874,715.8101194427115,661.4874336640863,725.1762011734594,694.3248947036528,712.1665606334325,736.9064126925546,676.7693783762337
2018-01-03,984.241551962899,724.9672741202645,720.8811804132717,665.6359196398495,729.6790094362982,696.5220902843265,716.6711232249259,743.3277529288393,679.1810482737347
2018-01-04,987.5441368772886,726.9365607957177,724.1475065959991,669.9382973117796,732.7597412111793,698.4266382553499,719.6918960059444,746.2063465529523,682.9078789040151
2018-01-05,1003.5502398924257,730.030422156732,728.8747593102116,671.9359820880919,738.9214089722484,700.9167487037648,724.4879847474256,753.5132700560739,685.3193963956834
2018-01-08,996.690466641922,731.1557288284196,731.1096607238959,673.3188107466797,740.5802174176521,703.1140110989612,725.8128398432704,755.0633279569442,686.196441161239
2018-01-09,998.7230419830153,730.4057683760034,733.3442666427316,674.2408688019667,742.2391790215358,702.9672864069996,727.4555183136912,757.0561545165206,687.2925947123507
2018-01-10,1001.2635796701812,729.1864421529664,731.9688858699166,677.0065261191421,741.7652556312033,698.8660105569619,726.3426529284931,754.6205592982383,687.0734351248503
2018-01-11,1003.8043247735767,742.5948826849901,735.837208932957,687.7624056928815,747.9269233922724,700.4773764021529,731.6421193665565,759.2704573042998,692.9926236592986
2018-01-12,1008.8855038560233,745.9699080503427,741.1661630326341,693.9085118388714,753.1404891085431,701.7956937505571,736.4117727193974,764.8058926277731,697.1579766723568
2018-01-16,986.2737124715334,738.562940437069,738.5876749837386,687.301376665238,748.8747191201106,699.744688345663,733.8944697443293,762.5918655365437,694.3080384017993
2018-01-17,1009.3935699102105,745.9699080503427,748.9014794318964,693.7548785670474,755.9843357674981,706.4830665941685,740.8895775394622,771.2274626111827,699.13112418708
2018-01-18,1012.9505508300953,739.8753915617452,746.7526408928672,692.5256831802836,753.614514604529,703.9930229602762,739.6443970470106,771.6703231687385,697.1579766723568
2018-01-19,1014.7289375819229,750.6584418536654,751.4801152282162,697.289154485943,757.8802845929614,706.4830665941685,743.0095207006133,774.7701632739296,699.5694941640251
2018-01-22,1042.9299741030466,752.5334649823938,755.4339840499268,702.9742316042892,762.3830418029735,709.1824401278402,749.0509280985983,780.5275343198552,705.7079946918064
2018-01-23,1056.141350841752,753.2835067666017,755.6057404306764,704.6643268065251,760.7239270406095,710.9428691732892,750.6405055183183,784.0704187803019,706.1463646687515
2018-01-24,1049.7897473535504,748.8768689537437,753.6289537672453,701.8986694893496,758.828182426453,712.1165330799371,750.3490254230146,781.8562078913726,707.9002509920857
2018-01-25,1049.0275964182122,750.9393618626282,753.8009317691314,695.4451029814545,761.1979525365954,716.9578465839672,750.6670790710107,782.9634052346871,707.4620334209735
2018-01-26,1068.3363880558534,753.4713018739252,761.6227542853217,705.7400827397219,768.07063301523,722.5326499187602,759.3581045513173,793.8127996534311,713.3811203515332
2018-01-29,1075.4500387712787,749.2518085140559,754.9184194128296,702.3595693048218,762.6199269188996,716.9578465839672,754.3236828199173,788.4986567604608,708.9965569490303
2018-01-30,1056.9035017770905,742.3133120216928,746.8389253886588,690.6820193123095,755.0363868811797,713.7306383205608,746.5865419554948,780.5275343198552,700.8848073026372
2018-01-31,1047.7572757205717,738.2815324373552,745.1198102332082,691.2964231874342,755.5103102715123,716.3712150742116,746.9574663807715,783.1845138674905,700.2271761343032
2018-02-01,1035.3081536253194,741.3755564619532,745.7217332398092,692.6793164521077,754.7995017652536,712.7036991058746,746.1095075381846,780.0845818634496,700.6657493190254
2018-02-02,1011.1719566620382,726.6549088006285,730.3358335891211,674.0870417118855,741.2912301352175,702.287181379915,729.8667112967258,764.3632158679171,684.6618160292936
2018-02-05,975.3490996631872,698.0577561453285,702.4015235714394,643.202231649255,710.0092232036731,677.0532069434187,699.3420812056453,733.5850963591605,656.3808308820549
2018-02-06,998.2147685125985,706.7773375468623,713.3173248999103,656.263062542955,722.8063800104903,679.1075530744503,713.1205834133686,749.970523443902,665.1500084890049
2018-02-07,1012.188399894757,707.1526837661337,710.738910724727,654.7262775821147,721.621341796939,678.080881117855,709.2520820631835,745.0994249061873,662.9577521887255
2018-02-08,967.9812603584961,687.7441529558209,686.0705575212119,625.8393461140538,694.8420920754066,658.1284610757966,682.6487780448847,715.4282729936207,640.5961587837121
2018-02-09,974.8410336089999,695.1513645644703,697.330388727167,633.8291807341035,706.217223447093,669.8651669567976,692.9031297750072,728.0494772379874,648.7077560242724
2018-02-12,986.2737124715334,701.9019032859264,705.6677758804547,644.5851895200143,714.9855974870574,676.4667090627084,703.0782213938929,740.2278209247984,656.1616204926102
2018-02-13,997.7575194346414,702.3706997340043,708.246190055638,646.5826804780695,717.118584586927,679.2543445809347,704.8270098563471,742.2208312820744,657.6961948226113
2018-02-14,1023.3670975842543,715.3101811543665,717.5293084718743,662.1020313574681,726.5981755557636,682.921994178317,714.3394666812322,752.8487035231906,665.3692696803938
2018-02-15,1043.9463136276509,722.5294349921088,726.382260262259,665.1749552182916,736.3144984820462,692.3111049879313,723.4543334187802,764.8058926277731,671.5077702081752
2018-02-16,1043.1840589841977,725.0609683444467,726.8121313932619,663.3310975320604,737.2623963155379,695.0989409497257,723.6662770747428,763.920539108061,672.8233373565087
2018-02-20,1042.1678231677083,718.7792260710685,722.7724213180326,665.943315395669,729.2049839403123,688.5892019980749,719.1353712039772,762.1490968778377,666.2461620401167
2018-02-21,1043.4381438653486,720.3732478590423,718.0449469826837,661.7944417833916,723.7541757383285,683.0051782591422,715.5581657303596,759.9348859889084,662.0808598290026
2018-02-22,1041.40567223237,719.8105945231985,718.3027662380883,661.3336065740052,725.1762011734594,684.4747636870552,716.4855689029195,760.599268724092,661.4231778587244
2018-02-23,1054.6169452629608,729.0927479287842,729.9921730801976,674.8552726770914,735.3667027542081,695.789335413314,727.906163397045,773.6632416271647,672.1655029803977
2018-02-26,1076.2123971228466,734.0623644046533,738.243423485118,681.1552059131625,744.372064015752,700.638466216506,736.3587177233807,782.9634052346871,679.6194182506797
2018-02-27,1059.1901619993348,723.3735776594581,729.9921730801976,672.8577171129505,736.0776133661201,692.2625976444139,727.1641763824396,773.8847178553675,670.6308778484523
2018-02-28,1039.3730968912766,710.1530135665496,723.4598900833037,665.1749552182916,727.7831627164883,685.3559804276209,719.7977757245576,766.5774727062714,661.4231778587244
2018-03-01,1035.8162196795067,707.2463779903159,714.2629822891469,656.4166312086933,717.592763241393,677.7149379767467,709.3313882291044,755.0633279569442,654.4077849712202
2018-03-02,1059.6981243454075,718.8729202952507,718.6464267470117,663.4848600160559,721.1474184066066,679.3309808385303,712.988130142063,759.7134097607055,656.8193024628885
2018-03-05,1081.293679913408,724.1233754482906,725.6085070011964,673.3188107466797,728.7310605499798,688.5892019980749,721.2286026483838,768.127346809442,664.4924281226151
2018-03-06,1091.4561417864159,732.8434448405754,729.0466634383854,679.7721188302319,728.0200478324144,687.266274447601,723.0570196595472,769.89901878679,665.8077412612273
2018-03-07,1107.9702071476254,738.1879195449649,728.1011537965733,680.3869103418708,726.8351117245165,687.707250297759,722.7920210075678,771.8917074980915,663.1770641820588
2018-03-08,1117.8786878475971,737.0629382004446,732.6567240037483,682.6915386314028,730.8638944913694,693.1442820866389,726.2897360965284,776.3203130736498,665.5884800698384
2018-03-09,1140.4902718158576,748.3141342861081,744.9479061050343,696.2134631588318,742.9501406862746,702.5488938655315,738.9288454210453,790.491575218887,676.5502695906775
2018-03-12,1142.7768283299872,751.1268316427843,744.8616954829549,696.3670318245702,740.3432812488992,700.7854581665587,738.0014422484854,790.71295954824,675.0155428548437
2018-03-13,1129.0573855370944,748.6893178417959,741.3382149082322,690.6820193123095,735.3667027542081,698.8752309611015,733.2321573331169,784.7343879706611,671.5077702081752
2018-03-14,1121.1814801782161,745.1262533737444,736.2668584428234,685.4575189790067,729.2049839403123,697.1117952621288,729.4693514828089,781.8562078913726,666.0272564623375
2018-03-15,1108.4783769099274,741.844434241823,736.4384670761486,683.4600926270372,728.4938691170935,698.140338025361,728.6744936909228,781.8562078913726,665.3692696803938
2018-03-16,1103.1430092382152,747.3763787263686,738.243423485118,686.840218425423,731.8116902192075,701.8142681878819,729.4645617956685,781.8562078913726,666.9039964162276
2018-03-19,1082.3097083136677,740.813065789693,728.8747593102116,677.6894770512076,722.9678090485418,696.1612250469473,719.5947206226151,769.8648324146359,659.7158769182687
2018-03-20,1084.3423873628758,740.6255960095369,731.8830446163978,680.1543930393921,726.533900046938,697.9277342139666,720.8184856869872,772.5295774150857,659.2748144382783
2018-03-21,1084.08819877361,743.8137209172762,730.6798634666052,682.9272862381672,724.6320801464032,695.5723886579408,719.4348648143043,768.5326666868232,660.3773182324215
2018-03-22,1053.3465208572056,728.4747076427078,711.7464742847454,661.9759202781577,705.612860084521,683.059498466139,701.4513857347827,748.547699500686,644.7222926958082
2018-03-23,1032.7675122300386,712.7693759777607,695.8607450976481,643.6433620024992,693.0126650831442,671.7242810523501,686.5001009979221,731.8936980271798,632.1543997074621
2018-03-26,1054.6169452629608,728.8508671798974,715.545060563516,663.8246234208173,709.8923122305113,684.9732000267793,705.281984080001,754.5429966689424,646.2657065641091
2018-03-27,1000.7554099078792,716.5312153450318,704.9260838104651,648.1107436173387,700.3825490410901,682.175943217277,693.284002012037,736.3348018463214,640.3125823309009
2018-03-28,975.3490996631872,717.4715735221098,703.7173621322613,642.1027652826019,700.3825490410901,684.2372380586746,691.2356278298877,731.8936980271798,640.5328595611749
2018-03-29,992.6255233759646,724.243014514065,714.0776331453617,654.7352578280287,709.4166019912441,691.4503334913275,700.0678569714679,744.3285314039966,648.2502845162887
2018-04-02,960.6136284700347,707.6906935690546,696.9834039011969,634.8621674385587,693.0126650831442,679.8209985483877,684.9570848637688,726.1201068342509,634.359102484083
2018-04-03,974.3328638466978,718.3177494842548,706.8254508235626,644.1053601214285,702.9978321948723,686.5922495420866,693.7361668999644,734.55825922993,642.7377655455728
2018-04-04,997.7067024584112,727.3463916947228,715.6316405541563,653.3486820164696,710.8432221807786,692.4812147628559,701.1587542723779,744.5505130758738,649.7934951768126
2018-04-05,1004.3122871196492,735.151885087938,718.9122243633286,658.1246869027572,715.3601210237889,696.3084174405682,706.6920403413242,748.9916628444404,654.4240923953249
2018-04-06,976.6194203608275,721.8914684170353,702.6812094456405,639.7919348088416,698.956184115689,684.8259408186356,690.9427660940627,731.2273854161488,641.6354141572623
2018-04-09,982.717042675993,720.0107520628792,704.4079335934426,641.0244897120623,698.956184115689,686.1510064338377,694.3481415415184,734.55825922993,643.1788280255631
2018-04-10,1014.2208715277357,733.6473282709715,716.4084965111292,655.3517290978962,710.3676650999915,690.2728611568828,705.3884625095069,747.6594971166277,653.321436195349
2018-04-11,1018.5398996748439,734.869663770306,712.0919077627605,651.1920016632191,705.8506641513279,686.8868347728968,701.6906858730665,743.4402830705134,649.7934951768126
2018-04-12,1029.464616191305,738.5375649180196,716.9266467281518,660.7433653749368,711.5564812227193,687.328812840896,707.4635484084008,750.3242880665024,654.6445728333758
2018-04-13,1022.350861767765,735.904285494109,714.2502021369448,655.9678773373352,710.1298099803579,688.3590927817197,705.3884625095069,748.1036442580818,652.8806785270241
2018-04-16,1021.8427957135776,744.0863450834729,719.8620186804455,661.9759202781577,714.4092110735215,694.9833518253661,711.1881288709537,753.8770976027358,658.1724630499679
2018-04-17,1051.3141529323418,751.1398447294762,725.905627071465,667.6759860083893,720.5904320672198,700.1361546344624,718.7968232215823,766.3120228784024,661.2592907865695
2018-04-18,1058.4279073558819,753.866818377569,723.3153931023376,671.2192421731988,720.5904320672198,699.9884945391823,719.3288008769549,767.6441886062152,661.2592907865695
2018-04-19,1047.503087131306,747.941960006718,715.0270580939178,665.6731327452198,713.9337560983878,696.6027354132873,715.3381625046895,760.7606431044754,659.4953964802178
2018-04-20,1038.3567573666726,743.5219837800007,708.8111762061639,661.9759202781577,709.1790531885706,691.5977263285166,709.2724382335302,752.3224907087965,655.746873419742
2018-04-23,1021.3347296593904,743.239681130577,708.0341725017665,660.435388164346,708.2280411326499,690.7720992708798,709.1659137493403,751.434426173013,657.0699592558246
2018-04-24,1006.8531359311594,739.7603070763132,699.7460591144832,650.2676823949321,698.2429250737483,683.9877526307216,699.6155999741725,736.7787651900758,651.5575418889971
2018-04-25,987.2900519961375,738.5375649180196,700.9544852978385,650.2676823949321,699.6693410519762,683.3979140238739,701.3448151959088,738.1109768673134,654.2036119572739
2018-04-26,1004.5664757089149,740.8888670196737,708.2067414933497,656.7381110911981,708.2280411326499,689.5918207264797,708.4747711059176,750.1021685463504,656.6288459738901
2018-04-27,1000.5014287348429,738.4434640348783,709.1565358104666,654.8894079485384,707.7525351046894,691.3616038051138,709.1397086341203,751.2125363999857,657.7314513719217
2018-04-30,993.1335894301519,731.8603874727894,704.753514818882,646.2622988990219,702.0468201389515,687.2319985974295,703.685866895147,745.8830923485109,651.337010649002
2018-05-01,1005.3286266442533,735.0580282001722,705.0988005494727,647.1864243490517,701.8090160721446,686.9376138101877,704.9362976215796,750.7681595114069,649.3526867065435
2018-05-02,1004.8204568819513,736.8449689983543,702.7675678151444,643.4892118819895,697.0541600038473,680.8906990576346,700.2008628989821,746.9932764044464,643.8403709436045
2018-05-03,998.2147685125985,732.330729224912,702.9402845541518,642.4110655236213,698.0051720597681,682.0707103439438,698.6578467648288,747.4374235459006,640.3125823309009
2018-05-04,1013.9668903546993,741.3590461082127,711.573757545738,653.0408340180502,705.8506641513279,687.9699650012167,707.7030327654207,758.0959440534506,647.8091204324099
2018-05-07,1040.3894364158807,747.0958653763649,713.2142710714606,656.4298754562643,706.0882129540013,688.706795558117,710.0973236794118,762.0931764276877,648.2502845162887
2018-05-08,1049.0275964182122,753.4909028357549,713.991274775858,659.9731962271596,707.7525351046894,685.0203710798417,710.0973236794118,762.3153878466895,647.8091204324099
2018-05-09,1075.7041236524296,757.7227586279814,720.0347354194531,669.8328601798969,712.982744042467,687.8225053495048,716.9608532422359,770.0868140865131,654.2036119572739
2018-05-10,1084.08819877361,761.7667379810928,725.8194164493856,675.9950532412291,718.4508591527049,693.5741667260203,723.6648493795375,777.1928007543793,660.1568885963148
2018-05-11,1089.3473409809772,762.9895614711783,727.8048463371382,673.9922645841455,720.3527301060664,694.7533762380564,725.8730333153137,778.5251502798917,661.9208845065551
2018-05-14,1091.2021606133796,759.6979825242379,727.0278426327409,676.7652869950921,720.8282361340267,691.8041832038178,726.2189039924714,779.1913250426479,663.0231850929214
2018-05-15,1085.6126043524014,760.0739793978438,722.2793881631412,676.1489449373961,718.2130040330712,686.7898200858621,721.2176876882658,771.4194393085751,660.1568885963148
2018-05-16,1094.2508680628475,769.1023776129363,726.0779005681997,683.0815009647627,722.7300560345616,685.9048617320221,724.250158359031,774.5281936022043,663.0231850929214
2018-05-17,1095.775273641639,773.8046564890774,726.8550520200213,685.3923960446087,722.9678090485418,684.7252513328496,723.6383218815291,773.1957521778419,664.125790490953
2018-05-18,1082.8178780759697,775.4038021799361,725.4737613502342,681.6947313349465,722.7300560345616,685.0203710798417,721.8294320563997,772.7516969352376,661.0388103485186
2018-05-21,1085.8666892335525,782.5505893911624,729.2727169975655,687.8571828206216,727.4849631556855,689.0535629311959,727.2563318052082,778.5251502798917,665.6691535573096
2018-05-22,1089.1693778560566,776.1557959271479,726.8550520200213,686.0084796779619,724.3941739739429,687.576160204121,725.2345311757512,775.1943683649605,664.566751367055
2018-05-23,1101.1104338971218,776.908115001527,729.8767084681067,686.3164568885528,725.3452881355171,691.4172603025655,727.2297582525158,780.967454114215,663.9052592509579
2018-05-24,1098.8239810911068,777.0963167678095,729.617928854444,685.5463523468613,726.7718062193983,692.0083683853455,725.7402576612197,780.3016469468583,661.4797204226762
2018-05-25,1097.2994718042007,775.9675941608654,727.3732022370438,683.0815009647627,725.3452881355171,692.5992092100345,724.0109042754314,780.3016469468583,658.1724630499679
2018-05-29,1094.2508680628475,776.4380172447799,720.2073044110363,672.7598388930962,716.7866391076701,687.7241543720149,715.683848963111,773.4179635968438,648.2502845162887
2018-05-30,1109.4946127264168,787.3470504822366,729.617928854444,682.3112672108997,724.8698331603833,696.8836904814561,725.2345311757512,781.8561159925227,658.6133731241255
2018-05-31,1104.6674148170066,779.0709713415232,723.7471849498563,676.7652869950921,718.6885100610316,691.7124468640804,720.7918660796107,778.3030307597397,653.1010065592423
2018-06-01,1112.0351504135829,784.4317937360694,731.690012606549,689.0894792994994,725.8208962691309,693.3379105735719,727.8681222280261,788.5174960246856,657.951982611917
2018-06-04,1130.835875997037,793.4601106193701,736.0931074718458,688.1651600312125,730.8131990344481,695.2588281026693,731.3267829449188,793.8468941267353,659.0543848021716
2018-06-05,1145.5716583145336,799.1968485557304,737.2153969068338,691.4005681976026,733.1907291742501,693.3379105735719,731.8590829830798,796.067537935156,658.6133731241255
2018-06-06,1165.388619714477,804.2752056372692,743.776786146315,699.7194416121854,740.0851581570624,693.9289518418292,737.9775398674675,802.0629270022623,664.566751367055
2018-06-07,1154.209818316865,801.2656853443771,742.999930189342,695.0978452707506,739.6097031819287,695.1104330476389,737.8978652640743,798.5101174660289,667.4332002694941
2018-06-08,1161.069487859254,803.2408279088417,745.2445829330302,696.7924628989862,742.7002881523645,697.7703191983647,740.0794295924741,800.5087336531475,669.8585866919431
2018-06-11,1163.1019594922327,805.497866463771,744.2085779938337,698.4870159211362,743.1757941803249,696.145189561487,741.063664245142,800.9526969969019,670.961039684142
2018-06-12,1173.0104401922042,806.3442864212914,745.3309413025339,699.8735271266095,743.8890021694389,698.8044743815079,742.0214635091698,804.0613593916811,670.0789655261054
2018-06-13,1178.8540813343334,801.5478253302173,741.1004893025324,698.1789094983739,740.3229111710426,695.1104330476389,739.6537922025551,801.3966603406561,666.9922393933923
2018-06-14,1200.9574955402918,804.2752056372692,742.0499881248007,700.1817627615432,740.798417199003,698.2129654115915,741.5160594064896,806.2819113012519,666.5511261114576
2018-06-15,1201.211476713328,804.5574269549011,743.3452159199327,696.3301417496284,742.2247821244041,701.0203780285519,740.5700501415768,804.9497455734391,666.5511261114576
2018-06-18,1215.693070441559,809.2595431674584,741.1004893025324,696.3148301073146,739.6241000790604,698.7706662329958,739.0467454121936,804.4818885287169,664.3323003943349
2018-06-19,1204.7683539250982,808.507386756663,738.2514757197423,690.7356423634509,733.4209263698775,698.7706662329958,736.2139217967516,799.8035018791936,662.335377569702
2018-06-20,1228.9043434721498,814.8085673282873,737.4741765204965,693.060427751725,734.8523965779494,698.7706662329958,737.4702475227416,802.9223650463092,662.5572296602478
2018-06-21,1199.6870711345366,806.7205272902728,731.8626554718443,685.466434618835,729.1262604815282,696.4023586595564,732.8470941198393,796.9071258276296,658.7850836956951
2018-06-22,1184.1893452979311,806.5325695193657,732.3805840677304,685.0013354077917,728.6491207631132,700.6949244882309,734.1832786679586,796.2389292901761,662.335377569702
2018-06-25,1150.6528373969802,794.0243092592585,723.0563918675385,669.1936475678586,717.4354184294782,701.4346280696095,724.1887674652027,782.2031260496572,656.3445074919151
2018-06-26,1162.8478746110816,798.9008008334882,723.8977395752188,670.2785129591409,719.1056116552378,700.8427182125565,725.7923915635556,784.6537926793193,657.0098605557753
2018-06-27,1129.3114704182456,787.6766069027105,716.8728666657063,660.5147244376008,711.4706614210228,696.8466084213292,719.779722288413,775.073980871622,654.3472798556168
2018-06-28,1142.5229508650657,789.7517875711196,721.9898770852241,664.5442706095674,715.0495156260961,701.1387065483444,723.8949846356968,781.7576004254549,656.788110069118
2018-06-29,1142.7768283299872,787.2048825101268,723.7242840990898,665.9391806061834,716.0039482214063,701.7307500344428,724.937063971522,782.6486516738595,657.4536663407553
2018-07-02,1158.5288464639732,795.410934978079,723.8977395752188,668.5736875693627,718.1511280071009,702.7670432823143,726.4869422535976,787.104643106681,656.788110069118
2018-07-03,1147.096063893325,797.3918520997632,722.7703528540924,662.5295944327127,715.0495156260961,703.5068136782156,723.9215121337053,781.0894957868513,656.5662071766282
2018-07-05,1162.8478746110816,807.1065279742731,728.6676912950542,669.5037567792781,722.4458449482769,708.6874781432992,729.8271963778175,789.1095084155912,660.7821081242164
2018-07-06,1186.4759018120608,813.2374811056081,734.9116451934254,676.4775960954149,730.319262936046,711.795622927163,736.0004583362156,797.5755061627829,664.3323003943349
2018-07-09,1198.4167504368963,819.2740893584264,740.8089097606751,687.1710661903561,735.0910685428104,707.9473736747841,742.6277273699027,804.927506051769,670.7670778609902
2018-07-10,1193.081382765184,815.4067626571584,743.5842712524512,688.5659115808863,737.954213170261,712.239538616322,745.2997740833529,806.9323713606792,673.4296585611487
2018-07-11,1192.0650432405798,808.615964698749,738.2074469873007,677.8725060920309,733.898168193946,712.0916112629508,739.8481890238977,802.9223650463092,667.2167839869833
2018-07-12,1213.1524290462785,810.5020489511655,744.191513166327,684.5363654089197,739.6241000790604,716.5323717030875,746.5557774265545,812.9477024782087,669.8795170929745
2018-07-13,1212.8983441651274,809.7479405773663,745.0589382943964,683.7614154107997,740.8171025335782,716.6801654274132,747.1437115230385,814.2847388450649,670.545124166556
2018-07-16,1192.5733167109968,806.9179195490315,741.6764087624565,682.8317338373986,736.7611086100899,714.755973986701,746.475826495057,812.2793221430554,670.9887775457032
2018-07-17,1205.530608568551,811.3511528578161,746.5327927255078,688.2561253998955,742.0100539352693,716.3843107206708,749.4953097449225,817.6263648242816,671.6545878270616
2018-07-18,1201.9738350648959,814.6523289561918,748.093965884381,693.2150301148347,744.8731475098933,715.7922004200495,751.0718536890585,818.5175998703859,674.0953672386187
2018-07-19,1207.562976493415,820.9718091809766,746.7065436964854,688.1008769759287,743.441575196168,716.6801654274132,748.2393524564048,814.5073178594663,672.0983428100974
2018-07-20,1200.9574955402918,817.953749049943,745.2323937705254,684.0717184404763,742.4873468121644,713.8678085357691,747.3841630284234,814.7299887727175,670.545124166556
2018-07-23,1196.8924485662199,818.2366210219095,745.1452966639001,686.0862654051597,742.4873468121644,711.6142883124162,748.7738170647158,816.2892365585756,671.6545878270616
2018-07-24,1165.6426008875133,810.5965564932659,748.3542968459988,685.3114446192111,742.9643844249262,713.6900150907281,752.5418270943206,820.0768476562439,674.7610759160885
2018-07-25,1190.540845078018,812.2945203111917,755.8993884364739,692.5953285406816,752.2693747264207,719.6212070898761,758.9553563393674,830.9934201342477,677.6454579048485
2018-07-26,1181.3945153133848,820.9718091809766,755.2923681437346,694.9200493228701,750.3607647999337,724.6628973476371,757.1646581144347,822.9728561124085,681.4176546713454
2018-07-27,1136.1712436687492,806.9179195490315,750.6090702882516,687.7908969766806,743.2031074426138,721.1044226804303,752.0341663121224,814.061792235264,680.0863389202941
2018-07-30,1107.7161222664745,803.2395266001726,745.5791569753591,681.4368884468684,735.329638402018,716.8039059235484,748.1057017633141,804.0363629045146,681.4176546713454
2018-07-31,1131.852111813526,812.6715744980913,750.6090702882516,685.3114446192111,739.1472156247788,726.5908972161462,751.7934845333173,809.6059846001422,683.636632794301
2018-08-01,1136.4253285499003,812.3887838579166,748.6145539339044,679.7321276631759,739.6241000790604,723.9215902177125,750.5374351354317,812.2793221430554,679.4205794408799
2018-08-02,1165.388619714477,819.5572053257683,751.2160905809909,684.5363654089197,745.1117684219275,723.4769395688031,754.626077875339,818.5175998703859,680.0863389202941
2018-08-03,1155.2260541333544,816.9161180498426,754.685200103571,685.9312107994499,747.736292137344,729.704654419921,757.859577241949,821.6361873409518,684.7460456528623
2018-08-06,1167.16690275819,822.2923121530437,757.026627410176,688.4107277630052,749.8835229758652,730.7427516599066,760.6386089864294,825.201035626519,686.5211163869494
2018-08-07,1183.9351567086653,823.8959310924527,760.2354798448504,691.6655823611948,752.9851864096967,730.2979673819518,763.1506617275168,827.42884754523,688.5180900135265
2018-08-08,1185.2054774063056,823.4243693634527,759.2816224735652,691.8201847243046,752.2693747264207,728.6668244380264,762.8300750718982,828.3202663890341,687.4086771549652
2018-08-09,1189.5246092615287,824.3675741532445,757.5469199648509,688.8758269740487,750.1220928350727,728.9635477335645,761.7879496813891,827.874648865982,685.4116527264438
2018-08-10,1192.319128121731,822.6696916671106,752.6905360017996,681.4368884468684,746.3047198236186,725.9975174395927,756.683847213033,822.3046595749549,681.1957009769112
2018-08-13,1184.1893452979311,818.991136054668,749.8285945193832,677.7174514863211,745.1117684219275,724.3663744956673,753.8510696522752,820.5224651792961,676.9798000293229
2018-08-14,1191.04901484032,829.555159831204,754.9453833177645,683.4515646237231,751.7922860608323,727.9252500500106,758.6612511270732,825.6466531495712,681.6395067618912
2018-08-15,1166.658732995888,819.9345035080435,751.5628537858246,672.2933183481671,746.0661499644111,729.2597365129207,752.9957420602416,818.9628497980385,676.9798000293229
2018-08-16,1178.8540813343334,826.6311192515197,757.5469199648509,676.4775960954149,751.3148910782837,734.7462778631593,759.088822813722,822.9728561124085,684.9677453375754
2018-08-17,1164.372280189873,831.818786261271,760.8425001375898,678.3372822726457,752.5080466912816,738.7496036228438,761.7610076912243,824.978180915568,688.2961363190923
2018-08-20,1178.3458078639167,834.6484819624385,764.1384496788894,680.9719184479965,754.416758723422,738.8542351654722,763.3912053422697,825.8693240628224,690.9588186231393
2018-08-21,1203.497929519343,844.5523355847329,765.5260934879215,687.3261207960659,757.5182689987734,736.7739649996131,765.18153512973,827.42884754523,692.5119356627921
2018-08-22,1204.5143727520617,846.2501367390751,765.5260934879215,688.8758269740487,757.9955108228419,733.6547958194955,764.7273438357049,828.7654244178368,690.9588186231393
2018-08-23,1202.7357785840047,843.7033943416659,765.7859812072663,685.6212308002019,758.4727526469104,732.6150950309639,763.7118380525721,828.0967683861339,688.9617941946179
2018-08-24,1221.0283344051568,846.721698468075,769.9490603817867,693.5251393262541,764.1988887433316,736.9226273127346,768.3080034106257,834.7806636365166,691.624476498665
2018-08-27,1241.861739037819,847.2878490709672,774.9790475683914,703.4436594230754,768.0161085963056,737.368614252099,774.3744185020456,842.3558858318532,696.5059845198348
2018-08-28,1244.656257898021,847.2878490709672,774.8055182185502,703.9086294219474,768.0161085963056,737.96266217388,774.7484746458372,843.023898571607,695.6184745537633
2018-08-29,1260.9163420861946,849.0795071130752,779.3151389767678,707.6282602007518,773.5036237806926,741.5278851078847,778.91716042661,850.3756227640436,697.3935960897946
2018-08-30,1260.1540874427415,846.9103068933167,775.7593017161232,701.5838440336732,770.1635946989604,738.8542351654722,775.7635198821295,847.9254156286308,693.3995472327521
2018-08-31,1262.694832546137,851.8147766039341,778.6214648196761,701.274122458768,772.5493953966892,739.4484167162988,775.7905079269783,848.8162830793357,692.7338893572264
2018-09-04,1249.2293709262804,848.2310538607592,777.7544090601675,700.0342670678618,773.2652581327919,738.8542351654722,774.4545536522792,847.9254156286308,691.4024720022865
2018-09-05,1219.2500513614439,847.3820312859003,777.7544090601675,695.6949347149043,768.9706432972692,742.8646432645683,772.3699804884726,840.3505610286936,694.7310661915805
2018-09-06,1195.1139581062773,841.0623883975319,776.8001084466094,687.0159469785607,768.0161085963056,746.8754522508009,770.0452782020693,837.4544606736793,693.1776951422063
2018-09-07,1187.238052747399,839.1761414815318,774.1119179351706,683.2965100180135,767.0619823179555,742.1217325860976,768.5489154628509,835.6718986826208,691.180670713685
2018-09-10,1190.540845078018,840.1191022759482,776.0197065514532,687.7908969766806,769.9250758925796,745.241235838829,769.8846855188139,837.2314221650284,692.9558430516606
2018-09-11,1205.022438806249,840.4020555797066,777.8409151770956,688.7207723683389,770.1635946989604,745.0929075983213,772.423772359434,841.9101764099512,693.3995472327521
2018-09-12,1208.8335046072848,837.7612936309481,778.187973876778,687.7908969766806,771.5950138542056,744.9442452851998,772.6104780485415,841.4644669880493,694.2872096046563
2018-09-13,1217.9796269556887,837.8551505187138,782.6974468875712,690.8904385448177,776.3667684081432,748.6577296451895,777.1801619632706,848.3708493539832,696.062229536799
2018-09-14,1225.6015511415308,843.892246762283,783.9116352204743,695.849989320614,777.5596687570077,747.1723759899072,777.3138126563614,847.7022852211302,696.9498919087032
2018-09-17,1201.211476713328,834.5542997475054,780.182490231125,689.1858069732966,772.5493953966892,746.4295321259593,773.1984581997095,839.459601679139,696.727938214269
2018-09-18,1223.061013454365,836.9122710560893,783.8249074824098,695.2297708977752,777.7983917746953,746.4295321259593,777.394039915963,845.4744733024191,699.8343755013517
2018-09-19,1222.2988625190264,831.6301778360294,783.7384013654816,700.4991078545625,776.8441123378651,740.9334362989672,778.2225636818841,844.5833301551647,702.053099614586
2018-09-20,1227.8881076556604,838.798680635673,789.7221720496594,708.2480263809906,782.0929555573912,746.280802998315,784.5290157865325,852.3809475672031,706.7128571490986
2018-09-21,1198.1627692638601,834.1770015652303,791.4568006846615,707.9379817756569,783.762944571844,747.0239809348768,783.8124970122024,850.153135648492,707.3784134207357
2018-09-24,1202.4817974109685,828.6118737096203,787.8143095596647,705.8862217056032,781.2214327526551,739.465521234123,781.2082888483465,850.7566353956323,702.3284461524283
2018-09-25,1213.6604951004656,829.0832727750367,785.8197932053175,702.7771830428666,781.2214327526551,736.1923445790638,780.4835723402568,851.2039989968322,699.8702416739932
2018-09-26,1214.6768346250697,822.0524646989525,784.4091007980946,698.1135927457186,781.2214327526551,730.5384328493334,778.1481393124717,849.4153716816819,696.071526292597
2018-09-27,1224.8392964980778,822.3363939842127,785.8021373881137,700.6009916517309,783.8588728332287,731.8773958852677,780.3223809461088,854.3341657224826,696.071526292597
2018-09-28,1202.7357785840047,825.5540423323844,786.9343997742419,698.7356201389573,786.4965681779358,736.7873279041634,780.4029766431828,855.0049354277327,695.4010422323674
2018-10-01,1204.5143727520617,813.2519581645529,789.8948149149547,701.0671891662313,789.1341614169896,736.0432145642832,783.114215892753,857.9116960493328,698.0826736616202
2018-10-02,1173.5185062463916,804.5459591722538,790.5046424087558,698.4248002605951,787.9352878874004,737.0851870465883,782.65799819263,856.1230687341825,699.6469671290084
2018-10-03,1175.8050627605212,811.6432153222589,790.1561062348305,701.9999072256609,787.2159535590814,733.3653553069372,783.0875041760085,856.1230687341825,699.8702416739932
2018-10-04,1138.9660736532958,801.9906769367032,783.102718072428,693.4503900850849,778.5836353022945,732.3238505262913,776.967112994891,844.7198918460815,699.4234385743024
2018-10-05,1117.3704143771804,793.0956628602032,777.5298329752305,682.8799945834257,771.8696270090692,733.3653553069372,772.618629727617,838.2358765941808,697.4121896013907
2018-10-08,1096.5373208688625,792.4331340839987,777.3555648882678,679.3046938001029,768.7524435159183,738.1262241255749,772.618629727617,833.9876684609304,701.4345859433256
2018-10-09,1101.6188110756534,789.9729287130912,775.8752095704872,674.485855078988,768.2729043146479,738.7215415232882,771.4909347341571,834.210890767281,699.2000624254291
2018-10-10,1044.200294800687,768.3971496460238,749.315984830772,646.5050885691289,739.4987653894917,723.5457585272369,747.0631158259645,802.0143125106775,681.546894817521
2018-10-11,1034.0377292195642,751.742431975106,731.900331065041,634.0695153729534,726.3105439300895,704.5007465186627,730.6077772176504,788.1517386021762,664.3405303093035
2018-10-12,1067.5741334124004,750.4173744226968,742.5240357356695,643.7073866334401,740.6974857606008,706.7324852075988,740.7547294245863,805.3682529357777,667.6922901851761
2018-10-15,1057.9197375935796,753.9186267289614,738.6925017812799,638.73297645793,735.9018384837638,707.3279362343576,736.5939650494687,797.5426982733768,666.3515760744383
2018-10-16,1108.4783769099274,774.4531961970881,752.3637925729586,654.899615710081,753.1664239445109,719.2308098334407,752.7003012621102,819.0071450436791,676.4072113156657
2018-10-17,1101.872688540575,770.5739137224219,751.9285286609688,654.7437858313427,752.2073455419702,720.1236523009652,752.8345967207775,818.559965240179,677.077644573951
2018-10-18,1069.606605045379,755.9060503939916,742.1754995617442,638.73297645793,740.457741686379,716.1064291205485,741.9627437870158,803.3557600223278,671.2676802196432
2018-10-19,1049.7897473535504,748.524946290518,738.6925017812799,632.2042730723515,740.6974857606008,721.6116117226347,741.56004162975,800.8964549007773,672.3850689834521
2018-10-22,1052.8384548030183,747.8623361825215,737.3861929293254,627.5408119873749,740.457741686379,714.5610092093129,738.2315314499608,801.7906307100776,665.457817469224
2018-10-23,1060.9685487511624,741.9952233838661,732.5970340443308,620.5454588446959,735.6620944095419,713.5172327348935,734.4734692321091,797.5426982733768,661.6588988800509
2018-10-24,1000.7554099078792,715.8773890705525,709.9562926182062,590.23331712582,710.7243201473752,710.8347632754777,712.2197537935012,768.9229151528245,645.3463945809362
2018-10-25,1047.503087131306,731.4915477968641,720.6671682691722,602.6691487463382,723.6726954269022,714.5610092093129,724.9973495529333,788.3754204027762,651.8268429954736
2018-10-26,1039.1191157182404,724.5832253992679,710.8271898107466,588.9896499758567,713.8417078518329,703.5310673499744,712.246649728982,771.6061777715246,642.888596518055
2018-10-29,1028.702361547852,722.5016195193047,709.4336361047426,581.2172148342291,710.9642173800771,709.6425249315051,708.3005462361856,761.7684058922234,645.1231200359515
2018-10-30,1054.8710301441117,739.1568251809734,720.8411408612862,598.0056876613618,722.473821897313,716.4986303690981,718.7966850575301,772.5004454796748,655.8490869315758
2018-10-31,1081.8016422594803,738.5887226150774,727.3720202576493,608.7316546174163,730.8664471327048,715.3063920251254,726.4740008873816,785.6925253794756,658.0837120533607
2018-11-01,1136.1712436687492,752.8779051207716,735.7317911457185,626.2971448374117,741.177076014698,716.946087227963,734.2048322600904,795.3067073570268,663.6700970510183
2018-11-02,1155.4800353063906,757.3254528249174,731.0292861250763,623.8100043557423,735.9018384837638,714.1139532375846,729.8564411021844,787.7047425963759,662.3294337422246
2018-11-05,1138.71188506403,758.0824891432225,735.3833288455053,625.6751820502586,738.0598414687204,721.268318704739,733.8826797452144,788.3754204027762,669.9270169108496
2018-11-06,1138.9660736532958,762.3411030949593,740.1727093516363,629.7170033785106,743.3352321581347,725.889211098213,738.5266959199879,793.9651679465267,673.9490576391747
2018-11-07,1167.6751762286067,771.7092242045039,755.3245770822322,642.9299169979774,758.4415593697917,736.3226328984287,754.3378216079183,814.9827106098785,683.7813167315289
2018-11-08,1149.3826204074546,770.1005626940017,754.4538276371161,639.0436025180351,756.5235046703636,738.1113913015242,752.9684316326045,813.6408036039788,682.4405010169025
2018-11-09,1127.4314497139574,756.7578382497724,747.5744120668277,627.6959311991703,749.8093942714848,739.7508860607935,745.613498591049,804.4738014299277,677.9714539811096
2018-11-12,1086.3748589958545,743.0361889874314,733.7290009356105,607.3326744374006,732.7845528849595,736.3226328984287,731.6816803401489,784.350618373576,669.033207503691
2018-11-13,1095.267103879337,741.4275274769292,731.900331065041,609.5088012224505,732.3051157893426,736.3226328984287,730.3123824742031,783.4563506654258,668.1393472945882
2018-11-14,1082.0557271406315,736.4121212022628,726.1528823860323,605.7781228029893,727.509366406852,732.5964537791162,725.3195020678093,776.9725192112248,663.6700970510183
2018-11-15,1113.8136408735252,746.2537560038112,733.990144508062,615.4157356391331,736.6211728120826,736.3226328984287,732.8896947025784,787.7047425963759,668.8096281470407
2018-11-16,1109.4946127264168,748.619616496202,733.1193211892338,614.327704549651,731.5857814610237,741.5395108348434,734.7954375282488,788.3754204027762,671.491157972405
2018-11-19,1056.3954357229031,736.2230247862702,720.4057292018721,594.4303868780388,712.1631930153198,739.8521768772843,722.3667060004371,767.1346554330738,668.8096281470407
2018-11-20,1037.086540377147,722.02851248626,708.1278443687731,586.0363765857725,698.9748694502642,731.1922797689767,708.9985510275307,754.6134830867978,654.7318505735997
2018-11-21,1060.4603789888604,729.5042867954176,707.8662575540487,592.7205868196608,701.6124626893179,727.9072769433906,711.4144415883376,757.7436498124482,656.5194693879168
2018-11-23,1059.6981243454075,729.4095352579418,702.816028970315,588.8344661579756,697.5361497407997,726.8619637349478,706.6630719450616,753.4956714263226,651.8268429954736
2018-11-26,1091.2021606133796,736.1283545805862,711.8720595954011,603.4463599574582,707.8468296756196,731.4906734275837,718.0717843307043,766.910927683049,660.0948086204397
2018-11-27,1080.53132156184,730.7346741421428,713.3522671657574,602.2027574135807,710.2447809461048,733.8798939466443,720.4876288368273,769.1466429028494,661.8825290386453
2018-11-28,1122.4518008758564,748.4301134212503,730.419827999836,619.1466724829372,727.7491104810739,742.9880496880897,737.0771247397565,792.1763568336766,672.3850689834521
2018-11-29,1119.1490085452376,744.7395207036176,727.0238534522848,615.7268139418383,724.6319780407498,742.0920001234732,735.4664542747452,790.3876376196764,671.0443548727142
2018-11-30,1129.3114704182456,750.4173744226968,734.0773154883994,620.7009656930056,729.1877791377117,748.811202603949,739.9494172194227,797.5426982733768,675.7367780573804
2018-12-03,1156.750356004031,754.9596736643185,742.5240357356695,633.6031240401959,739.4987653894917,753.2905150237132,749.7475512494221,809.3926873695783,680.8763091534029
2018-12-04,1099.3321508534088,720.8929580088026,719.7961233292075,604.8454693496454,716.2394549110113,742.5399246839974,725.4536133077404,780.7733637432755,661.6588988800509
2018-12-06,1106.1918203957978,718.3378384368355,719.6220768633813,601.8919375352184,717.9180208003511,743.2868442338332,724.3532287419177,782.7856728590256,657.1899026462022
2018-12-07,1069.606605045379,704.8056109176545,703.0772464164786,581.9948136818633,698.0157399948968,735.0742035408223,707.5222220758707,760.6505023328982,646.0169802450544
2018-12-10,1080.7855101511059,700.1687228021405,705.2538614712762,582.3055689541399,702.3320012289437,735.3727976429974,708.8642555688633,766.2401120283739,642.888596518055
2018-12-11,1078.7528311018978,699.5065193531032,705.6894947518268,581.3731093190531,703.5307726528795,735.5217272142099,709.0254009083274,767.5817892871489,641.5477808034287
2018-12-12,1100.3482829617835,706.4143537599484,709.3469083666781,586.9690946452021,707.3673925800026,733.133375283945,712.5955139606024,773.3948969855247,643.1120234688726
2018-12-13,1083.3260478382717,695.6264235605188,709.78224615238,582.6163888325021,707.6073408655312,736.5673076807436,712.3540492521687,773.3948969855247,642.6652203691818
2018-12-14,1061.2225299241986,684.8388186882564,694.020994170256,571.7351088463951,693.2199395595795,728.2059378600885,699.2004630522152,756.402156351373,633.0563882276451
2018-12-17,1014.2208715277357,668.8795285033365,678.8953516074735,559.6102909224961,678.8328956234147,710.1387563919784,685.4833977930043,739.8566874195712,621.6599880737356
2018-12-18,1013.4586168842826,669.7348136261658,679.8579999505046,562.7193295852328,678.8328956234147,709.2427068273619,684.7316471853818,742.7631263951969,617.8613234942837
2018-12-19,997.9607873395622,655.0019661960673,668.4793059416996,547.3297077259446,667.8027792546226,703.419687540548,674.4772954552593,729.1240964390206,610.2637403256588
2018-12-20,960.8675059349562,645.7820316112276,658.5878375059053,539.0913011911166,655.8135844832898,697.4471373518171,663.4982272170472,717.2741073428192,601.1019144915899
2018-12-21,910.8171400890251,630.8587864564673,644.8455540768501,524.6346235125579,642.1458748754438,689.9813493941192,649.9034831986526,698.7161454975675,592.6106743216391
2018-12-24,897.859744523356,619.1673007157605,629.44000401873,511.82333362492216,625.366444426905,666.5076035595037,632.7311192144839,681.1101638381886,576.5904336078027
2018-12-26,953.2456854572289,647.9680268459979,658.9379989014978,542.7576642522511,657.6715500056822,685.8077802304647,664.6997478690267,716.3668818968364,602.2766586504586
2018-12-27,954.5043908460166,651.8651616489695,666.6409586148384,549.1632930445476,665.3859384382553,692.6894756302714,669.8029292437019,723.7777889485935,607.6843224082397
2018-12-28,964.206803521969,654.9070926609038,664.9779136069099,547.4447711645984,663.4573668565254,692.0909511354661,668.9388973163843,722.4302761128514,607.2338107666186
2018-12-31,975.220190476546,658.8990603331431,671.8927885590305,551.3506612885116,670.4487451572564,697.9261974799433,674.7980663296139,729.8411372151836,611.9653006464141
2019-01-02,981.2515433063827,661.9407880155978,671.5426271634378,555.4124458972486,670.4487451572564,687.3033565077278,675.4998936597345,728.0444687506691,614.4439275064384
2019-01-03,948.9974899524985,649.5840082177642,654.6491127951855,536.039729641621,648.0280794631121,680.4213270353073,659.3806621355612,709.8546536980235,599.5729283754564
2019-01-04,1007.7364179445321,673.0618939002376,677.7573270717975,563.068331660251,670.9308369998622,694.3351173256339,681.4671990710955,736.1287186754729,618.7249057446128
2019-01-07,1051.5281027730823,681.9967605547316,681.8712802277379,573.223439242951,677.4401745108144,694.7839104749537,686.8403990583107,741.0693846425443,623.2312414074862
2019-01-08,1054.6749180991092,692.3575361834976,689.2241524191978,578.8479804589849,682.9850220195947,702.2644644421796,693.2933050582136,749.8273450357941,628.1881903158692
2019-01-09,1087.7153900871842,699.391028208712,693.0754106547316,587.2843723434785,689.2532370300039,701.9652021947769,696.5335284086937,752.9712965889261,630.8921746005926
2019-01-10,1093.2221872725875,701.8625386986832,696.2266415939288,592.5964139229216,691.9050229548825,708.9965621255463,698.9907300210866,755.6662303615605,633.8213639041822
2019-01-11,1095.5820654238494,703.2882036775796,694.2132135692711,592.127761377164,691.1817575589071,708.6974335071892,699.2605183602064,754.9925658425392,634.0467213288813
2019-01-14,1075.9151696659571,697.300069172689,690.5370360315337,586.9720019190592,686.3600733404487,704.0595702249365,694.9944729773681,749.3782813058716,632.0187077143667
2019-01-15,1108.6933638318158,702.052448432594,696.8392024150794,593.2214778021888,693.592727300203,712.736905923682,702.9596766371681,761.280514898228,636.5251449811286
2019-01-16,1109.4801972984658,707.4706097403767,697.452206478503,595.8774339858246,692.387165850315,714.23308353165,704.6606142829023,760.1575569021596,639.6793868977519
2019-01-17,1118.1336023936663,714.3145173588476,703.7540773672,601.9705631415303,698.8964012556137,718.8707463703345,710.0066420065326,765.9963043796511,645.0871014574773
2019-01-18,1122.3292178842155,721.5382444451403,713.2076224373671,614.1568214529418,709.5039023249151,724.7057922712435,719.4568789532765,775.2033744522483,654.3253334157002
2019-01-22,1078.0130811193467,709.5617314399834,703.0540500708634,599.3145423518088,700.3429320475645,722.8019792599704,709.7367155033606,764.6490672404586,645.7632245335187
2019-01-23,1067.2617645707567,708.3259761949979,703.4916040679299,595.8774339858246,700.1018095470215,726.0997436594021,711.2217487903047,765.7715657422776,646.6645018264823
2019-01-24,1090.3377534768924,712.3182285285086,704.104386510217,606.9700404782969,704.2001773166777,725.6502155503318,711.5997656369238,766.6698769998223,647.7909841383122
2019-01-25,1116.298176178723,720.1124168026602,711.8074200972695,619.1564280018798,710.9505352225193,726.9990671356334,717.6210010832983,771.6105889163186,654.7758958592656
2019-01-28,1092.959805742256,715.7401010059523,706.9055299275336,610.4072780564526,703.7179833684186,726.3993399794184,712.1667909068526,763.0767238684931,651.1708374893557
2019-01-29,1081.684244673577,715.6447801459336,707.2556913231263,606.8137583569587,701.0661463907132,728.3483196080714,711.2217487903047,760.3820657924084,652.297421405074
2019-01-30,1108.4312934258285,723.0590676204718,716.1836988050558,618.6874524256937,712.1559435139272,736.1426345741369,722.4810597809142,775.2033744522483,660.6343252683893
2019-01-31,1128.884918942256,728.9522879243028,727.3002888831513,622.7496892770307,718.4239543130296,744.3871457945002,728.8260596561059,784.185935634597,664.2394852421876
2019-02-01,1130.458274751212,728.2870751989681,730.5389862975345,625.8744918246813,722.0400770815999,745.1365374816778,729.1771805672445,784.185935634597,665.3660691579059
2019-02-04,1148.551918408263,737.6019239848674,735.3531144972359,628.9991651601604,729.0316085408111,748.7343659027852,734.3072578774004,790.2491460529122,669.1962817447379
2019-02-05,1151.698630026175,738.1724665045182,740.1677598129222,631.186404191953,732.4068640729721,750.682811015256,737.3853226853676,794.7407023406362,670.9987855287208
2019-02-06,1152.7475338988122,737.1267836570271,738.8546545794499,632.1238384956396,732.1656905196024,749.7832870954564,736.4132925239708,792.495062045049,670.7735297079101
2019-02-07,1114.2002647253337,730.5681879642774,731.5019301354142,620.0936684873093,724.4510978757226,751.8817308115038,729.3931309807189,785.0846144875412,664.690047685753
2019-02-08,1127.3115631333,730.1878805057048,733.4275961900372,622.1247546099349,727.8264044607101,755.3294269999892,730.2841509528853,787.779180664776,663.5634129680903
2019-02-11,1138.5873316182085,736.1761776741791,734.2152377089841,624.3121228538989,728.0674248555996,755.7795564397641,730.6893400630894,788.6774919223209,664.0140262136
2019-02-12,1160.35213882949,746.1564831807888,742.6183724660855,636.186010740891,737.4696197391467,759.5265816901749,740.0855088107677,799.0075659404115,671.9001136236285
2019-02-13,1167.9566400520532,749.1033779939758,746.8197920972119,639.3106194702843,741.0857425077169,761.4754276897824,742.4884119506747,800.5796795652523,674.6039963044634
2019-02-14,1171.1034553780798,750.8142735668017,745.4192203885535,638.9979906215221,742.2912018519515,758.1777301048734,740.8414043399539,800.1303860882051,672.1255726522161
2019-02-15,1185.0014835445816,762.0300903230215,753.0346397529959,644.310096807051,748.5592637038806,765.0729220382759,748.9146062338331,807.3165085531638,680.6875799305091
2019-02-19,1185.7881095950022,766.2124963858186,753.0346397529959,646.8097708693485,748.3183964674711,766.8149770899682,750.2104468787313,808.4392368021075,682.9407477619458
2019-02-20,1195.4905222709547,771.6306576936012,756.0983303432948,650.2469438414184,750.4878352856105,767.8661699764132,751.7226984839443,808.8882545826051,685.1939663953267
2019-02-21,1172.1522555426025,768.0184688232875,751.9845249347787,644.7787493528085,746.8718146226936,769.6683580985816,749.049454348709,806.8674907726662,681.363398194885
2019-02-22,1200.210382281593,771.5353368335825,759.3368800102537,651.0279668115953,754.104264371141,773.2726007138731,753.6937468515866,814.053613237625,683.8418726490765
2019-02-25,1216.4684960155862,769.8247665879239,759.949736326253,654.3091160866699,754.3452847660305,771.0201495228841,754.7197991573651,815.1763414865686,684.9687105745162
2019-02-26,1207.2907426921818,762.4104791133859,759.7745078810323,652.4341182671252,754.58630516092,770.5694855669273,754.179715877601,815.4009422756674,683.8418726490765
2019-02-27,1225.122108527016,763.5514014891038,760.824918194098,651.8091836000294,755.0683970035258,771.3200131009917,753.8557211753634,816.0743770475638,682.2647770917371
2019-02-28,1220.9264930364668,760.6043440123332,758.9868663620854,646.8097708693485,754.58630516092,774.3239940438862,752.4516059682818,816.0743770475638,678.6596679198828
2019-03-01,1227.219812564176,764.9770664680002,764.5011696055476,653.2152704494736,760.3721730645899,776.5765788639206,757.149736396805,822.8116655297247,683.1659019788679
2019-03-04,1212.2729842331516,757.08755733383,762.4881109494509,649.1534212346508,757.479315691995,775.2247206250953,754.3956662910754,820.1169155547901,680.0116600622446
2019-03-05,1215.6818699651656,753.950834118524,761.6127074604692,644.7787493528085,755.7916623995012,774.4738590184171,753.3695679306129,819.2185123983954,678.4344120990723
2019-03-06,1189.459169441118,739.1229098237825,758.811785664289,635.7170997707906,751.6933967354985,772.071075151238,748.8066079997539,814.7270480095215,673.2520041621017
2019-03-07,1168.7433698105885,731.4233917553149,752.6844783574032,628.0616016443024,745.9073756733485,769.6683580985816,742.5426643684765,807.9901271227601,668.5204126784176
2019-03-08,1176.348078449381,730.6631021653369,751.283980522457,625.4055808545809,743.9787019859651,769.067762353571,741.0571705346921,805.5198860380742,668.2951568576071
2019-03-11,1217.2552257741215,742.3543845765644,762.8381245976191,637.4359446811683,756.5150809539567,777.3274404705987,751.8034783997545,817.6464906724046,677.5329824002761
2019-03-12,1220.6641115061352,741.214112855181,765.9893555368162,640.2479245617996,759.1668668788354,780.4812863880243,754.6386508040825,820.3412406473392,679.786404241434
2019-03-13,1230.8909761184066,744.0655241447657,770.1032348190445,645.8722719595762,765.1938062302215,783.6348650473589,759.6339260540467,825.5064155046593,684.0673824796083
2019-03-14,1223.0243007817414,740.9286382658761,769.8406876460622,643.8413150491219,764.7117143876158,784.0855958178385,759.1477267546121,824.6081961459644,684.7434039517614
2019-03-15,1232.2021578132606,741.118954658746,773.2545396319538,649.4658562651558,771.2210008457412,785.5873190311947,762.898374168333,829.5484026187864,687.672390047574
2019-03-18,1228.53099425903,746.9170167661422,774.2171879749849,651.9057696981694,773.2028715785544,784.2029221197896,765.6642342731774,830.4948688736665,692.3180754435289
2019-03-19,1231.9399836991586,741.4993434491105,773.7796339779184,653.6261651546043,772.7196055209344,779.8395328969989,765.8545322276402,832.2973729151482,690.5051572609746
2019-03-20,1235.0865916089556,735.9677242917322,772.2330139403389,650.810825757516,769.3358241667132,777.4322056422726,763.5491268538507,833.1985330370392,684.8396736361177
2019-03-21,1260.5226660825826,745.6000110611237,779.8786476530506,664.8877165612145,779.9705874454769,786.008918669755,772.1734190969801,842.8868773864408,692.3180754435289
2019-03-22,1207.552813098169,718.4196582194112,765.6416319737245,642.0519848992319,763.2931094918742,783.902056323841,757.3117107205817,827.5655011349968,678.2678833258163
2019-03-25,1204.9305534165758,721.8534051384613,765.3777550739236,640.1749196849446,763.0514764630642,784.2029221197896,756.7424748258189,828.2415090746898,676.4550159452062
2019-03-26,1210.1752801959917,728.6240328124981,772.320554289237,645.9623328430592,770.3024583876067,790.5223733106449,762.383344636688,834.5505489164252,680.7606839282868
2019-03-27,1197.0639817880253,728.433309760669,768.9813886263294,639.0802987747197,766.6769418989221,788.115246499487,758.396390639146,829.5935249540759,678.4944599971775
2019-03-28,1209.9128986656604,735.2997462854754,772.5843573153259,643.4595576886475,771.7526139302539,788.115246499487,761.2712161264345,832.5225250973461,681.6671938215081
2019-03-29,1225.384282641118,735.7770012399031,778.2088062636043,650.1853096356488,777.0702253073559,792.0267691049112,766.0715418988475,838.3807091815866,686.1993368720613
2019-04-01,1243.740100412271,744.8368748584319,786.2942840584592,664.8877165612145,786.0132000146624,792.9298341944167,775.1563349277158,846.4918854694041,695.0376051231932
2019-04-02,1253.7046872023252,740.6406423910246,786.9974140507062,666.6078535933065,785.7714138273723,794.1332305636887,775.5363781804328,847.3929536924452,694.5844009785267
2019-04-03,1279.1406579678373,744.2647057029445,787.7881582655634,672.5514842666738,787.4633045044828,793.982764258453,776.7564588700815,849.1955496327768,695.9441658183589
2019-04-04,1262.0961255996533,750.1778522957728,789.6336713425032,672.5514842666738,787.2216204228461,792.4784352787094,778.8175901997106,849.4207937138245,699.5697989756906
2019-04-05,1282.5495436998513,756.7580822451479,793.6764102399308,677.8694696060023,791.0888720459941,796.5410255200742,782.5868897604687,852.3501614524944,703.1958385485763
2019-04-08,1279.9273877263727,756.186157085036,794.6434171319787,678.8077437888032,793.747601155305,794.2841645705837,783.1837584656569,852.5752217358424,705.0089091369633
2019-04-09,1266.5539152043045,746.7443493720982,790.2490393647156,670.5181369310482,788.9137153112634,792.6289015839452,779.1699085326342,849.646313491422,699.7965788548287
2019-04-10,1284.3852810391388,758.093387603327,793.6764102399308,677.5563885146402,793.0224978575682,794.7354966717681,781.8277243487154,852.3501614524944,702.0627011820495
2019-04-11,1267.8649931910438,756.5676031886942,794.2039424183963,677.8694696060023,792.7808137759314,795.939227113654,781.61062256814,851.6742454116512,702.5159561286602
2019-04-12,1270.7495306948538,760.0007807852015,801.1465200125733,687.7230605866827,798.0982209417266,800.3024827073993,786.8991740460855,857.3068178194443,706.8217257156292
2019-04-15,1257.3759544646707,757.044370152371,801.1465200125733,683.4999545819218,797.6145464614929,799.7003502283653,786.383730022284,857.532153799342,706.595149044268
2019-04-16,1266.029359559871,760.0962643088038,802.4648702796084,688.0357540415306,797.6145464614929,793.3812331101238,786.8991740460855,856.1802298188057,708.4080672268225
2019-04-17,1233.7755136222165,756.6626800533373,800.0041369278804,683.1871319149025,794.9561236691421,788.8675112111429,784.9736277062768,852.8004658168902,708.1812873476844
2019-04-18,1234.8245212029685,753.992150668771,799.213318839311,685.3767613718663,796.8898005335428,791.7262373815763,786.5192229027365,855.053825615867,708.8612713714889
2019-04-22,1239.0201366935178,750.0825314357542,799.213318839311,686.9406808887059,795.9229621013425,788.093197706979,787.1975162893115,857.0816656372464,708.1812873476844
2019-04-23,1269.9626972282035,761.1454444233434,808.0893931015988,693.5100861082832,801.7234821662777,794.8766089438187,794.2757527891407,865.8688498647571,713.393617629819
2019-04-24,1258.9492065655118,763.5291979099356,807.5620825442697,692.8844407742445,802.2069524352045,797.7406134615495,792.5130558121057,864.2913142077736,711.5805470414319
2019-04-25,1247.6735417887182,755.6138252659651,804.8377677875894,687.410108707492,799.0649062154469,800.0022850566781,792.0247840518892,867.6709863108392,707.501557333601
2019-04-26,1250.5580792925282,762.3851035943366,807.5620825442697,688.9741574365029,800.9985830798475,803.6200242055653,795.7131194781009,871.0506584139049,711.1275461045425
2019-04-29,1253.1803389741215,766.1046504298589,807.4741728268108,690.225512710666,800.9985830798475,801.8110210020762,796.9605566500707,871.5010546771506,712.940311881264
2019-04-30,1238.2335106430971,764.1968505890252,807.7378281054754,690.6947467111949,804.6241506213588,810.5542358202545,797.367035291428,871.5010546771506,714.0736016536237
2019-05-01,1226.6953606278573,757.3304953960106,800.7071930464152,683.9691885824508,797.3730665911629,802.7152219384684,791.3739392570035,862.7144218427392,710.9007154234602
2019-05-02,1232.7266097495792,759.7145742097701,799.4768263705513,681.9358412468251,795.4392365682821,803.1676230720168,789.6654946977703,861.3622221656534,709.5411029894607
2019-05-03,1268.9137933555662,774.6878384165026,805.6285120024467,689.5999965887987,800.9985830798475,807.9914979856089,797.394207555013,870.6001702518092,714.9799591410123
2019-05-06,1280.1896655485896,776.0231437746817,802.5527799970672,683.0307851874785,798.0982209417266,806.1820938949834,794.1129955357353,867.4459260274912,711.5805470414319
2019-05-07,1240.331214680257,761.8127717752657,788.842927127646,668.4847249893368,784.3212072318984,796.2336119008959,780.8512729376505,853.7019935341807,699.5697989756906
2019-05-08,1217.517607304453,755.7093087895674,788.4036001614879,667.2336927456023,784.8046264479985,794.8766089438187,779.7666851284544,853.0259855944877,698.2101357397469
2019-05-09,1207.028464869965,753.992150668771,785.8547354711646,664.2620066210901,783.112735770888,794.5748745590743,777.4072115555992,850.0966178558178,696.6239466343865
2019-05-10,1212.5351583472536,756.4721196650919,789.4581474024341,664.4182887424283,786.0132000146624,804.9764258319377,781.3127408717544,854.1525735951262,699.3434763140507
2019-05-13,1145.667380904453,732.8203466116972,770.2116075547691,636.7341933781605,764.5018362170182,799.8514846788286,761.6780171505801,834.324845341128,680.9872605996478
2019-05-14,1167.6944659379512,740.6406423910246,776.3633670603766,647.9954863604278,774.4114451452182,801.3584194249595,768.5661399146828,840.408457304116,687.3325250405323
2019-05-15,1181.854668218555,741.9760290809954,782.690946000902,652.5312858200366,779.9705874454769,804.5244924000485,773.0683997719741,848.2942057131861,688.4656624070591
2019-05-16,1187.3613616958435,744.8368748584319,788.7547957890506,657.0671498857312,787.2216204228461,809.9511011233793,780.2277846250859,858.6586499011306,692.9981102692777
2019-05-17,1152.7475338988122,732.7251884152622,784.4487709815194,647.9954863604278,783.8376859101447,810.5542358202545,775.1835993006688,853.0259855944877,689.5985965658089
2019-05-20,1125.7383110324588,727.5751780251259,778.9119362558513,639.2366455021437,776.5868060912557,807.3827508688227,770.0577590214448,846.2665494895065,685.7461835293391
2019-05-21,1151.1741780898562,737.3027856545359,785.7669735011301,649.7160756351199,783.5959507756813,812.3665797498812,777.0004565861376,852.5752217358424,692.0916511780006
2019-05-22,1133.6050900772386,730.0548216942794,783.3941498668611,642.0519848992319,781.1790078536606,814.6317257001928,774.6140870778017,852.3501614524944,688.0123566585041
2019-05-23,1102.4001480122213,712.6973973419957,773.1118156200794,628.9138205209343,769.5774571955233,813.2724510493422,765.1496192336888,842.8868773864408,679.8542248370096
2019-05-24,1105.0223039856999,719.8503657694008,773.5512164599495,630.9472324626457,770.3024583876067,815.235662171341,766.8848676190346,843.7881294071816,680.9872605996478
2019-05-28,1098.466706635774,715.0814761557552,766.8719247758764,626.4113683969512,764.0183148952647,805.5702733101505,759.7523326467194,839.2820531011772,672.3757214257098
2019-05-29,1088.7642939598215,709.2641384136966,760.9839682963577,622.9703836658242,759.9094812961332,799.8313066929577,754.6538949045006,832.7480448749436,669.2031908091561
2019-05-30,1096.3687951823847,707.2615057035953,762.9170955959079,622.6574317866335,762.8097923814275,802.8516571939264,756.7153025622339,836.8036330188525,668.7498342586568
2019-05-31,1068.0484943292922,697.8196979906575,754.5683318909491,609.9885014088649,752.4165089729938,802.7009236305996,746.5180586403238,825.5382125067166,659.9118708191905
2019-06-03,1052.5770066457196,701.4436799707856,752.1955082566801,606.547516677738,749.7577798636828,809.6483645207935,744.6198227281524,816.0747446429633,664.2174880003267
2019-06-04,1096.1066210682827,720.5177744531148,769.9481000235288,628.28811058081,768.3690367873395,813.7256539571636,760.7832667490063,832.5225250973461,679.8542248370096
2019-06-05,1104.2356779352792,718.8967505102553,776.978735082589,630.1651111890117,776.3450199039655,828.6771406003392,767.3728630511467,841.0842814461092,683.7065870715352
2019-06-06,1104.7602335797128,717.2753199084367,781.9001279123326,634.3880879816012,782.6293165547878,832.905965374309,772.3630262311822,847.6187491665924,688.2389333298653
2019-06-07,1133.0805344328053,721.948238007729,791.215750761915,641.2700574438551,793.747601155305,834.2651063961142,780.0922917446334,858.8839858810283,692.544855322667
2019-06-10,1143.831850981395,727.0982483978654,794.291704388431,648.1519623000231,798.0982209417266,832.754764109323,783.6717538977691,862.4889939639917,696.3973191610811
2019-06-11,1135.4405162921819,725.4769804596303,794.9067769157947,647.8391396330038,797.8564347544365,830.7917534308923,783.4820085995149,861.1370699834555,697.0771507790529
2019-06-12,1131.507282331964,723.9511147132058,793.5887221436083,641.2700574438551,794.7141843233719,834.8693101253534,782.0992627658288,860.4610620437625,695.2640801906658
2019-06-13,1145.405206790351,732.4391445034145,796.8404213313298,647.0570829654555,798.0982209417266,835.3222457750838,785.3260381485685,862.4889939639917,699.5697989756906
2019-06-14,1129.4094745866894,725.2863387395931,794.2039424183963,640.4880653823924,793.0224978575682,839.5508032909627,784.4582757918436,861.8128022265988,698.2101357397469
2019-06-17,1164.5477543200393,725.9658658602891,794.0714129787987,641.2700574438551,792.7808137759314,836.8326548763978,784.7566180350696,863.8411017422276,697.3036258465255
2019-06-18,1182.9034683830776,735.4384983223284,802.021037017009,655.0338671561913,801.7234821662777,836.9834552542472,792.973878980633,871.7265744547481,705.0089091369633
2019-06-19,1187.0992912898562,737.2564265331957,804.9357243299008,657.6927306136841,805.3493560247492,842.4206206721728,794.763748221253,875.7823463963566,705.2353334024917
2019-06-20,1188.6725433906975,742.2322242252435,814.5633897396062,666.1386841988632,814.533912708039,847.1025147249186,802.3572445261475,884.3438270485701,712.2603786594037
2019-06-21,1191.5569771863927,736.2039931469832,812.2668776499886,662.697764073822,810.9082430608743,843.477893680188,801.1910478168284,883.2175147444813,711.5805470414319
2019-06-24,1174.5123411100938,727.9747611183609,809.7937335146195,661.4713467487439,810.4230369958393,843.0240894416618,800.2098067186231,882.9462293396452,708.9118701079633
2019-06-25,1165.8588323067786,724.2435838366076,802.904049498342,653.1382599953045,802.8987692899277,839.0900503420703,792.3613516828703,871.8639632353137,704.8062093794005
2019-06-26,1171.8900814285005,725.008834665887,801.2258603794228,661.3141601422058,802.1706028225883,824.5655753137977,791.5712375234407,869.3761694703014,704.8062093794005
2019-06-27,1201.5217713926766,739.1702449266245,803.8758581816799,666.8171773110146,802.6562173102369,828.4993471552982,794.3781784064508,872.5427281405031,708.2276695227858
2019-06-28,1258.1625805150913,749.0257061327831,807.9387646025243,672.634761511157,803.869640895438,832.4329185532304,798.4658079433093,875.9349903860018,713.473833899792
2019-07-01,1256.5891209980205,750.5568584456763,814.6518904467623,680.1817860197341,810.908294113701,836.2152886861766,805.7148152115674,883.6246266494351,718.947946600654
2019-07-02,1244.0023782344877,746.2509093910974,816.6833436571847,677.0372140098556,812.3645759955531,844.2339668196407,807.8129745071665,888.1479799392163,719.4043512678082
2019-07-03,1260.260388260366,750.4609682631149,824.5445408619511,680.3392310506151,820.8595110956682,853.0093862377852,814.2715912878907,894.48063778537,724.6505156448144
2019-07-05,1253.4425130882234,753.4273827063398,822.7777771621635,679.7101615940337,817.9471004904441,850.1347582109369,813.3452473730639,892.6712413301476,724.1941617796043
2019-07-08,1241.6422926669964,745.4857398936099,817.9199157248692,673.7353261812674,813.3354476010634,849.8320216083512,808.8758245054947,888.6004898760092,720.0885518529857
2019-07-09,1265.2426298013356,744.5287086992078,819.2448407522855,676.8802212215744,814.306268153747,851.7989075291014,809.8840536485487,891.3142629128682,720.544753312363
2019-07-10,1273.8961386046508,746.5379292844469,822.6897196972803,680.0248578375387,818.1897545757882,853.9173287874514,813.753660311151,897.4206657906255,721.9132560866063
2019-07-11,1274.6828683631863,742.9976377181065,824.5445408619511,681.5967885090065,817.9471004904441,852.7067832642449,815.6615216522873,897.8729919297188,724.1941617796043
2019-07-12,1270.7495306948538,749.5043437276719,827.4594497959793,687.57181774003,820.6169080631507,852.2529790257187,819.3131975500013,900.5871325619772,729.8964768140435
2019-07-15,1276.256224172142,744.7202450689551,828.3425361510244,686.9427482834486,822.8013564123422,854.2198649464689,819.5857491701637,901.0392749033707,728.9840738952888
2019-07-16,1268.3893414192476,745.4857398936099,825.604407010172,682.6976762095454,819.8886905429846,851.3452369196207,816.9422103061356,897.1944108222291,727.1593696616682
2019-07-17,1274.4205905409694,739.9358210830711,819.9513689352914,677.9807212855991,815.5197427917748,849.8320216083512,811.3829493953895,893.1234755703908,721.4571054291733
2019-07-18,1280.4518396626913,741.371001881611,823.3964695014226,679.8673482005719,820.1315998924623,853.4636581779706,814.3532922973817,895.3849224681568,724.8783623647818
2019-07-19,1266.2917410902025,739.4572648199741,817.3015927541708,678.2950944986756,815.7626521412526,841.8135439184553,809.8296170120108,889.7311214260423,721.0008531678518
2019-07-22,1278.091857803315,738.4048314337616,819.8630898492718,682.2259871777594,819.1605240756452,840.9189642733393,811.8190872532701,892.6712413301476,722.597507473728
2019-07-23,1282.2874732938642,745.2939595284871,825.604407010172,689.7730116863364,823.5294207740283,843.7991379055759,817.6235433018575,897.4206657906255,728.5280248417444
2019-07-24,1309.0346257542303,757.8288966163128,829.8442409716166,698.4206008650239,828.3838809072332,843.1932638132679,821.4657934821385,900.8131118338241,732.8616338941631
2019-07-25,1265.5049076235523,749.5997459194823,825.9578188490992,686.4713176760054,823.5294207740283,842.8896586218864,817.5418422923664,896.2898504428928,729.4403261566104
2019-07-26,1294.0874862988617,757.2547754978217,831.1692398727452,689.6157604737125,825.471317143529,848.3463338804552,823.0194021936214,903.9794867063259,733.3180385613174
2019-07-29,1288.3186187074712,753.4273827063398,830.9041809935497,685.9993702198765,825.471317143529,849.8617540709755,821.5203222280445,901.9440190804069,732.4054324347858
2019-07-30,1300.9055688872338,761.5606432206089,827.6358602205943,684.8988055497662,822.0731388921761,847.2853192591659,819.5037718325684,898.0991549992652,732.1772809031529
2019-07-31,1270.7495306948538,757.9247054670824,819.0683564539584,675.1505870948827,812.3645759955531,841.828644000597,810.5380301619495,885.8862573449007,725.562715355792
2019-08-01,1251.3448090510635,746.3466369100751,811.5602755932706,660.2135308660097,807.0248587444864,841.828644000597,803.4798735043627,882.0417608591587,716.2108394482786
2019-08-02,1209.3884467293417,737.6390926137313,804.0524902274313,648.4213050713581,798.2871674533737,842.1315810467511,797.4303144273022,875.9349903860018,711.4209781345384
2019-08-05,1157.9921569701135,717.6409876444809,778.5253551201686,624.5219634202926,773.0448630798925,823.4886588360937,773.4491798996357,849.9261454892966,689.7521200413365
2019-08-06,1168.4811956964866,725.2002897038425,790.0964901491252,632.383619566289,784.6952202403628,835.6141584249839,784.2951501009657,861.6866251057181,698.4197445617281
2019-08-07,1183.428024027511,726.3484506090327,790.7148131198235,632.6981219915368,787.1223226748986,837.7363881111307,784.7583681130632,863.2696746936942,697.2792917152291
2019-08-08,1203.3571976076198,742.0409318508716,807.5855743847336,649.5218697414684,802.4132569079325,850.0135566666662,800.155277972717,881.1369247832727,709.596121495085
2019-08-09,1187.0992912898562,732.8549939550146,800.695742621032,637.1007037024068,796.3455774008332,850.316560527343,794.7051666631512,875.9349903860018,705.2625632446104
2019-08-12,1162.5547954787826,724.6261685853514,791.7746792680445,625.779779303027,788.093347438889,844.5570150371428,785.0307355144893,865.7575603575564,696.3669395984188
2019-08-13,1186.0502837091042,732.1853893129212,804.847371370169,637.4150769154833,801.1998333227314,850.7715674272787,797.239555925999,878.1965291826176,706.6310152169095
2019-08-14,1144.3563029177137,710.6555627082348,780.027207688185,613.9875535083753,778.6274386276102,833.9468688242501,773.6669264457878,852.8663572922519,685.6466117186064
2019-08-15,1142.2585988805538,707.9768188126941,782.6769099955934,613.6730510831275,777.6565670220998,843.1932638132679,775.710741214217,856.7112213733934,686.1027115740952
2019-08-16,1171.8900814285005,723.7647835781353,794.2478972771257,624.0503389945924,789.0640658859191,850.316560527343,787.1565276205138,868.0193748507218,698.1916438320394
2019-08-19,1194.4414109820877,731.2286021138946,803.787505221948,635.5281269700819,800.471666855392,856.5881057053856,796.6399239397682,878.6491310182604,705.9469162356206
2019-08-20,1186.8369097595248,725.2002897038425,797.6044971361009,630.0251744073587,794.4037831369859,850.9693384146224,790.5357440074335,871.8639632353137,700.01634806566
2019-08-21,1197.3260521940126,731.0369844123554,804.2289745257584,636.9432586715258,802.4132569079325,855.0694784177733,796.9670043058367,880.2320887073867,705.4904607665221
2019-08-22,1179.7570678895097,729.0276824953245,804.3173274854903,637.1007037024068,801.9278466315907,857.347252312885,796.7217170586273,878.4226922521642,706.1746613516996
2019-08-23,1140.9474171856998,706.7328490567343,781.7936758931239,615.4027498159049,779.3555029892962,842.7698601825934,776.2557523451736,856.484966404997,687.015165294794
2019-08-26,1148.2896405860463,713.3352825852774,790.7148131198235,619.3335132828174,788.093347438889,852.3363635501122,784.8400691225542,866.6625802311421,694.5421845628539
2019-08-27,1130.7205525734287,704.3406370637922,790.3614751546085,616.3460632733913,789.3068220769168,851.7288859092581,781.7606687287498,865.7575603575564,689.5240193116479
2019-08-28,1137.5384277455712,712.7609174714108,795.4843954710982,622.163841291791,794.6465393279834,854.0066598043697,787.2654008935898,870.2810055461875,696.3669395984188
2019-08-29,1158.516608906432,724.6261685853514,805.023781794784,634.4276915121429,803.3842816719228,860.0805008095916,797.321349044858,880.4585274734828,705.4904607665221
2019-08-30,1162.1875650444333,723.1908251232278,804.4941811523782,635.3709403635436,802.4132569079325,861.5992617262494,796.9670043058367,879.7800382648431,706.1746613516996
2019-09-03,1134.6538902417612,713.2397177298833,798.5762319457265,625.779779303027,797.5591541445144,866.913956123972,792.3068229369643,873.6735434882359,702.5253544883467
2019-09-04,1136.4896275810486,720.5117559005198,807.5855743847336,637.2576964906879,807.5104221793083,872.6843923813805,801.2999210899044,882.9462293396452,710.9648274771054
2019-09-05,1154.8453416440868,734.577275978696,820.5698396534141,654.2388246654148,819.4033313194695,870.8620930878639,811.6006959415415,894.48063778537,720.544753312363
2019-09-06,1152.2230819624936,732.5680553934568,821.6296319279229,653.7672002397144,821.3451766361435,872.8361949770713,812.2277765194615,894.48063778537,721.9132560866063
2019-09-09,1148.8141962304796,743.7632952063449,819.9513689352914,660.6852198977957,817.2189340231047,867.0654914615717,812.636650004389,888.1479799392163,728.0718741843112
2019-09-10,1162.9743985110833,753.0445539622206,819.1564877925538,665.2450528212896,814.7916784300888,860.9915836418271,812.4457072843496,882.9462293396452,732.8616338941631
2019-09-11,1194.1793405761007,768.0673492301743,823.5729537997498,673.4206945438481,820.6169080631507,864.6361154143376,818.2228989599839,888.6004898760092,739.2482511176681
2019-09-12,1193.1304367034634,768.0673492301743,826.2228038545826,672.163072479371,823.7722790706792,868.7363222320113,821.0573805440514,893.3497305387873,739.7045033789897
2019-09-13,1186.5747356454228,769.3111563225505,824.8979527008784,674.521582244387,822.3158440303471,864.7877175664601,820.5120930849905,891.7664052542616,739.7045033789897
2019-09-16,1190.5082807299848,771.8944980262808,821.1882364978246,679.5529749874955,820.1315998924623,864.6361154143376,817.9777038221428,888.1479799392163,738.7921512621793
2019-09-17,1193.1304367034634,770.1724599979748,824.3678349424874,675.9367139458309,822.0731388921761,872.22878415074,820.0489671822611,891.7664052542616,739.0201503879796
2019-09-18,1181.0680421681343,765.9624011259573,824.8095258674343,671.3769456284227,822.0731388921761,874.6583606415423,820.5396337860478,891.7664052542616,739.9325533067341
2019-09-19,1176.0856969190497,760.9864407703259,823.5729537997498,668.2322444063728,821.8304848068319,874.8100964227103,820.4848287120375,894.48063778537,737.6516984156804
2019-09-20,1173.2012631233545,758.4029364030121,818.979707999378,662.7293564497354,818.1897545757882,873.4432717307888,816.608405956197,889.278887185799,734.4583390019836
2019-09-23,1167.9566400520532,758.977138853295,820.7466194465899,663.6757063932503,819.8476951231379,874.5389630893859,816.416726361213,888.4163245808562,735.4909901227812
2019-09-24,1128.6228485362687,749.422117286137,815.0446031005536,652.6329757989479,813.5075466798968,876.8205454122943,810.0103355921927,880.471760907865,729.5244541762906
2019-09-25,1131.2450045097473,759.4091733314681,819.9218194504313,659.889789770505,818.1410501791087,877.2767549736396,814.8014043731133,886.3732293503973,734.3437298157526
2019-09-26,1129.4094745866894,751.534954574161,817.8821662579603,655.6301813273166,816.6779272184776,881.6882506528113,813.1041050474183,885.4653606124654,731.8192288000693
2019-09-27,1118.1336023936663,747.0212027914697,814.2464715144813,648.0579604453117,812.2884051781044,878.4936478765076,808.7235677200509,877.7479708963695,729.7540281623626
2019-09-30,1124.6893034517068,747.5017110175705,819.3895593543881,652.1596716150191,817.8971197730967,880.7758315301207,812.474353297824,882.7415706009698,733.4254846734091
2019-10-01,1098.7289844579907,732.80887882905,809.0143658514334,640.0124999854636,808.6304701444601,873.3219365574726,802.8101462890195,872.3004827722281,723.3283950456724
2019-10-02,1082.208592901781,725.5103264942785,795.0917566910191,627.2343207167554,792.7798948250506,862.5211685111707,788.628803759978,857.319683658427,710.7070584119739
2019-10-03,1089.0264680739235,726.5669078018741,802.1859970162408,635.1221423274652,800.8271476877613,866.7805943365605,795.0897232749044,865.9446664159053,714.3787181307973
2019-10-04,1100.5645143810486,733.6730291171881,814.0688052367597,641.7478194476981,812.7760107259946,879.1023949932938,805.8486501233943,877.9749610555649,725.1642249050842
2019-10-07,1102.13776648189,733.0970373674851,809.9897204729543,637.8038763393004,809.3621082040157,874.8430359824267,802.3721662437772,874.3431185084376,721.7219359645557
2019-10-08,1065.1638531173674,720.7090668274867,796.6879459894516,621.397419296985,795.4622613931275,864.1945382334748,789.9153874133838,860.4972701906138,710.4773320200692
2019-10-09,1080.1107851565064,723.0137658124253,804.048427173263,629.284982483352,803.997375067862,868.9101068056872,797.4166822408257,868.6686402251007,716.9028635328708
2019-10-10,1082.4709744321126,724.7423103840772,809.4577558717597,635.7530853605323,808.386743949755,871.4963633523412,802.8101462890195,873.4355254670552,722.8695518851941
2019-10-11,1099.5156105084113,737.9945125440056,821.4291386731469,651.2130632471614,818.1410501791087,871.800703503473,811.1327803516717,881.1527313854515,731.8192288000693
2019-10-14,1108.1690156036118,736.0739436118554,821.5180087488637,651.0554243980231,817.8971197730967,869.518987551519,810.2293716694979,879.7906985314288,731.3602840357024
2019-10-15,1131.507282331964,744.1405120568281,828.6123229477976,660.9940369875009,823.5057833152623,870.4312730451641,818.2509002078816,889.097019361893,738.4743342989428
2019-10-16,1122.3292178842155,746.0609996571865,826.661318209907,654.5259987164063,821.5547995426075,870.7353459382049,816.9365916346825,887.7353541032699,737.5562415624321
2019-10-17,1124.453367490638,754.511535491364,829.3218060792894,656.5765958769172,823.7495095099674,872.1050436546047,819.3462648131438,889.5510915791338,739.62169620986
2019-10-18,1099.5156105084113,749.8061660071336,824.8878320023138,650.4242229406132,817.6532404199115,874.8430359824267,815.7595260199294,882.968744557865,739.8511685920435
2019-10-21,1112.102456980059,757.0085028321763,830.3858091553908,659.2585237070093,824.4813007280031,879.0188100253321,821.2895882609927,887.9623442624653,745.8177553404782
2019-10-22,1099.5156105084113,759.1212587884085,827.814117488013,657.365500789551,821.310971242249,874.7515000862576,818.6068108061605,880.2447707486696,747.8829051762406
2019-10-23,1095.0577171956454,761.0419903841423,828.2575813820515,658.9430521904758,820.5797416053072,876.7323502422628,820.9888511741964,882.5143047452246,749.7188366395408
2019-10-24,1118.395880215883,759.697494533487,832.3368138932813,663.5180029380264,827.1638204545601,877.9518489115179,822.3301477922444,887.0544755245334,748.8010487146955
2019-10-25,1141.2095912998018,764.2107583254272,836.593417187384,670.3015773317402,832.5284514850604,872.9229202276024,825.6974820706812,889.5510915791338,752.2432868532799
2019-10-28,1170.5790034417612,771.3171236361167,840.7611504057699,677.0848286950255,838.1369108159191,868.6556771030506,830.351676330628,895.906540340057,755.4557985999594
2019-10-29,1162.1875650444333,774.3900013948403,839.4311280922151,675.0342315345147,837.1616486673119,871.5511512609971,830.1051916616336,895.6796420797114,754.5382138828911
2019-10-30,1163.498850447402,770.260623660313,840.7611504057699,673.6143835888138,841.0636672654482,877.9518489115179,832.6513709235963,900.4463435239661,755.4557985999594
2019-10-31,1159.8275831850567,762.6743194460654,837.4800494806124,667.7774175629577,837.8937462023079,877.3422332059358,830.4338378869595,898.1765338308614,753.1611763820135
2019-11-01,1186.0502837091042,774.4858915774016,845.99332994253,681.1866044708187,843.98960686975,876.5802135739583,838.1270886374897,903.1701335354618,763.7173123780054
2019-11-04,1192.6059847671447,780.8243221096816,849.1856346656826,692.071631609897,844.9652774409709,870.636994960715,841.4942386971903,904.3051762302889,768.99548197989
2019-11-05,1190.2458991996534,782.0726024506082,848.3874292058982,692.5448065816545,842.7708227377445,866.0650107978951,840.5634735326954,901.8083763779888,769.6837467206075
2019-11-06,1185.7881095950022,778.5192164657839,848.5648738624833,686.0771559470742,843.2584793384616,870.0273124406102,840.7547846902072,902.2626323929294,770.1428946927514
2019-11-07,1185.5259354809002,780.3439765471645,851.4024370198902,690.3364413598341,845.9406927480583,867.1315042100499,843.7118638431953,904.0780941722436,774.0441283976468
2019-11-08,1202.3083974430972,781.4963667055297,853.1761448486199,693.0183045838405,849.3549526398242,865.7603365741495,845.7924302494902,906.1209137061529,775.6503842709865
2019-11-11,1214.633069800643,779.1915863887994,851.8461964087772,691.1250232420393,847.8915744150597,863.9316230864488,844.1772924801268,905.212953069371,773.8144020057421
2019-11-12,1223.2866823120728,778.903509182156,853.5308125406536,692.3871677325163,848.6231103689619,863.6268152336577,845.9565691434169,907.2558645021302,774.2736515817744
2019-11-13,1215.9441477873822,774.4858915774016,855.9252811725827,689.0742322632714,850.3299084714712,870.3323875514923,846.2302260759963,908.617713558453,774.0441283976468
2019-11-14,1220.9264930364668,772.9496966934154,857.6988412538881,689.8632017819909,848.8669386693203,873.0751237104296,847.4624652022321,910.6605330923622,774.5031239639578
2019-11-15,1242.9533706537354,777.0788304325672,864.2609692304908,697.1198865413766,856.6703121788458,875.0565751971396,853.5947384918326,917.0161656509853,780.4694059007271
2019-11-18,1242.9533706537354,773.6217412892635,864.4384138870759,693.8068864660459,855.938878330597,876.537318650352,854.2243981320588,917.2431558101807,780.9285030709267
2019-11-19,1270.4873565807518,775.0621273224801,865.413842382309,692.071631609897,857.4021033968816,876.537318650352,853.9781897911687,919.9668539228264,777.7156865125817
2019-11-20,1269.9626972282035,770.9329935833283,861.4232583256597,687.0235704966748,853.5004421685321,876.2321099104245,850.8024429983478,917.4703297670759,774.962119530269
2019-11-21,1262.6204738278573,766.8034531852173,860.2705329212657,687.0235704966748,852.281249613913,871.0408887507461,849.4336056792425,915.2000605797218,774.5031239639578
2019-11-22,1269.7004194059868,768.6282945983897,862.398760694605,690.1786086924387,853.5004421685321,871.1935599352327,851.3224003811854,915.8813986527077,776.7978477857922
2019-11-25,1302.4788209880749,787.8345532424343,869.9363171664407,702.6413164446134,861.547490819936,870.5828083827638,857.9206549639258,923.144624252713,782.0760681896209
2019-11-26,1311.13232979139,787.1620206558351,872.8626765258523,699.8016851592973,865.2053237479269,876.9953322038116,859.864254739879,927.9116932923673,781.3876510430706
2019-11-27,1317.1634752049972,790.7149999817003,877.3854468048327,704.3766359068478,869.1070870819296,878.8271859740815,863.6972939833516,932.4511288808769,785.0592599599498
2019-11-29,1322.4080982762985,785.6255817764734,874.8136073900307,699.1706775201445,865.9370128603092,877.3007413873073,860.4940985988414,929.0460926952453,782.3053881659715
2019-12-02,1283.8608291028202,776.8868060720689,867.7192931910969,690.8096809376772,858.6211427930205,869.0561633524213,853.1843912570156,919.7401394601807,776.338852219481
2019-12-03,1287.2697148348338,773.7177941354084,861.866648345986,680.2401899212181,852.524975808618,869.6666476467992,847.4624652022321,915.427326435467,769.2249543620734
2019-12-04,1289.8918708083124,779.7675781385024,868.162609337711,688.7590191710807,858.3771102813552,874.3997216239724,852.691514028395,920.6480081981126,774.962119530269
2019-12-05,1283.8608291028202,782.3603543300843,870.6457264242206,688.4430954119472,860.3280430011833,876.8427278338478,854.2243981320588,921.1018966176537,777.9452604986536
2019-12-06,1296.9720238026716,793.3079388368659,877.9175591534516,699.9595178266926,867.8877413688305,878.6751161202998,862.0271669212416,928.1384077550131,785.7475755026115
2019-12-09,1286.2207072540818,791.1953455442175,876.4100921833117,696.8042858126715,865.9370128603092,878.0641641242627,859.3167566559841,925.6413322061633,782.9939069164104
2019-12-10,1291.7276081475998,791.003402515511,875.2572929052056,696.6466469635334,865.9370128603092,876.2321099104245,858.3582665716958,923.8257785279991,782.9939069164104
2019-12-11,1284.123003216922,790.811215491429,878.4495976283583,703.1146852346279,870.0826044946705,873.7890368860263,860.795112013742,927.230630915931,784.6000611858617
2019-12-12,1295.3987717018304,799.3578855035435,885.0118733523854,720.1519560978389,878.6175139580981,871.8043783022242,868.2142452848524,932.6780271412225,794.0089876767692
2019-12-13,1287.5320963651654,794.2681419711491,884.2137417663131,716.0504387463886,879.8370638825041,875.4686203589463,868.7346632145303,934.7210304728316,792.6321025817243
2019-12-16,1317.1634752049972,797.5591515955467,890.0922424106765,723.4648915670839,885.6891473024145,880.3541650770378,874.7028897195721,940.8492133780096,799.0575832925817
2019-12-17,1315.852397218258,804.4115990521593,889.3798043306987,725.6734506071615,884.9575602956858,879.2852663420639,874.89438509582,939.9417122354772,799.7461528449647
2019-12-18,1325.2925320719937,807.2103886724334,890.2702041832467,728.0399069207202,883.4946925991883,880.9655179602114,874.9490059510941,940.6226827130636,799.5165280569486
2019-12-19,1333.9459371671942,809.7194744502276,893.9225205119596,731.668249300413,888.371769134625,884.3242172043922,878.5355605255724,945.8429968803098,801.3523579163602
2019-12-20,1336.3061264428002,808.4650942249141,898.9994913794918,734.3501125244195,893.7369106933924,889.0571575525199,882.3870216426619,951.0637705418053,804.7947484607773
2019-12-23,1352.8264142908952,809.8160966189154,899.0883614552087,741.2863510986717,895.6967266050677,883.8714819982299,883.7350422445801,951.9753152337323,805.5336119379692
2019-12-24,1358.8575597045024,812.0359665449807,898.8213818594974,741.1280015825906,894.9615659004693,885.0954572405094,883.7625829456373,952.4310416302709,805.0718730666686
2019-12-26,1357.546585425878,810.974342666292,902.1171836533728,743.3449594138109,898.1466496531419,887.237063138254,888.4670689205583,959.9502974260326,806.6876797055276
2019-12-27,1345.9920495285066,807.3070108411212,902.2950715522308,739.8610116356853,898.6368588951943,889.9902891772633,888.2472038589405,959.9502974260326,806.9190317596483
2019-12-30,1309.1444526477562,806.8243066566412,897.9306126383885,735.4269021549877,893.9816579446316,888.4605038643516,883.3502093047225,953.3424944233481,803.4556092103112
2019-12-31,1317.3034811599173,809.237014261123,899.623133257465,738.5940216887798,895.9415759619603,892.4379055892085,885.4959891436214,954.9373070641084,805.9953000073257
2020-01-02,1329.147466405571,809.8160966189154,907.4613557377528,749.3626286614045,904.0264037051282,886.0129542669291,893.7771739906356,968.3808222171718,808.765580829297
2020-01-03,1319.4091707219131,809.333555098019,901.5826334722528,739.702468301347,896.676532455252,887.5428732088864,887.0091618425153,961.317017121399,803.2249175814658
2020-01-06,1329.67388879607,808.5615537300183,903.7203909544594,741.2863510986717,898.3914990100346,888.4605038643516,890.3930758072073,965.8744648844845,804.3790869529126
2020-01-07,1345.9920495285066,803.9288135358875,902.4734026933617,746.3537940376077,895.2067215743222,883.2595277843516,887.889635292036,964.9628282937076,801.3778604923745
2020-01-08,1376.2597813604782,805.6663859364319,906.1252757798017,747.7790688945084,900.1066697761241,885.8602162679198,892.6217540773823,971.1150886975535,803.4556092103112
2020-01-09,1377.8389448238606,805.4729789354726,913.5181136495349,751.8964147369583,906.4765309645094,890.2962328769412,898.6742606542215,980.6848835306141,806.9190317596483
2020-01-10,1367.837541653068,801.7091876051976,912.2710515147251,747.3036973158368,905.0065158722728,891.3667351604611,896.0884743639825,977.7227998013882,804.1483445221229
2020-01-13,1395.9995839230437,808.3683907244344,919.8421466518771,753.0048613495255,911.8661778800968,897.1799327124304,902.2506831982105,987.7485967275371,807.6115130617387
2020-01-14,1401.7899190941885,811.3601806867088,918.5062144413504,754.7468352385883,912.1112314482962,895.8030858420962,900.8753061139712,984.1026936563786,807.8423062944727
2020-01-15,1406.2643019972004,814.8346748334629,921.2676138015302,750.946317640472,914.3161009281711,902.9929298208315,902.911107367377,986.8369601367602,809.2274213044863
2020-01-16,1421.5297216567537,825.3543727834546,928.7492478732681,760.9229186083487,920.6859621165563,910.0293008408073,910.4217973503635,995.4952102778939,814.999385804494
2020-01-17,1412.5809558507297,823.9067482207654,931.3325377134535,761.7147954009254,923.135987270284,914.1595741937191,913.2559104969586,1001.191836184051,816.3848564281174
2020-01-21,1410.4755774130779,816.1857585592561,928.8384873175457,755.5388412433364,920.9312198960625,917.9146840013827,911.4671465687557,1000.2804752898237,812.9216878885015
2020-01-22,1417.0553387537416,816.1857585592561,929.3728897512414,752.6882269234492,922.8910358077379,918.5280413202389,911.5773093729848,1000.0524742432796,813.3833251559137
2020-01-23,1416.0025976808583,817.9229243008414,928.4822682775568,755.2218837868314,923.6257880897227,924.1985898661344,912.6228428101132,1002.5589234748168,813.8449624233259
2020-01-24,1389.6828263613997,805.18360042016,918.8623596076271,744.1366423881303,917.0109754387914,922.6663992304036,904.5066258413385,993.672764185989,805.7643035668146
2020-01-27,1364.679007310074,796.3048527020251,903.6312253838939,720.6992988559942,903.0461894323304,916.3821592930382,890.0081507579818,976.3557125106223,794.682164240044
2020-01-28,1390.2092487518987,801.9987287840938,911.7368707021659,730.9926634621187,908.9262498012769,921.2868797791593,899.33459271402,990.2546783636748,799.2998069627722
2020-01-29,1390.9987786295326,796.4978530440253,912.9835634684151,725.9254143414398,907.4565410260005,919.2942034526271,898.5916385510496,991.8498585998346,795.6057943884782
2020-01-30,1393.6308905820276,795.6290668437531,914.2308472243615,726.875511437926,909.4163569376758,928.1838088901533,901.5079132539762,994.5839412825164,798.8378648836946
2020-01-31,1363.3631587500558,776.7130813647312,893.4771359014052,708.5055462386401,887.1216896198474,919.1409309374358,885.1384205767171,977.2672572025493,784.7545498983301
2020-02-03,1420.2136656805062,784.0479076786564,902.3842371227962,714.3649951823242,895.2067215743222,922.359319683839,891.7136478174363,987.7485967275371,787.2941898934002
2020-02-04,1482.3282928078318,793.8921450975432,915.6557972580295,734.1600414202537,909.4163569376758,924.5052017110397,905.3046614064235,1005.5210072040427,796.2984788983456
2020-02-05,1461.2726416852486,809.043932587331,926.7898954059046,746.9870628897604,921.6658700723939,930.9422464619372,915.7591667933938,1010.7618148148114,810.8436343588993
2020-02-06,1478.3804360034335,806.8243066566412,930.0855494523557,747.462240650175,924.1158952261217,932.1686270270357,918.8404093745598,1017.5973431674905,811.0744275916333
2020-02-07,1469.6949851007737,794.6640651337522,923.9394782225837,734.4767404524157,917.0109754387914,929.7166008565889,913.943322710974,1012.1287183078775,806.4569880766821
2020-02-10,1497.3307086883651,797.2697730802342,928.3931765807035,738.2773226566178,920.1961612971176,935.8466996899673,920.7660478237366,1023.9771451236311,809.2274213044863
2020-02-11,1521.0183680553287,803.8325980261587,930.0855494523557,747.6207839845132,921.9110257462469,938.4526665208328,922.3618426258023,1023.0660599259534,812.6909454577118
2020-02-12,1535.2311503501135,809.237014261123,935.69714437472,757.9142131967234,927.5459304413405,938.1463219340185,928.3043706171484,1031.2684917716986,816.6157004627955
2020-02-13,1546.548505789039,811.9392630445011,933.4702213219479,755.2218837868314,923.38093873283,944.736438756539,927.3140106915027,1030.129313628627,815.2304330469492
2020-02-14,1544.7062348385218,807.5965520200174,935.2517597641655,751.2628874604627,926.075711137797,950.7140000344763,928.7996426893393,1034.4587603451685,814.7685417698158
2020-02-18,1557.07653876656,803.2535970001582,932.6684699239803,745.7202667611122,920.4410106540101,949.9474370149517,926.4063649783972,1032.1800364636256,811.0744275916333
2020-02-19,1588.9233303537992,806.3420091311202,935.7859405767247,756.4889383398225,925.5859103183583,944.2768216545334,930.8354439427452,1039.6991084616877,813.8449624233259
2020-02-20,1576.2898152305115,810.5882606504998,932.9357450145402,755.5388412433364,922.8910358077379,945.0429837869216,927.0113393079768,1032.6354871636147,813.1526335270682
2020-02-21,1542.6005452765257,801.2268900796767,923.9394782225837,740.177775273933,915.051159527116,943.2040476772399,917.4648480715845,1017.1416167709519,809.4585701508299
2020-02-24,1474.4324754909205,777.5818675650034,892.052111994025,704.0713075457711,884.9171264569328,927.2026376235517,887.0367025435726,980.4570662817698,784.5236550617076
2020-02-25,1423.8985187058845,751.3308931084727,864.79618427502,675.0915371325416,856.0077485938265,903.8613849875518,860.1575309678603,952.659042676815,759.8196348092077
2020-02-26,1409.1595214368303,741.7766035274411,862.9254063885247,665.4313767724841,854.7827870697893,896.644013425443,856.9939426116266,953.3424944233481,752.8933485319203
2020-02-27,1360.9942579928104,714.1747080087009,826.2280488881453,638.0351015200649,819.7487036921507,855.0290556315089,818.5047536263228,907.7713251510886,720.8012015269438
2020-02-28,1390.7356711423977,702.4971706702919,819.0132466646943,643.2610231872534,813.8689496401644,831.6876693664634,815.0660345876204,909.1387800372539,711.1044312199081
2020-03-02,1423.3722000235002,720.4478291121455,855.2653673019437,662.5810208769398,852.0880146648224,874.223932614614,850.3633576406885,951.5195888371937,742.5036905072401
2020-03-03,1394.6836316549109,705.2957162951905,829.6128685051617,638.9853278287226,826.6086209641081,859.7893231194417,826.0154436093093,922.3544779414731,721.9556757100562
2020-03-04,1442.0591578050676,727.1069508995906,861.945767091699,656.8801152675939,863.847318557488,901.4044145424214,860.735240924487,961.317017121399,752.6623012894651
2020-03-05,1408.369784142967,701.1459242809151,834.7788571958351,625.8413489027108,838.3684353850409,880.6737389393569,832.122939478895,930.1013671883795,727.2657997348748
2020-03-06,1371.5221872622167,688.5994380786503,822.576101927993,601.6121285779981,830.0385030208469,871.1530703344455,818.3673264491406,913.4678591583959,713.8749660516007
2020-03-09,1257.5576510817223,621.2354461841767,764.679722367815,524.8070894583672,771.2398393387965,816.9459135102038,754.4571953489559,846.0227418407836,654.7701552395652
2020-03-10,1317.3034811599173,639.6688494764063,804.2275709252276,559.0130722661709,811.1739730238905,843.8191154478784,793.4966917538812,894.7836282934136,685.9386720961076
2020-03-11,1235.4490514700262,601.3543369974661,764.679722367815,520.8482223441698,772.2198494002876,802.204224468467,754.8147178611763,850.8080987515633,651.7686239673616
2020-03-12,1079.89932431052,533.121680900408,693.0659548195764,456.5537963892692,701.4167261517185,726.4983591021357,682.5962296503925,774.0211876474344,585.9684725166054
2020-03-13,1129.117328827423,574.0419419917262,755.8614912221408,502.9534349052985,770.7499364137043,778.4017511819155,740.9488499178246,846.2508347861776,637.9160006108426
2020-03-16,953.3013767148526,506.4849090893564,678.9036993369465,435.0167439592341,691.3720824968754,681.9652770270424,659.871512958084,744.8557551057393,566.5747794967011
2020-03-17,1006.2040268409046,531.8670160138231,708.4754940581527,453.86159619154876,731.7959148957548,743.0829263103965,695.4992783691557,784.5024352735724,597.9741911898659
2020-03-18,913.0321380039735,482.5503453957869,678.0129301158377,414.7465845669758,705.3365621863761,695.0179617481513,660.2841168724191,751.6913753572683,565.4204069174772
2020-03-19,995.1498825972287,499.15016410722296,678.19096576212,428.0488484029828,694.3118063643883,680.2762727064145,661.6872649311358,759.4384943512994,562.1879808086511
2020-03-20,996.2025199619972,480.42721963609716,641.8499750491537,413.0046429809558,659.0327204713768,637.4325958390855,633.1723230876091,727.3109780803783,537.25331972925
2020-03-23,1009.3623537676691,473.9610981906523,617.0879869154882,404.96024852152203,634.496374585617,605.9716415112216,616.9831344983756,714.6337614870116,515.3883153292936
2020-03-24,1109.3775262648578,515.1708597949707,681.0411613243045,451.7112795377409,699.8447585645456,665.4138498220663,672.8839415514478,778.4772709791059,565.2721160422075
2020-03-25,1152.541880707252,519.6508182181587,695.5485547901008,470.4115433502313,709.4619879541876,680.5053128904057,682.9572523186,782.8249136679229,575.9946284056226
2020-03-26,1209.9189137363162,555.334897885902,734.5932494940574,494.1094755290883,749.9041483178553,725.7801029825602,722.8348979184112,829.7347734863364,613.7571868240484
2020-03-27,1151.7522471215034,532.9352684335456,711.7577769627045,469.28303654805035,725.4909929029424,722.8534264424889,701.3048857848441,800.4447720536333,596.5077422671059
2020-03-30,1173.8608467331997,545.4441386820915,738.3544556744799,478.472121634136,751.3835060773796,744.4132702728959,724.080216574915,828.8193690427145,613.5242599096558
2020-03-31,1158.069108391262,544.0866704106402,725.7276652988949,470.89521681091696,738.0672951814198,722.5457455652195,713.2875776977061,817.8358023031506,602.3353856980132
2020-04-01,1059.1067806750714,506.0752001880391,695.4594630932475,441.8774257162457,710.9416520306721,687.8970035423723,681.1860812797013,781.6805891892583,575.7617014912302
2020-04-02,1065.6867494319647,513.1539126895082,711.8471641544064,450.9051571032647,735.1083243982378,701.1406441695042,696.9047291620747,798.8430669991322,589.7476799514089
2020-04-03,1058.0539358940734,494.43910139756485,700.8322243042297,442.52222675469807,726.477384567772,687.2811740861745,686.8315565589745,788.0879608003618,579.9574848688949
2020-04-06,1162.8067024895236,534.7778808432317,747.757397251824,485.5653529966693,774.0707185797676,736.8673048878966,732.963244032994,845.5241905802025,617.253681439093
2020-04-07,1163.859443562407,537.9776768630978,749.9961400985402,492.33619999149784,766.9192386144794,735.3275642110949,733.7107576096845,843.2358173194227,618.4194844557735
2020-04-08,1210.9717585173141,562.5104765514344,775.0707987188821,518.4522087463977,792.0723536997014,767.0504982826664,758.3400657605622,867.2629554173867,644.0604449661014
2020-04-09,1244.6611321794146,591.6979760176946,783.0407380279339,525.384409440293,794.5385115466688,794.7694384493258,769.8799418863575,875.0430201490985,657.8135473138319
2020-04-13,1259.4001294484688,571.3345693054631,770.5032609703386,515.7116185904787,787.6336167343815,771.6703884582989,762.8509378437694,872.0682543785896,646.158362055906
2020-04-14,1325.9890357706918,581.3222760051287,794.7721790122567,527.6411969233549,813.7731745372597,795.3858692362285,785.3495260374301,905.4772541616164,659.9115152055807
2020-04-15,1304.4068585494947,554.6562654149162,776.4139705531996,504.91057936282635,794.045239135014,769.0526622714292,768.6622560402791,890.3746890717288,641.4964708397348
2020-04-16,1331.7793709418368,550.1957046240783,778.0257472048958,500.07429699856925,797.2508971768501,768.1284169782117,772.3707173634173,899.5277226205986,640.7970804732262
2020-04-17,1375.4701477747299,575.2133231234824,800.5035970957289,524.5782547027738,820.1845416737588,794.1535421786051,793.2365748984103,917.1478567028586,663.6409367350179
2020-04-20,1389.6828263613997,563.6741718288632,785.9063731959578,512.4875164890882,806.3750583661441,769.4271576714498,779.2612810257741,902.9602365623434,649.8880883970087
2020-04-21,1332.0426858452008,551.6501610572808,762.622856600413,494.2707323190264,781.468681592403,750.9052365614948,755.6004107709379,872.9839345187611,632.8715199525144
2020-04-22,1379.6813194824924,555.5287928776123,780.1752506073343,509.26325287248346,800.210072171339,764.4880277061118,772.3707173634173,896.7819687839825,642.6619182428054
2020-04-23,1368.8901790178365,562.5104765514344,779.369288407774,512.9709961315168,799.2238336649896,753.2206270329153,772.3152214691463,896.5529568500897,643.1281784871445
2020-04-24,1396.5261100216574,569.3952127294014,791.7274739659804,523.9335505734501,810.5671591256366,760.3207391075958,783.0803196452979,909.8249887492833,651.5197452424741
2020-04-27,1464.4309686120132,593.6371699301726,805.339222545666,539.8932242300215,823.390352874075,775.138062189087,794.3714544225807,918.5204579246171,665.039666666091
2020-04-28,1422.5825664377517,606.8248353132881,805.4288313585043,549.4044675625119,820.4313820908931,779.613900253668,790.7183968843453,907.7657193212461,667.3705614722322
2020-04-29,1490.4874250281075,640.6666278985126,826.563066172747,581.0020119627212,840.1590622290053,786.0969133962183,811.4180430646297,936.3692363453703,679.9582164168921
2020-04-30,1456.2718363917375,614.2914191299694,814.8316990621363,561.817880871288,828.5689474040505,770.8162984139702,803.8632326943307,934.538795053526,666.9045044356701
2020-05-01,1378.6285784096092,588.9827548135204,795.3093886470141,533.4447616028976,808.3478416958034,751.5230704533753,782.5820079639602,910.2827369205191,648.7225901919937
2020-05-04,1429.42564268178,586.8495439116444,797.8166624373966,536.0240303627929,810.3206250254626,751.9855605798592,784.740775223759,916.6901085316227,647.7901205052599
2020-05-05,1449.1655489524599,588.4009885065979,805.4288313585043,538.7646205187119,818.211860449753,758.1595565546851,791.9913483512745,927.2162027965004,650.587427961573
2020-05-06,1456.2718363917375,581.4192641668798,801.3094115478648,536.3467054578833,815.4992706082649,741.3355929114067,786.6225696137274,927.6739509677362,641.0301597934515
2020-05-07,1489.697791442359,589.6616312798818,810.3539178738555,547.14745395815,825.1164999979069,751.0597785526184,796.1145321042136,940.0303946256082,646.6246223002449
2020-05-08,1534.4414130562502,614.6792091133899,823.8764270092634,566.9765476032499,838.1863299521727,763.0990205926367,809.2872770527287,952.3873896765795,661.3100927308209
2020-05-11,1570.7626912546161,603.4309816381281,825.2198204647174,560.2056360023356,840.4056473820059,757.8508734595745,809.4532581340171,957.4216086728253,656.1816872605895
2020-05-12,1530.7567674471013,581.0313115198757,807.0405341364883,542.7949419637072,822.6505463622461,741.3355929114067,793.3194733296864,937.9713089952708,643.8273656458761
2020-05-13,1482.591607711196,558.728751561062,794.5034264474538,523.9335505734501,812.0467721492944,726.5181362008701,779.2890980549357,925.3856696058064,628.4425556507358
2020-05-14,1480.4860218573149,560.8620844606259,804.0853640293382,535.701678298131,823.1437677210743,733.0010157143748,788.6148952453973,934.538795053526,637.7666936966878
2020-05-15,1528.9143927884695,568.4255344413706,810.1749218693152,533.2835371160024,826.1028916627364,732.6921989902188,792.2403199732072,940.7171547307369,638.2329539410268
2020-05-18,1576.0267077433768,608.9581682128518,835.2495804896571,583.4200239326784,847.3103890358133,748.5826969361399,816.3716848802196,963.6002440465858,664.1072985832456
2020-05-19,1574.4475442799944,596.546286126057,825.4882775346717,567.7827023407689,837.4463702818637,738.5257081571044,807.9865085566379,957.8793568440611,652.6850910416563
2020-05-20,1627.0870869189118,615.164190588041,838.6525730398627,584.8708827995213,851.0094215949576,742.7034198211696,821.7124623698691,976.4145277745434,662.9418003782306
2020-05-21,1631.2982586266744,615.7458348972759,833.6375822168245,585.0320749833736,843.6112543710154,735.895287210912,816.0397227176427,967.490046665317,658.279604350394
2020-05-22,1651.8275910668733,618.267079777948,835.2495804896571,582.6139984073308,845.0906631833664,738.5257081571044,817.58927861693,970.9229282024612,658.9789439149583
2020-05-26,1655.512340384137,643.7695577543153,848.6821853173781,621.4656433234973,854.708300995622,744.2504432809512,827.6625433293981,975.0415589573855,675.7623314353389
2020-05-27,1645.24762230998,668.8844084108459,858.3539533332373,649.0326078543686,864.3254793324373,759.2589895265563,839.9771974048369,983.2793718603332,691.1471414304791
2020-05-28,1625.2445048440504,649.1027273396412,855.8466795428546,626.4629886594354,864.5722686967449,766.8409011247958,838.4276415055497,983.5079242999766,687.8835229278827
2020-05-29,1653.4067545302557,641.3455856966658,860.5926961799535,613.2440020679115,871.7233402394194,773.3398829382836,842.1635974750611,989.6866515725869,688.1167546539407
2020-06-01,1705.5199784867887,648.424176200447,863.4582574742652,629.8485413690211,869.2575908150656,774.2678030302524,845.5671307351553,995.1786187400686,689.9815924235199
2020-06-02,1726.5754221931425,655.7936498576897,870.1747815092621,644.1963254901115,877.6417923340505,780.6120424090484,852.5686401313701,1002.7298553355874,696.9746832574979
2020-06-03,1733.6822281729937,678.1931573123584,883.159711641352,680.1461880665065,887.2593280406528,784.4802023892072,863.9151326388717,1011.4254164097711,710.7277348032842
2020-06-04,1683.1480639717283,687.3082145516402,878.144794692026,698.362843024397,884.2999998876837,779.6833873573293,861.6455578092671,1003.1874197091236,713.7578675701013
2020-06-05,1691.0440887048692,717.3684448100761,900.1745266449552,741.5671937532634,903.5347649839281,790.6693652606975,883.7292393543908,1026.2993371611656,734.7371400720351
2020-06-08,1720.5221869510924,732.5922109356287,908.3236835796837,784.126646534549,908.2199849965953,799.1797314670879,894.4113469898981,1033.6215618227916,749.4225597006669
2020-06-09,1726.8389445127361,714.7500491040693,899.2789556325566,750.1114778008968,901.5619816542688,789.2768837920395,887.7420760843645,1034.5368743675635,734.5040607518098
2020-06-10,1750.5268112959293,688.7625083212589,893.9058250530136,708.8415624904302,898.3561704539526,786.3371784200316,882.7884342687746,1040.0292091304448,719.8185395192896
2020-06-11,1620.5071181620185,632.5213302790535,840.8913158865787,635.9745550223544,848.0500934419887,750.9038334565171,831.896534652143,985.1102726464268,672.7319954607447
2020-06-12,1642.878928968964,648.5211236963022,849.9359699599937,665.4760841837971,855.4482096131043,753.9984148922623,841.8589917948054,995.4073549774117,683.920971276276
2020-06-15,1701.3087030709114,662.8743143221625,857.4416129881806,673.3752764655923,860.3800147787723,760.6516714387826,849.7183157359921,1004.5604804251315,688.8160942185051
2020-06-16,1755.2641979779614,679.7086939212212,873.4416248079746,694.0103956360398,880.1075417584043,771.6375825276282,866.0736235705663,1025.3839327175438,701.8697553977828
2020-06-17,1750.2633926844503,664.9180195871354,869.5762566934201,674.5036863586447,875.1758386983898,772.1018766462263,862.4759237625498,1025.1551045813505,693.9443472829038
2020-06-18,1780.0048058340378,662.2903520568607,868.9474436555963,675.1486489123113,876.4090707803537,771.6375825276282,862.8080701438629,1026.2993371611656,694.1774774050733
2020-06-19,1790.5326313953294,653.6296955385039,863.9136150359599,663.2189413672637,872.4632999097284,767.7694225474694,857.8770872328219,1022.8669151182706,688.583065700224
2020-06-22,1876.3351253058481,659.3710693869982,869.7562130562183,662.1505505278382,877.6901904137699,769.1185413908619,863.3805298665087,1034.2026382505621,687.6674114570374
2020-06-23,1905.5501160649367,661.4145713224915,874.520402626506,666.3597016180853,881.9016401945847,768.4983021761624,867.3552333180954,1040.857125868984,689.3106511457921
2020-06-24,1823.9587938621805,638.4495639192652,850.9698325615377,628.9620166608759,859.6063602428359,753.7671030144976,845.2302867760699,1016.7631773071597,670.0588479561819
2020-06-25,1857.648167524281,648.3750517981849,858.7000516746616,642.3993072160217,868.7719763274168,759.9697624195837,854.2915458613925,1026.8597363477136,677.102283516913
2020-06-26,1815.2732392514058,629.0104401554576,836.5877289115484,619.7340064081484,854.1565220445596,752.2162043123964,834.0006810566676,1001.1593039911946,662.5459008266797
2020-06-29,1825.537853617448,655.7707956241869,849.0820637212479,637.3805772657128,863.5698974971556,761.5205274926394,846.2585036519982,1013.780048741312,673.8153977238494
2020-06-30,1876.8613402801177,664.5285216360866,862.2055809373318,647.7419720800924,877.1946716777398,770.3588861912154,857.0987630725069,1030.7604749295801,680.3891185080322
2020-07-01,1934.5014807963166,654.9921250492565,866.7900357659578,636.0854190654368,878.9288340953649,774.7008947667258,863.1028201217335,1040.857125868984,681.093589068966
2020-07-02,1972.402233582409,658.6898749645699,872.0932079400943,640.4566022186505,885.6172649224094,779.0423688260541,867.8557556242671,1046.1346930197035,683.9109124913141
2020-07-06,2046.3606385391593,664.9180195871354,884.6777425523294,651.465608436211,898.0034975270521,784.3147696308752,881.2531553215405,1067.4748925449724,690.4846840774412
2020-07-07,2075.048999491519,651.48900211178,873.8913679675458,630.7427542013661,889.3335022841545,781.5237933865114,872.1639870976882,1057.6080806291102,681.5631006377371
2020-07-08,2124.530215203672,654.2137391355976,878.7451663506719,637.704447573389,895.0310998504458,781.0582966065037,878.8348238624792,1069.7695149275437,682.7369303616092
2020-07-09,2134.005403400195,639.2279904988201,872.7226119676152,616.0104346581156,892.3058999607608,779.1975789624053,873.8314429881237,1072.2938844348068,672.4067106117031
2020-07-10,2129.0045981066837,653.4353125560427,881.6214393332455,636.5710630117368,897.0126642662989,785.8651338167944,882.754077474479,1077.8009230136684,684.145719077644
2020-07-13,2056.6254603214306,647.1099764422465,874.160711522046,634.3046815249465,890.0763209127592,784.0045498017413,875.1101052358741,1060.3613701714162,685.3195488015161
2020-07-14,2074.5227845172494,657.7167400753864,886.5653636451949,642.3993072160217,902.958072253432,796.4096681683453,886.4509790719226,1072.2938844348068,695.6497685514222
2020-07-15,2130.0576503039115,682.9202017191101,898.1608769991611,671.2165287175989,911.6285780245967,803.5429870608332,894.5948288511227,1079.6366944388055,704.8061585774561
2020-07-16,2099.263392373326,678.1519627597992,893.8463567147326,667.0076360516947,907.6651428759303,806.0238102905857,891.6485264942005,1073.4412415755176,705.0410159657303
2020-07-17,2123.2141592274243,678.2492355828216,897.8014075158376,660.2077163182955,913.6102445461031,813.7769675106365,894.2334838001267,1075.9651515885314,707.1540212329774
2020-07-20,2211.6487650904382,672.8969936923129,901.9361191848923,652.7607020304013,919.5557546388895,812.6118558629008,901.4601084919403,1096.6170287282237,701.7540793707224
2020-07-21,2171.9057413538285,687.8829049926741,905.6216048103606,671.0548842911465,919.5557546388895,815.5637882925722,903.3782860823021,1091.3395534763542,710.6757136123708
2020-07-22,2172.168952549078,688.4668672579759,912.9025978798983,670.8929168342656,925.5010605203693,821.933884891673,908.5203836649931,1098.4529839510606,713.9627010093228
2020-07-23,2117.9503501548934,693.2348622219114,902.8351622617619,671.7024310882417,915.8402320167183,820.38051405223,897.6803084632206,1076.4240944448156,713.7277420171603
2020-07-24,2074.7859957124992,681.4603773876472,893.5767176653839,664.9027051730998,903.9492118311455,814.1654271459121,891.898419209814,1070.45811300967,708.7973117236764
2020-07-27,2157.4301626962533,689.245212505739,899.9587415317641,665.3885429376568,912.6194112853499,819.7588717325527,898.4029064558443,1083.3079615925299,708.7973117236764
2020-07-28,2088.4721482005552,684.4768922146362,893.1273438743733,658.9125581180195,906.4262949830285,817.8942788461346,892.7048367273946,1072.9821149215336,708.0930443705197
2020-07-29,2107.422524593602,701.7979612559743,902.5655232124132,678.0163192388266,914.1057632821331,826.9062216748183,903.6839970749749,1086.2909982595277,716.0755538707373
2020-07-30,2116.107871788147,697.419301579504,898.4304421747978,667.6550536366184,909.3989989765951,824.7307408140388,900.4595244264373,1087.66801062608,708.7973117236764
2020-07-31,2115.318653034857,692.9428810892604,904.9023703488649,662.1505505278382,915.0968007541932,827.6828068727556,907.5751573297089,1103.5011715724877,706.9192146466476
2020-08-03,2202.436580672935,700.8250703621665,908.0484301282115,664.5788348654236,925.0055417843391,830.169042078851,913.8850174809764,1114.5154325279104,708.5626067412351
2020-08-04,2216.1231479934504,704.912074233153,911.3745201440685,668.626406135304,928.7216770404309,833.5872062482804,917.4147405753464,1118.1870672770344,712.3190041030698
2020-08-05,2253.2338523613353,721.065381407471,920.273495257123,682.5492114245784,934.4193767123757,832.8106878648657,923.1129945225322,1124.8416467943061,716.5451162414527
2020-08-06,2233.7574684102487,717.0759756866742,925.7563282992093,679.6352185346074,938.6307243875372,831.878157570827,929.2833089811515,1137.691587276016,716.5451162414527
2020-08-07,2171.11610776808,730.1151698838135,928.2731317984592,689.6726784352251,936.4009411282286,838.0931108480994,929.9508255716606,1130.57806490246,724.2928191553405
2020-08-10,2196.9095604051545,737.4135595550013,930.520591743209,711.2047884997032,939.6215576482904,839.4915388092824,932.7302257536135,1128.5129139480307,731.5709596985129
2020-08-11,2147.1653409139817,736.6351329754464,925.8464542280326,715.575971652917,931.9421914548391,832.9658311866941,925.0307115660536,1115.6629734663209,730.1623233883108
2020-08-12,2209.543075528442,739.164877028364,937.4418198345746,716.3852920886359,948.2919613138016,841.3559312521322,937.9278652852595,1135.626344422737,735.3275602681246
2020-08-13,2257.1818128738482,734.8834901749162,935.1946553846733,709.1001160454512,943.8328032177984,841.6666187829254,936.23222392819,1138.1501625369008,729.4580052332099
2020-08-14,2229.809507897736,734.5915903740571,934.7452077199507,714.9283602497361,943.8328032177984,841.8223634354584,936.2601330667197,1136.7737015634475,731.3362547160715
2020-08-17,2306.399609974522,735.7591082457017,937.621850071085,709.9094364811701,950.5214382561498,844.3082645689401,939.2341603434353,1143.6577525088617,729.2230970429915
2020-08-18,2331.403429025848,726.903946747196,938.0710761146712,698.2530772847716,951.7602861490516,845.8620362955196,941.263237612971,1151.459689166844,726.6406818108617
2020-08-19,2338.7731350766044,726.8066739241735,935.1946553846733,697.1198219352908,948.7873779441783,841.3559312521322,937.3439840009712,1145.952374891433,724.0579617670663
2020-08-20,2355.091399517156,720.9683525798241,937.352063274312,687.2442648854683,952.7508130928446,839.6470830182471,940.2628377662041,1156.507968687121,720.0668594227903
2020-08-21,2364.3033765184296,716.2973051117438,940.1385058229107,683.5207577415212,959.4395502368494,840.734556190546,943.5982100939157,1163.1620887101435,719.5972462501306
2020-08-24,2328.2451020990834,729.2393891494443,950.4758021115323,708.452569248356,967.1191206416074,844.0660619239669,953.159899376042,1172.799888692113,729.4580052332099
2020-08-25,2355.6176144914252,728.6557522113097,953.7116923248537,708.1288281528513,971.5783808432641,844.6885060179172,956.4953638131215,1179.683847738677,728.7536870781089
2020-08-26,2405.625252594077,722.5249617435584,962.4307849488222,699.7100737297571,978.7621261950318,847.6464517546362,966.0848701244093,1201.9418410776648,726.8752343874703
2020-08-27,2389.043569542047,725.055193787227,963.2399237180049,709.7476628425463,981.48712187341,847.9578742451796,968.1971221533255,1200.1063453490774,732.275328655558
2020-08-28,2430.8922828406526,730.6019406578847,972.7679334900195,723.023050546897,990.1575255389213,848.4249745737334,974.4508876994295,1207.6786267812179,737.4405147334274
2020-08-31,2509.061859505165,719.800590712804,967.0150920300238,707.9668606959704,987.184617334048,851.2272424724421,970.9209803863233,1207.6786267812179,731.101295723909
2020-09-01,2558.543075217318,728.071708614216,973.8465635611266,712.3381730613555,994.864187738806,849.203363763785,980.0655984497625,1224.8883405999286,731.101295723909
2020-09-02,2552.2262139475592,736.4402620022341,990.2062664853805,723.3469208545731,1011.4617680186102,865.0818350956109,994.2412301979826,1240.2627424877514,743.7794797332248
2020-09-03,2363.7769541279304,718.1462207352963,957.2174432086604,714.6046837603171,973.3123390495822,841.8866390063451,960.0250869074915,1186.5678067852414,730.3971299746407
2020-09-04,2291.1343977311985,714.3511166651688,948.5881071449546,720.7565398479354,963.6507958063575,835.6594586714092,952.1870402303324,1170.5048987141422,729.927516801981
2020-09-08,2187.1713684296114,697.0300476238307,925.9363585357196,698.9004948696953,937.3920807059421,819.936598363071,926.1701965586282,1131.037191556444,717.2494343965536
2020-09-09,2278.76409380316,704.912074233153,940.7680575978559,700.3576851329381,959.934966867226,837.0606260280249,944.459801122979,1160.4087072689877,724.5276765436146
2020-09-10,2259.2875024358445,695.4729504693454,925.3072500030473,689.6726784352251,943.0896782722335,825.3851890643869,928.0604650104603,1138.1501625369008,713.9627010093228
2020-09-11,2246.3907761173073,690.7047928418264,926.0262628434066,692.5867359312819,946.0623822658,829.1212567330665,928.5329860687344,1134.9379301383105,717.9538033535989
2020-09-14,2344.8263703186544,702.6739046539271,938.1612020434947,710.0714685441368,961.1735084431675,837.0606260280249,940.7631758536397,1149.6239177417071,727.1101933796328
2020-09-15,2416.9429191573468,702.8685316317639,943.2846394759695,704.5670946475279,966.1283894865076,838.9286932696261,945.5162034655413,1160.867558226422,725.9363636557607
2020-09-16,2411.9421138638354,707.6366892592829,941.8466137952508,719.1375759460689,960.4303834976026,836.749069908436,941.7638520285108,1148.0172501493128,731.101295723909
2020-09-17,2350.3538054188944,701.9927508973947,933.4869906546061,716.3852920886359,955.2283046673413,832.7017801927813,933.4807328847669,1135.1674934653026,727.3448475601299
2020-09-18,2365.619017662218,698.0031011812223,924.7678980306376,705.3764796893325,946.0623822658,828.8097674280003,922.733872363496,1119.7931834763294,721.945108905652
2020-09-21,2384.042971664765,673.7728964243697,909.9361250947892,670.2453700371705,931.694278928344,820.6097546797894,912.4638620407991,1114.8491172518127,705.690722030761
2020-09-22,2413.784177398123,677.7627901359176,919.644091229602,669.5976940279039,939.373849333102,826.6897426211043,921.757236733695,1133.015957591989,706.1633325181315
2020-09-23,2314.821953390047,659.5778961336086,904.0440316873901,650.9798352777397,921.2900191621679,812.5036163360439,900.3807709167249,1103.5810316730306,693.4054910602295
2020-09-24,2313.506312246259,662.2161774627165,905.3079370285703,651.1417381285348,924.0148106292394,814.062866853489,902.7804962834331,1107.4902249490858,693.8779491417672
2020-09-25,2388.517354567777,669.154023300745,918.0371902429079,660.2077163182955,938.1351035458537,824.1954228577561,917.3755940939104,1128.8766495958425,701.9106001609608
2020-09-28,2414.0475960096023,688.2084761553486,933.1136329133982,679.3114128330169,953.2465360401815,834.0165563714796,932.6124178718333,1148.4234430657677,712.5420754402776
2020-09-29,2441.6833195971935,684.2998329038337,930.4051271311181,668.4645032845087,949.2827945745548,830.7427783857157,927.5336915343846,1144.5140659920128,707.1082486812069
2020-09-30,2421.417302060359,686.2541545295911,936.54432810566,672.5118807361321,957.7054899248778,836.1991863861936,934.5662417876439,1152.3328201395227,713.4872456130743
2020-10-01,2488.269212161602,696.0255999947948,941.6900015254921,673.8068451181509,960.678091812791,838.5372937953496,940.5661539153067,1162.9107453557308,713.959500486835
2020-10-02,2429.839438059654,702.767761541693,934.196990902083,683.6824667740592,947.7965446834249,834.4841244016926,931.6359664607685,1144.0541122483799,715.8496884265957
2020-10-05,2523.801064190449,718.500095361526,949.6345282775642,701.1673285990855,965.8805790656659,845.0848497668775,948.1568869391588,1165.2103302761955,726.7174435486255
2020-10-06,2518.0104178949596,718.3047363975628,938.5302751093977,690.6441601460821,956.4669483489363,838.5372937953496,934.6776941230263,1145.2038587591871,720.102166774045
2020-10-07,2611.182617856235,728.564660604466,953.2455492011851,708.938213194656,973.0643244174337,848.6705847593669,950.9473402452817,1166.590283405944,731.6787106222699
2020-10-08,2646.9772662478726,739.5086665124073,962.0026129131987,724.4801115979682,978.5143157741901,854.4383484358654,959.3749789875504,1173.9489000121214,740.6563794084276
2020-10-09,2704.6176141803007,743.4175537592978,971.301466430123,720.9183780926448,986.937011124513,861.453271994038,967.9426239693076,1189.1264545635086,742.0739060588736
2020-10-12,2693.3001550332606,748.4009153079852,983.6694771920454,722.6992448453066,1000.5618874107507,869.7154222484075,983.5146337376904,1215.3417961758867,747.2713513713426
2020-10-13,2759.099427769735,739.9974705812742,976.9887819074414,707.9668606959704,993.1303316381412,866.5979234313587,977.0958082039788,1210.5127873114154,739.947692286121
2020-10-14,2731.2004929868945,735.7955448884392,971.2108972590268,707.1572172298229,989.4140942763961,861.453271994038,970.9564424930359,1202.6940331639055,735.9312905736078
2020-10-15,2706.460092547047,745.27403323949,969.9471396652708,713.4711699864935,985.9461778637598,860.6737469570996,969.756810083102,1197.8648405017345,738.0576059502489
2020-10-16,2704.6176141803007,740.9746720600489,969.7664445653511,708.938213194656,987.6800339644245,862.8563769718135,969.1707181739797,1193.9555553268294,740.6563794084276
2020-10-19,2691.1944654712647,732.8643471110744,954.328981063582,701.9765844287188,971.8257828414921,850.4001454953047,954.4357983427499,1174.868899398237,729.7885734844535
2020-10-20,2653.82054990813,737.8478713233455,959.0234338495998,711.3666267444128,974.7982826237518,851.4928302003781,958.2588897744693,1179.9279310839497,733.332517115429
2020-10-21,2578.0196665846333,733.743625112492,960.5582340932352,704.4049333723899,971.8257828414921,849.6195514260023,956.4451642075154,1178.0882080082679,730.2611331698798
2020-10-22,2594.6013496366636,745.7628373083569,965.8844548655628,726.9086543598964,977.2759784095554,853.3659085311856,961.691345376142,1179.0081154955337,740.1837689210571
2020-10-23,2610.3929842704865,749.2802746411946,970.8499503014601,731.2797729070245,977.0280658830602,855.2395213781751,964.9565303653729,1184.0672390800962,741.6013463734473
2020-10-26,2558.2796566058387,733.743625112492,950.0858227850906,705.7003499970087,958.6965273969379,846.1855522146809,947.1242488135623,1162.9107453557308,727.6622581078125
2020-10-27,2595.9167833642227,724.1676199430433,945.8428861277358,690.8059337847059,955.9714296129063,841.9710257485799,943.8592480430674,1166.1300539657616,718.2121312401172
2020-10-28,2493.7966472618414,701.9861630222568,910.5442534932108,665.3885429376568,922.776064841991,817.3083822961291,911.5991392932209,1122.20773385799,696.9493330873164
2020-10-29,2526.4327613104847,712.832814775384,920.655274601516,681.9015354153119,929.4649040916493,815.4353707798444,920.8639600820105,1137.385288409377,700.4931243124591
2020-10-30,2389.570199348775,703.7451256840512,912.2595272156296,684.3302073894115,919.3078421123944,812.1570494065334,911.2640454121291,1117.378541195819,700.7295565610051
2020-11-02,2389.8336179602543,718.5974495163401,923.7247273413627,706.5096704327277,930.9513581940859,824.4887386126338,921.4778690202944,1124.9670887243878,713.7232714460662
2020-11-03,2451.9479339632358,736.6753108806078,941.0580857917581,720.5947016032259,946.3103968979485,833.8544643392852,937.7476072519179,1145.2038587591871,726.9535709855058
2020-11-04,2566.439203658573,729.6396228970141,963.8985078618251,709.5858892039225,968.6053705327373,846.0296071185796,958.7054359909434,1185.2170774897536,728.3711992398404
2020-11-05,2653.5573387128807,751.0391559711971,980.509750775951,730.3084204083389,986.6894049149781,851.0246608394604,977.4026245090686,1212.1223037681561,739.4751326006948
2020-11-06,2686.7200825682526,743.7105922052424,978.7942554323957,720.5947016032259,989.1664880668612,855.3949987726172,977.1795356195677,1213.502164999055,736.6399776959144
2020-11-09,2564.333306680348,779.5723005063311,1001.815150981246,804.2945344931245,993.6258503741713,848.0589646181022,989.4586354789259,1207.5230420283767,767.353004320299
2020-11-10,2494.0596510408614,800.092392915513,1000.1000250062516,805.7514017259386,989.9097151180796,857.4244230866626,988.0073602753849,1194.1852105526714,777.7479965491256
2020-11-11,2598.549310149177,794.8156675937136,1003.169329998674,793.4473665202736,997.8366875210656,864.6049798467355,995.3469110524702,1211.662441923373,775.1494262987237
2020-11-12,2602.76027444071,777.8131751809531,991.2526876179902,771.1059360200765,988.9187797516729,858.0486043582044,985.6910859961614,1202.2342632179725,764.9904091009448
2020-11-13,2616.183423149746,798.6267126950387,1006.9610460222145,800.2470278293298,1003.039276879594,868.6629598860304,999.3376415341037,1214.4218886886208,779.4019554481173
2020-11-16,2619.8681724670096,822.6646490960175,1019.5096780103445,833.4354324841208,1011.4617680186102,873.0338323353693,1011.811829035065,1225.0002733990784,793.3410945156965
2020-11-17,2664.3485828856515,827.2573740485706,1015.3570150292373,837.8065510312488,1005.2687538219423,867.2583849887544,1006.370191787363,1219.0211504284002,789.0885653663029
2020-11-18,2658.8211477854115,815.7269659215725,1003.3500250985937,829.3881196385832,993.1303316381412,855.0826408787553,994.2585467591825,1204.9935261855205,779.1657264073485
2020-11-19,2717.777551694088,820.5148058427133,1004.7041302423095,839.26361208232,998.0848042588676,858.6732533314055,998.4447333198915,1211.662441923373,780.110845778201
2020-11-20,2760.9419061364815,819.635365177712,997.2108241240517,832.7876918687685,990.9007525901396,855.0826408787553,991.6074549269715,1202.464102241514,776.8033343957713
2020-11-23,2827.267601263455,838.6898586982114,1004.162414311111,866.4621281063737,994.6163773179643,855.1300791899087,997.551456668207,1203.6138487523215,786.9620975838291
2020-11-24,2793.578435017584,859.2099511073933,1020.3222149702862,905.3168095085687,1005.5162579258238,858.0997174681091,1013.625646711387,1218.3313576612256,803.9723157852919
2020-11-25,2855.1667434625256,852.4677082287034,1016.7110462992409,893.6603857060844,1004.5255267707239,857.0050283273532,1012.0631033911998,1220.8611492006316,799.0108963058148
2020-11-27,2942.021874737813,851.002109340021,1019.0582357553938,889.936943168223,1008.7367723402319,860.6004514256415,1014.8817421639567,1226.380042731127,798.3023615893409
2020-11-30,2957.5505055926155,831.947859814897,1015.2666674792775,861.6051717946885,1008.7367723402319,862.4760687083136,1010.3884629700536,1225.6901580651029,790.7421686516849
2020-12-01,2967.8151199586578,841.132903061044,1029.259678287371,873.2616602032585,1017.4071760057433,868.2592665395676,1021.4397449528442,1240.8673450210904,797.1210639796637
2020-12-02,2956.760872006867,845.0413023171834,1027.1833837336735,887.6703032570899,1018.8936301081799,863.1012521976967,1023.5885644008898,1239.2577366654998,802.5548399367902
2020-12-03,3007.8211474742875,850.6112287485112,1028.266667848646,905.3168095085687,1017.9026947417733,861.6947396792609,1023.3094730155934,1237.4182892863678,803.9723157852919
2020-12-04,3084.411871799762,871.7177233767496,1036.7527627844922,935.4292538165076,1028.8024732439794,867.3212574546634,1032.127747587909,1245.6966295821112,813.1862644141627
2020-12-07,3176.2676009523307,869.5680427870291,1035.3084578382409,925.7155996174803,1026.0774775656012,864.8205903116536,1030.006929387761,1247.0762151164602,808.4613787871199
2020-12-08,3215.483994882212,876.0170845561908,1039.3709210168126,929.7629770691036,1029.0503857704743,870.7602009406683,1033.0207479114893,1249.3761676323245,812.0050176064299
2020-12-09,3157.843854366013,876.5054819660985,1031.6972152934836,927.3346281254325,1020.3799821049632,866.5397947965652,1023.7558350133314,1232.1292347794138,811.5325087229478
2020-12-10,3295.2328387182215,880.6095655133684,1028.4471413274293,936.8863148675788,1018.3983155834567,863.570089703842,1023.421109569712,1232.3589819041056,809.4063457521396
2020-12-11,3260.227616496103,873.4763607113766,1028.6279103010613,923.6109271632282,1018.1501988456547,866.2270360155667,1022.2210166129378,1233.0486827724303,807.0435981269526
2020-12-14,3270.229019666896,871.497070225529,1022.9016633774396,904.993068413064,1016.9117593753666,863.570089703842,1017.6442863315501,1232.3589819041056,797.8298527058589
2020-12-15,3271.5450756431433,894.4262103085606,1035.7672135906946,924.258538566409,1029.7936128216927,871.6978759529588,1031.4023863142427,1248.4562601450586,808.9336336608806
2020-12-16,3262.3330986418696,890.0168072147806,1035.7672135906946,919.7255817745715,1029.5459045065045,871.3852508010059,1033.0207479114893,1253.9751536755543,806.5713940551361
2020-12-17,3318.1309682075516,898.0515749291499,1043.5591172534641,921.1823197952142,1038.2162060663622,877.9501785484491,1038.7976632590191,1262.0239306443057,811.0600506414102
2020-12-18,3350.5044933096337,890.4087451195842,1039.7537345931755,911.4688594144441,1035.7389187031724,877.6372861384052,1034.6497020860654,1259.264300081358,807.280131979387
2020-12-21,3456.836215952237,887.2730792175719,1034.5894449978816,904.8836257038671,1030.4152320396922,870.9854995113853,1030.9501293169474,1255.368432138535,803.0981667305585
2020-12-22,3554.4827988165243,892.8582960257627,1032.3244769833523,893.9888430458461,1029.171380969773,868.1681983450577,1029.2126703067674,1258.826126365146,796.6827956066072
2020-12-23,3552.1136906430493,901.3832504494599,1031.6900495434052,913.3386241410459,1026.1860158751829,867.5423467104471,1030.1377246904412,1252.1415878228142,803.0981667305585
2020-12-24,3501.3166263708786,902.1669635954834,1037.0355513546037,912.2005233351367,1031.9079145869873,872.0814581280736,1034.1454954051703,1259.0567924783365,804.9991246825006
2020-12-28,3416.303766046108,905.5968065885257,1044.7367380988526,913.0136555299126,1037.1320482383865,874.2724399581314,1043.02944395693,1274.270463277725,808.800735774719
2020-12-29,3324.422109864851,890.1146493603458,1043.7401078482324,906.1844692396859,1038.1271699365832,873.4899082676691,1041.0395131688304,1271.5043997952862,806.8998794266655
2020-12-30,3398.761745851442,899.1294651662035,1046.186435826091,920.655844802744,1041.361060191589,872.0814581280736,1042.5249609479306,1270.1215978011915,810.7015413208281
2020-12-31,3328.968051367044,900.5014511624956,1052.8909923197195,923.0949183566435,1047.5804176468384,880.0631878304563,1047.8218943783718,1274.5011293909156,817.1167092370025
2021-01-04,3334.3162788449863,892.074664211531,1036.1296380225042,909.7615789934088,1035.390636319369,869.8902758544475,1033.5570086524776,1256.2907289958976,805.9493750497224
2021-01-05,3416.4107928205362,911.0838559239841,1040.29737124089,932.3633720190268,1043.1026763219133,872.5506965213553,1040.6754048367918,1263.897472496742,811.8895447871464
2021-01-06,3428.9787644152984,955.3740591436657,1045.0992364043743,966.1847224955419,1046.8342295316709,879.9064409600819,1046.8969321040663,1253.0634251859274,831.135150139558
2021-01-07,3700.3988717801612,965.4667651865772,1056.877808817049,982.7700737891947,1062.2580032197998,883.1936486649189,1062.4512568737766,1279.5723836236616,836.3627210049681
2021-01-08,3810.0357720400225,957.5297582859813,1062.0420984123432,978.0546694113054,1066.4869130673487,886.6368014658572,1068.5046845442967,1293.172494416915,837.3130221741342
2021-01-11,3696.1198749653486,961.9389987161777,1057.149442456626,980.3311294474668,1067.482443188159,882.5675297722173,1061.3022846162894,1277.0368024567135,837.7883251645501
2021-01-12,3770.1923588483296,978.4990461814114,1054.88425282096,1003.5832473318656,1062.7555640688981,878.341511208203,1061.5262945994712,1272.196122438308,841.1145316624642
2021-01-13,3789.7127150400725,969.8761682803572,1055.2467511264817,993.6644688107015,1064.2484508275,880.0631878304563,1064.3847246192406,1278.6505462605485,841.1145316624642
2021-01-14,3884.9105418987524,992.903150508954,1049.2669696227601,1014.8028047827627,1059.7703010799612,876.4632881591436,1060.6577953678016,1265.9721809315583,843.965943189405
2021-01-15,3794.7935829981748,975.5593898976969,1043.9215416852735,991.0628463451498,1054.297540162493,878.8110836740985,1052.9225427454246,1259.2875504903768,835.8875196184408
2021-01-19,3907.640456825949,984.8682201310011,1052.1662912035247,1000.8189467424901,1063.2533291293032,881.7420363436261,1061.1899111872262,1274.040164759934,838.7386263337162
2021-01-20,3933.846252927291,990.159585175329,1062.9478639970184,1002.6077600436944,1071.462419452679,886.6003875509577,1075.8754603971627,1303.545577096748,842.5402374259346
2021-01-21,3872.3419480553016,978.8909027544231,1063.7636514002947,988.1360614502076,1072.955306211281,883.3091709747557,1076.8561488391595,1311.1524124964424,837.5505212635094
2021-01-22,3906.3030369780618,991.2372314170073,1057.3305807988186,982.6076540897138,1068.477360675049,882.9955436049615,1073.0448474065547,1311.383078609633,831.135150139558
2021-01-25,3922.079945059589,992.70730355424,1060.229902379583,968.1358908901414,1074.9455496076744,890.0483509975342,1077.2766281044655,1321.9867355038066,831.3731064464314
2021-01-26,3792.654706839457,992.8050643680133,1058.0554296624377,952.5260268846597,1074.696820235952,892.2424731101612,1075.5953558088174,1322.6781824502789,827.8088420377554
2021-01-27,3699.5965858044124,990.0614990343882,1033.7738053420298,922.9322402328197,1048.5756414506886,876.883484692726,1049.307157938736,1288.5623886128503,809.2759371612462
2021-01-28,3753.6127499585946,970.4641971352503,1045.2804486202792,945.8592602939137,1060.2678619290596,876.5699241374546,1058.331665386193,1295.0169043339406,819.2549630705427
2021-01-29,3675.262098925719,956.0600114759159,1023.0829494670566,917.2410901424164,1041.361060191589,864.0321121286667,1037.1443001019006,1268.738428211697,804.5238216920848
2021-02-01,3813.779220150238,973.0116715187858,1037.0355513546037,931.3876263065127,1056.0388499758571,869.3604366890304,1054.407898415157,1296.3997063280353,811.4142925986749
2021-02-02,3927.9630989934403,975.6576387022211,1052.710001724951,949.7617262952842,1068.726192152425,876.7266710078289,1069.3175497176433,1315.5322197827163,822.5817283898435
2021-02-03,3907.10532295381,979.1848358500779,1050.7165934762863,969.5992187315267,1061.0142542555338,871.8681193569289,1070.1582319201516,1312.5355820859365,825.6704866003267
2021-02-04,3967.0050558743023,996.7246060796327,1063.4009314736365,991.0628463451498,1075.1943810850503,877.3538589328946,1082.321366085091,1325.4443378315675,837.5505212635094
2021-02-05,3996.68714798225,1008.5809920282644,1069.1995007614532,996.1034777585152,1079.1746636665303,883.6227983445499,1086.5811480308998,1329.8239613201417,841.1145316624642
2021-02-08,4099.63943799743,1036.5072387328019,1076.7194752897974,1023.0954481265462,1088.3789777937561,887.854228884907,1094.4286819729716,1335.8174205114005,849.4309115403017
2021-02-09,4142.959562028186,1043.9544655830289,1075.994995794739,1014.9652890883293,1086.8863973521145,889.2648839037535,1093.69972843395,1334.4342509219064,849.9060113229406
2021-02-10,4094.0238509996475,1040.4268617762132,1076.900687505702,1022.7704795154131,1086.8863973521145,888.7945096635849,1093.2233387822166,1331.6681874394674,850.8563124921067
2021-02-11,4133.33295998412,1042.7784078732427,1082.6086137487105,1020.6563745726469,1095.842492635885,885.5032930873829,1094.988799040294,1336.2782932435323,850.1435104123157
2021-02-12,4187.081972034692,1044.8364275335769,1085.4172922846665,1031.3882206825012,1101.5638808194224,889.7351913293992,1100.3980137904305,1343.8852205420765,853.9450199006457
2021-02-16,4148.04001515383,1042.386551300231,1082.4273276590934,1053.6647220665575,1099.0763828908907,881.7420363436261,1099.444958158859,1339.5054132558025,856.0834769419628
2021-02-17,4069.1546450812743,1036.8992579693972,1084.1489545207571,1052.2013296190864,1095.5935590528557,887.854228884907,1099.6971536086746,1336.0477190291915,858.6972369736957
2021-02-18,3989.4669890329706,1021.2214977818787,1081.7027004166107,1034.4778775195243,1091.3644449939998,888.1678562547013,1095.0168923975598,1329.8239613201417,854.8959306931428
2021-02-19,4080.9205381165175,1038.565177061344,1078.259816061844,1064.7219244240594,1087.8816211559647,878.294006082527,1093.0831483239917,1321.525770872825,857.5090811015447
2021-02-22,3844.799146938531,1044.8364275335769,1071.4646165234071,1086.0226154895158,1078.9258321891543,874.2133091054965,1084.6753130958612,1295.2471109528817,863.2117009476493
2021-02-23,3718.0475039167964,1038.956952302564,1074.726362535981,1094.8030993865136,1078.9258321891543,872.957663779433,1085.9928454969433,1292.480863672743,867.2512683467412
2021-02-24,3698.794299828664,1067.6671561485005,1086.9577069304253,1130.7385548057948,1094.5983352490055,872.8008500945359,1097.9596024891266,1303.315278578957,879.8441558916589
2021-02-25,3463.207212857898,1034.645554017933,1060.4111145954878,1092.8518663858283,1066.4869130673487,863.6974381842058,1071.503397131659,1265.2806420862362,862.7364995611221
2021-02-26,3485.937127785094,1029.7462895419922,1055.7903877741962,1086.5105206488156,1062.2580032197998,853.9666379052418,1065.982361608668,1268.2773716818656,852.5199237605062
2021-03-01,3655.473760965448,1061.592077958149,1080.0717165997555,1113.6649753224135,1085.891786182185,866.9937326641369,1091.8219868561773,1301.2406620429904,870.3399249533359
2021-03-02,3570.170103086903,1043.17050844163,1072.0081792974092,1108.9497647627813,1075.1943810850503,864.1685473841246,1083.302146636456,1284.4133393386169,867.7263681293799
2021-03-03,3345.54745284055,1044.7382600608444,1056.6962272325836,1117.5680873846409,1057.2827010457763,855.0650686592717,1068.9532571668688,1253.0634251859274,868.2013663081302
2021-03-04,3166.91872923958,1025.6306568802834,1041.8375642655124,1104.2342957788064,1037.8783384592073,846.2760190784861,1055.7251544881349,1233.469947100265,859.4099882515424
2021-03-05,3130.5509898058035,1048.9518975317021,1066.4813913965936,1131.2260723285804,1060.765422778158,865.4239254520971,1075.1466910768772,1253.2938156025684,876.9927443647181
2021-03-08,2948.4459701982287,1069.0389794812088,1064.9413461193953,1139.1936824551449,1053.7997751020878,866.9937326641369,1069.7938472600088,1227.0156151768745,887.6849279674152
2021-03-09,3255.698060876041,1079.5237047607159,1077.9878869274187,1129.1124196284143,1071.7115572470152,871.5450711394268,1085.068067441374,1264.3587128242732,885.7838176096406
2021-03-10,3240.7234387702624,1101.8647346570624,1085.4172922846665,1148.2996518119617,1073.7014943264483,879.235823595228,1091.8219868561773,1264.5888275443644,897.1888540940728
2021-03-11,3441.012016970381,1116.1708341754563,1094.4776814587694,1159.5187570202588,1084.1500679462072,879.3927709091706,1102.8921512594252,1289.714892089154,897.9019101835851
2021-03-12,3387.5305718558784,1126.9495738824096,1093.2999128659565,1171.8768675196652,1082.657385398912,883.1593060002248,1104.3774148197895,1281.877482475119,905.9802321506606
2021-03-15,3446.3606592807823,1124.7937120765105,1104.2625501279308,1180.494673292839,1090.866782039248,891.0072062135368,1110.9634188565747,1291.7896005239704,909.7819448467676
2021-03-16,3369.8815248867845,1107.3518653243125,1104.4438362175476,1150.738531547604,1094.1012849281742,891.4773800101372,1109.5622511492716,1298.0134501318703,903.6041236141357
2021-03-17,3408.388347895508,1113.4273501736232,1104.5346270097805,1170.4134104661084,1095.3447275754797,888.1818204899563,1113.3456434433467,1299.165953608174,907.8810376967699
2021-03-18,3210.7735723100163,1088.8324536622283,1088.4072569102393,1143.7466025274675,1079.1746636665303,885.5136493384093,1097.1469215345162,1268.9688186283379,902.1787226623308
2021-03-19,3272.010102829707,1091.1842437546334,1084.6020219973752,1141.1447862436587,1076.9355887927609,887.7106444755146,1095.1169231712997,1272.8873855870806,897.9019101835851
2021-03-22,3335.1185648207347,1075.898177476543,1094.2965431165767,1127.229927502927,1089.4903978311943,896.4030134418794,1103.8613260304114,1291.2515327579424,898.1648610470301
2021-03-23,3254.361055860613,1038.6631005387012,1086.9577069304253,1088.9382881377153,1081.0041927644463,896.2457988698457,1095.1729256670951,1287.324694902711,886.6864665550988
2021-03-24,3069.3144592861127,1020.5356267814204,1082.6991829198068,1090.0791023992244,1076.012247368916,892.6309995599596,1089.6057433506937,1273.2341199476655,886.9257437125227
2021-03-25,3059.6878572420464,1048.1010856574233,1087.3408898753491,1113.705935580755,1081.0041927644463,900.3322418958327,1095.7353454686197,1272.5412026195952,898.1648610470301
2021-03-26,3047.654604686964,1073.6430908846173,1110.4584861134042,1137.8211907702712,1106.9620025042432,916.0506256311467,1113.3933560960145,1293.0996186289628,912.2735770045202
2021-03-29,2972.7800422444634,1047.1185976121799,1111.8235984402304,1116.1498545910829,1108.7090302341987,923.281026025192,1112.8308441851218,1294.254143879964,910.5997545453262
2021-03-30,3059.6878572420464,1062.2472055412977,1105.4526556306728,1134.8878160545864,1099.4744928335615,914.3213989678226,1109.87827839117,1287.324694902711,910.8385236833076
2021-03-31,3207.564635823251,1066.1769137268952,1108.3650528584878,1132.9328359009298,1106.4630121759972,914.0073707108918,1114.3771762565261,1302.8011964127468,906.2950009972421
2021-04-01,3231.631348349646,1081.502181928645,1120.2881222521287,1153.952167463109,1118.1940328026665,917.1509271918137,1126.4114494155153,1322.6666031951943,912.2735770045202
2021-04-05,3252.756691325345,1086.2172298961027,1134.1220829579624,1156.559539870289,1132.1714799101512,927.839045952757,1142.579038357933,1348.5375998170846,920.8817632501377
2021-04-06,3311.3192118141797,1085.1368183735024,1133.939984257512,1158.8405223324503,1129.1764147784863,928.4681046844597,1141.9044293460815,1346.2278141242834,919.9255690554385
2021-04-07,3230.829269790127,1069.0257223991414,1133.576008477747,1158.6775857842836,1128.67711813328,924.381327585859,1143.225646121887,1351.7717041419455,919.4472179483676
2021-04-08,3319.608808842818,1074.625416266277,1138.1267030199203,1156.070342589275,1135.9150815870119,926.7392789082721,1148.6521774332232,1364.9383280603306,918.4905157342258
2021-04-09,3296.0770227723315,1075.8040765934015,1147.1370058171854,1159.981207381788,1143.153555569011,930.354145032681,1157.0032732906136,1377.181092840905,923.5120847156966
2021-04-12,3274.9516797966326,1077.0810670568424,1145.6807333295658,1159.8182708336215,1144.1520467537703,934.2837075592481,1157.425042087073,1376.9497834357653,924.7078608794853
2021-04-13,3411.0623579263647,1069.7133826990198,1145.95399219081,1149.715558786434,1148.3951492871442,935.8557196505386,1160.8553791732797,1389.6546156335198,920.4036153508438
2021-04-14,3339.1295798670194,1081.502181928645,1143.2232504211725,1164.3803649701151,1144.40159297072,932.869244112605,1156.8909919709185,1375.3331907675843,924.4687869298383
2021-04-15,3385.9262073206105,1084.9402394326619,1155.7832589609736,1160.3069512659497,1160.37561402511,943.7146442601047,1169.3186642409971,1397.2775333319425,929.2514851694392
2021-04-16,3326.026474400119,1088.1820433230055,1161.244077636839,1161.7737678359636,1163.8702821189415,948.9014556612814,1173.227048947563,1400.2804201505137,934.2730541509101
2021-04-19,3220.6677412901518,1077.1793971931586,1156.1473824881627,1153.4637454551234,1157.6301972160486,946.7136141137929,1167.4628446928286,1391.0406340873603,931.6425294775742
2021-04-20,3182.160918281428,1051.8340522385965,1148.6842168444623,1122.3414434214142,1149.8927329058033,950.3335581419309,1158.9152795533137,1382.7247071620175,923.0341400241797
2021-04-21,3257.570199763608,1076.0004928706585,1159.5147679091117,1148.0863225169394,1160.37561402511,954.2687330884091,1169.8810840425217,1393.3506035778612,933.3164535406568
2021-04-22,3246.6063852878838,1069.7133826990198,1150.9596010524049,1135.865693767929,1150.1423812284065,950.8061372613503,1159.1963052353399,1379.0289949142257,926.6210620999918
2021-04-23,3307.8429158075746,1089.5576079181378,1160.9711142704434,1158.0259688037886,1159.627077479914,952.5373015458341,1171.764904838588,1396.8154659147626,933.7950078555047
2021-04-26,3415.6087142610168,1094.8623113763251,1160.789089443705,1169.5947221479612,1158.8782346177577,947.1859259751212,1174.2110533268108,1403.5140649811253,933.7950078555047
2021-04-27,3375.764471404406,1098.4970291529742,1159.8790391837251,1179.2081077019627,1156.8814564595457,946.8710959439175,1173.9579367833144,1399.587043328194,935.7077010565687
2021-04-28,3352.767404373599,1100.5601727161932,1159.3328169560855,1191.9176753076445,1149.3935383662504,944.8251016282298,1173.6206322773885,1396.5843403073227,936.9034772203574
2021-04-29,3255.96583522834,1101.2479143478633,1170.163441894447,1201.6938681976415,1152.6383539261717,951.9077751124722,1181.1000050752261,1402.3591721347248,945.2728943279934
2021-04-30,3229.492057358469,1085.9227274779053,1161.6083489114524,1188.4958785839742,1141.656278267312,951.2781150500648,1173.3395144859942,1391.7335514154306,940.7294732458165
2021-05-03,3126.2724078234496,1098.2024454029847,1167.1601061269748,1202.1830654786554,1147.3967602080381,959.6199750300766,1175.8697588272782,1388.9615145077498,946.947021598853
2021-05-04,3029.470631261961,1093.192244362995,1161.8811645304236,1196.643093628819,1139.9087400090893,958.9902481531464,1168.6157776531436,1370.0201506608125,947.9034190013293
2021-05-05,2982.9415707444386,1092.7011630039572,1161.153139097182,1210.8188317436575,1141.9059265899152,960.2494346489158,1168.9813597350715,1367.2482975508312,951.251368731383
2021-05-06,2897.103401242444,1099.970761220839,1169.8903307806272,1216.1959962574986,1148.6447976097475,967.4893895197145,1178.3162757529733,1377.6429764603854,959.1423331280596
2021-05-07,2934.0058597159,1108.2227661511722,1178.9007074516044,1237.052649695854,1158.8782346177577,970.6371553155697,1186.891934249754,1387.3444623453192,966.7945283867548
2021-05-10,2780.513494136914,1085.4315647870753,1168.2521812136933,1227.439134929681,1147.3967602080381,975.0443748652852,1175.139147319631,1360.0875391684385,967.0336023364017
2021-05-11,2837.7388021940906,1078.2599713793425,1158.2406679956548,1207.2339692596493,1141.656278267312,963.8694454915765,1164.6512983414143,1354.3125235433365,953.8814869891648
2021-05-12,2731.8451426282145,1045.0557793761282,1132.6657365966307,1179.0450419416247,1116.1972546444542,948.1302824396869,1139.9077745741115,1320.5876674132835,937.1425511700044
2021-05-13,2660.179724088709,1071.285363571409,1148.5932783048052,1193.5470407893106,1131.4226370479948,961.036509726925,1153.6011216710408,1334.2163587488487,949.8165186179473
2021-05-14,2789.337810205231,1092.7011630039572,1164.7027709660058,1230.0459904881752,1147.3967602080381,966.2304702820361,1171.3148584661267,1358.0085114876779,961.0553311407891
2021-05-17,2762.59688023175,1095.4516415398873,1159.5147679091117,1240.3115098713577,1143.4034081029208,962.7677408259317,1168.3342914242771,1351.7717041419455,961.0553311407891
2021-05-18,2802.1733487360625,1084.645574350881,1149.9583906316313,1223.5281409249963,1135.416193364419,958.3606549052616,1158.2685796799917,1341.3770252323916,952.6857108253762
2021-05-19,2753.5049972273637,1077.5724737430476,1148.3201671909853,1208.3749127333297,1136.4145824435252,954.4259476604427,1155.2318259236106,1342.0700344593117,946.947021598853
2021-05-20,2850.3067737888528,1079.8319522517318,1161.5171887506588,1207.7226496919775,1152.3887056035685,965.2860470029477,1167.6596824124254,1363.0903340881598,951.4903410771415
2021-05-21,2830.251076308742,1085.0384882371864,1159.7879528966437,1211.6335144844907,1152.6383539261717,964.6562533114948,1166.7037713904433,1356.3916431229472,955.3164387064891
2021-05-24,2907.5324966784883,1090.5399332997974,1170.8004549143195,1228.253559246171,1163.6205316906849,964.8139355851877,1178.5975777631038,1376.2571418042446,960.0992385499784
2021-05-25,2924.913976711513,1078.16180390661,1169.2532438870426,1219.9435368653308,1160.8752169872766,962.4500377702498,1175.9824085844457,1378.7977774079359,954.8378843916412
2021-05-26,2979.7326342576735,1101.1492588843798,1171.4377634290404,1235.9120938586875,1159.627077479914,960.8742840656851,1178.3162757529733,1380.8768050886965,956.7509840082591
2021-05-27,3002.4623417686403,1111.857646591405,1171.9839117829679,1253.1838848130344,1158.129493861255,958.9828985556437,1178.9347901596614,1376.2571418042446,960.5772848453838
2021-05-28,2997.649040746607,1108.6155173738941,1173.3488763623698,1250.0877027613546,1163.1214392567852,961.9775254653531,1181.0440025794308,1379.7218203434463,961.772959405284
2021-06-01,2974.9193332356404,1127.5758286794605,1170.982479741058,1273.5513409703756,1154.385381656127,955.8311238884235,1180.0031667200747,1373.4851048965636,965.3596782733191
2021-06-02,2976.2563382510684,1124.1372831846927,1176.2614952113213,1279.2541201562071,1159.8765215912103,960.7166017919923,1181.8589862682434,1375.1019732612945,967.0336023364017
2021-06-03,2872.7691217799797,1114.6082877909187,1172.8935926743873,1267.5226886882108,1160.62546655902,963.5530787263494,1177.4727381600546,1365.1695455666202,967.2726762860486
2021-06-04,2928.390272718118,1118.6358381220814,1184.907526733973,1272.7366582295426,1173.6044224817454,968.2814088724074,1188.2417049296657,1384.1108175147078,970.8595983618608
2021-06-07,3013.426156244364,1129.5403981109878,1185.5446875012697,1271.1072927478765,1177.09888636427,964.1838078211209,1187.0888640787189,1386.1895694989187,967.9901013427665
2021-06-08,3025.192049279607,1142.5078576677377,1184.452538540839,1275.0176406917037,1175.6013027456108,960.0860063262663,1187.3418885128472,1387.575771750459,966.5552512293308
2021-06-09,3017.704738226718,1134.0594364601477,1182.1772282066086,1258.5609201147042,1176.3499413964603,960.8742840656851,1185.57016481774,1388.037931066489,963.4468834683667
2021-06-10,3074.395327244215,1116.2687576528133,1189.0049321783918,1251.0654512625256,1185.8345355423144,967.3357161173867,1191.081528857082,1400.9733374785842,963.2079111226082
2021-06-11,3105.14727226398,1127.4923822610483,1191.3782729286459,1256.442357352024,1186.583480510124,968.9116034509968,1193.0495376155777,1403.5140649811253,965.1205027197836
2021-06-14,3164.244511792494,1121.9791440886224,1193.8426999659812,1244.87347479568,1190.5773431435084,968.7539879918268,1195.7210777275034,1415.98777157144,960.3382108957368
2021-06-15,3077.604056314751,1123.9481867687,1190.7390436974088,1247.4805887785174,1186.333934293174,968.9116034509968,1193.527769454673,1409.0581387964871,961.2947099021017
2021-06-16,3062.6294342089723,1123.5541342373092,1181.1548160304478,1246.0140306328462,1178.8461183055322,957.564559866681,1186.8639330018564,1403.9759486006058,954.1206625427003
2021-06-17,3168.7904532946877,1103.7650519730482,1183.1629251478305,1212.4484556496666,1185.085896891465,959.4556781186313,1186.4702575626627,1418.5287747705308,942.4038037244532
2021-06-18,3179.486700834342,1074.9181293850545,1167.8282199796627,1185.2370184084705,1171.60784853484,944.9564589799587,1170.4643205612335,1407.4409028363568,924.9471380369092
2021-06-21,3195.798742788008,1099.0394308726536,1184.2581768041714,1221.2600796799777,1191.4614759964413,958.2445980792428,1187.2207646938161,1420.0753405151058,942.5433058633673
2021-06-22,3236.1772898518393,1105.1434631808945,1191.6520489058748,1222.4043826701152,1198.2210744639171,958.2445980792428,1193.5676528110537,1433.49615665225,943.7450766565778
2021-06-23,3303.2969743053814,1107.0138503974888,1188.00069293542,1228.2884465324557,1195.4671828856222,952.2477942187531,1192.1291808096764,1433.7277417539392,941.5817266625775
2021-06-24,3350.093394342743,1121.782077157031,1195.5768853587103,1241.527525616636,1205.2310359935702,955.8772927236446,1199.1814424677057,1440.438195771936,948.3126794642183
2021-06-25,3355.708981340525,1122.9634214332857,1206.8043598787438,1251.6609901606223,1213.9936410641164,962.5056274531787,1203.4411323041463,1440.669321379376,955.0430226425282
2021-06-28,3482.4604169460304,1111.4443997571432,1212.1899012419278,1229.2690377013982,1213.7432780019394,963.2949074104388,1205.8670167313903,1454.553032023349,949.2738522494542
2021-06-29,3499.8423118115143,1108.8845629412504,1214.1068501985171,1226.8176243851278,1214.4945713997777,960.2961380003188,1206.5158351201783,1459.1810581031398,945.9086298583551
2021-06-30,3497.167886948199,1112.3306722926577,1212.8288349783163,1235.152972351567,1216.7474305367582,961.2430334167491,1207.5315251220472,1457.0988139626334,950.4756230426646
2021-07-01,3453.8479703336716,1119.3207331410379,1220.1312514243775,1247.902078881705,1223.0065070911867,966.9244059153302,1214.217283604468,1463.114880270962,957.2067790520824
2021-07-02,3426.8394734241215,1107.506151733404,1230.9934943115395,1244.305845726611,1230.517501062154,972.4476284385593,1223.4980393139363,1481.1638143867465,959.1296326419967
2021-07-06,3402.5054013778868,1091.359920424975,1227.9812936986093,1214.885914051423,1224.258526613379,971.5010002802201,1221.269084715657,1489.262492430981,949.5142470496517
2021-07-07,3322.817745329583,1084.0742185133117,1234.096855085263,1198.704932248244,1230.7675578073708,980.9696203719084,1225.5854218134696,1496.2042558541175,951.197213858811
2021-07-08,3297.41382037153,1071.3737712291227,1223.9649277164194,1185.7927599577683,1218.2498131211278,975.2886487604636,1215.5993846725773,1486.254367377967,942.5433058633673
2021-07-09,3359.1852773471296,1098.6454596730543,1234.7357888216516,1219.1354439452405,1234.7735710135119,981.9168498609523,1228.5753840108637,1495.9732221455274,957.2067790520824
2021-07-12,3335.6532838604144,1103.86362610474,1238.4778617106272,1227.634503732875,1238.2785517783384,981.9168498609523,1232.976461727314,1501.063683237898,960.5717982354046
2021-07-13,3269.6034523186904,1083.1881899731727,1236.1962721108637,1206.7135026331503,1235.774921156567,977.497737326187,1228.7733270428776,1500.3693874270793,954.0816466495153
2021-07-14,3159.965722393911,1070.4879053525672,1237.3833487914076,1189.0618278948145,1240.7818760831494,982.863344390246,1230.6066719052335,1504.7662878994304,953.8412518493178
2021-07-15,3112.63458331687,1065.6633847933135,1232.727827451693,1175.8227488106343,1239.2801061327004,986.9667583050118,1226.403537220797,1495.9732221455274,953.1201690526138
2021-07-16,3116.110879323475,1050.2060337616401,1225.7904210173665,1146.0755227052273,1230.0167749377997,990.1228759162109,1216.7840953648815,1485.3288540608585,944.4662610571702
2021-07-19,3136.166576803585,1030.0230616295719,1210.1818659982573,1111.7523767609841,1210.7388191501605,980.2307185648027,1198.814662963993,1469.1311303769903,925.7161778689865
2021-07-20,3229.224905254859,1061.0359311656514,1225.9730368338023,1150.9788661864538,1227.7633031668988,987.8155700020432,1215.994257533556,1487.179972593925,941.1009370621825
2021-07-21,3280.032547754735,1078.7578846088936,1235.101168201947,1186.6098977298584,1240.0311953192318,983.7072118125939,1225.8393673412788,1496.8990111591854,951.197213858811
2021-07-22,3254.628622796682,1058.5747498132419,1237.839075721663,1174.0247614452587,1238.7793800083462,985.9196411044547,1228.4063633204285,1508.6992829776036,947.3511002634284
2021-07-23,3273.8818268848145,1067.2387816009593,1255.3652445607709,1173.861178836235,1249.5445832593493,996.033088155215,1241.0442291684762,1529.756617842952,952.6394810561073
2021-07-26,3251.6870458297567,1076.6901864653325,1256.004104423447,1191.6768238201087,1250.5461376137112,994.9268401020231,1244.0908386272424,1531.3764269708788,956.725684640022
2021-07-27,3171.999389781453,1066.5495759970363,1250.9836469457098,1178.4377447359284,1245.789341537999,1001.0899453096406,1238.4208622560586,1517.4930839223055,957.4469706445029
2021-07-28,3245.0018133363865,1075.6071723253938,1251.3490263260055,1187.9176541168483,1242.5346217296963,994.2947747167966,1237.9128790910722,1519.1128011513822,955.0430226425282
2021-07-29,3251.6870458297567,1088.9970692088816,1257.1905162405815,1199.5219408081628,1251.7981571359037,998.8773823887341,1243.0468710493717,1522.1207424066968,961.7736706325035
2021-07-30,3208.9018482549086,1085.5512038528495,1253.8131578684922,1189.5518004488572,1249.0441634519552,996.5072708231803,1237.010207283843,1512.633656538525,958.1681550450953
2021-08-02,3238.8515072989253,1078.6593918089939,1251.8051226248217,1182.850728026598,1245.2887175192982,997.6134520618494,1234.414749509955,1511.0138474105984,955.5242186584771
2021-08-03,3214.7847947725304,1088.6030166774906,1261.1155743145534,1197.7243410793014,1258.0570294790252,1003.6180732215009,1244.4574339122191,1521.8896167992568,964.1775170305898
2021-08-04,3296.611741812011,1069.4047285490449,1259.1985514842522,1178.7647807418045,1251.7981571359037,996.5072708231803,1238.3362137467889,1522.8147625209656,953.8412518493178
2021-08-05,3357.848064915472,1084.3696155812193,1267.413751517643,1203.9351825231752,1257.8065643111947,999.3518323147905,1246.178405345512,1531.3764269708788,960.0912118427867
2021-08-06,3289.3917902789613,1097.6610196648073,1267.5052071732853,1216.193670438413,1263.815277803446,1000.2998635781074,1248.2376944877794,1527.442972398456,966.8220630405391
2021-08-09,3334.5834309485963,1088.4063564048583,1266.2271919530842,1208.3481658138448,1263.0641886169146,1000.9319289633339,1247.2220044859105,1527.2115710944665,965.6200890395517
2021-08-10,3247.4086712636326,1098.9406940773783,1266.5922758385314,1222.0777343007535,1268.0713477548038,1002.3540760800935,1248.7735867912957,1520.7325183804592,972.1103422293295
2021-08-11,3243.6648083209584,1106.6202045250568,1268.143919288537,1234.9897773790578,1271.075602395276,1006.30475199585,1251.8765671833296,1520.038038771941,978.1199074226009
2021-08-12,3258.372278323127,1101.0083922209394,1269.3307743479445,1229.4328787347647,1273.3289720605237,1006.30475199585,1255.6284580735196,1528.368210019015,978.1199074226009
2021-08-13,3211.5756508695354,1092.935235900829,1274.3512318256817,1217.174132395184,1274.830742010973,1011.8359254472865,1257.9135072769625,1534.384460125043,977.6392194260945
2021-08-16,3128.1445467110166,1087.5200025375518,1281.927424248972,1200.5029196136195,1279.3373792358148,1020.0530427133217,1260.875468226459,1540.8640642321498,978.3603022227984
2021-08-17,3098.9967588102895,1071.767742428722,1271.1561937751794,1174.1880856299397,1272.5779849796459,1021.3169730402064,1252.6099419720192,1527.2115710944665,973.7929026229349
2021-08-18,3097.659546378632,1063.1036293092125,1256.004104423447,1164.5448520643388,1255.8035577081243,1007.8848486443935,1238.9001994075709,1511.7082351202666,962.7352498332934
2021-08-19,3044.445460783969,1053.6522244448392,1261.389498039207,1147.7099274615791,1257.556303354671,1013.8900711347497,1240.8184691073009,1520.7325183804592,958.8891362379107
2021-08-20,3096.5903157155026,1069.601470153469,1273.8036798712233,1158.8241123866794,1265.3173540708553,1018.9468614746527,1250.6916722722892,1536.4672556586488,963.6970322418604
2021-08-23,3194.9964568122596,1083.1881899731727,1281.7448084325365,1187.2637113172677,1274.5807873714093,1015.7346196643425,1261.6934915244183,1553.5904926596254,969.7065974351318
2021-08-24,3237.2471427636574,1090.7692076209516,1282.5662841116482,1204.0986359200274,1274.830742010973,1009.2466622471087,1263.6961334053137,1554.284696571594,973.0718198262309
2021-08-25,3236.444649371679,1094.8058671127988,1284.6659227583852,1215.0489798117612,1278.0856660305824,1009.405012666029,1266.3482384405736,1554.9789004835625,976.6777418291931
2021-08-26,3186.4395002637816,1082.6957259736737,1275.9938876890567,1202.7908795330375,1272.5779849796459,1006.0821928205658,1258.8727342361956,1547.5738749581976,970.1871838277497
2021-08-27,3263.18557934516,1114.4965379089515,1288.864018072465,1229.7595271041266,1281.5908510067159,1009.5630290123357,1270.1281305786615,1560.9953343872905,978.3603022227984
2021-08-30,3283.5086363451105,1107.900204264795,1294.15854702228,1224.0390458508098,1280.5893987580073,1013.6774673233555,1275.7135505499436,1578.8130509967855,974.7543802198363
2021-08-31,3263.18557934516,1106.3250514525248,1289.3207053609783,1221.9141516917298,1273.3289720605237,1014.3100672247639,1273.8236505355837,1575.3418476392426,974.2736922233298
2021-09-01,3308.377634847254,1111.4443997571432,1290.0513163741452,1215.0489798117612,1270.324819525705,1017.9499887952045,1274.5004701722694,1579.0442685030753,972.831729837699
2021-09-02,3338.0601417876605,1116.1701835211218,1290.690028489397,1223.7117514205909,1273.0785068926932,1023.3300946107005,1278.4214738622627,1579.5070711110543,979.0815882272793
2021-09-03,3344.477807344961,1109.2784528090579,1290.5991638234523,1219.7892575326496,1272.0772588552916,1020.9561078028271,1278.1112495105538,1583.9029606960567,975.4757678282057
2021-09-07,3334.851205300895,1099.1376796771779,1280.4669409597598,1217.6647510100838,1264.816627946501,1008.4555114832116,1273.5413353224044,1583.9029606960567,968.2644318417239
2021-09-08,3240.188304898124,1089.8830164172289,1278.5505091191558,1202.95433292989,1263.3144495734384,1017.791705190807,1271.9898451263873,1580.4324925293126,968.0240370415264
2021-09-09,3254.628622796682,1087.12635666512,1273.7123719630056,1207.3677038570738,1258.8079144542498,1009.2466622471087,1266.5455367070108,1571.6390591800105,964.8987014311822
2021-09-10,3221.2024603298314,1076.0997176566848,1267.1398277929895,1200.1757543955719,1251.7981571359037,1003.0753388531929,1256.5594995661188,1558.681505145095,958.1681550450953
2021-09-13,3159.965722393911,1084.2712041131115,1265.8622558150616,1212.4342423108099,1255.553398857254,1002.1260381139437,1259.7752218246885,1556.8295595223797,964.1775170305898
2021-09-14,3124.9356102242514,1070.3892498890837,1260.1114828190061,1200.33972464111,1246.7907937867076,1000.2270357483086,1252.9768135851002,1553.5904926596254,955.7643086470091
2021-09-15,3150.606687285914,1081.9083528970182,1268.0529068751678,1218.4820179943454,1257.05537301901,1003.550390109954,1263.4423720962407,1565.391775365392,964.1775170305898
2021-09-16,3170.662384766025,1077.8719374005464,1266.1361795397152,1219.4626091632879,1257.05537301901,1000.3854529817518,1261.4397302153452,1565.391775365392,961.052689439688
2021-09-17,3249.0130357989005,1077.2810619329396,1252.6267460513577,1208.0212590201402,1247.2916220167153,991.6823268772242,1249.152064184755,1547.1118075410175,954.8028310501077
2021-09-20,3105.6819913036597,1058.8702282129414,1232.5449161404088,1174.678575032668,1222.756246134663,983.1376848206625,1228.3232806704161,1518.7206687589585,940.6507302322269
2021-09-21,3132.4229212771406,1056.9011042010718,1231.541046265998,1174.0247614452587,1223.0065070911867,981.5552496638227,1227.1629789606545,1520.8074159431087,936.7868359563563
2021-09-22,3158.3615652748726,1074.0319381813317,1239.6648645174587,1202.1371951577996,1234.022379721327,985.1944362745131,1239.1336966556655,1534.0169566243862,946.929850541696
2021-09-23,3191.2525938695853,1092.3442791014302,1252.4442779823464,1231.0670250667736,1254.0510162728842,988.6758737969878,1254.189341306566,1548.849614792186,961.1781702419889
2021-09-24,3132.1553543410714,1090.8709536925244,1252.2427504956004,1235.9704977601716,1257.556303354671,988.2011566128405,1256.2550781045993,1551.6306577871546,962.8690621544515
2021-09-27,3129.481344310215,1110.9477065044694,1244.460302667986,1248.5555048325998,1254.0510162728842,979.1813964849948,1252.66087845257,1537.4933063175222,967.2157781084871
2021-09-28,2998.718478825966,1095.1235490916663,1217.9083914257737,1219.9528401416735,1230.7675578073708,967.4715500421399,1227.4176613634083,1495.544973505102,955.6238920730983
2021-09-29,2934.0058597159,1098.4861306928697,1219.5564400701357,1208.8386552165732,1232.5202013482642,977.124444587576,1229.483582380178,1495.7765586067915,958.0389148989199
2021-09-30,2955.6659217312786,1079.8927884320167,1206.097019084904,1194.7824383603026,1215.4957173315258,962.7246454587572,1214.4562153052796,1483.7251272316603,941.858089239305
2021-10-01,2972.7800422444634,1101.1563347502688,1218.3662606936816,1221.4239207133442,1229.5158446021387,966.9968996725153,1228.8893848466641,1499.2534596930266,955.3823796301273
2021-10-04,2866.351663638908,1097.2991745229788,1198.406470155205,1205.7329114642077,1214.2441062319472,966.5221824883679,1213.0413233021318,1469.1242379632495,951.0352572605377
2021-10-05,2915.8220937071264,1100.2662396205385,1212.5065978459165,1217.50116840106,1227.7633031668988,971.1114047980578,1225.663162120133,1488.5921822199803,957.5558900129779
2021-10-06,2939.8888062335213,1092.4531823706834,1216.1687393783454,1215.2129500572992,1230.7675578073708,979.8144640880627,1230.7569022845794,1497.8627543978425,958.7635538317214
2021-10-07,3011.0195057333476,1109.068535454358,1227.8883605687242,1228.615224113989,1242.785086897527,983.2955675379236,1241.397744923185,1511.768336968086,966.4913423834627
2021-10-08,2957.537645786386,1101.8487936258648,1226.6979595711337,1227.634503732875,1243.0353478540505,979.1813964849948,1239.1336966556655,1506.669421181527,966.9743672694046
2021-10-11,2947.9108363260902,1095.6178837223772,1219.373307137715,1220.7697194894206,1234.022379721327,973.8012906694989,1230.163073188538,1497.166988205426,959.2463755098864
2021-10-12,2988.0222312863116,1098.584867488145,1216.7181381756075,1224.6927302260476,1231.0182271865083,975.3837258263386,1227.1346092752844,1492.9955156118226,957.0729667309243
2021-10-13,3033.2142867884054,1098.1895949798766,1225.7825165301665,1224.0390458508098,1229.766003453009,979.8144640880627,1231.5495033969473,1502.729533689613,957.0729667309243
2021-10-14,3090.7071617816514,1112.9255330180642,1247.9397545102672,1247.7382378483383,1249.0441634519552,992.7897775918256,1252.2650844979105,1530.5406988301002,971.5630020819652
2021-10-15,3096.5903157155026,1107.6838616985413,1254.8979194577078,1253.62243092285,1261.812169094722,993.8976960080862,1261.8018121412858,1542.360453204692,978.5666597203475
2021-10-18,3130.016270766124,1109.5628700850689,1261.8566753948458,1262.1213614983133,1267.069793400442,989.0167614920645,1265.5373075639568,1556.0338992801471,975.4269979617244
2021-10-19,3198.205185882795,1111.343304339905,1272.6607057968333,1269.9668661228816,1278.5864942605901,997.2573974701082,1275.3007163621885,1567.3903915525107,982.9134772782716
2021-10-20,3174.1384733564,1119.7495956793298,1276.8720983791,1272.9088980540519,1284.595105647188,1005.4976993755381,1280.309715907997,1566.6952686520433,991.6075188096738
2021-10-21,3199.809965250522,1120.9364705174287,1283.55574861219,1273.3991290324373,1285.095525454582,1007.5577915555263,1283.6493252666405,1577.1245015291508,989.6756224736828
2021-10-22,3148.734755814577,1121.6287667294412,1283.0980270917064,1273.8896184351656,1294.1084935873055,1014.0551030059453,1282.319265991499,1570.1712507497798,992.3319545346984
2021-10-25,3257.302425411309,1131.0244593164143,1290.0563397865715,1284.677154990904,1295.8610350225454,1011.6780427300254,1289.196059303327,1582.6867713167883,994.7470789644085
2021-10-26,3240.9907982901022,1120.5411980091603,1286.5773311865632,1281.734864635391,1295.109945836014,1011.9949440114343,1290.356453122457,1586.1631210099242,994.505668125326
2021-10-27,3173.60396173295,1098.584867488145,1277.1466130934507,1263.1024695159415,1277.084213781874,1003.1205054705727,1284.6398694110223,1591.4936218981725,980.4985560563385
2021-10-28,3256.23298733195,1119.8485764699806,1289.1408967456043,1285.0036741480944,1285.3461948337194,1007.8744923933671,1297.0350270741671,1609.802078366009,987.9852385806628
2021-10-29,3243.1298818650494,1118.167204337587,1299.1202010251454,1284.5133139575375,1289.1014365550695,1007.8744923933671,1299.6668680484484,1618.6096641381923,985.0873940766762
2021-11-01,3345.8148123603896,1144.0790252222087,1296.5567832135287,1308.8668363911609,1287.849621244184,1008.8253298666395,1301.902546630598,1617.4506358435474,990.6415706416783
2021-11-02,3291.530873853909,1142.8923130476933,1303.9734084185743,1309.8474275601034,1292.6067236368563,1014.6887719397178,1307.1663206885287,1625.0986419279864,993.5396183534419
2021-11-03,3332.9792738295578,1167.8152206755174,1310.1991893837567,1318.8369767504664,1300.6177289926043,1015.3228417606268,1315.1470447768509,1637.382393595606,998.369664005085
2021-11-04,3326.294041336188,1164.8483182415416,1324.9403931485087,1323.5768668348405,1302.6207355956747,1014.0551030059453,1321.3446236084233,1657.0814634597766,994.022846447161
2021-11-05,3270.13817135837,1189.8700439964327,1325.764085038985,1347.7666774472689,1310.8826145418668,1016.5905805153084,1325.929183186098,1657.0814634597766,1001.7509398105677
2021-11-08,3299.8206782987763,1189.9689434552918,1327.4122075570592,1351.3622645415055,1312.384895020583,1013.5796508620476,1327.0611152104898,1657.5451850562545,1003.1996080528397
2021-11-09,3224.144037296757,1188.28765265469,1328.4191062536684,1343.1904991840897,1309.380436168804,1016.4322300963879,1322.674774992933,1649.4329059822383,1001.7509398105677
2021-11-10,3116.378446259544,1175.1340246264533,1315.6012784584625,1310.9913429137266,1307.127270714863,1020.3941308519667,1312.0339323543274,1628.3432227217334,999.0940997301096
2021-11-11,3137.770941338853,1184.2326121778906,1317.6153713465294,1322.4328222690458,1307.377837988347,1016.4322300963879,1312.4583723224612,1632.051525111958,997.8867407230316
2021-11-12,3168.523093774848,1181.562570784075,1331.6234523919015,1329.7877082787143,1315.3890475554017,1020.7110989478984,1322.363353219439,1650.823886973972,1000.0601495019936
2021-11-15,3142.8518092969553,1182.3536037913627,1332.1730728103,1329.6245133062048,1316.6408628662875,1025.148117774761,1322.8159786542067,1649.8969951741158,1001.2675085090716
2021-11-16,3180.021419874022,1185.3206688889222,1337.5750141375818,1335.6716429288833,1323.1506087998532,1025.464751798079,1328.0516593548716,1664.265564150038,999.8189418706881
2021-11-17,3121.191747281577,1172.4635765736787,1326.8627348860848,1321.7788794694652,1314.6382646858306,1024.355630720409,1324.8254366283402,1663.1072710461922,995.2303070581274
2021-11-18,3043.6431748082205,1170.4855873965003,1328.5110051515833,1320.9616124852037,1312.384895020583,1021.6619364211709,1329.324979259273,1678.635235912159,991.3661079705913
2021-11-19,3028.1336262465325,1156.7384812833182,1331.532292231108,1310.174334353808,1305.8755575096309,1020.7110989478984,1326.9477285783776,1686.283241996598,981.947529110276
2021-11-22,2901.1144162887285,1164.25500282018,1321.3694856505854,1306.0883870690145,1304.6237421987453,1024.6148042541608,1323.2124173744428,1669.1328948349078,988.2264462119683
2021-11-23,2833.4602202117367,1165.3428155358363,1323.2918273881617,1310.9913429137266,1312.6353601884134,1028.2651488901506,1324.9670087270863,1663.5711764403698,995.713230340181
2021-11-24,2881.8610047843663,1161.6832102308888,1328.4191062536684,1312.9529128881259,1315.8900799967164,1028.1064643986165,1328.5044690083755,1670.059970432464,995.9546411792635
2021-11-26,2864.479732167571,1118.0685488741037,1300.7689145329168,1257.0549522567487,1287.0986341633059,1013.5058876289303,1298.8746353735528,1636.4547666049505,973.0121783436798
2021-11-29,2859.1312972733995,1115.3978568259536,1316.9741475250644,1282.5523900439955,1296.3617611468997,1021.5997989150123,1314.8072533179866,1667.0469747404063,975.6684088008069
2021-11-30,2826.2402686786872,1090.969609156008,1291.2465930367377,1250.6805282038513,1272.828143830516,994.3018570562083,1289.2244289886971,1642.7121592930553,952.7260475691118
2021-12-01,2636.647523185764,1074.7500165713525,1273.2091442358374,1222.731031039477,1263.3144495734384,991.2864508299232,1274.9047381887926,1618.1457587440148,945.2393650447875
2021-12-02,2647.8786971813274,1104.7167966009818,1290.7888715162542,1253.785496683188,1281.5908510067159,1006.6811850170303,1294.431647894624,1633.4419547105927,966.0083174975206
2021-12-03,2501.071356679482,1091.760967490463,1278.9779424176577,1231.0670250667736,1272.3274177061617,1013.6645053059417,1283.1682380371346,1610.7298891543642,964.317832000612
2021-12-06,2539.0434606485264,1117.8705059610104,1288.7744831333387,1254.276115298088,1287.0986341633059,1026.9957397724004,1298.365270568045,1626.025533727843,977.841817579769
2021-12-07,2677.026277665825,1133.3979649972368,1319.1717427141127,1291.0514498316302,1311.3835448775278,1034.7721484463686,1325.2215069111041,1669.5966164313857,990.6415706416783
2021-12-08,2760.190229720734,1137.9472587729554,1320.8198652321869,1298.5694016016366,1311.3835448775278,1034.6136643984028,1328.7308738351273,1679.5619439143156,990.1585457557363
2021-12-09,2613.3830966351175,1119.551878093404,1310.1072904858415,1278.7929619163922,1308.8798121501031,1034.1373436657093,1319.7600661492638,1662.180195448636,987.2607012517498
2021-12-10,2571.667129723399,1119.650696220471,1320.7282618291206,1282.5523900439955,1327.907302769912,1043.3425809087123,1332.1834092790425,1680.489019511872,994.505668125326
2021-12-13,2527.0102080934435,1101.0756536127785,1310.9680669798174,1250.1899095889514,1317.3923604754325,1052.0718314916355,1320.3822649306753,1661.2531198510796,989.4344148423774
2021-12-14,2498.1297797125562,1094.804321808754,1300.317398404254,1241.2004896107599,1308.8798121501031,1047.1515432217134,1311.2980706126996,1641.7856350885984,988.4681618627163
2021-12-15,2551.878999179358,1109.0391746775092,1326.3936368139302,1256.2376852724872,1329.1589138694908,1060.959232049911,1331.7871547775426,1677.0130374141354,996.437564461317
2021-12-16,2456.681794569366,1090.1253851568667,1309.7747110337407,1234.0090569979438,1323.9014937750778,1069.6878144876068,1320.0426576905472,1641.7856350885984,1002.9582988176458
2021-12-17,2599.2103456726286,1092.8133195448836,1294.8083401943543,1234.172510394796,1304.123016074391,1056.3562459485345,1305.9937684328115,1629.965421219757,989.4344148423774
2021-12-20,2533.1605141309046,1077.6824343255948,1277.1795607690697,1211.5368637802649,1284.3294267369984,1053.0344283209122,1292.1066232254325,1610.9974986052052,979.3488064540416
2021-12-21,2630.4972171483028,1109.138643458911,1301.2356486462827,1261.9834921114032,1306.1827934207608,1054.3062427614816,1315.0530932214044,1642.1076486585662,994.1729153904795
2021-12-22,2627.5556401813774,1122.0796701833178,1312.1618661681669,1272.957352618336,1315.4767563116866,1062.5716001129433,1328.2018897342175,1665.324055102918,1000.4912548009107
2021-12-23,2649.2157021967555,1128.1521457563308,1321.0682286524363,1286.3879241405677,1322.0078423268162,1065.1147612924226,1336.466126457504,1676.7000299314554,1006.0807895191118
2021-12-27,2604.82614008664,1144.9752202363259,1343.104609239459,1307.3529865907485,1340.3447924125696,1077.8303667462517,1355.3800483187324,1705.9534556219076,1016.2873065347659
2021-12-28,2557.2272266572995,1141.5907603831215,1339.7070094702406,1301.292160477899,1336.827967391947,1083.076108556495,1354.272525276883,1698.292399900786,1019.203439738683
2021-12-29,2529.8074233646294,1146.5680220474221,1343.2878160455919,1301.292160477899,1339.8421262808006,1088.9569892200113,1356.0045498343459,1698.988625587452,1021.6333983361144
2021-12-30,2607.187159027164,1141.292110043541,1339.7070094702406,1296.0515732292538,1336.5767874845426,1087.6850411503965,1352.255974881407,1691.0946981807429,1020.6614555386972
2021-12-31,2550.2980726780247,1139.8984897906234,1336.4933552442762,1294.2495802865642,1336.5767874845426,1090.8642765864674,1348.8481124810128,1682.504361289668,1020.6614555386972
2022-01-03,2615.005921214812,1152.4413160622562,1332.912548668925,1311.9385973424417,1341.6003856326317,1080.214576176106,1356.65788158217,1695.5060267725244,1025.035909354294
2022-01-04,2499.071241978307,1161.5993571535175,1331.3517448786126,1324.8779041889165,1349.3874732904374,1081.0098694404137,1356.2035981787767,1681.5761829059134,1035.4852596634696
2022-01-05,2321.9334262350626,1131.8351746173237,1299.3073970117346,1286.715606207301,1327.2828245936169,1074.9694356965674,1330.1616086495856,1628.1779885896551,1028.1948758517326
2022-01-06,2307.374258836994,1139.2018016618524,1300.501196200084,1297.8531785354292,1331.301601006435,1073.3797177567478,1328.9120529621498,1622.8384816141188,1029.6529932556355
2022-01-07,2276.0985878377137,1126.4599564956245,1288.2894283393596,1289.6634526861853,1329.2921617471993,1073.0621483301113,1323.658134606604,1607.0509943961001,1031.3540455569482
2022-01-10,2282.0302771692704,1121.8806512887227,1282.504673435715,1282.1292201825793,1329.041288156755,1067.6572543266745,1322.0111269958834,1609.1405904445965,1027.9519409543227
2022-01-11,2345.120486532101,1130.0431912480485,1294.441187844967,1306.8614634906487,1340.0932040825517,1066.06887267731,1334.0522162481109,1625.8564398440697,1035.2423247660595
2022-01-12,2279.873148382356,1125.5638428132993,1296.2770973393274,1309.4818863271428,1343.3587470901166,1067.1811340375496,1337.6587585554635,1633.9823199478676,1036.2142675634768
2022-01-13,2156.3891406403372,1124.5685856767395,1277.7302154194383,1293.5946037896122,1330.7993432972794,1064.0022326740923,1319.227858220471,1593.817376216155,1034.2704835725308
2022-01-14,2163.399186949122,1129.7447849038435,1275.434811435503,1302.4389184992935,1328.538622024986,1058.1206170508258,1319.7671585706064,1596.3710614565289,1032.8122645647395
2022-01-18,2073.6172052592046,1100.378721488632,1252.6638306548573,1269.1899133361046,1300.1539651147866,1047.9481727764762,1296.394774856611,1558.9924908530777,1019.9325492425786
2022-01-19,2042.341534259924,1081.066894178799,1241.1869584826045,1243.8030811675974,1281.8176276629538,1045.8820672894403,1282.933543367255,1541.3478197779007,1011.4267797165719
2022-01-20,2045.5770200240665,1058.171425457583,1225.027083949717,1220.217983517437,1266.2436565586495,1037.7755948730812,1268.734055292701,1521.3814161594387,1001.7064373074035
2022-01-21,1928.2939278795102,1043.2393964693056,1204.8273515941762,1186.9688491420764,1242.1295686025933,1034.9144633798287,1243.827866381361,1483.3066198693216,988.8266203813539
2022-01-24,1982.7564517596,1068.0262360094068,1212.90728886062,1200.399679088651,1248.6604504064162,1034.3572302600835,1249.1101544222768,1491.6643607713586,990.5276726826668
2022-01-25,1908.8816355433428,1056.1805045255041,1195.4619378626046,1192.3739234849454,1239.1153076080861,1025.2822813364455,1233.8598826766136,1461.250712101213,987.1254664761526
2022-01-26,1861.1595168736733,1039.5562862765207,1192.6153621123153,1191.2275531000648,1239.1153076080861,1013.3419916046216,1230.7644552527624,1463.8045811392865,980.3211556670128
2022-01-27,1788.3632650508735,1018.5521070423979,1187.3820005961609,1166.0040451162386,1229.0678049949472,1014.4563242150663,1224.6868949278041,1451.9641495234723,978.6199001579229
2022-01-28,1857.92423852576,1035.47489429917,1219.4261268419025,1183.0382148873355,1263.9829352863558,1032.7651738119675,1255.1025135817565,1501.4155639340759,993.929675681404
2022-01-31,2033.7138487771829,1057.6736748916153,1243.574409111879,1218.416119786919,1280.561421808971,1040.4070848516376,1277.7081789158156,1540.6515940912348,1002.4351403957451
2022-02-01,2078.20048168271,1064.6418574879945,1250.6444188595156,1241.0184296612224,1297.6424723577022,1035.152857597005,1286.3414057676491,1552.0272932232226,1010.4550401269317
2022-02-02,1971.9718449061736,1059.7642272686792,1267.7223958870072,1243.8030811675974,1308.9458745078634,1047.0937486595337,1298.8371468607422,1569.6720561972495,1017.015908019219
2022-02-03,1861.4291579720375,1044.9317483935954,1228.9757077378652,1211.3732811712412,1285.8366082870787,1042.3174456861404,1268.3080494653098,1511.8628089857593,1007.7816386126477
2022-02-04,1961.4566717348823,1044.9317483935954,1224.7515350033964,1222.0195888236124,1287.594663427603,1032.2877172323874,1274.2718547206835,1530.9005747262172,1005.1085419100292
2022-02-07,1954.177191743963,1046.0267996387242,1219.702045156784,1229.8811157574373,1285.0829664592118,1030.8545457193738,1270.1823829964633,1518.3634579294876,1006.0807895191118
2022-02-08,1951.7506292749133,1064.4426759298156,1225.027083949717,1245.7685275071392,1295.8841109002176,1035.152857597005,1280.6332040087102,1532.990078875864,1013.1280352256617
2022-02-09,2052.047784136122,1076.587383080466,1248.5325171765614,1280.163903055209,1314.7232165894732,1042.7949690802434,1299.3766314296138,1560.8499504067856,1024.0637633490999
2022-02-10,1988.687933674927,1062.053554544963,1221.1709500491813,1262.4748859993315,1291.1111821312657,1022.0984356983047,1276.0327095103567,1526.721566426924,1010.4550401269317
2022-02-11,1938.5394599524375,1059.0672138127409,1195.8290902119918,1235.2863193124776,1270.7650991032367,1015.8892952845116,1250.8708249932138,1482.8421630820449,1000.0051817983136
2022-02-14,1924.7890084332328,1056.8771113224834,1189.309808988436,1222.0195888236124,1260.7173922787908,1009.8394406929575,1246.7812611596257,1483.0742995768333,993.6867407839939
2022-02-15,2029.6696471341766,1079.772824039075,1210.5199121050573,1256.7422588019008,1280.561421808971,1012.2275253651313,1266.8879993375494,1513.0239509539515,1004.3797372177991
2022-02-16,1964.692157499025,1083.1574465558629,1212.90728886062,1266.2421960693916,1282.5711673851672,1012.2275253651313,1268.3080494653098,1514.4169537203825,1006.5664561061549
2022-02-17,1838.2423050912284,1062.650936555916,1186.0046252331176,1228.4066756693094,1255.1914343158926,1007.1330516343968,1241.2153683743775,1471.233867961019,992.7150011943537
2022-02-18,1747.1121179094891,1056.7778052046654,1178.5675370098063,1216.6145144807435,1247.6558328824517,1008.247785131978,1233.1782733527875,1456.6075227111926,988.8266203813539
2022-02-22,1709.0961454079031,1041.9454076613736,1163.3258388452357,1196.468398773053,1236.1010466135792,1005.5204163132735,1219.94409145576,1437.5699407684342,980.8073302734983
2022-02-23,1641.4225559134522,1026.7149723288912,1144.4115090811108,1168.9521500194658,1212.9918824984477,994.5163316742396,1198.304192846068,1404.138150070638,968.4130783306034
2022-02-24,1769.2206138130705,1044.0358787066457,1166.0803679501855,1211.0454698923365,1227.0581615244048,992.442943404224,1216.3374570390395,1446.6244587502363,968.1702450370818
2022-02-25,1828.53605521503,1067.429260657413,1194.8192365668965,1240.3634531642704,1253.1820971623104,1022.1063866265121,1243.174626742905,1471.4660044558077,995.1450613956737
2022-02-28,1899.9843089622375,1072.2070967681593,1192.5239064566733,1237.7427719034335,1247.1533709619894,1016.5243673232619,1239.9939060442075,1472.8590991210885,988.8266203813539
2022-03-01,1841.7472245375059,1052.2980501109569,1176.7313320205974,1207.1148356375954,1218.0155827521905,1006.7961728106852,1221.1087223058216,1450.3391021611026,974.2455479462145
2022-03-02,1821.5260089062456,1080.7683251710102,1199.042818311668,1234.6309551790112,1242.380850615651,1021.7874809094205,1243.5723549942943,1475.4127843614624,992.7150011943537
2022-03-03,1705.5910185453963,1072.9042728876811,1194.1765352711886,1210.8817580711413,1235.8500709174816,1033.2700911603986,1237.3812238184878,1458.9290714567778,994.1729153904795
2022-03-04,1623.897440141491,1058.4699131335797,1183.1586404725258,1185.9863197905627,1219.020200276155,1042.998085229407,1227.3281310576301,1440.3557625035967,991.2567821865624
2022-03-07,1565.1211772281456,1034.7781248386073,1148.1761873260043,1125.0568372039054,1172.047923901065,1032.7918328065455,1191.1475712739987,1387.422116873465,968.899456144866
2022-03-08,1580.4892679213067,1037.7644655708293,1139.7287283416126,1134.8843273259579,1167.2753014490731,1010.4642232952041,1182.1163398426718,1378.5998272853014,960.8799628292335
2022-03-09,1663.800589207283,1060.6599342920454,1170.212050797042,1178.6157991081518,1206.2094123646066,1018.4383361419932,1213.8099759787979,1430.140470149002,976.1899415604914
2022-03-10,1605.293967392302,1059.863614718289,1162.5916080201735,1167.8057796345854,1198.4226310237614,1016.0461757839314,1208.3290080309237,1419.4611805013799,974.7318241565887
2022-03-11,1498.5260484190371,1046.8232818760641,1145.6049389008995,1143.0739239630304,1181.592862488088,1009.507372514884,1192.964981215676,1394.1548104131323,967.1980990318876
2022-03-14,1409.8223199982328,1035.275875404575,1134.403394053831,1116.2126517063953,1185.109687508711,1013.3347088216417,1184.246461088996,1373.7244095016426,966.9552657383662
2022-03-15,1466.4416615408932,1046.1263497519178,1158.9186809257706,1149.9529215453415,1205.204794840642,1027.209880317818,1210.2885427275555,1415.2818965055371,979.8349810605272
2022-03-16,1618.7747778131422,1072.3068908767282,1183.984696321791,1199.9081559885512,1235.8500709174816,1030.0800985861647,1237.1258966501573,1459.1612998504163,993.2008709891738
2022-03-17,1696.6937956724055,1085.546405277132,1200.4202675484232,1221.6917775447077,1250.4188118639008,1039.170548479081,1252.6033100975171,1478.6631547827517,1004.6226721152091
2022-03-18,1773.2646080398472,1091.0213361756084,1218.5080982210102,1245.1135510101872,1262.9784198680447,1038.213964956852,1266.3226320362462,1506.7555304038615,1007.2955656100506
2022-03-21,1725.0034145896784,1084.9491859297627,1215.8457635088241,1237.3490624171022,1259.5252066695004,1042.2235712816748,1265.9524444859142,1504.7782347499142,1009.5901878279964
2022-03-22,1805.6186360163556,1089.5281658094973,1228.1488392777662,1255.0772307609213,1275.656776747112,1043.022272086643,1280.7659336081201,1530.129267679202,1015.9365699116544
2022-03-23,1770.5686118886626,1070.1169510500545,1210.611663255548,1229.3059923824258,1250.955274966951,1038.2296663696984,1264.2715406277382,1508.2668988889336,1004.4640684452563
2022-03-24,1790.2505453231945,1079.1798339448806,1229.8756372992805,1256.2260561770588,1266.5829536449523,1047.4951703122229,1283.329705759387,1535.711295719563,1014.9604613548086
2022-03-25,1739.2931483056116,1085.4610882275078,1233.7432216251996,1253.1075204197225,1273.1361965868734,1059.477018677198,1289.5970113825995,1537.106504058391,1024.9685459762168
2022-03-28,1808.0451984854053,1082.0710978124594,1242.491272744331,1259.6733076985,1276.1610765693358,1064.1095367976307,1298.7700912407768,1557.8060767011696,1025.2123953086234
2022-03-29,1924.7890084332328,1107.7943102718393,1265.144055585536,1291.354064737107,1295.8211117120595,1074.0145225374072,1314.836820425142,1581.7615336962297,1035.4644308663267
2022-03-30,1851.7231155120687,1086.9566172155817,1256.3960783401167,1265.582826358611,1281.7059240781161,1077.6883858854053,1306.7178401753247,1564.7830373838087,1033.0236006528253
2022-03-31,1787.2847006574161,1075.5904993080699,1239.7285436573325,1246.8698028441925,1258.0127156254425,1071.7775723156965,1286.605759654052,1539.8975640279964,1019.1099641612605
2022-04-01,1820.9867267095167,1086.9566172155817,1241.3864175054102,1247.0340315140734,1259.2731078112151,1083.4395127457387,1290.2521853177852,1540.8277641864483,1023.5038243195613
2022-04-04,1900.793024841101,1082.5696616963453,1252.1600119379918,1269.3581475832996,1266.0786538227285,1076.4104245087428,1301.3054937066736,1567.3418689597759,1022.7714634912336
2022-04-05,1792.4074666938798,1058.142552671485,1235.5848932691076,1234.7232126694084,1249.9469816394635,1078.8066605526924,1284.868116425136,1539.6649680389585,1016.180825659615
2022-04-06,1709.3657865062676,1046.4772964336416,1224.1662335820292,1204.3556389289913,1236.588192686029,1094.4629735963706,1272.020056999119,1507.3363311350822,1017.4012915683098
2022-04-07,1689.4141082652568,1045.2808244441073,1230.2441932491986,1204.6835794200674,1245.6619136825354,1098.296523653744,1278.4297637053903,1515.4770988525602,1022.0392042667943
2022-04-08,1635.221329191646,1039.2987898236036,1225.1795592915955,1194.178371458892,1248.1824938427737,1100.37331946442,1275.0113087276666,1499.8942703732168,1026.6770153613902
2022-04-11,1613.382474386429,1032.6187657656594,1204.2762537015346,1176.2862328695348,1229.5304457105772,1092.066203036239,1253.2186006763222,1461.5188729451531,1017.4012915683098
2022-04-12,1613.382474386429,1038.7005944947323,1199.1197947197286,1172.6746234660416,1222.7250018047175,1090.7882416595764,1248.5750911030732,1454.5415446671143,1015.4485664351757
2022-04-13,1664.3398714040118,1055.6499772474313,1212.932405922751,1195.6559126391342,1236.3359917220905,1093.024189663446,1262.8759915918884,1477.3342974135344,1023.0156176353056
2022-04-14,1590.4650551877546,1048.3715951970323,1199.3958607820346,1173.8239657308648,1221.9689094411685,1090.468534168212,1247.150711835013,1446.6340162306235,1019.1099641612605
2022-04-18,1546.2479596724772,1044.5829976702507,1196.1729723420515,1177.2710880401344,1225.7497796815264,1084.0839388176742,1247.663576796508,1448.494692244077,1017.4012915683098
2022-04-19,1608.7988868385794,1064.8228207248046,1220.7596950936404,1207.8026320260894,1242.3852411587482,1096.7250460786356,1267.804211221887,1476.6365094464206,1030.3381082758094
2022-04-20,1513.3548569154698,1072.300465665174,1220.2068981056195,1201.236844747312,1249.1907871702613,1110.806407192022,1266.8640509018473,1463.6121449476448,1037.9056674953817
2022-04-21,1438.1320426236202,1055.3508389170997,1199.4881290485102,1163.1542706754656,1230.0344392158408,1105.2055461933562,1247.9198250585193,1436.6331238927912,1026.6770153613902
2022-04-22,1414.4058038379676,1029.3284067955965,1167.6268402403407,1129.6681611777121,1196.25911433352,1082.3242447319756,1213.6780753637008,1394.0713662574442,999.8261557467719
2022-04-25,1465.3632008555505,1032.0205704367884,1177.295653307714,1143.9490780000901,1203.5687559559503,1081.363986410995,1220.7144942104196,1409.1889108598616,1001.2906741956502
2022-04-26,1366.4141477780483,1002.0099525713656,1147.4602771815553,1100.2855718200658,1172.5657016695397,1068.0833305382591,1185.3618134271326,1356.6263527855322,981.0306556204274
2022-04-27,1336.2171448803401,998.1216422678069,1146.3553480689227,1101.5987551182557,1181.3875280190675,1069.5233171325933,1188.6946066925377,1359.8823290366638,983.7158431857778
2022-04-28,1317.6135684230362,1017.9623702198764,1178.7691383702647,1141.48681086142,1209.6181074982615,1080.2437073080255,1218.720326391388,1407.3284186441078,998.6057914419654
2022-04-29,1270.7004767565743,991.2421113245167,1137.0550170777553,1103.7324357049927,1168.5327325708968,1045.6813564630957,1173.6817928977966,1345.4625724013601,969.0700490736621
2022-05-02,1351.5852355735012,998.5204933749155,1147.0921644739103,1125.5643826132618,1174.0783969249044,1034.3205490870932,1180.7465814298855,1362.4408849160811,969.0700490736621
2022-05-03,1344.5751892647168,1009.1886218449873,1150.1310334969266,1139.3526134259973,1183.6561114266742,1038.1605133386508,1186.159204226641,1367.0926208991402,974.1960668525137
2022-05-04,1413.5969842509894,1034.8122841911736,1186.5041592746784,1180.2257827641042,1220.204421644479,1059.9225379149032,1222.2811824521707,1413.1425831792571,1001.2906741956502
2022-05-05,1287.4166692334425,997.8224226056835,1138.9886614932907,1126.0566809863901,1177.6068619900168,1041.361196236525,1178.8379832138046,1344.9974723221342,977.1250021463821
2022-05-06,1230.2580454940535,987.1545381309872,1126.3730999219524,1104.8815195454729,1167.5246434547162,1041.6810373569351,1171.8014722577175,1333.6010040500742,974.6839687251039
2022-05-09,1108.930855414606,959.3373573592869,1093.1308898125565,1040.6997666040547,1133.2448145388648,1032.5603204852125,1134.283576558866,1281.2710419647826,949.5418833073244
2022-05-10,1107.5827536308989,953.4549541837683,1094.6961998993102,1047.922145531927,1131.480530953482,1023.2793823879323,1136.9045486277132,1292.8999224281808,946.3687938693839
2022-05-11,995.6920686211705,937.2035608685097,1075.911001384024,1015.9133833961585,1114.8448652649533,1024.2393734508219,1118.8434674055802,1256.1526969233828,940.9985203425717
2022-05-12,1051.233053186603,949.1676301095173,1080.6073748865576,1020.6736243975321,1115.0966578062785,1024.2393734508219,1117.6755206182675,1251.9664286149493,942.9514486834829
2022-05-13,1175.5258805155995,971.7006030345705,1107.0355476609182,1070.4106840892914,1137.7818792484247,1035.9206900924619,1144.3964482996105,1292.8999224281808,957.5973443994869
2022-05-16,1105.9650107488276,968.8090951716161,1103.2600099803385,1054.159863107457,1134.2532099720056,1037.2007895338525,1139.7531229450976,1280.8060337844065,958.8176071004049
2022-05-17,1161.50599531426,997.7227098289064,1123.7949812416177,1089.7798470102048,1159.2067085047986,1043.4408650716794,1163.198457278616,1312.2039191367317,973.9519127084417
2022-05-18,1110.0092123918337,966.8150836314483,1072.0436386792414,1042.3410842115777,1117.1133465669068,1009.0383345651704,1116.3077886115793,1250.5710364784213,942.4632419992272
2022-05-19,1160.1577898224382,961.929564228326,1062.4667983834954,1049.0712293724075,1109.2994051222527,1001.1978507638837,1109.471154984236,1243.8261203917207,935.3842958794645
2022-05-20,1143.44159734557,958.1410480333362,1067.9917394415074,1049.727691809331,1110.3078005553934,1003.4380748972092,1109.9553739322566,1241.965628175967,936.6046601842709
2022-05-23,1136.162013646536,968.2109811745368,1085.48784167977,1055.80118071498,1140.5545582669486,1016.1334355506445,1130.7227204980832,1266.851285329479,953.4479431969237
2022-05-24,1057.1645351019301,957.3431018237434,1075.4506942836151,1018.8677550896997,1131.480530953482,1029.4385455387076,1122.0912437242434,1243.3610203124947,956.1326227428315
2022-05-25,1106.2346518471918,977.1840737711884,1087.4216338427295,1044.967515414043,1143.3272372854722,1029.5987667642648,1132.0046065737167,1257.5481809587604,962.9673131146337
2022-05-26,1149.3731829690119,997.7227098289064,1115.1387551466892,1088.7949918396052,1168.784831429182,1034.2471867411123,1154.623627766148,1289.4113501880113,976.6367954621265
2022-05-27,1224.3264598706116,1020.9533468642325,1145.0663256656114,1127.8624210820512,1195.2510252173395,1048.834467420771,1182.9685357161904,1332.90349177951,993.2355179151532
2022-05-31,1188.73715354619,1009.7868171738585,1135.1210771673716,1118.8342374524323,1187.4368795613786,1040.1783119257375,1176.3309504332778,1327.7868395149248,984.9362074905841
2022-06-01,1145.8681598146197,1006.9952660830569,1121.7689208121824,1101.5987551182557,1173.321896138742,1032.6443063403108,1166.8162369288748,1318.2510472563185,976.6367954621265
2022-06-02,1230.2580454940535,1026.636568481572,1148.2892879793064,1145.2618736617658,1193.486333209343,1038.415076670333,1189.0363324481316,1352.4399925782488,989.0859135048129
2022-06-03,1163.6628129768305,1017.0651992242574,1130.5170458050259,1118.998466122313,1178.1110597065872,1030.2396516664944,1169.5224101632002,1319.6463474939965,980.0546486674701
2022-06-06,1172.5602432660505,1023.5457163968553,1133.0031178400213,1126.2207804440995,1181.1356333720892,1030.4004742227567,1173.0836346614553,1325.6933837147335,981.7628132409781
2022-06-07,1207.3406262953793,1034.612533310452,1144.6978435894055,1138.6960863829881,1192.2262473405306,1040.1783119257375,1184.3359913947743,1337.5549520660195,991.0386386379471
2022-06-08,1239.9641916621372,1017.3640935592134,1131.9903092464401,1121.9531608462828,1178.363056459219,1024.3087937399603,1171.4594701740195,1325.4608796245454,979.3220846313653
2022-06-09,1164.7413773702879,998.4845447229291,1105.3047604589478,1089.6152307038096,1146.8560086675448,1003.7907887628129,1143.599057500102,1290.8069261222388,958.3294004161492
2022-06-10,1081.4299523761965,973.2848650075252,1071.8555562081067,1042.012820690073,1107.2834311011982,994.4930802203222,1110.4395928802774,1243.5936163015326,937.3372242203756
2022-06-13,986.2555635514512,930.2855599876864,1028.4270476777244,973.7272891842048,1064.9377660937143,964.8382560714691,1068.2781876081767,1190.1005823722016,905.3601436191285
2022-06-14,997.3098115032419,927.3858376137578,1025.6548627555708,974.5478510788377,1062.1651891808442,951.052215148643,1065.059149412356,1191.7286623966172,898.5256564551033
2022-06-15,1062.8263759188928,936.2854876023916,1039.6075385168301,997.3643947333636,1073.507493584957,955.540681158024,1080.2431024129983,1218.7077753503206,905.1160910789449
2022-06-16,997.0401704048775,890.2860967775124,1003.2013173160351,938.1069822510285,1037.211384331091,941.2739765585255,1044.4910354096965,1173.8202416222941,879.7298515170934
2022-06-17,1046.1102871501394,895.7861591996626,1003.6632496381111,954.8501662120767,1038.723875375149,938.3885913935144,1046.7428331312608,1182.4256499247485,877.0449687634085
2022-06-21,1091.9450218393733,909.7857191946689,1025.1004405458825,971.4408798108437,1063.8249165771285,958.1918814207921,1073.0933890435354,1213.9280242693835,896.9888976414994
2022-06-22,1108.391573217877,907.8859712012259,1023.3449056503417,968.6456329064121,1055.466343577151,962.6887660600398,1071.1475786427482,1213.6946930895465,894.2870470384346
2022-06-23,1187.1194106641187,914.7859977560558,1038.1291039155653,983.279686593294,1057.9994827327598,977.6253530646419,1081.6476781669205,1233.5151613344044,898.216780634055
2022-06-24,1235.6503489207666,942.6853236374993,1072.4098306703706,1029.1551759359386,1092.446969131521,998.5046241663051,1116.0375397256191,1275.953590713217,922.7785046407068
2022-06-27,1207.879908492108,950.4852864688704,1067.7899164599125,1021.0981509867481,1091.1807569235036,1001.7167323475696,1111.7745339519277,1267.3258509902423,923.0241828431065
2022-06-28,1136.9708332335142,936.3855257063361,1040.6239669223066,994.1318938408305,1075.4766011110933,991.5986082802169,1089.0578768293267,1229.7841599282601,912.4628650488008
2022-06-29,1119.1761800713034,927.9857409102573,1038.6835999989657,976.8669511315692,1072.1836937884127,994.8105160179132,1088.171047833408,1232.8154434914431,908.5328266415149
2022-06-30,1075.2288293625052,924.0857188286758,1032.3999759171697,963.7128290501006,1063.8249165771285,995.7742486940767,1079.33029857528,1219.0580018672008,904.3573132396065
2022-07-01,1111.3574178836554,932.7854552730043,1037.851782000153,971.6054315111531,1071.170397283908,1011.5135453750119,1090.745780999477,1227.6855577924757,915.6554624333339
2022-07-05,1212.4633923318427,933.485559337032,1044.8743648245886,986.8971751505871,1067.3711480259353,994.9710045015617,1092.8059912354252,1245.1740927217122,907.3045372334053
2022-07-06,1185.232130391798,922.9857063442457,1050.6031234544234,981.4709746176902,1071.9303696622865,1001.7167323475696,1096.4965372864708,1253.568409366,907.5503170396935
2022-07-07,1262.6119697624472,939.2854107438484,1068.8061971179648,1012.3834360850055,1087.1279793280978,1000.1107784787215,1112.9189007410107,1278.5184876132757,916.883650237555
2022-07-08,1263.4207893494256,937.3855814186135,1067.5125945445002,1008.9306284401933,1086.6214331814988,997.8620689010066,1112.003517840986,1279.9174638049487,914.9189358455775
2022-07-11,1176.0651627123282,924.6855407933836,1055.130991019542,983.60853156957,1076.9964437621973,998.6649122063852,1099.300254341598,1257.765429839869,909.5150314316709
2022-07-12,1194.9382765598816,923.2857393242873,1044.8743648245886,976.7026578556025,1068.1311204043138,993.3649838181907,1089.5727681969195,1240.044115123895,905.3398228414279
2022-07-13,1186.58012846739,920.8857194793302,1040.3465711331821,974.5651009037229,1064.3316669350343,988.3863664699068,1083.8506579234,1236.0800582344632,899.9361216352984
2022-07-14,1162.0450700947592,912.3858965793069,1039.9772025724303,968.6456329064121,1061.7989362020394,983.0861708236213,1081.2185406210142,1238.6447713368223,893.3045374366131
2022-07-15,1189.2764357429187,931.3857351357001,1057.8105383066593,995.6118254462439,1082.0622115451474,992.7224285528923,1101.875171726403,1261.7294867293006,910.4978458451579
2022-07-18,1185.5017714901621,931.2853717045883,1050.0488489921595,998.0782919804853,1075.2231748793138,980.2204959428217,1092.7774373313189,1250.3038865218298,904.3573132396065
2022-07-19,1234.8414256256735,964.1852201427943,1080.541184040471,1040.007447789561,1105.618087893976,993.7362721211192,1122.303187380206,1288.5451116290735,925.7257286345057
2022-07-20,1297.3923527917757,978.1846988060087,1091.6294066131009,1066.4802436528073,1111.9505784132107,987.7828977004178,1129.4558482494476,1305.5672598951858,924.9888972350839
2022-07-21,1320.0401308920857,980.3847237748687,1100.5924302345898,1078.1547571592912,1119.0426328882106,992.1272447842246,1140.9570844953314,1327.4857788827287,929.4101904432805
2022-07-22,1246.9742379709216,971.784862770901,1087.3790825845308,1056.7789292161513,1108.6576710905301,997.2761723510013,1130.3713232588404,1305.5672598951858,926.7084414441042
2022-07-25,1230.7973276907821,977.3848006334119,1085.715742081754,1053.3260569652532,1111.4437259496515,1003.3903693279648,1131.7446739369818,1300.6704296795056,932.3574144370795
2022-07-26,1172.0209610693219,972.1848525230952,1070.8392016763423,1029.8128658884907,1100.8057463428052,1007.7349168553397,1118.3551035359958,1275.953590713217,927.6907478381487
2022-07-27,1250.479261125314,994.1845328891533,1098.097419480424,1075.688419837221,1124.6150489234133,1012.8837776075937,1147.3947003401322,1326.7866124328668,940.2171864399857
2022-07-28,1245.0869576986008,1007.6842276916045,1115.5615344013256,1100.352503724864,1137.7861676858683,1032.8358635770385,1161.785499572198,1345.6738478572267,950.2876558489345
2022-07-29,1216.7772350732132,1015.884098943378,1127.4811317304955,1115.1507860816266,1152.2241112902611,1037.984791143815,1178.723122831803,1374.5881667916337,957.4104948485304
2022-08-01,1231.87568466801,1018.9842228523629,1124.6164569207294,1117.2887306700206,1147.9178053574224,1035.249270953335,1175.2324541095008,1369.4582810926663,955.1998990463763
2022-08-02,1264.7688911331325,1010.0843288683535,1115.099380458113,1117.9464206225728,1138.2927138324674,1029.6175416451579,1167.4790559416115,1361.0635968529791,948.5680100360257
2022-08-03,1341.609448307053,1019.7842023567513,1129.5140624151607,1136.6911011189902,1151.7173609323554,1034.28380109958,1185.7612917565154,1392.7758681707323,956.1822054404208
2022-08-04,1352.6636962588439,1010.9842651448946,1132.1936097022779,1141.2950599990259,1149.6907679233457,1032.6749742062534,1184.9602165822837,1398.3725081282234,951.269759035202
2022-08-05,1349.96749269143,1016.1841319234196,1130.2530950315127,1139.4860895990792,1151.9702766358678,1032.0310826505001,1182.957206263916,1390.6773579337978,952.7437266457111
2022-08-08,1369.6495298340762,1022.784125498208,1129.6064045553485,1141.459417881078,1150.1976203869049,1035.249270953335,1181.5840398045107,1386.2470062800917,953.9717112421553
2022-08-09,1294.9657903227262,1008.584407963521,1118.703087884231,1114.6578416476414,1144.371676014269,1042.3292718566674,1176.891896484913,1374.5881667916337,953.9717112421553
2022-08-10,1390.4099239539507,1030.283811354162,1146.7930498134135,1156.09347156796,1167.4213125334588,1052.144191619775,1201.6114718165138,1412.59633641559,968.2173892413472
2022-08-11,1345.9232910484236,1037.2838760129366,1143.0046581069196,1158.5600027082871,1170.7142198561392,1051.6613898783748,1201.6114718165138,1406.5335854915243,972.3929026432556
2022-08-12,1402.2729914927197,1055.783768044983,1162.3165023161255,1185.855040224395,1188.191134023166,1066.1427027249501,1221.9535494298937,1434.5147635042833,986.1475290493138
2022-08-15,1407.126116430819,1060.283693423064,1166.6593901060198,1187.6640106243415,1189.964300800396,1073.5442151117613,1226.9889843643427,1442.443244878546,988.8492780484901
2022-08-16,1368.0318906601199,1064.9834510136584,1168.6921730432607,1187.006191459618,1190.9774951992474,1078.5321196787077,1229.392209887038,1441.7436189344346,993.02468984651
2022-08-17,1294.9657903227262,1050.4837818307217,1158.7127210162955,1163.9862678472696,1183.3785882606885,1077.8884285665224,1220.6661367921752,1430.7842215923883,986.638682246336
2022-08-18,1280.6762640230224,1059.5835080272445,1164.2569431131785,1170.0702229388041,1192.497235744698,1077.8884285665224,1224.2136369945856,1433.5822658745844,990.0773642488226
2022-08-19,1204.9140638263295,1040.3840812537132,1146.1462854635372,1135.7045661901623,1177.0465061640673,1073.8655929661948,1207.7627196359397,1407.466175020073,981.7263374450056
2022-08-22,1175.7956253220784,1017.2843884032251,1123.0458279267011,1097.8859725845368,1153.996971750531,1059.1019887609955,1182.6140067584329,1372.0230860938752,965.2699620397713
2022-08-23,1169.324757501908,1016.5842030074057,1119.5347581356195,1103.1477506292956,1155.0099619380755,1051.0429546557896,1179.752997676357,1368.9917106318424,963.0594678415057
2022-08-24,1199.7914014979808,1019.3842126045571,1122.9535596602252,1115.4797602700742,1157.5429989880308,1053.9444421207838,1183.5295738771938,1372.4893808581496,966.7437264425034
2022-08-25,1234.3022471370598,1038.684084140992,1142.6350679250315,1143.76133271501,1174.5136733254187,1060.5529329370609,1200.2383053571084,1394.8746541042165,977.7964006416082
2022-08-26,1155.0351274940895,1005.7844796981615,1100.2227661789893,1091.966504587226,1137.026297413143,1037.5040606526202,1159.6113500479291,1339.144985966586,951.269759035202
2022-08-29,1135.8924762562865,996.3843951944298,1089.5964759284357,1081.2789136460844,1129.174372665418,1036.0535173636913,1151.9435214829903,1325.1543969602067,948.076755235115
2022-08-30,1129.9608906328444,981.2849040467853,1078.50840110323,1070.9197800447048,1115.496707756364,1024.4487033506014,1139.2977342292872,1310.4638144143162,937.0243858476756
2022-08-31,1129.1520710458663,971.9849389787898,1069.5456729765897,1060.2321891035633,1108.6576710905301,1018.646262936795,1130.628768942637,1300.9038527581924,930.392700045102
2022-09-01,1124.8382283044957,960.3850735015735,1071.7631401942067,1054.4770789883048,1109.6708654893816,1027.8335938877005,1134.1766375825196,1304.1681918046627,933.585500637412
2022-09-02,1094.371584308423,953.2853773978137,1060.952239536989,1047.5712052743374,1099.5391257121742,1016.3897360599182,1122.2174335585191,1287.1462273362504,926.2171866431935
2022-09-06,1080.8907738875828,940.9854891883616,1059.935589510376,1042.3092980174072,1096.2464226008005,1015.5840197300613,1117.983073798302,1282.0160659407331,922.7785046407068
2022-09-07,1118.0978230940757,957.2853562515478,1078.7856491449302,1072.8929791145322,1110.937281908706,1037.6654845395872,1138.0674293997813,1306.4999413225844,938.2523704441197
2022-09-08,1151.2605669494476,961.5852054217399,1087.0092707815063,1090.4867668000695,1118.2824562985252,1038.632624756411,1145.5060898569257,1315.1275891467092,943.901343437095
2022-09-09,1202.48750135728,980.084772126619,1105.9515986825363,1114.0000224829178,1137.7861676858683,1044.9183346132768,1163.301988208343,1341.0103488213836,955.6910522433986
2022-09-12,1231.6061472777606,991.9843452567096,1112.697007338984,1126.6608770999724,1148.4244536096749,1052.493898831855,1175.8046375040424,1357.7992578065086,964.0418758394386
2022-09-13,1148.0251848934197,953.9849934710904,1062.1532044754172,1069.1111326751868,1101.058968363278,1022.1923101027701,1124.677858998795,1287.1462273362504,930.1471234465909
2022-09-14,1179.5701858667203,954.3852272186601,1063.3547604035425,1076.6748901599633,1105.618087893976,1022.1923101027701,1128.969510785961,1293.2088863614663,932.6029910355905
2022-09-15,1205.4533460230582,946.1854372986784,1048.3856562368067,1068.6178652107728,1090.6739044599442,1010.2647819447917,1116.151755342044,1273.388601914308,925.9716100446824
2022-09-16,1148.0251848934197,939.5855250556817,1040.4390610207943,1055.4637431293042,1083.328423753165,1008.975595728307,1107.6367969188311,1263.5950333817977,918.6029912387983
2022-09-19,1145.59862242437,950.2852102609816,1047.461569971518,1066.5091225731207,1090.633164304231,1015.1762506977107,1116.2265481489287,1273.973813790323,924.8295823379116
2022-09-20,1117.2888997989826,938.5853880116125,1032.6773717062945,1045.9327303345858,1080.1978644194166,1001.1280295876087,1103.4139508296246,1261.5848379395948,913.2166642976026
2022-09-21,1087.6311790980028,927.6853826030484,1016.2299068120058,1023.2165199311712,1063.1447908197215,990.7938273536786,1084.1661325090895,1239.3778484622887,898.6387415830069
2022-09-22,1040.9875211136757,908.0858847455311,1006.0657705046646,993.2574504707135,1055.5091258459327,989.17912078235,1075.059279286565,1227.222387589097,891.9675318678056
2022-09-23,1019.9575896035519,888.4863055562221,991.3740621270532,971.8582351245457,1035.1471143359706,979.490747725333,1057.047016029517,1207.8206105042775,875.6601077631162
2022-09-26,1009.1728790420108,874.8667276926211,980.4165221512172,959.5124643875104,1024.4573671628423,965.604217760289,1046.5900236896084,1200.3404117197133,863.7999874620801
2022-09-27,1030.2029142602496,875.5703290236972,979.0235594349105,966.590577925987,1020.6394325702944,953.493684624495,1043.9182993589463,1200.3404117197133,859.5997843152655
2022-09-28,1078.1945703201686,899.391922858422,1002.3314543554648,994.9036781407506,1040.7467925806357,966.4115376386919,1064.4587805511806,1223.014890646342,876.8954078395325
2022-09-29,1019.1486663084588,881.5003926292251,981.7166256113511,965.6029446937019,1024.4573671628423,946.55058667828,1042.2232106580855,1191.6912595647175,863.0588886993412
2022-09-30,1017.2612823280232,876.3744564494688,965.1873825177122,944.6974490545481,1011.476675444009,933.7942911800955,1026.1067424149546,1171.1209886037154,852.1873742334368
2022-10-03,1021.8448698758727,898.487350669747,992.0240030465519,972.5165065318691,1041.510338656884,955.7545544453505,1053.1973049904211,1198.937943371745,875.1659064494389
2022-10-04,1099.7638877351362,932.6618309494307,1020.7177348251391,1022.3935030052813,1072.3076500516604,973.6776169878864,1085.832298868372,1237.040309316825,901.6039494650707
2022-10-05,1079.5426721038757,926.7314420167356,1020.9036010849094,1020.2534264160588,1073.8348443098103,962.2132471016195,1083.3041730425539,1236.3389372945658,898.6387415830069
2022-10-06,1083.0475915501531,921.8063953627866,1012.174683257225,1016.1382125744375,1067.4715178832437,941.3834855613148,1072.1290039596897,1226.2875005893013,887.2730258034252
2022-10-07,1011.86897890131,898.9898998114322,983.7596031208689,979.5948138886029,1042.5282299157925,923.4600889461652,1042.2232106580855,1182.3414705782616,870.2245029359967
2022-10-10,978.706235045938,899.0903445743359,978.0021814907197,957.5370041046831,1031.074732455109,924.9132380014814,1034.2654218024163,1169.9522190309835,865.5297936638393
2022-10-11,961.1812229820915,901.4021194251632,972.3376191167438,939.594537374556,1019.8758864940462,930.0802723039237,1027.7155246379205,1156.3942898098237,863.3058877522914
2022-10-12,973.8531101078388,895.4718931560517,968.5304634873637,940.2530026001365,1018.0942449475825,919.1000404495121,1024.3255314549347,1155.2254283382417,859.5997843152655
2022-10-13,971.6962924452683,918.3888334703096,988.8668622103827,955.5616730340271,1048.1280102661108,942.0291142946598,1051.3589862221886,1183.509964454444,883.3197201056721
2022-10-14,916.4249489782003,897.2811188651938,964.0732191910607,925.7674136982216,1022.4210741167581,927.1737069352005,1027.3997737241264,1148.680208452323,868.2476976812875
2022-10-17,980.8631564166233,922.107892315081,989.423722252572,954.5741690139134,1043.291878097694,943.8056456400918,1053.8006213513752,1187.4838545208122,884.8022224428156
2022-10-18,996.7705293065131,932.8627204752379,1000.752773126812,970.0473911481134,1054.2363788760965,956.5619411382762,1066.1824231561477,1199.1717340458313,896.4150388792359
2022-10-19,953.9016392830575,918.9921527020658,992.5811585835897,958.3601502427445,1051.4368460707242,947.8422450321063,1058.6268759109041,1190.0551843403625,890.4848263228852
2022-10-20,950.3965124205505,905.5231199851326,984.7808333176351,953.9155745761615,1044.564829278837,934.2787632845645,1049.750111889855,1181.17242530898,882.8255187919948
2022-10-21,967.3824497038978,927.1333837319337,1009.7602687230153,981.8995067842204,1068.7441627474263,949.7799330064144,1075.2604461464618,1211.0934042449364,903.3334508551644
2022-10-24,955.2496373586497,935.1745766578571,1022.1106975414459,988.977620322697,1080.7070653130045,960.8623242661126,1088.4178088305066,1225.8200111399785,913.7108656112799
2022-10-25,1019.4183074068231,957.1870261152317,1044.1185628755786,1018.9365605709834,1095.9783952605824,972.511102235173,1105.7983860412305,1250.3643559650486,924.8295823379116
2022-10-26,1021.5752287775084,961.2074192487138,1039.661023084427,1016.1382125744375,1096.7418392311772,974.1290827181164,1097.4671858073464,1223.4824719945148,930.5120846140927
2022-10-27,1021.0359465807798,964.3234028571045,1030.6538968567843,1010.2122839685554,1087.069881211304,978.9827569088555,1091.6067272629637,1205.0154900106409,932.9832943902562
2022-10-28,1048.5367459110741,984.4261005106416,1055.0760289777024,1035.2328642371592,1114.5584589071202,1002.7655199111955,1117.5766872663128,1236.1054223170293,953.738225506376
2022-10-31,1032.0901945325704,984.2250483212508,1045.23272620223,1026.8378848536072,1105.9049026744228,998.882794365077,1109.5042222473783,1223.9497776461378,949.2906168910572
2022-11-01,1032.3598356309349,988.1450780236212,1044.861289177538,1031.4470122204996,1109.4679815560432,998.882794365077,1104.6493216743752,1210.8595216720003,950.5263233830275
2022-11-02,982.4807955905799,954.8751699326125,1015.7033349917982,996.5497119925305,1083.760943301037,985.7777938726539,1076.926612505744,1170.4195246826066,933.9715954137224
2022-11-03,976.0101351866389,949.4474114733946,1006.4171877533637,986.50837572677,1071.0349030818243,983.9981222446526,1065.837565682039,1149.3816723734321,930.7593884787084
2022-11-04,949.587796541687,964.3234028571045,1022.7606384609446,1005.6032858138344,1090.3787170159173,993.0583719732854,1081.1782888271614,1166.2121196387016,943.3608107502604
2022-11-07,943.3865698198808,973.7716357815965,1034.5540594897616,1012.8460802647919,1105.9049026744228,993.2201967473889,1091.5205128944365,1178.6012792871295,950.7731192282006
2022-11-08,939.6119055671242,975.1788384437486,1040.6826965234661,1026.508846059074,1113.285916148591,999.2064439132838,1097.4097095616617,1184.9124328024122,956.2090288669856
2022-11-09,878.1394390863647,952.5633950817852,1019.1390535964863,999.0188273762861,1090.1242697276036,989.8226782654897,1074.8008203997197,1157.329452506169,939.1602011878917
2022-11-10,1005.6678558876185,1008.6497987241481,1084.883924082941,1087.7437216128935,1146.6286193773863,1019.2681057000405,1133.865676355866,1242.8841571804844,975.4814576459619
2022-11-11,1089.2488182719594,1014.1778392826861,1100.3917153586772,1118.8550406120316,1157.0640213678544,1007.9429104646642,1144.8398627975696,1263.4548876357358,978.6935629770874
2022-11-14,1049.0760281078028,1004.2271385483007,1091.384293636186,1102.0648234205846,1149.4283563940653,1001.7947717101431,1135.1007708725124,1250.5982385379848,972.5165545755634
2022-11-15,1077.6553918315549,1017.1932967963813,1103.6416415773072,1124.7809692179137,1161.3908505370298,1006.9722290781347,1144.7822944425168,1264.3897746355315,978.1994632672986
2022-11-16,1022.1144072661224,1000.4076349406257,1088.0412126665344,1093.8342665251707,1147.6467148476017,1011.9877280429772,1136.0488525982073,1252.0006149871033,973.2577549421909
2022-11-17,1000.8147309495193,996.38707914356,1086.0913160343262,1084.2870376029384,1148.919053394824,1007.6193945455029,1132.5727371560624,1246.6244403704663,970.5396477169658
2022-11-18,985.7162813547225,1003.2220402649302,1090.1771971796495,1084.2870376029384,1153.2460867753064,1021.3714268762487,1137.7152031762257,1248.0266330218851,978.4464623202488
2022-11-21,949.0485143449583,1000.0054492300522,1084.2339831634422,1071.9412022598176,1150.1916982590067,1030.2212108582153,1133.5783872368102,1235.8715397440928,980.4229627632925
2022-11-22,952.0142553026218,1012.167642715945,1101.9701749661936,1091.2005348350199,1168.2631736458775,1036.542666484753,1148.8328960134052,1253.8708484809442,992.5301837211672
2022-11-23,979.2455172426667,1013.3738745204982,1109.0277739301887,1102.3939268212036,1172.8444501033666,1041.0809761281064,1156.0725081261187,1266.2597324328226,995.7421874484043
2022-11-25,970.6177280518109,1015.585204608422,1106.9847964206708,1099.9244238009337,1172.0810061327718,1046.5920384081949,1155.813680801801,1261.5848379395948,998.4600914658525
2022-11-28,943.3865698198808,995.9850560965701,1091.9414491732239,1077.3730235221713,1150.9555506522152,1036.3803740089902,1137.3705299208532,1240.0791285856978,984.1292694080954
2022-11-29,938.2638037834172,999.6035075148542,1091.2915082537252,1079.1838674986036,1150.1916982590067,1035.5703147351546,1135.417074442515,1231.6638590036382,986.8472750294321
2022-11-30,1010.5209808257177,1023.6261535389699,1125.8352254237857,1123.9577584737665,1184.5524969580174,1055.6687245094245,1171.1832341791337,1285.1940200683193,1005.8726031515697
2022-12-01,1021.8448698758727,1022.4201657297922,1125.556721528979,1126.9209812010504,1183.0254048055208,1057.2896448313688,1170.3214589313343,1287.2979523373967,1004.636998263488
2022-12-02,1028.8548124765425,1026.5410036261778,1125.1853583779991,1121.817875702801,1180.7346644711229,1059.3969080644194,1168.971135595214,1283.5578529451145,1004.8840989203266
2022-12-05,972.5051120322466,997.8948079004076,1106.7060709047278,1094.4927317507513,1159.100212308285,1047.8886410367047,1147.9423826427633,1258.545834873022,988.3295741587986
2022-12-06,933.410678845318,988.346130213012,1088.6912274597453,1072.7641545796218,1139.7565004798455,1045.7813778036543,1131.3949346663646,1234.4690713961245,978.4464623202488
2022-12-07,926.1310951462839,984.2250483212508,1087.2983386171506,1067.9905401185056,1138.229102010389,1046.1058959406569,1129.470401529605,1229.3264117570243,977.4580596928942
2022-12-08,947.9700536596157,988.8485166911137,1096.4915527256999,1083.46369764662,1146.6286193773863,1052.5893767848665,1138.318427427812,1243.3515547309573,982.3999712257788
2022-12-09,934.219602140411,978.2946593885557,1086.276886799248,1074.9043603810157,1139.2474016919111,1044.971184900773,1129.8149826756096,1234.702678272511,975.4814576459619
2022-12-12,952.0142553026218,988.8485166911137,1104.384589500403,1092.681693956062,1155.7912743980182,1059.0726571855078,1146.1036954370586,1250.8318454143714,989.5650774429919
2022-12-13,951.4750768140079,992.1997118414615,1113.9975540413907,1108.3198554270857,1164.9542357356104,1059.3969080644194,1154.7796610356831,1266.0259417587363,993.5182815368563
2022-12-14,941.7688269378094,984.6293486584118,1109.5220629381865,1098.6078809862868,1158.33646202073,1057.1277532427425,1147.3964504181258,1257.37715719914,988.3295741587986
2022-12-15,895.6645548583259,960.9093382316761,1080.8049131928476,1063.2165380208753,1131.102229507574,1042.0536619503187,1119.3293443222265,1218.3398123554143,969.7985489542267
2022-12-16,896.7429118355537,952.1281886637308,1068.2179407481117,1048.5665912369082,1122.703018457537,1031.031804648233,1106.1143211737608,1201.2754825172087,960.1624361686271
2022-12-19,868.7029340166454,945.365450173501,1056.7497856738926,1029.9657238872862,1114.3869214093806,1027.8814330859905,1096.7348242217058,1191.1965680558312,951.9085426822187
2022-12-20,867.3547803788811,948.4943655367919,1058.427974792812,1028.9764108967724,1118.2253792382653,1028.0439260053213,1098.23547004654,1190.72770012376,954.3947898338807
2022-12-21,881.9141033391213,963.231035561106,1077.3552324565633,1051.2379236689435,1134.090249349153,1041.846470115267,1114.656912407399,1208.3073068132246,969.0623271781359
2022-12-22,851.9867415397772,951.3207266344946,1060.7589120322916,1023.8644543647807,1117.4575447245736,1036.9749564469535,1098.7551511012734,1187.211925824027,958.3722772570974
2022-12-23,835.0008561104873,957.5788013564517,1067.0059686265731,1026.008148894803,1125.390030832844,1043.9575417761143,1105.0754196111345,1193.0718559864151,964.3388640055322
2022-12-27,802.9166247945153,957.074056256387,1063.6494426413103,1014.3001048298347,1125.134256171036,1048.341643500958,1100.7172648602116,1184.1646518609655,964.3388640055322
2022-12-28,799.1419605417587,938.9055912760267,1049.4772880812523,997.480427263303,1110.8045445592645,1037.6245940516635,1087.0379183872312,1169.3977932696775,953.6487124806051
2022-12-29,840.3932113912579,959.5974564295425,1067.8448046280403,1030.2956025609335,1127.9490027187671,1045.7434271547315,1106.6049877775474,1189.5557140912827,970.3051459423014
2022-12-30,842.2805435176361,955.2571853588134,1062.5305513970811,1027.8220939633495,1125.9015801564606,1037.6245940516635,1103.690002605774,1187.6806099583982,966.8251111571941
2023-01-03,821.2504564453401,953.844045475858,1059.5469399107533,1025.018706692118,1116.6901186334956,1037.137248922716,1099.0436376421144,1173.3826192991812,971.7968942332985
2023-01-04,856.839814623819,965.3506233878514,1068.124712123378,1054.0412463340892,1124.6225026361128,1044.9318311468726,1107.5285684113317,1176.4296175656932,983.7301693340567
2023-01-05,836.3490097482517,956.9730421709407,1055.7242708018216,1039.2000655364134,1117.7134214920352,1030.9668609321186,1094.8877550635052,1162.8346531080329,973.2888457320728
2023-01-06,845.7855666720284,979.4817782220301,1082.856016810702,1067.5628478310898,1148.419858855271,1054.0250872497445,1119.9958477096868,1188.383728058805,995.6632412270377
2023-01-09,884.6103069065352,979.3810081319592,1082.0170330618105,1082.0742791672897,1146.1169679481166,1046.880409888389,1119.3609378354795,1188.383728058805,995.6632412270377
2023-01-10,906.4491617117523,991.9978463341524,1089.8490501502777,1097.0799470591892,1153.026049092194,1047.8548997027156,1127.2108666211216,1195.8845121857416,1003.3698961699703
2023-01-11,937.1853430980746,1003.201707316974,1105.5127888323632,1115.548759569615,1163.0055493401576,1055.8112398864528,1141.4678309413605,1212.2920409438784,1014.5570939174528
2023-01-12,956.8673802407211,1017.3327808193609,1110.7338873123008,1126.1026805194174,1167.3554543870052,1049.6407850813328,1145.6236214106016,1216.276866973382,1018.7834092636126
2023-01-13,970.3481906615614,1023.5907742095261,1113.1582747976506,1131.2144432331522,1169.6583452941597,1049.4781585329563,1150.0679905300517,1221.4334952376637,1022.5124751794401
2023-01-17,998.6578095788341,1019.9571137461708,1110.8271159370345,1136.8213469877865,1167.6115353657735,1045.9059868885854,1147.9611729538526,1222.6054812701414,1017.2916609726154
2023-01-18,969.2697299762187,1003.9080739289722,1095.3499822518406,1124.1236669018758,1150.466872994964,1023.4970641030558,1129.8370889239498,1205.7291764787835,999.3923071428651
2023-01-19,937.9942663931677,995.328789868336,1085.9330785429001,1102.192097409438,1143.55789395654,1016.3525203707458,1121.6120907914672,1199.6345366538103,989.6965528747144
2023-01-20,984.0985384726512,1010.2672440681674,1107.7504974471092,1138.139957197176,1161.7258591858892,1023.8219163126722,1142.5065482852506,1222.6054812701414,1006.6017126554653
2023-01-23,1026.697994813972,1021.3700096337508,1122.4819498818574,1171.614954448187,1172.9848453768143,1025.2534174626169,1156.2151855372817,1238.3100757255713,1018.5348861523349
2023-01-24,1010.5209808257177,1017.8374445876336,1121.7361208839877,1165.1838062520342,1172.7291728206594,1028.8326046318766,1154.9741039117098,1237.3723398614295,1017.7890120068363
2023-01-25,1011.3296967045814,1020.360844760789,1120.4308462640033,1167.162561445233,1171.1939122158897,1030.2968448979695,1155.4070179417074,1235.497235728545,1019.0319323748903
2023-01-26,1031.820657142321,1027.6281656874996,1132.4583730866248,1185.7963778985682,1184.5001167578148,1031.4357652527867,1168.1051233164826,1251.9050401832317,1027.981914101431
2023-01-27,1088.979177173595,1031.7666525827115,1135.1623725724637,1192.392400825459,1179.8940286265452,1029.1581918012434,1170.789282411836,1256.124024482221,1029.4734591846511
2023-01-30,1038.2913175462618,1020.360844760789,1119.8714006418886,1166.9975575023236,1166.076070549697,1027.3685648093522,1156.0997724990718,1236.6693136598726,1019.7778065203889
2023-01-31,1076.5769311462122,1046.0995102606155,1138.5187508103022,1193.8765318264439,1180.1498032883535,1038.2684856074168,1173.0980958322446,1254.2487365516372,1034.1969223572548
2023-02-01,1124.0293050094026,1062.3501715897478,1152.2246144992673,1229.6597753077867,1188.8501239103157,1039.0818187928674,1185.5657435680719,1268.546911008554,1044.6382459592387
2023-02-02,1197.364839028931,1086.8777253775118,1176.6528042645816,1267.586648713066,1203.4356101838953,1036.4789254300483,1202.8240916473476,1283.5482954647275,1063.2834739344876
2023-02-03,1155.3047685924537,1083.950594189738,1163.133323951372,1242.521942487921,1197.0383846803945,1027.5311913577286,1190.0390350291007,1274.875617204163,1048.1187887637886
2023-02-06,1138.85821721395,1065.9838320531032,1152.8773626198279,1225.5371317663084,1190.6411591768936,1031.9235780833933,1182.7660793251405,1267.8437929081474,1041.6551557927983
2023-02-07,1158.809791746846,1073.453018487123,1166.9559930603034,1250.107343011411,1208.0413919982045,1032.4118586156592,1198.2351108200046,1288.4705816618234,1051.1018789302288
2023-02-08,1125.3774067931097,1057.2023571579907,1150.7328826298155,1230.6490236922145,1191.9207472255086,1023.9520041884688,1185.1327374287062,1272.7659872063934,1041.157906362466
2023-02-09,1091.9450218393733,1043.5760287556684,1139.1713511834384,1223.06414001741,1185.011666081431,1014.5164572855424,1174.8585821844456,1264.3277429118648,1029.9707086149836
2023-02-10,1055.5468959279735,1045.998496175169,1140.942990548228,1208.057696852482,1190.8971380500086,1026.8804179061317,1177.6003096348518,1267.3751087737762,1032.2079246359253
2023-02-13,1073.6110864804339,1059.5239731556287,1157.5392370987872,1228.8351432297538,1204.4590151480884,1034.364045341404,1191.4240835969888,1280.0323373672945,1045.1355969934596
2023-02-14,1100.5727073221144,1056.091934204207,1155.9542027308896,1240.213308621075,1202.9237545433186,1024.2773240997444,1190.8758486381491,1282.3764013310997,1043.14659927213
2023-02-15,1165.2805558589018,1066.0847648067577,1156.5135006055798,1252.2511021475193,1201.388493938549,1027.0430444545082,1194.7433367852855,1285.4233076987618,1046.6271420766798
2023-02-16,1132.9266315905081,1059.0193907191479,1140.5698544281565,1223.06414001741,1187.3146590942392,1020.8610307369522,1178.293064192216,1265.9685968764131,1034.1969223572548
2023-02-17,1128.6127888491376,1060.836017621346,1136.0012085739309,1208.3877047383007,1179.3821729859685,1032.5745519785585,1175.3492487882322,1260.5773508483965,1033.2024234965902
2023-02-21,1059.860738669344,1029.1419943287342,1111.573240429753,1168.9763126955222,1162.749672572696,1021.8007101849253,1151.7706321990954,1237.1379977942438,1011.3252774319576
2023-02-22,1085.743795117567,1033.0786970484287,1109.0558459408057,1171.614954448187,1158.655440082003,1019.5187269748802,1150.1834035682616,1236.2004457278017,1009.0876549954619
2023-02-23,1069.2972437390633,1039.4375418604566,1119.8714006418886,1182.1682293371325,1165.308440247312,1019.0298451119096,1156.3016762339132,1245.575874493373,1012.0709483696793
2023-02-24,1036.404037273941,1031.4636103263722,1106.8181373260597,1159.082278305186,1155.8406935342718,1014.7919335628457,1143.9497178644,1229.637305566157,1003.3698961699703
2023-02-27,1046.6494656387533,1033.7853076558022,1108.589628943425,1164.1945578676064,1158.9112147438113,1012.3470565463333,1147.8458520250106,1235.9660117617661,1005.1100659683567
2023-02-28,1068.2187830537207,1033.4824280630469,1107.191199572419,1166.1730546364622,1156.096672407387,1003.5455126497932,1143.603294531034,1229.8716476333427,1003.3698961699703
2023-03-01,1043.4140835827254,1035.9050581461313,1103.9277544644654,1162.3806774051457,1158.3992569975812,995.8849603582755,1139.2165858760047,1225.652755233203,998.8950577125328
2023-03-02,1056.3557155149517,1039.034054841214,1114.6500066671026,1172.1097078525725,1166.8435987464284,1003.3824852142802,1148.0764938826944,1234.3254334937674,1006.6017126554653
2023-03-03,1090.866457445916,1051.1461479433426,1131.9920822155318,1196.3499112118564,1185.011666081431,1010.0651401508111,1166.4890644534382,1254.4832624165226,1022.7608966868293
2023-03-06,1068.2187830537207,1027.3252047629524,1133.1111950808972,1186.291002090782,1187.0587823267774,1011.0431043203206,1167.2974162677488,1259.4056405124684,1020.523579061999
2023-03-07,1050.42412989151,1017.1306713166763,1117.2607775282077,1169.6361992549885,1169.4025706323516,997.0258183342524,1149.404158314266,1241.5915079581187,1003.3698961699703
2023-03-08,1049.0760281078028,1018.8465281288036,1121.0834466371393,1178.5405976243826,1170.426281913505,995.8849603582755,1151.280241923413,1243.7010460570384,1004.8614412531905
2023-03-09,1005.3982147892542,995.6315067975079,1102.622479844481,1138.7997145444708,1155.3287357880417,984.8014332516905,1130.0392689868954,1223.777467302619,983.4813414111134
2023-03-10,971.1570102485396,970.7003033269176,1084.441125052312,1105.325104929974,1140.4873727470006,975.5107402340886,1113.7332396642466,1206.666452848676,968.8140072746352
2023-03-13,997.0401704048775,947.1824024028665,1084.0683583008013,1087.5156621303288,1140.4873727470006,978.7706207991204,1112.1459189240447,1210.6513707770296,961.604398554258
2023-03-14,1018.3398467214805,966.4609650098432,1103.3683088423509,1106.314353314402,1160.1908027924262,988.5501956796928,1130.5298434813142,1231.5125015978913,977.5150594743442
2023-03-15,1026.4282500074928,951.0179283735309,1098.0539078639674,1089.6595504786083,1148.9318166015012,988.2242076231896,1123.4590678402997,1226.5902154007952,969.5596782123569
2023-03-16,1057.973458397023,966.1582480806713,1117.3540061529416,1113.0753801842022,1166.076070549697,996.2108816002559,1143.1702883916682,1249.3265422533912,984.9730897021107
2023-03-17,1042.8749050941115,938.7038071005094,1109.335531815007,1093.6170608650057,1156.096672407387,982.6824774771585,1129.803376895231,1239.7163119263846,969.0623271781359
2023-03-20,1030.4725553586138,952.4309869246945,1118.938966647127,1100.2916447921227,1168.6907921223856,996.891120256386,1140.6674005327054,1251.452438347589,977.7284276401999
2023-03-21,1087.6311790980028,968.3788499928631,1131.3395557161077,1123.7512774238298,1180.5138099427832,994.4414325942355,1155.6450285488381,1269.5620257042922,989.7160608213069
2023-03-22,1035.0559354902339,942.4383189857275,1112.5988291755361,1099.300587437295,1164.5783848253845,978.1098251691109,1135.9454137778482,1251.9227766612578,969.9864145440683
2023-03-23,1019.1486663084588,934.6285150075455,1120.1273730544897,1107.3953423405414,1171.5179955598335,971.413473255416,1139.0162480004208,1258.7435092991068,969.7365705822401
2023-03-24,1017.2612823280232,944.5553041951345,1124.8971031531885,1103.7611208070489,1177.4295044700323,990.5214245444218,1146.4904626736457,1264.387844759684,977.4784820744832
2023-03-27,1018.0701019150015,954.6846908761589,1124.5230805485714,1101.6133560936266,1177.9434022236774,995.7479237721128,1148.6340318877105,1262.5063996061583,982.4735324410548
2023-03-28,1002.7020112218403,955.3934974419118,1121.437006223491,1098.6394087561146,1178.9717082592344,998.3609061278672,1146.0558906750225,1258.7435092991068,982.723173195106
2023-03-29,1040.448342625062,961.8764545682644,1136.5876919746922,1125.4032550354952,1195.678235271234,1007.3437178246314,1162.7137777837547,1275.2069125579687,997.9570506138755
2023-03-30,1037.4824979592836,961.5725989940071,1143.3211330897716,1135.8111662315878,1203.1320500762884,1010.6098121402789,1169.5217653976238,1282.9682299243057,1003.2018433383868
2023-03-31,1087.6311790980028,979.5012165202762,1160.342448980044,1155.8018396970542,1216.2402717562386,1019.1022720545719,1186.005750019412,1302.0186777060467,1016.9373682134063
2023-04-03,1067.140322368378,980.4130272384238,1165.5796519292305,1148.3673589897883,1226.7781878227368,1023.1850402818076,1190.525096164483,1310.720487902022,1017.4367513253974
2023-04-04,1061.4783778433007,960.9646438501169,1155.0116480375634,1133.498655999599,1217.268373580489,1019.9190795952055,1183.919841269768,1303.9000309607225,1011.1933955846811
2023-04-05,1023.7321501481937,953.5702826645759,1153.795834482993,1112.1864004448,1217.0113736508397,1033.1476869547184,1180.820084705617,1300.1368649571214,1008.6957687975068
2023-04-06,1039.909060428333,953.8743009024168,1156.5081078245928,1113.0128414932326,1215.9832718265895,1036.250753834853,1185.4261057660556,1306.251998225617,1012.1924666203286
2023-04-10,1038.8305997429904,966.0293371906291,1160.6230213387912,1126.229437659585,1217.525373510138,1034.617606455245,1186.6428705184533,1305.3113215982792,1014.9395309537771
2023-04-11,1045.3014675631612,972.7148104786254,1162.7740022154726,1131.0202373395007,1218.8104752640374,1037.5572450127302,1186.961568932026,1303.664861803888,1016.9373682134063
2023-04-12,1015.1044646654526,964.7125754809861,1156.882056555498,1113.3429785912228,1214.9551700023392,1036.4141821575024,1182.1236164827503,1298.49068085928,1012.6919513362079
2023-04-13,1055.816433318223,972.917326640269,1170.442980021224,1128.8727310504214,1231.147595049387,1039.353687085942,1197.825224132028,1318.9523273797276,1022.6815440499087
2023-04-14,1045.8406460517751,965.1177704678571,1169.0400443537767,1123.4208819014966,1228.320391611939,1032.0042900268768,1194.8993700548208,1315.4245143306607,1021.1828866944933
2023-04-17,1050.6937709898743,970.9926911185277,1170.6299543866764,1129.203255784926,1227.5491876116844,1039.5171154085915,1199.187061139159,1314.954084118142,1029.1745405446761
2023-04-18,1048.5367459110741,965.8267396971936,1172.500436778323,1132.177203122438,1228.8344935768907,1037.3939503191261,1199.9691617835654,1316.1299299023142,1029.9238692223837
2023-04-19,1047.727926324096,968.7642000225289,1169.6011890712707,1130.8553626087628,1227.5491876116844,1039.5171154085915,1199.766336955043,1315.8947607454797,1030.4230491265978
2023-04-20,1008.0944183566681,964.4085572431451,1169.5076649516884,1119.4558772091566,1225.7500859984866,1040.6603118928647,1193.2192030715896,1309.0743038041805,1023.1809271618996
2023-04-21,1014.565182468724,962.4840843849873,1167.7307805533362,1118.134165907653,1226.2639837521315,1041.3136242963262,1194.146191751993,1309.5447340166993,1025.1788660254174
2023-04-24,1000.8147309495193,962.9904561208883,1169.5076649516884,1118.4646906421574,1228.8344935768907,1045.060649546737,1195.3920630647053,1311.1908262156908,1025.4283035716917
2023-04-25,968.1912692908761,937.6673960772863,1149.4937249822058,1083.1098501151732,1209.0434568808337,1045.2240778693865,1176.4165200362283,1291.9052092771153,1008.6957687975068
2023-04-26,949.587796541687,928.9561105185186,1140.7960557347608,1075.0146429693268,1202.8748459353321,1030.9888429101038,1171.433863769692,1287.9071498132294,1003.2018433383868
2023-04-27,962.5293247657986,943.4411399789269,1167.7307805533362,1092.3615061952714,1223.9511885965956,1043.424295070037,1194.7545741281917,1310.0150723303682,1025.6782491374083
2023-04-28,968.4608066811256,952.152262874111,1180.1694884577864,1110.6999436247297,1236.5452062059408,1046.2057168376473,1204.952002268838,1320.5988790729684,1034.6689740232387
2023-05-01,963.6077854511412,951.8483259680618,1182.5075175736326,1109.8737610006397,1237.8301037485335,1051.114513009656,1203.7354217351765,1321.3042027457723,1032.4211911978925
2023-05-02,940.9600073508311,934.1221432716445,1166.234394640019,1091.8661067300288,1220.0956791235903,1040.9697299477257,1190.2062135321742,1306.9575056961205,1020.1838156588458
2023-05-03,937.1853430980746,934.4258361823182,1158.6589409538499,1085.092417067429,1213.1560683891414,1035.079562065547,1182.0365731299105,1299.4314493854679,1012.1924666203286
2023-05-04,963.6077854511412,923.1824479486698,1145.4722617138775,1071.8757562949909,1203.6460499355867,1031.8070535557151,1173.6644763365966,1290.729271594093,1003.9509688083175
2023-05-05,1008.0944183566681,945.4670335814902,1164.7380087267015,1092.1963730401906,1224.4648821389337,1042.4423888436852,1195.3920630647053,1317.7762977978555,1019.4348933966921
2023-05-08,1019.6878447970728,941.31390696375,1164.831532846284,1095.1701911655312,1221.8946786311349,1040.315415326423,1195.7105772595419,1319.187588435412,1019.4348933966921
2023-05-09,1031.2813749455922,935.7428418873368,1160.1552529934552,1085.9184704793474,1216.7544758268439,1037.8609838331572,1190.4669751532217,1313.0725470657662,1015.1892733117168
2023-05-10,1045.8406460517751,939.085497199543,1165.7667740421073,1089.387817282102,1220.0956791235903,1039.8245290277698,1196.0291835637465,1321.7745410594412,1017.4367513253974
2023-05-11,1047.727926324096,932.7041234811796,1164.550960487537,1083.6054433986728,1216.4972716858879,1036.0612678483305,1193.9434590328387,1322.4801404287946,1013.4410768061387
2023-05-12,1015.9132842524309,929.9690979856962,1165.5796519292305,1078.6492521393336,1217.268373580489,1038.188374994638,1192.3790735252899,1321.3042027457723,1010.9436532267414
2023-05-15,1039.909060428333,940.3009194965724,1170.6299543866764,1097.6479637647724,1225.2359840335348,1032.7887593384987,1196.492677903948,1323.185647899298,1016.6878290632436
2023-05-16,1014.2955413703596,927.841946302311,1160.9971178171204,1086.0836036344283,1214.1840681077383,1020.1898788559162,1188.4969399886281,1318.9523273797276,1006.4482907838262
2023-05-17,1040.1788052348122,950.1263692715478,1175.5865849771158,1110.8646891432961,1226.521289998741,1022.1531567924379,1202.9241224210873,1332.593425060026,1020.4336596206741
2023-05-18,1054.7379726328804,958.7363154177018,1188.025292881566,1135.3158959785167,1237.5734101358444,1020.0262500896985,1214.5120335823387,1346.4695080994593,1029.1745405446761
2023-05-19,1043.4140835827254,951.5445517255963,1185.1259713008017,1126.7248371248277,1237.5734101358444,1021.1714510096543,1212.7450074650037,1346.7049529528433,1026.427374607339
2023-05-22,1094.1019432100586,958.8375734985236,1186.6222833404067,1137.1335235939487,1231.6616970143389,1017.0895513712144,1213.237516256152,1346.4695080994593,1026.427374607339
2023-05-23,1070.375704424406,957.6220698697024,1172.3135362865828,1123.586144268749,1219.0674751936867,1009.384366978499,1199.621633137782,1331.6526565338381,1015.6886564237077
2023-05-24,1063.9049403123502,945.8719845729858,1163.989815770043,1107.3953423405414,1211.870966635242,1001.842878166524,1190.9304694934233,1323.4208170561324,1006.9478771035942
2023-05-25,1034.7863980999844,942.6308313369767,1183.3491607761616,1123.586144268749,1220.0956791235903,993.1541839989106,1201.24377121912,1344.1178165311144,1007.1976194615339
2023-05-26,1054.1986904361518,953.063829596883,1199.7156600819333,1151.671314213119,1238.8585118897438,992.1702733368763,1216.8007671605048,1361.0514662047954,1020.4336596206741
2023-05-30,1073.3415490901843,948.607091400261,1199.9028560685224,1154.9760447094786,1234.745900381436,988.2357665356255,1217.2641693913386,1362.2273119889678,1020.1838156588458
2023-05-31,1091.675380741009,936.2492949550297,1188.6798878449301,1137.6290522713625,1226.521289998741,991.5145556105958,1210.514394898099,1354.4661784203304,1015.1892733117168
2023-06-01,1108.391573217877,944.2512859572935,1199.2479656103096,1154.9760447094786,1238.087409995143,993.3180800232194,1222.0154469252466,1368.8128754699821,1022.9311848039599
2023-06-02,1122.141921028967,983.147646074948,1216.5499277330412,1181.574240985093,1257.1072426909454,1007.7447385901842,1239.6871818484858,1385.5114478856785,1040.6624858021266
2023-06-05,1134.0050922758508,962.8891980400665,1210.6579820730663,1177.113707615339,1251.452529499089,1008.8924784620045,1237.311681245584,1384.100249146972,1038.4148045806692
2023-06-06,1150.721284752719,990.3394910988454,1213.4634101656877,1195.9478029343825,1252.4806313233394,1004.6299791685681,1240.0056960433224,1383.3947416764684,1043.909136455343
2023-06-07,1139.1277546041995,1014.6459037446377,1206.2879087571007,1198.0951800112905,1250.6815297101414,1008.8924784620045,1235.7182812870883,1372.105335564515,1045.6572313570327
2023-06-08,1150.721284752719,1008.2415944609796,1211.4467316976954,1201.8950515485496,1253.7657330772388,1014.3024503691703,1243.1926801790496,1384.100249146972,1048.9038820102492
2023-06-09,1146.137800912984,999.9055737896914,1213.1352631363159,1202.721363384811,1254.2800392534973,1014.1384207158161,1245.4233848553224,1387.3928930392044,1049.40326512224
2023-06-12,1166.8981950328584,1002.4469482888401,1227.1115784854633,1225.5199465475089,1266.61695482754,1013.4829702476267,1256.7215199445795,1402.2101122002248,1056.6460983141578
2023-06-13,1194.1294569729032,1010.4780560725773,1234.8031616471326,1246.1710234211273,1271.7575660544446,1016.4336332013658,1265.0069418225257,1411.1472753507342,1064.6376505604521
2023-06-14,1188.1978713494614,998.278937953196,1240.6190173835926,1245.3452284335517,1273.556565561989,1015.1221309342822,1266.5133905375494,1413.0289962008096,1065.636416784434
2023-06-15,1200.8698621833234,1007.428276542732,1255.252217781181,1255.9184019968966,1290.777602961554,1027.2539779028339,1282.2153666242993,1428.7866162926184,1080.6209582608178
2023-06-16,1194.6687391696319,1002.7521051717666,1252.250433361664,1245.675365531542,1287.9500932071458,1029.384960291461,1277.8477246084637,1422.906835978657,1077.3742060037127
2023-06-20,1193.3205336778103,998.8890890554654,1246.7164058370574,1238.6249033977504,1278.6875788574725,1022.0099732701821,1271.2179686218385,1419.7456074417482,1068.9678050806617
2023-06-21,1150.1820025559903,997.6691935098856,1243.1518514783793,1224.557445082566,1275.3335102483954,1026.1162602094262,1264.704638876472,1411.2526833315428,1064.4512074250497
2023-06-22,1150.4516436543545,987.096629895208,1246.5286188607713,1220.0886421338407,1279.719662802206,1025.951896483458,1269.269763377481,1422.104834715783,1062.9457426091046
2023-06-23,1136.162013646536,971.2381504662549,1238.6492487228159,1209.165303585935,1270.6894388140552,1017.5748920644792,1259.6741778478997,1410.5449702886424,1055.9196305113633
2023-06-26,1129.6912495344802,977.4392929339346,1231.989238077614,1207.6760040980932,1266.5611030351213,1021.8455427296913,1254.5273826874363,1398.513021469685,1056.67241372128
2023-06-27,1167.976655718201,994.4161658322703,1248.6860267504098,1238.1285994473078,1278.9455998436558,1025.1307459988457,1268.281245639197,1413.8477230543613,1068.4659834753468
2023-06-28,1191.1637160152397,995.6361427096418,1245.7780619453238,1244.2522226754697,1278.9455998436558,1016.0964871195631,1268.9209452005446,1415.4991453866455,1067.713403473207
2023-06-29,1180.648646552063,1012.1045292454891,1251.3123849647789,1247.7277716624528,1286.68602521785,1022.9953538517169,1273.9221154500663,1420.4534123834987,1073.4847075479395
2023-06-30,1190.085255329897,1013.0193492399341,1265.1012088324887,1264.278041851564,1301.6502213599513,1031.7011525371545,1288.95546963389,1439.3266791826773,1084.02397729844
2023-07-03,1216.507593974849,1019.4238211871758,1263.4127512675805,1272.8843477414812,1300.1020954428511,1033.5076167887792,1290.438246241316,1440.2702965732115,1087.0350085342186
2023-07-05,1212.1937512334785,1004.2768322731057,1262.2873591366822,1261.133146811257,1297.0062520312642,1034.1648712490828,1288.5192396666414,1437.6753487492429,1084.525798903755
2023-07-06,1165.8198380556305,990.4514849761881,1252.3444007235191,1245.079697421274,1285.3957160756263,1029.2373001961807,1278.42930315855,1426.5872930173691,1075.2412355723748
2023-07-07,1179.0310073781063,1000.2105680090343,1246.5286188607713,1253.520224095253,1280.493725760756,1021.3528524389238,1275.2015145727612,1421.1611254263992,1074.990273967773
2023-07-10,1223.247999185269,1013.3244247910689,1254.5956282275886,1276.5252883078879,1289.2658266570702,1021.5173497939373,1278.42930315855,1420.4534123834987,1080.5109212495693
2023-07-11,1268.5434516777743,1022.676930196583,1263.0376205572811,1289.931051093206,1298.8122968288944,1028.7445430908906,1286.5711265316522,1425.407495582652,1091.8027710022095
2023-07-12,1280.1369818262938,1033.8591569227792,1274.6691842827768,1302.840251503739,1306.552313780475,1029.7298568579029,1296.922653645104,1436.731639459859,1100.0834879151828
2023-07-13,1338.104425152661,1039.653721763127,1286.7695505855784,1318.3976553676223,1316.6148259246663,1031.7011525371545,1307.2160597472944,1451.358260406235,1106.8587400122108
2023-07-14,1309.5251651370238,1030.9112047962985,1287.425844644322,1301.0197812205356,1314.5507601408526,1033.0149264980116,1306.4020892615306,1454.6612888685038,1101.8402191473951
2023-07-17,1339.4525269363678,1039.1454793960138,1294.6487729761095,1314.9218479562962,1321.0007742671698,1027.75902888031,1310.938107202225,1463.6259297751262,1102.5927991495348
2023-07-18,1344.3056518744672,1053.4792317236281,1301.777733946042,1327.5001359958105,1328.9990164162407,1026.280623935394,1320.679133424012,1473.0626550735656,1111.1246808748867
2023-07-19,1365.6053281910702,1059.273715232184,1302.0590450419104,1329.4863854949517,1329.7731814804442,1033.836344240715,1323.6160406253894,1473.298559421199,1116.1432017397024
2023-07-20,1287.686206623692,1051.3443535200197,1292.585184700902,1300.19217726256,1326.6769296462437,1047.4697807935775,1314.8346098003078,1459.615372067657,1113.3828272968601
2023-07-21,1292.269690463427,1047.4814187355103,1293.711020074073,1300.3576980541552,1329.5151604942607,1052.890242580815,1314.8346098003078,1460.7950776035243,1113.1319672961467
2023-07-24,1278.2497015539727,1053.4792317236281,1299.4328345749657,1302.6747307121439,1336.2233998180682,1054.1741504500026,1320.7083320936947,1467.400675033812,1116.8957817418423
2023-07-25,1274.4750373012162,1053.174318836077,1307.4998439417832,1304.8262425785374,1343.7057021004257,1052.5281746820262,1324.3138611979984,1474.7140774058498,1117.648971367313
2023-07-26,1301.7061955331462,1060.9002697368876,1307.030598122204,1307.6399668234828,1343.7057021004257,1053.3511959732757,1324.5175150108334,1473.5344637688324,1117.8996281602492
2023-07-27,1263.6904304477898,1049.616215607327,1301.2151117543049,1306.9778836571024,1334.417355020438,1042.652988219397,1315.7359920763838,1464.3339185145765,1110.371694457193
2023-07-28,1332.9816591161973,1059.680374191308,1312.5647733942349,1325.1832325499931,1346.8017497233193,1043.969501575687,1328.6175793123832,1480.611961793237,1118.9034745786562
2023-07-31,1360.213024764357,1069.0330422604056,1312.9401995993828,1334.1203215987578,1350.9297791852928,1041.3362744195388,1331.1471788880908,1483.678994009022,1121.41268420912
2023-08-01,1333.2514039226764,1063.746638455379,1312.9401995993828,1325.1832325499931,1347.8335273510925,1037.550830818546,1327.337995970952,1478.724727012169,1118.6525129740546
2023-08-02,1258.8373055096906,1054.9024567487697,1292.491365086471,1284.6349026108483,1330.0312024666275,1038.8674778038815,1308.8735678259766,1456.312711200788,1105.6042368008675
2023-08-03,1245.3564950888504,1050.9377758926876,1290.0524983535397,1273.7116932751137,1328.7409954300572,1029.815179003456,1305.1225980294676,1454.6612888685038,1100.5855127282748
2023-08-04,1223.5176402836335,1050.8362738164903,1282.8297177691763,1268.9121071675413,1321.5170204508433,1021.5861019378483,1299.219861285134,1441.9216270066458,1099.8326279144694
2023-08-07,1217.3165172699419,1056.8339241410245,1297.181459323472,1282.6489115360498,1335.7073578457014,1029.4860506643836,1310.5601824649739,1452.0660653479856,1112.1281208777398
2023-08-08,1210.8456494497714,1049.616215607327,1292.0224147617407,1275.5322927704885,1327.1929716186105,1024.5485242475916,1304.860823205371,1447.819603292883,1105.6042368008675
2023-08-09,1167.1679398393374,1042.0935941860782,1283.9555531423475,1259.3128057402248,1320.4848344004565,1026.5236283546403,1296.1375133915508,1437.6753487492429,1097.5743798886076
2023-08-10,1158.809791746846,1038.1289946617878,1282.4547348063013,1258.4855894187635,1321.2587952533531,1023.5610056013287,1296.602757809746,1438.6189661397768,1098.0760998900341
2023-08-11,1152.6085650250398,1037.214012003759,1277.3892143641524,1246.0725637465018,1320.2268134142732,1029.1567886962655,1295.8467241165076,1437.203356256276,1097.8249350776553
2023-08-14,1157.1920488647747,1032.639342708991,1291.1780382318623,1256.33407755237,1331.8371451586042,1025.7007406924363,1302.9998455325897,1449.4710256251672,1100.0834879151828
2023-08-15,1136.9708332335142,1020.8470462123174,1279.7342614826528,1235.480525206129,1318.1626455248063,1013.8503833082356,1287.8215112034006,1435.5519339239918,1086.0314669274771
2023-08-16,1111.8965963722694,1008.9530849758628,1272.0425305735591,1216.6132223590291,1309.1326257479623,1013.0276292750772,1278.3712742566568,1424.6997825397516,1077.750546806727
2023-08-17,1084.9349755305889,998.3806840247688,1263.6943578582977,1203.8692843157485,1303.198449382705,1004.4689561687377,1268.6300638161335,1415.7348659365794,1067.4624418686053
2023-08-18,1088.7096397833454,1003.4635956866498,1265.0073892180578,1204.3659759027053,1305.520331941395,1008.2543997697304,1269.2405647077983,1415.0273366913787,1068.717249891614
2023-08-21,1108.1219321195128,998.6857595759035,1277.2018706301392,1213.1376733720463,1318.1626455248063,1004.9721363395771,1277.4987222127913,1431.305563767739,1069.7208931022442
2023-08-22,1105.6953696504631,996.7542921836488,1271.5737279962532,1204.6966298493812,1313.2607573155892,1002.1682648923223,1274.038357472589,1428.7105240449205,1066.2078370533734
2023-08-23,1131.3088887084368,1007.3265304711591,1285.081388515519,1223.895232704014,1327.4510947104473,1007.7762750449227,1288.2284503915985,1445.9322766129649,1076.245081990782
2023-08-24,1091.1362022523952,997.26245321897,1267.727714794282,1202.049072456888,1310.6805474537555,1002.9929565466406,1270.374799466392,1424.2279738444845,1063.9494874236232
2023-08-25,1104.6170126732354,999.7022443101295,1275.325773836369,1209.000170430854,1319.7109756532132,1009.7554548378592,1279.3305933252577,1435.0801252287247,1070.7244347089857
2023-08-28,1107.5827536308989,1007.8349355018557,1283.7679139134857,1222.405545579658,1329.7731814804442,1013.0541546406093,1287.4434022474134,1443.3373287889965,1077.750546806727
2023-08-29,1167.7071183279513,1021.3554512430142,1303.0910608006507,1248.555246408257,1347.8335273510925,1017.0126478555278,1306.05299475649,1468.1083880767123,1089.795179769284
2023-08-30,1175.7956253220784,1025.8283744662092,1306.9369262551975,1253.6854864625054,1354.0258268081864,1017.0126478555278,1311.432366071367,1476.8373084334012,1091.8027710022095
2023-08-31,1179.5701858667203,1024.5067328490568,1307.2180896036416,1258.319939414997,1353.7679079276566,1010.0854517657274,1309.5134516060605,1474.4781730582163,1090.7989245838025
2023-09-01,1176.0651627123282,1034.9775503921617,1310.220021770583,1265.105516597368,1355.8318716058166,1007.9411732870727,1311.9558236101916,1476.1295953905008,1093.0573758174414
2023-09-05,1186.58012846739,1005.0901501913534,1302.8094542099336,1253.1893117242344,1349.8977973462129,996.0652259406583,1306.2854788015356,1474.4781730582163,1084.7766589044684
2023-09-06,1190.8940749168753,1001.735457773957,1294.179674903955,1247.396859291434,1342.673618155692,993.4264531791218,1297.50423219519,1459.615372067657,1082.2675508778932
2023-09-07,1186.58012846739,994.6193326482486,1289.2084173185099,1226.377786153598,1336.2233998180682,1000.3540501560586,1293.5207783536353,1453.0097746373694,1080.5109212495693
2023-09-08,1187.5045826023209,990.7563978637392,1289.1144499566547,1224.8882282414133,1338.803405468595,1003.3230202890317,1295.4687072698885,1455.1330975637707,1082.016284461626
2023-09-11,1212.5160760541385,990.5530683841772,1293.429413483356,1226.8743485283833,1341.6414321053053,1006.6215196482135,1303.988639598978,1465.0414477597772,1089.293561371746
2023-09-12,1196.4760604854764,990.5530683841772,1285.4562237309697,1220.750337663707,1336.481318698598,1004.8074385409953,1296.8354260735277,1454.189296375537,1085.7806069267638
2023-09-13,1180.7079675937032,984.7585035438295,1287.7074512350391,1212.4755902056656,1338.2874656018816,1008.4359348280454,1298.3474013506366,1457.728229185439,1085.529645322162
2023-09-14,1185.601538696557,1001.735457773957,1296.056214939998,1228.5294272321628,1346.8017497233193,1017.5074093965005,1309.542373947639,1467.8726675267787,1096.0687118648855
2023-09-15,1170.6490064192212,992.2812876286619,1276.3574941002607,1212.8066317888558,1330.0312024666275,1010.415114620982,1293.7646839603233,1448.9990331322003,1084.2748372991532
2023-09-18,1142.1031404165353,986.0800638291902,1279.9217529640903,1206.4194157309876,1335.5463372302636,1011.5559725969589,1294.5232046065,1451.8149057912726,1083.5437973213761
2023-09-19,1128.5099103993,984.0470943607382,1278.327558255886,1202.9355971650332,1332.9569378596225,1010.5641110067171,1291.8385849643062,1448.7388674881995,1081.0228016398462
2023-09-20,1108.6638070191104,976.117651316782,1266.039404976798,1188.9998060525306,1318.7160581663234,1013.704994906729,1279.962279371582,1433.1228635240507,1072.7033736453534
2023-09-21,1074.9526546529112,961.7840616527515,1242.0261638526322,1163.6172378856807,1298.7786019632672,1001.637156250973,1258.8066918192787,1409.2256703998123,1056.316495299855
2023-09-22,1055.3783702414958,958.5307086479687,1243.7146214175405,1156.8153799697102,1299.555319668806,997.8346749466787,1255.9762630474072,1408.0427484041995,1052.030741678921
2023-09-25,1054.8346285958326,963.004038530123,1247.8417979679557,1159.96776931596,1306.2875538211663,995.6857194514314,1261.2579063227463,1414.904192232544,1054.803816607826
2023-09-26,1044.7756674213506,948.9987039778973,1231.3633799882762,1141.3869298529087,1289.1983348201618,982.1299213740059,1242.7283568545351,1395.2660513058413,1038.9214015687437
2023-09-27,1051.5722824299683,958.3967551868334,1234.2822781027605,1145.5345113434719,1294.8947071186121,975.8481535739824,1243.2243658016707,1397.6320790947668,1037.408722876715
2023-09-28,1063.534287510214,970.2464719285354,1243.1336785451902,1160.9632198846161,1302.6625989135755,976.0134527032689,1250.4317396355545,1406.1497239955893,1043.2070535857893
2023-09-29,1078.4868197875498,963.6064631121692,1240.9681445472152,1162.9537333854144,1295.671629035458,971.880506769447,1247.3971043946392,1402.600682312201,1040.1818994095088
2023-10-02,1061.359424635676,949.6117016928806,1243.9813055184031,1155.1565541129592,1296.9660224038182,959.4820030405953,1246.9010954475036,1409.2256703998123,1034.3833654926575
2023-10-03,1032.2699206954417,934.9016271644931,1228.3499973959517,1129.1104814458429,1282.207262836391,957.1678152305843,1230.2101410756293,1390.7706352664227,1020.0135275417152
2023-10-04,1047.4942719415517,936.740213650484,1237.9547619548905,1140.0595332158623,1287.1270195349557,963.7802481037036,1239.1683297780653,1402.364226571468,1026.5682992006923
2023-10-05,1047.7661946184407,935.5145435476846,1238.5198219791284,1135.414872501828,1285.573379912571,958.9859720236902,1238.7014273912444,1403.0739613890657,1024.5515636178015
2023-10-06,1065.981073061641,941.3371678562119,1256.03409715058,1150.5113765502392,1300.850325671087,963.2840834577531,1253.4082538652085,1420.1097106849597,1035.8962473924632
2023-10-09,1070.0590835500573,949.305162169493,1265.73268132395,1152.6681861156612,1309.653568791693,972.7070692304022,1261.433006231475,1430.0470090186775,1041.6943748937604
2023-10-10,1092.6237914504482,959.6225066214245,1270.7232938219784,1165.4423598070553,1315.091205364386,977.666644439702,1267.9983777698094,1435.0157041349612,1049.509949205168
2023-10-11,1084.739796858619,960.8484207195993,1279.762924482967,1172.5759053670731,1316.9035807125279,977.1705466082743,1273.192332926732,1441.8774236598551,1053.039058668422
2023-10-12,1046.1349696814511,942.7673874154506,1275.9025797808388,1155.8200586132252,1315.3499410901434,963.6148821598944,1265.4306449157148,1437.145276183154,1043.2070535857893
2023-10-13,1026.8326079469248,931.8370452485357,1268.9343680085458,1137.405256790455,1310.6893285399494,970.723279235396,1259.1276929670537,1430.0470090186775,1037.912982975354
2023-10-16,1047.4942719415517,948.4876963298623,1282.9644634201386,1155.1565541129592,1322.6000551166317,979.8156667494721,1272.3754149411895,1444.006995708048,1050.0139044921416
2023-10-17,1065.1655124472036,959.5204352226845,1280.8927490365945,1162.4561373132576,1322.08207313685,980.9727606544776,1272.317109711192,1440.9311412026748,1052.2828209262962
2023-10-18,1017.5892073868802,941.2351777892636,1264.5084461661945,1134.9170180053284,1310.6893285399494,976.5093500911283,1255.363275202804,1422.9488337530506,1036.9044627780759
2023-10-19,995.2963184552635,926.6272559914081,1251.7024381649326,1115.1748195455116,1300.3321394799984,967.4170962060977,1244.333178374673,1408.9892146590796,1030.0976118717235
2023-10-20,979.5281218553755,915.7990665550252,1237.9547619548905,1093.1101615165064,1287.3858573663665,961.3004270917924,1229.042931163261,1390.060624752275,1018.2487696023112
2023-10-23,981.7030884380282,907.524776713732,1237.2955129476609,1090.1240682348803,1284.796662207032,955.4172747345025,1226.9126256982006,1389.58752947311,1015.2236154260307
2023-10-24,1010.5206697013735,912.9388714319234,1246.335365229786,1095.1009334416476,1292.3054098536245,964.3663450972773,1236.1628010974648,1398.8150010903798,1023.2907609653711
2023-10-25,957.5071556006478,901.9062952026849,1226.655482186647,1066.5664281711477,1272.1091158191575,967.5151799254965,1218.421155163849,1375.3909951441567,1011.9461787945979
2023-10-26,945.0013051666242,904.2558893367108,1206.4103174981337,1058.935092720716,1251.6538818476263,965.6922124867524,1203.8309391498804,1353.8600136065438,1004.6352709973834
2023-10-27,927.0582456921983,894.9599095265148,1202.0788801336228,1052.6308308769023,1241.037957061918,952.5997063100838,1198.3743801845485,1349.1278661298427,999.089121139573
2023-10-30,932.2237394719411,900.6804624363019,1217.1448327369878,1060.262166327334,1253.9842391755499,960.389010186943,1212.7019002807401,1362.851029483081,1012.9545973879875
2023-10-31,953.7010677891203,908.0354590345997,1222.6061685288382,1065.7368860306008,1260.1982871368216,967.5151799254965,1220.3179633808154,1368.5295513158123,1022.0303647284946
2023-11-01,959.9539411520748,912.0194155253444,1235.2240940589652,1065.9028590647958,1268.4841609115665,973.1501831452883,1233.332372325593,1385.328661073274,1031.10623367289
2023-11-02,1040.6976569329343,936.3317653919399,1260.2717887743722,1097.9212475073357,1291.7875299794962,986.9053557586034,1256.9685572697824,1411.591698188738,1049.7617236408778
2023-11-03,1099.4204064590658,962.4829457399018,1271.100049753945,1128.9447022299048,1300.5912836283694,993.037258584096,1268.4362657056836,1421.2926326805728,1063.6276063048465
2023-11-06,1081.2055280158656,952.778355007578,1275.5255283540234,1118.4927296833566,1303.6982565561784,992.20849124389,1271.3540141584995,1427.9174369704845,1062.1150292167063
2023-11-07,1112.1980758618638,945.8319693314079,1281.1753898592817,1123.9675785987947,1306.0283075671418,990.882891112506,1274.9724385743348,1434.5427007546457,1063.123244602319
2023-11-08,1096.7018019388647,936.9446817751315,1285.1299974181138,1122.97225724231,1306.0283075671418,989.225556875662,1275.9062433479767,1437.8551028996017,1062.3669052563043
2023-11-09,1062.7187268957766,924.2777431891741,1276.844026368483,1108.0411447733225,1297.2250644465357,985.0822546908138,1265.9558525325333,1425.315137238526,1055.0558958552015
2023-11-10,1080.1180447245392,933.9822525897059,1297.559840477106,1130.105932014499,1319.4927758718622,990.7172579106057,1285.7107329243738,1449.6853337430796,1069.6779146574074
2023-11-13,1085.0116158273931,933.9822525897059,1295.3941587317065,1123.8017993828569,1318.7160581663234,990.2197569742001,1284.4852177820082,1449.922065180362,1066.904839728502
2023-11-14,1140.4720191876606,984.7523223276509,1318.3696219475844,1173.2395390795107,1338.9122500951369,1002.8152967306452,1309.405130989193,1472.6360606124379,1092.6196662657717
2023-11-15,1169.2896004510058,986.1822978915139,1317.1456822846776,1188.3363015522646,1337.876592452534,1002.6494630851766,1312.177162421699,1473.109247790453,1096.6532390354419
2023-11-16,1147.5404531650524,971.676691487774,1316.3924659155925,1182.861969485512,1337.099874746995,1004.4722968948753,1313.782168160573,1476.1851941946761,1097.1574991340808
2023-11-17,1188.0483242479838,982.5047182605732,1317.1456822846776,1191.6543409022809,1340.4658897175216,1003.47816361086,1315.416280459762,1476.1851941946761,1099.6785964194994
2023-11-20,1220.1283553853084,986.2846132856296,1327.879975902395,1202.7698179490953,1351.0819166088834,1004.5077754064562,1325.5419554026703,1488.9622588884338,1106.9895042167138
2023-11-21,1192.669972673949,974.5368866108757,1325.4318010817328,1189.4974021246874,1348.7515592809598,1007.9956939376377,1322.6529450726969,1487.7789692974213,1103.4599883379058
2023-11-22,1204.9039004310835,979.7467571997952,1329.292589026134,1194.4750426044832,1351.8586343144223,1013.9748587641211,1327.7595805486753,1491.8012900576748,1109.2585222547568
2023-11-24,1220.1283553853084,984.4457014724715,1329.292589026134,1197.2950982458285,1352.1176763571398,1017.2967432062659,1328.5765906435856,1489.9085413456141,1112.2835748271489
2023-11-27,1235.6246293083072,981.8919645409654,1325.3378337198776,1195.138159468235,1346.6802439957537,1013.9748587641211,1326.1838655888519,1488.015516937004,1110.0146583929943
2023-11-28,1269.6077043513953,976.7842466825779,1324.3959438899606,1197.958731958266,1345.385340099126,1012.6462519792132,1327.496976740266,1488.488796013869,1111.2752578376478
2023-11-29,1275.0450170999125,979.8487472667434,1323.7371381250039,1212.2258230783016,1340.9838716973034,1008.1617948411972,1326.5630798572563,1485.4129415084958,1112.0314955797737
2023-11-30,1253.5676887827333,983.1176346437647,1328.3508469436413,1214.3826326437236,1344.8676644363047,1019.2899540489801,1331.786510011966,1488.015516937004,1119.3426065847652
2023-12-01,1316.6402677660556,1011.8226332550244,1336.2605053035784,1247.8941969392479,1351.3406523346407,1026.9299942820132,1339.6651769204504,1493.4574911301527,1129.4266909147734
2023-12-04,1323.7087017434476,1025.0004168254331,1329.4809669921174,1247.3967300792626,1343.0551869825094,1027.4282969926917,1332.632626667191,1482.8101822822878,1126.4014351346043
2023-12-05,1312.018515631976,1009.4732017845822,1328.8215702374634,1234.1245726791976,1341.5016494657782,1021.2828976336033,1332.370207077518,1487.7789692974213,1121.1071613163922
2023-12-06,1306.0375649459106,1007.3278317798283,1324.9610777879109,1233.7930142473217,1334.7695174190712,1024.106145292456,1327.0008756837624,1479.2609568011994,1118.838346486126
2023-12-07,1312.834179954528,1018.6667848688708,1335.036270145823,1248.226143007638,1344.8676644363047,1023.7740771143823,1337.1263664079345,1493.4574911301527,1125.645298996367
2023-12-08,1337.0301127919086,1025.1024068923814,1341.910071313988,1259.839086914438,1351.0819166088834,1021.4491321662083,1342.8750041794626,1499.3726525013167,1130.939369606802
2023-12-11,1319.3588722862569,1030.6187356728965,1353.4922873997673,1273.940528030707,1365.5817362392465,1031.0821159838645,1348.0983422248041,1501.0288535737945,1138.5024582552803
2023-12-12,1315.280965505955,1029.188516113658,1364.0383507989256,1274.1064364588165,1375.4210454250695,1035.0682035966793,1354.2552087156832,1508.8370393535688,1143.7967320734924
2023-12-13,1363.9446501494901,1063.716139033445,1379.7635524095203,1311.9313614608418,1390.4389491408676,1053.0058985196974,1372.9305673135723,1526.8189792077933,1161.4438034480904
2023-12-14,1414.2396634381294,1093.8512758721513,1378.8221058218764,1357.885799440227,1392.7691022574845,1037.0612808103479,1377.3367110452673,1525.8725129529132,1169.7633330464716
2023-12-15,1389.4999889550859,1084.5552960619552,1377.597870664121,1351.0835538877423,1390.1799070981501,1026.5976588458486,1375.0689784030244,1525.8725129529132,1166.9902581175666
2023-12-18,1388.4125056637595,1083.0230051039766,1387.2023397282112,1350.7344226005525,1401.7965693929932,1031.9245803012345,1382.8038625879287,1538.5712798265758,1169.2958535554706
2023-12-19,1445.7759529297905,1104.98592350013,1393.511450240699,1368.3566369638033,1409.0732308893698,1034.92081075949,1391.21261890974,1545.9294369385038,1177.9105424499521
2023-12-20,1386.7812807267699,1085.761365202925,1375.3674755468778,1336.437483468918,1388.8026039392157,1019.7725553468122,1371.934036060265,1525.9912462669538,1158.9077703910623
2023-12-21,1422.1237617380734,1103.7874182158,1387.551614639258,1365.8625836309627,1401.7965693929932,1027.4301677993287,1384.9428263335894,1541.8945260358173,1169.2958535554706
2023-12-22,1441.154200795711,1109.6254955647742,1385.567957720597,1368.3566369638033,1403.0960680440244,1032.2573834390585,1387.72618721837,1542.8438411550435,1174.1099473966187
2023-12-26,1462.359710144116,1122.3256988535877,1391.8017170466915,1378.8298003064654,1409.0732308893698,1036.0864569234077,1393.5856325597038,1547.353685313893,1180.4439338058794
2023-12-27,1475.137275838799,1127.7539453035567,1394.4463959416737,1381.3235952149632,1408.8134741070785,1037.58443852349,1396.1054685423942,1549.9647154365898,1182.470931381509
2023-12-28,1471.8749296729347,1124.0666871893889,1394.0399427774225,1383.3183727174185,1407.2541165681023,1041.2467429590522,1396.6327946746785,1549.489782180427,1183.991331969064
2023-12-29,1423.7548829669481,1108.7036810362322,1390.6374673432022,1369.8526554845591,1405.4346959298746,1043.0778617695719,1392.5894697438687,1544.2677219350333,1181.4577374053597
2024-01-02,1372.9162317407604,1103.3778313121704,1380.5248948869419,1348.4071821810214,1395.5595476597027,1052.2334558221708,1384.7961882195987,1519.5824042742522,1189.0586227003612
2024-01-03,1319.0870533174825,1073.9832204380286,1371.6406945163174,1309.5055321545135,1386.4634655250982,1049.5700285017392,1373.4869078968031,1506.7649040865488,1179.684139927656
2024-01-04,1329.6897561376277,1071.7297604819396,1366.820582545932,1307.5111422885723,1381.7856992251304,1048.9039545244323,1369.0627107289636,1498.220149025013,1179.1773397318043
2024-01-05,1329.4179371688535,1069.1691916799205,1368.0492501264164,1314.8257141007564,1382.8251347769099,1047.2394043191314,1370.937965353798,1499.6441217038525,1181.71083269162
2024-01-08,1366.93517734658,1086.4784676114439,1388.2746905337856,1342.5884996774219,1402.056428280938,1053.565202889648,1390.5094559937822,1530.9756560865665,1189.3119211943983
2024-01-09,1345.72977170629,1074.2904106157507,1387.2349919089818,1337.9337604140164,1402.3162871688828,1051.7341508936508,1388.4000593552769,1535.248401212734,1181.9644359973229
2024-01-10,1341.6517612178734,1078.1823808499416,1395.55213766514,1340.7600182395902,1409.3330897773146,1052.2334558221708,1396.2519224376485,1550.2018144692718,1182.9777315773608
2024-01-11,1309.8436527574381,1071.1152987947034,1398.954760846785,1335.6062615701424,1412.711459531905,1046.5735975999155,1395.6367239682115,1554.949492851602,1178.4171394380269
2024-01-12,1288.0945054714846,1068.8620015021982,1402.357088533581,1322.3065819775638,1416.3497902800932,1051.2345118925173,1396.6035038956275,1556.8481230900547,1178.163739340101
2024-01-16,1271.2388255802703,1058.3127801117744,1396.3081612352867,1315.4906399349081,1412.4516006439599,1046.739965761566,1391.4762359211982,1555.6611575450472,1170.0559522453595
2024-01-17,1248.4021950029903,1048.2756236826792,1390.7320256947546,1300.362478904498,1405.4346959298746,1044.0767388847025,1383.741443845662,1548.0659014004375,1162.4549653464699
2024-01-18,1241.3337610255985,1058.1078239963758,1404.9086865512538,1315.158435442175,1419.7283642459902,1046.0743594859184,1396.0467948749242,1570.1401889385213,1166.0021603018774
2024-01-19,1258.1893372086981,1068.6572080503834,1425.3230959143036,1337.601168284769,1441.2984898471755,1049.2371585493925,1413.450215208933,1594.825690397002,1174.8698428787309
2024-01-22,1286.735203211384,1090.0631663361207,1430.332324587794,1349.5707377847014,1445.1964752720019,1047.3854608658655,1416.438795765806,1598.3860356389255,1178.4171394380269
2024-01-23,1288.0945054714846,1084.5325231602444,1427.1189658566784,1349.9030714896057,1449.094869119442,1051.38878662555,1420.5697167056642,1603.6079120866195,1180.6976387154707
2024-01-24,1258.1893372086981,1076.1338770092511,1429.670563874351,1348.4071821810214,1451.1739444343077,1041.3805724481228,1422.1225885422025,1612.8652508300993,1175.3766430745825
2024-01-25,1245.6835904827892,1084.1229362566148,1433.829062878718,1359.046641588307,1460.7894380278415,1051.0550480844076,1429.8572885083709,1616.9001617327858,1186.0181263369166
2024-01-26,1248.4021950029903,1085.6589684770174,1430.4268829393463,1352.2305703334798,1456.1115696222203,1050.888412664666,1428.0409838791104,1612.8652508300993,1186.7782250268056
2024-01-29,1307.9406088516744,1098.461812487114,1443.469139072065,1372.6787840979614,1467.5463817483285,1054.3913644634667,1439.3500799831697,1629.9551285485707,1192.0989158560285
2024-01-30,1273.957533808586,1092.9308439840704,1443.469139072065,1362.3715291834087,1470.6649947206272,1060.063048856249,1438.2369382698673,1622.5971552343426,1195.8996125132503
2024-01-31,1234.537146016981,1065.1749873834058,1422.3934122378453,1336.271445828637,1447.0156916989226,1052.8901089517697,1414.768668703696,1588.6543150323819,1184.7513290550646
2024-02-01,1251.3927222000805,1076.9532948118856,1439.405493914099,1351.7318113517804,1461.8289756852744,1065.734198732849,1433.2853228603753,1613.5770993212443,1195.6462124153245
2024-02-02,1268.5202210600692,1072.242069438644,1458.3075606420068,1360.2105848285012,1470.1453790503908,1058.5616597155065,1448.374034774418,1646.8077234366604,1193.3660179495462
2024-02-05,1228.8280142996896,1055.3425430743337,1457.456978720308,1354.2254770481065,1471.9642891603514,1048.553245094511,1443.1003129047342,1648.9440041008943,1182.9777315773608
2024-02-06,1269.6077043513953,1061.2830171492149,1460.0088722328292,1356.553105104152,1474.5632864624138,1052.2231663856671,1447.2900917307986,1647.0451900647417,1190.832220178065
2024-02-07,1282.3852700460786,1058.2103833858669,1477.1152167657867,1365.5302499260583,1486.7775731467032,1053.3906833562219,1459.3609323089174,1669.1194776028258,1193.1125162477317
2024-02-08,1316.91208673483,1072.6517376740653,1480.6123982989839,1375.837504840611,1488.5966874679707,1050.554874567092,1460.0056978855098,1671.2559420647594,1193.1125162477317
2024-02-09,1348.176557257717,1085.6589684770174,1489.8743888335453,1383.151818228452,1496.3931688458906,1050.2212696549952,1468.4436528770038,1689.5327853282383,1192.859319357583
2024-02-12,1378.8972861349407,1105.0166669174396,1489.779978229417,1397.2829781441487,1496.9129887274337,1055.0585074731375,1467.7988873004117,1679.0888486351505,1200.9670048484359
2024-02-13,1301.68773548872,1065.277465441105,1471.2555539180216,1356.8856972333995,1481.8398458531371,1046.051108032001,1447.5828153025714,1655.8274117543592,1184.4979289571388
2024-02-14,1372.9162317407604,1085.2493815733878,1486.188533839516,1380.3259480393926,1491.4555436579778,1047.7193330360533,1460.7380594711503,1675.5281357978276,1191.8458205697682
2024-02-15,1403.9087795867583,1112.2885424244926,1494.7889114080588,1397.9476455539577,1498.471937843796,1058.3948238521966,1470.8167586363356,1677.9022506855424,1206.794597477399
2024-02-16,1368.2945833147955,1099.7931325874938,1483.447671371314,1382.1545586893958,1488.0768675864276,1056.726665662667,1463.492221686248,1666.7460979059101,1204.0073996079918
2024-02-20,1323.7087017434476,1088.9364770239722,1472.389810894378,1368.3566369638033,1477.161977447516,1059.43432419716,1455.4348626036794,1649.8936868155201,1204.2607997059176
2024-02-21,1286.1914615657208,1085.6589684770174,1474.7522922089458,1364.69876960294,1482.6194225169718,1066.2865543924336,1456.7533160984424,1646.8077234366604,1209.3283952488803
2024-02-22,1317.9995700261563,1088.321934004944,1512.7462811049882,1384.149594616194,1519.2626909924536,1072.4703721021037,1486.9016333662132,1700.4514714797892,1217.6893792337705
2024-02-23,1316.0965261203926,1091.5995238836906,1514.6362661566425,1378.8298003064654,1520.302126544233,1077.1499944610762,1487.926994851731,1696.8907586424666,1221.7430695733642
2024-02-26,1361.4979683061779,1091.9067953932047,1513.2184818730532,1373.6763020613605,1517.703435559131,1069.1278419724288,1482.4775283077417,1692.8552963466807,1215.1554798584007
2024-02-27,1401.1901750665572,1101.1245340196651,1513.1242190163493,1389.3030928612989,1516.6637957960447,1070.7991404445277,1485.2316905228395,1695.4668778624768,1218.1959762218453
2024-02-28,1390.8592912151864,1093.9551365703114,1509.8163019336814,1382.8197429478905,1515.364399250667,1073.306088152676,1483.2687477795885,1690.007167191302,1218.7028780215853
2024-02-29,1393.3060767666134,1099.485698414396,1514.825235112323,1401.9377174075541,1519.0029342101623,1069.7964549016003,1488.6010512073742,1702.8246673790052,1219.20947500966
2024-03-01,1390.3155495695232,1105.1189823115553,1534.6725898609068,1419.892136263538,1539.013600166718,1069.629218151154,1502.5762529706421,1724.1874740213439,1224.2768673448456
2024-03-04,1377.8098028436143,1099.485698414396,1533.5383328845505,1415.2372677879612,1537.9740625092852,1072.303536238794,1500.9650759041065,1717.0664159420978,1227.8239606963646
2024-03-05,1329.4179371688535,1094.6721576470388,1516.9043368670823,1400.7740325917027,1523.6805984044765,1069.2949450938297,1485.9642363272162,1689.2949511047575,1225.0369660347344
2024-03-06,1350.6233428091439,1098.5641278812295,1527.9623450914428,1410.0837695428563,1534.5954885433882,1075.9800053531796,1493.4938087306602,1697.128041472848,1231.8778542437353
2024-03-07,1366.1196167321427,1107.1672421568703,1545.8250086893954,1430.0328366891242,1555.1262806984475,1079.3226022973772,1508.318995742613,1722.5261266132727,1236.945246578921
2024-03-08,1379.712846749378,1106.2456716237039,1527.3952904769767,1424.0481165452438,1537.4543447333956,1079.65707579827,1499.2658422816817,1703.7747176890307,1237.1988498846238
2024-03-11,1376.994242229177,1101.2269307455726,1523.1425286159058,1421.7207469135412,1538.7535370674664,1085.5064200070476,1497.9764953472334,1694.042445689388,1242.2660390120323
2024-03-12,1366.1196167321427,1098.2568563717155,1545.3525124264818,1426.209577748837,1556.9452929140616,1086.509372808066,1514.09075296553,1726.5606699205598,1244.5463350816992
2024-03-13,1369.110143929233,1099.178508236674,1543.0838507263447,1421.8870429781648,1555.1262806984475,1086.008263887432,1511.7173708780942,1719.2028804040315,1246.3201357671799
2024-03-14,1325.0681077116628,1082.3817039254382,1540.6266633128002,1397.1166820795252,1554.3464998233062,1079.65707579827,1508.7291587586935,1721.5762601009471,1238.4654439586989
2024-03-15,1322.89314112901,1086.3760708855366,1526.1666228964923,1387.8069451283716,1537.4543447333956,1078.4868862468052,1498.3692496927463,1701.1633199709343,1236.1852494929203
2024-03-18,1326.4274099717634,1082.8936875549753,1534.7671482124592,1395.0783600752998,1546.190708651014,1081.9026450934155,1507.2742912897972,1717.2329366580743,1239.13989057058
2024-03-19,1318.8151306405937,1090.3703565138428,1543.7456114397876,1399.0810947216958,1555.579017165696,1088.9344059113214,1515.6504408953067,1727.2168277086796,1245.7622288154114
2024-03-20,1365.0321334408163,1108.3964908585099,1558.8674125695381,1429.7679517377035,1567.8355755905,1090.608711036944,1529.6693024990468,1747.1842422144903,1254.1674104918004
2024-03-21,1373.7317923551977,1121.2994543043428,1567.1560430728066,1448.2796626890422,1577.2238841051824,1091.6133342010312,1534.7243567288979,1748.8483465880577,1261.2991906335847
2024-03-22,1343.282986154863,1107.1225096713667,1559.0095455917156,1434.9378599285792,1575.3985413390565,1087.9299831908024,1531.8146217911053,1752.6520399844544,1254.1674104918004
2024-03-25,1366.1196167321427,1104.759902450649,1552.9470255303856,1431.4355640221113,1571.4866695453654,1083.9117577925444,1527.5828410931945,1745.7581558621036,1251.6202010070367
2024-03-26,1360.1385623379626,1103.1160242742867,1546.9792115680323,1426.9325198479587,1565.227797202244,1083.7440533404388,1524.761254820659,1738.3891546858902,1251.6202010070367
2024-03-27,1362.3135289206152,1129.6204285941433,1555.0310029501468,1457.1190673362096,1572.529780900668,1099.1475402300264,1537.574865343012,1743.8567686581546,1270.9779770523553
2024-03-28,1361.4979683061779,1135.3733515570768,1556.8308620729777,1463.2895945825987,1575.6592170722286,1102.8306239821643,1537.2811285681903,1738.8646393351523,1276.0720912102172
2024-04-01,1338.6613377288982,1123.7647835781352,1552.2840828375483,1453.7834551308797,1574.8767814500984,1096.301174746302,1534.6066409564858,1741.7168120399256,1268.1762498268924
2024-04-02,1298.969027260404,1104.143488800409,1542.6219922779808,1427.5996422890246,1566.271112768853,1093.4547424480547,1524.849403485916,1729.5936995618906,1260.0256874950912
2024-04-03,1302.7751150719314,1111.2316357897296,1543.0953750254403,1433.770557171928,1567.314122018502,1087.9299831908024,1526.5244123445343,1736.0119152372797,1257.7335037704695
2024-04-04,1285.1039782743944,1101.8831969738067,1521.3083920906372,1411.9227171665734,1544.8867173512324,1079.22358317466,1507.8915161653322,1709.6259174606803,1246.7810110054284
2024-04-05,1281.025967785978,1105.5817602070383,1539.6853644725804,1419.9279280350227,1562.88069454716,1083.4090453233644,1523.6442445138969,1736.0119152372797,1253.9125879394355
2024-04-08,1307.6686861747853,1113.5946496694066,1538.7380079879645,1435.7715368586119,1562.0982589250295,1082.9070009994116,1524.496624606152,1735.2987801622364,1255.1861926818174
2024-04-09,1321.8056578376838,1118.7310776503082,1538.9275679333423,1449.113727255589,1564.9668151521114,1085.9207368626278,1526.2600584581317,1735.2987801622364,1258.2426408557567
2024-04-10,1291.0850326685747,1085.446611168563,1523.960753851683,1408.0867954334867,1555.579017165696,1072.8617715763805,1510.9773642149025,1723.8888027592445,1241.1775565545024
2024-04-11,1310.387394403101,1090.0693475522994,1537.5065332064182,1417.0927545696206,1571.2258917065399,1064.1555051892835,1522.3807803118805,1750.9881194085867,1238.1210067766744
2024-04-12,1264.4422105716526,1073.632599083472,1517.0454356572895,1383.0705437726258,1550.363256177877,1055.7841800047386,1501.3670411864275,1726.5031412405372,1220.0370386815148
2024-04-15,1206.535125368073,1063.6677466173091,1498.289934374288,1363.8911935315352,1531.8475190929914,1050.5941615064696,1482.5578476767116,1695.6010501832968,1213.4145988327948
2024-04-16,1186.6890219878833,1057.9147423225838,1499.7108213537874,1354.3851832919877,1532.1081948261635,1048.2500407902662,1479.8539771765882,1696.076534832559,1207.556525037281
2024-04-17,1169.5615231278948,1049.1827171569007,1489.196228156005,1345.8794044714389,1517.5042274293155,1051.933391800495,1471.0957579122637,1679.6740605111654,1206.5376412433754
2024-04-18,1166.5709959308047,1051.340042935053,1485.9754820536743,1339.7090064372212,1512.5493463859755,1055.4495728748004,1468.0685835301633,1671.1164396106467,1208.8300281757743
2024-04-19,1141.8313214477612,1060.380315591752,1464.0936452724702,1333.2045949398705,1495.076924867699,1066.8343666644707,1455.2548808984423,1633.3202806333559,1218.5087129906567
2024-04-22,1158.1431559851976,1069.5233916333173,1476.5976575384614,1348.2142684090843,1510.4631236753705,1074.3983051560901,1468.6565176266474,1649.4849207312686,1227.9326768570625
2024-04-23,1192.669972673949,1088.528516756179,1493.5535951934808,1370.5624179421955,1529.239638599082,1077.5848901896636,1486.084623271303,1675.8709185078678,1236.8476052420697
2024-04-24,1193.485636996501,1085.9601401021446,1492.5113848624637,1377.5668805429598,1527.4141937273025,1080.939179675343,1485.379157621143,1675.3954338586057,1236.33796013734
2024-04-25,1185.601538696557,1077.2281149364617,1487.9646056270344,1374.5648941642485,1526.8924338383445,1078.591116902297,1479.7363535135441,1668.0262488846927,1233.2816135672892
2024-04-26,1198.1072854224658,1085.3438077836965,1506.6259918007568,1386.7395233802317,1548.5377092004444,1071.7147666643104,1493.7552151172843,1700.1173272616377,1230.4798863418262
2024-04-29,1226.9249703939258,1093.1513344717073,1505.868047514094,1396.5792886585696,1548.2768292559654,1076.7463679291359,1499.045240345119,1703.682818839154,1236.0835440005292
2024-04-30,1181.5235282081405,1072.3999344465758,1486.8281324393138,1367.2268057368653,1521.1554234898344,1068.3602767350628,1475.2987083779642,1671.5919242599086,1221.565161164596
2024-05-01,1191.3106704138484,1075.9953689677734,1479.533842101589,1351.8833772288615,1507.0729096649843,1068.8636573494705,1470.508008034516,1664.9360581587384,1219.0180532837207
2024-05-02,1221.487657645409,1092.329476715318,1490.7115257396329,1365.559064240286,1519.851227978746,1069.7023800535665,1484.262331533117,1685.1414906857299,1225.6404931324407
2024-05-03,1236.1683709539705,1100.5478102838358,1507.9521726812795,1378.734441723954,1537.584631547155,1074.062896251879,1502.6602567143354,1717.4707708815554,1232.0082120326842
2024-05-06,1264.1703916028785,1112.1563782627773,1528.318268636583,1397.913662752873,1555.0570530654313,1078.591116902297,1518.1781982836524,1740.7662103368011,1238.6303470697387
2024-05-07,1238.3432338285086,1115.8547788324252,1533.2438722679192,1386.572839679094,1557.9258135038199,1086.976940838279,1519.853207142271,1740.0528914640581,1242.9602983821715
2024-05-08,1207.8944276281736,1112.1563782627773,1533.2438722679192,1384.9050981825146,1558.7081470202966,1087.1449793629984,1520.0000294749977,1738.8646393351523,1244.2338015206647
2024-05-09,1200.5540709738927,1125.5112211439887,1538.2643297456566,1389.4078839323242,1561.576805353032,1094.0211291574167,1528.7582487393222,1743.618566839274,1255.1861926818174
2024-05-10,1166.842814899579,1119.5529354066975,1543.4741994213473,1390.0751355855618,1567.8355755905,1098.0465037096092,1530.727454919603,1745.04520458476,1258.751981148821
2024-05-13,1200.8258899426671,1122.9430884853296,1542.52713843158,1394.2446831452671,1570.1825761399305,1096.8725057303475,1530.9326745916953,1745.04520458476,1258.2426408557567
2024-05-14,1226.653047717037,1134.140524256597,1549.3476027795723,1409.254356614481,1576.4417548000124,1096.5370968261363,1537.957027111195,1756.455181987752,1261.553911582061
2024-05-15,1244.3242882226887,1139.0717521267247,1574.450185663107,1427.2661456745773,1599.129733094801,1101.4008600098111,1557.0014679469991,1785.218235415262,1270.7231544999904
2024-05-16,1222.3032182598463,1134.2433276414633,1568.3876656017771,1416.5925742540355,1596.00029692324,1106.600232541265,1553.7980883437529,1776.6606145147432,1272.25137858696
2024-05-17,1235.6246293083072,1134.0378022035222,1568.1032518099983,1415.7586388996601,1595.739621190068,1109.1156656938026,1556.0315563010683,1776.8988163336237,1275.8174718656292
2024-05-20,1239.7025360886091,1132.2914459694607,1573.40797533209,1424.7643396114513,1601.4769378555382,1103.9078077179593,1557.824373041467,1788.0707757154348,1268.6856917238451
2024-05-21,1228.8280142996896,1131.6751949828044,1574.8288623115898,1421.2621729171547,1602.5199471051874,1104.0758462426786,1561.6450696296163,1794.4891751885236,1270.2138142069264
2024-05-22,1223.1188825823983,1123.7647835781352,1569.9981125266545,1418.9273089795095,1602.2590671607084,1103.5722651847027,1557.1484744984623,1789.4970458655214,1266.3933047914463
2024-05-23,1185.601538696557,1107.5334792154572,1566.2086865881906,1393.910928106477,1600.1728444501034,1088.4520718715803,1545.7744412899033,1785.931554288005,1248.3091334885096
2024-05-24,1206.535125368073,1117.909219893919,1577.3865179736588,1409.9216082677183,1609.8220329092646,1091.1400201218617,1556.0022655220173,1803.522464536004,1253.4032476463713
2024-05-28,1197.0198021311396,1113.800093775556,1581.270354516251,1408.0867954334867,1616.0809052523862,1078.3724329693323,1557.0897087216242,1814.9322581412962,1243.4698418830126
2024-05-29,1182.0672698538037,1100.23956279282,1568.6714884038588,1385.7391627490613,1603.8239384049689,1070.4765599286848,1546.1861701652415,1807.5636245604824,1230.2250637894613
2024-05-30,1163.3086497649404,1113.6973717224812,1560.0516081753083,1380.7355506228091,1592.349305074028,1077.0283252151462,1535.9293314821807,1779.5133386126158,1237.8662858281982
2024-05-31,1154.0652492048957,1126.4358822852444,1569.9981125266545,1387.2399621201598,1602.780724944013,1096.011934677312,1549.9182575412933,1783.0791977855317,1257.7335037704695
2024-06-03,1168.4740398365684,1122.4293968881643,1571.4189995061543,1382.9034724349738,1604.3455961882735,1093.156014716834,1551.1821822901502,1793.062905038437,1252.3844654563543
2024-06-04,1175.270654845186,1105.5817602070383,1575.2075389600723,1374.7318362897292,1609.8220329092646,1098.532111660965,1552.9160490349748,1798.2926847872207,1250.8563429732733
2024-06-05,1200.2822520051186,1117.8064165090525,1595.194958266893,1401.4157002349982,1634.335762392793,1098.532111660965,1571.3729242117672,1833.2363034643386,1254.6767507848647
2024-06-06,1216.8659055113292,1109.9990524846253,1594.532015574056,1397.5801661384257,1633.8141046094881,1097.8601580056559,1571.3438176514524,1832.7606350173767,1254.4222330441653
2024-06-07,1190.7669287681852,1098.4932065587584,1592.826862550202,1387.907084561226,1632.770993254186,1097.187937092256,1569.4332851386416,1832.2855179635142,1252.3844654563543
2024-06-10,1200.2822520051186,1093.5621413522142,1599.2685025022872,1397.7467206273923,1638.7690877584816,1095.8438961525926,1574.2822907120874,1839.4165011185469,1254.1674104918004
2024-06-11,1200.5540709738927,1089.2937675854585,1606.624699010794,1392.0765029087597,1643.7238666961684,1094.3320839463008,1578.0738807399218,1856.7697609407649,1246.5262900569521
2024-06-12,1225.5656681338253,1106.408904529896,1617.445720366576,1418.9273089795095,1654.416064404979,1091.9801459309354,1591.0349583605785,1883.869077590107,1245.2526853145703
2024-06-13,1206.535125368073,1095.583073715476,1621.81195224951,1415.0915164585942,1669.8022632126501,1091.9801459309354,1594.2381537450885,1893.8527848430124,1242.705780641472
2024-06-14,1192.669972673949,1079.2925598083498,1624.374926818854,1400.748577793932,1680.2339893995952,1090.132256675205,1595.2082496097557,1900.2710005184015,1238.1210067766744
2024-06-17,1199.7385103594554,1089.4998623459423,1637.2843580171261,1412.08927165554,1696.402623829397,1098.0277956432387,1607.904420687801,1919.2879971187872,1244.7432434176176
2024-06-18,1187.5045826023209,1089.809167150252,1643.9284119405036,1418.0935028373056,1703.964976944033,1101.5558697025938,1611.9891027248807,1924.2801264417897,1248.8186769893507
2024-06-20,1179.0767426567136,1085.5818659383676,1636.6196423551974,1406.5857376380454,1693.0121035020504,1105.252049101191,1607.6104075848748,1910.0172411432254,1254.1674104918004
2024-06-21,1177.717440396613,1087.1284712917075,1633.1076860795702,1407.9202409445204,1683.884674931847,1105.0838101329034,1605.4550483716953,1903.599209265536,1253.4032476463713
2024-06-24,1175.5425775220751,1094.5520305905136,1627.2223151799767,1400.6835840717056,1675.3847877075411,1113.6662023948195,1600.2361315760218,1883.457554540359,1263.8564589033099
2024-06-25,1177.989363073502,1085.169513753816,1634.6265296013812,1404.0261737342926,1672.2465704497865,1104.242748920511,1606.398616738354,1906.551551716675,1253.352039286566
2024-06-26,1184.7859780821195,1085.6849946504014,1631.114130083481,1401.3518694223144,1668.8465542966724,1097.6797587942276,1608.4034692440832,1917.0269178164208,1249.7652188146424
2024-06-27,1196.4760604854764,1090.8402916070065,1630.1648528823491,1408.204249297312,1668.8465542966724,1097.174774631274,1610.9392401474524,1921.7883810262326,1248.4842985922883
2024-06-28,1194.8449392566015,1099.7073275471187,1620.8629705432265,1411.3795091979039,1661.7851315176974,1092.9678650207666,1604.5997207796615,1907.7414580248787,1248.7403403913152
2024-07-01,1208.4381692738368,1091.149596411316,1617.7304296532036,1399.8477105347588,1660.7389569927925,1086.5734479353844,1607.9027627191754,1921.5501792073521,1242.8477212737105
2024-07-02,1218.4971304483188,1096.9235029765402,1627.5073199614526,1414.8892994103144,1672.7695556065858,1091.4533802335648,1618.7230344068096,1938.2158518347926,1247.7154619679882
2024-07-03,1239.974458765498,1096.4078594163711,1634.6265296013812,1424.7498678482516,1681.400240172918,1089.4341785415004,1625.9469879269489,1954.881708259933,1246.1784999466072
2024-07-05,1249.2178593255426,1088.0563043728444,1646.0168217829937,1423.579722423829,1689.2459364757847,1094.3139772106354,1635.3228005042804,1974.880184577002,1246.4346433495225
2024-07-08,1247.586634388553,1095.1706401991328,1644.3079750735321,1434.4429773120225,1688.723053424639,1091.9581639529504,1637.2099372375976,1978.9283289140708,1247.2031751621573
2024-07-09,1251.9364638457437,1088.159595748462,1644.8776891416355,1432.938818424467,1685.0619531157388,1090.2753733829381,1638.801955555572,1981.0706749023966,1247.7154619679882
2024-07-10,1249.2178593255426,1099.8102935955687,1657.8816786914601,1453.3282406509502,1692.9077515242586,1099.0258041695736,1655.0183624630745,2002.2597927184681,1258.476126591536
2024-07-11,1242.693063285699,1136.5154939096722,1642.5997193537676,1458.509131876397,1679.831080491214,1108.4494580874502,1640.7480422844633,1960.3574093309865,1269.7491796248032
2024-07-12,1272.0544899028223,1147.444372104334,1654.6547271973088,1477.7285378906295,1691.5996759983407,1116.5269330009355,1651.0970824449769,1972.9756728121572,1277.4351073744813
2024-07-15,1296.794164385866,1163.1161950710493,1660.9190702402336,1480.5699135402597,1699.4459849351276,1114.3394255260607,1655.6375216353392,1979.403813563333,1280.765886047378
2024-07-16,1343.0111671860889,1204.564014830039,1671.3606762104116,1509.6497587802578,1713.307133703371,1126.2869312263417,1665.4558276169491,1979.6418315845135,1299.468926635185
2024-07-17,1316.6402677660556,1198.9963656888824,1644.2134167219797,1462.687336651588,1693.6924334707642,1136.3835410173688,1642.104260620141,1923.216856748716,1306.8988125858361
2024-07-18,1266.0734355086422,1180.5405554880049,1633.2973937723723,1451.3226093260953,1683.4922829057675,1130.325468239516,1629.4850929738145,1911.0746293099066,1293.5762059136919
2024-07-19,1267.7046604456316,1172.3955831957132,1621.052825983453,1440.793755537549,1667.0157999309154,1121.7436773083048,1618.6640844112355,1898.218531605255,1285.889973352348
2024-07-22,1295.7066810945396,1189.5107201401509,1642.9791347393716,1468.2024997645108,1685.846328745284,1128.855949626126,1635.3524597208036,1927.5024677138663,1290.2455288446836
2024-07-23,1298.4252856147407,1198.7901895966065,1637.2843580171261,1461.5175788636798,1680.8771529104654,1123.1254016388,1632.7872138196474,1927.2644496926857,1284.865094929021
2024-07-24,1215.5066032512286,1176.7259317878395,1599.1259262378371,1413.5520826482395,1647.1391986972953,1120.0916214187582,1595.7841173790205,1855.1256905164705,1280.765886047378
2024-07-25,1228.5560916228007,1191.6760164339019,1587.0707706468716,1401.6865289463044,1646.616417751803,1120.7661140259318,1587.4694047220237,1835.6028826463635,1283.32813290764
2024-07-26,1244.5961071914628,1213.9464503349448,1607.5738284645017,1426.4210980734595,1670.1543235056301,1133.2377796571961,1605.2485391684495,1852.9831607304452,1300.7499484614275
2024-07-29,1248.6741176798794,1206.2135049000372,1607.3839730242753,1428.2593996363194,1669.6312362431777,1137.282597235509,1606.192107535108,1856.0779463988931,1299.7250700381005
2024-07-30,1222.3032182598463,1213.0183732584321,1600.8344774524503,1418.2317598607299,1662.831203936949,1142.0017069774271,1598.0544290835699,1832.269895159035,1305.8738325586205
2024-07-31,1237.7994921828454,1220.1326277529286,1630.544711510226,1452.9939687634744,1689.5077353711445,1140.4847500528838,1624.0301919771082,1881.791060796695,1307.6672427945825
2024-08-01,1174.7269131995229,1185.9021912004694,1612.3199189753125,1396.5053792965148,1664.6621625140128,1149.0801711467363,1601.0325091724812,1845.3643784802669,1299.9813150449042
2024-08-02,1120.3539931305818,1145.4852519028589,1590.1086054379177,1339.3481168424319,1646.0931262780437,1149.9231031657657,1571.2238912542064,1807.2717538132738,1282.0469078736205
2024-08-05,1076.3119569130117,1110.1207248451951,1543.7874239608648,1306.2571381648952,1607.6476930197614,1124.6419576762069,1525.4640492991443,1747.036836459288,1250.789995634081
2024-08-06,1092.8957141273372,1122.9055945292982,1560.398371380142,1322.802756715835,1618.8937117927026,1132.2264750408337,1539.528136602614,1767.2742497860365,1260.7819252372171
2024-08-07,1073.0496107471474,1112.0796823830865,1547.5842372705436,1297.5667151513805,1609.7400420695712,1132.732127349015,1529.2377701095706,1749.1799176384127,1255.401592925443
2024-08-08,1122.5289597132346,1137.1339408547076,1587.4507770221728,1343.86072271727,1646.0931262780437,1143.855409096637,1564.5899903460172,1801.795501349121,1273.5923467074192
2024-08-09,1127.1506081391994,1134.9687258927486,1597.132370241748,1347.7045263928135,1654.4622161603231,1144.5295676311966,1571.48916623429,1815.1280026915335,1275.6419003462966
2024-08-12,1112.469894830638,1121.1528130836828,1599.7903464049173,1342.69083571719,1650.8007074288091,1140.4847500528838,1572.314650391064,1822.5089507182308,1270.2615680345225
2024-08-13,1157.8713370164232,1140.3301176098375,1623.6153573105241,1375.9490149445505,1671.4619906089347,1145.8778847003161,1598.172144855982,1864.4111503080128,1281.7906628668168
2024-08-14,1139.3845358963342,1134.8655971807148,1627.602321555278,1372.2720241823163,1676.6925569164991,1151.6082990585967,1603.214395883669,1867.9821558165218,1287.4271385815061
2024-08-15,1194.0292749340495,1161.5696710495013,1656.647692203701,1416.894801522998,1708.0768737127669,1158.180977290679,1630.6937521018206,1908.2178616626395,1300.7499484614275
2024-08-16,1198.651027068129,1164.972023896907,1657.597117152257,1415.5577139730947,1707.2919875549546,1161.7206770769928,1634.3495729210986,1909.8845392040034,1305.6176891557052
2024-08-19,1225.8374871025997,1174.7669742499481,1669.7469788421995,1434.7772491994983,1716.9688466461917,1168.184714895082,1649.9764798728595,1934.4070121028028,1313.3039217170488
2024-08-20,1210.8849548252638,1161.2601222498163,1669.366972466898,1422.409964635921,1718.5380063278958,1168.184714895082,1647.2935181992914,1932.5021327425586,1309.4608562383212
2024-08-21,1239.974458765498,1174.6638455379143,1681.4219803104395,1441.1281566371963,1727.1685887885747,1173.9238151413201,1652.9545599617709,1939.644511354976,1314.8411885500952
2024-08-22,1203.0008565253197,1165.7969722613857,1668.4179907606149,1418.0646885230778,1716.445657278086,1175.6114163569703,1639.981139685791,1912.7414906489703,1314.5848419394028
2024-08-23,1257.1019576254866,1200.6459370906723,1683.7000978457318,1451.3226093260953,1725.5992248955638,1180.0000614693608,1657.4067583775081,1934.644662528584,1327.6513052086318
2024-08-26,1243.2368049313623,1200.2336662379125,1681.232124870213,1431.267588199259,1722.1997192707165,1184.5572128081303,1653.455450705415,1921.7883810262326,1330.7257372708361
2024-08-27,1234.8089649857552,1192.8099442755229,1687.3070557151843,1434.6099194375033,1728.4761537862257,1185.9076679419777,1655.7261308474365,1926.7882298526247,1332.2632073116597
2024-08-28,1203.544598170983,1189.098449287391,1674.3979200117608,1411.3795091979039,1716.1840625940329,1188.2707639826426,1646.1139656316,1907.7414580248787,1330.7257372708361
2024-08-29,1214.6910426367913,1195.284708037167,1674.587775451987,1417.5633452979498,1725.0764439500715,1191.4777274456553,1646.2615248392715,1902.504326368105,1335.8499261796949
2024-08-30,1218.4971304483188,1201.1614993190497,1687.4969111554108,1433.2732195241142,1742.8605940282284,1200.0858432988307,1661.9766725656577,1922.5028026851742,1346.8666326022696
2024-09-03,1168.4740398365684,1166.8278527227646,1651.142475426833,1372.7734966196158,1713.307133703371,1200.760937236709,1627.7746220084834,1862.9823069901297,1335.8499261796949
2024-09-04,1165.4835126394782,1163.9408994401526,1648.9593594853661,1371.436279857541,1716.1840625940329,1203.1241669064195,1624.4432103835995,1858.2210275780178,1335.08139436706
2024-09-05,1185.329616019668,1158.991941239407,1639.3724723647676,1366.2555178442656,1706.5071013971424,1194.6848245377137,1620.4920869302425,1859.887337523982,1324.5769747503161
2024-09-06,1130.6848769819528,1139.092979724391,1619.9133978472462,1333.8330829416805,1682.969399854622,1184.388840210797,1593.2192399153369,1819.1757794332027,1312.2790432937218
2024-09-09,1159.2306392765238,1136.3090738220208,1637.9484826893577,1353.7210327308644,1704.676551242692,1197.3853339182722,1611.0569559198645,1839.6506593880326,1326.6264267853048
2024-09-10,1176.9018797821757,1132.4942874582716,1642.0301530330885,1361.2416979564707,1713.307133703371,1196.3724257533638,1618.0744002367578,1856.3159644200737,1323.8082397299042
2024-09-11,1202.4571148796565,1134.5562110446133,1659.115517431795,1392.9957182962755,1722.1997192707165,1189.1146314049904,1634.6741663342286,1893.6949026189243,1320.477765868673
2024-09-12,1222.8469599055095,1149.0940248379159,1671.1705252753366,1402.0205424094374,1733.9686210948034,1195.3596512175009,1648.4434115504596,1915.5984420939374,1325.6018531736431
2024-09-13,1244.0523655457998,1178.9941127982488,1678.3847365090903,1426.4210980734595,1745.2143335507844,1202.2802994840715,1657.052689966591,1925.1215523112608,1334.0564143398444
2024-09-16,1242.149321640036,1183.8401049505442,1681.6121312455145,1430.2650309611745,1746.5218985484355,1211.2260959352316,1659.5000358765988,1919.1699989955455,1344.8168757556155
2024-09-17,1252.2083865226327,1193.016364363174,1681.4219803104395,1440.125340974769,1747.0452921278481,1206.4999038539017,1660.1781450444378,1920.1220710802681,1344.0484455468693
2024-09-18,1255.470732688497,1194.562888384722,1674.1132107251333,1434.6099194375033,1737.1067362469046,1197.8915207426353,1655.2543466641073,1913.2175266913316,1340.205278464253
2024-09-19,1289.181885054696,1217.8643654107275,1698.8874988318719,1472.0463034400543,1760.383353633639,1201.2676585772542,1683.5002370434588,1960.595611149867,1349.941064664474
2024-09-20,1275.0450170999125,1205.8012340472774,1693.3818388127313,1469.0381148771146,1757.506424742977,1201.2676585772542,1680.5901336681939,1956.7864038224775,1347.3791226158773
2024-09-23,1276.1323966831242,1205.6981866670353,1699.3620635587258,1476.2535809538158,1762.4371067464574,1208.8405502149224,1684.789768196643,1960.1247214430987,1353.7149378951312
2024-09-24,1289.9975493772483,1206.0073288077613,1699.9313343845563,1483.7871673965647,1760.0768324620828,1204.6146652799534,1689.610404084719,1969.6630868695015,1352.6848776734905
2024-09-25,1273.957533808586,1190.4216362085883,1697.3894876968873,1476.0862511918208,1752.4709823390915,1201.7405717692873,1685.8840274894883,1972.5246332569623,1344.9581051606342
2024-09-26,1285.1039782743944,1198.0850429614857,1705.1011645082615,1501.867955756202,1766.3708291499797,1204.9524795069838,1692.5678516751793,1977.5320177890442,1352.427108608359
2024-09-27,1301.68773548872,1207.0947348644586,1701.2931223943356,1499.5241761787283,1761.1256617339766,1209.178765329089,1690.1131370157245,1967.039742300921,1357.063090832962
2024-09-30,1292.1724122517862,1211.2372070174697,1707.100778148747,1493.6645334167872,1764.2729663948853,1212.5594465512547,1696.8859388509854,1977.7707710010238,1361.441608804099
2024-10-01,1255.470732688497,1195.599462071529,1696.0565104348466,1470.7289853523791,1751.1597415379174,1213.4046502640576,1681.6843929610388,1949.155307126416,1357.5781209437823
2024-10-02,1247.0428927428898,1190.1110300956095,1698.9127636414273,1476.5883696899773,1751.6841561738643,1211.3762949823763,1682.394371970235,1952.017221109276,1356.0330306113212
2024-10-03,1233.9934043713179,1181.204792231838,1698.1511256691574,1474.0772603505086,1745.6517541700205,1203.7694615671508,1679.3182875136818,1953.4480862018563,1349.3365215278827
2024-10-04,1265.529693862979,1199.016942632214,1706.2439908352274,1492.827626182469,1755.3558754707199,1209.178765329089,1694.5791518366746,1975.3859958467233,1358.3510217236226
2024-10-07,1248.1303760342162,1187.6254492056528,1690.820193970206,1489.4794803965108,1734.1121816435068,1194.9792093249555,1679.2591532993713,1954.6403818801568,1348.048793844999
2024-10-08,1267.976479414406,1186.2791640555772,1707.8625638684412,1497.5151853374164,1750.11050384341,1201.909879769939,1695.1410189819908,1984.209020625686,1350.8818150681209
2024-10-09,1268.2484020912948,1189.5931092452695,1719.001833176167,1513.754183405565,1767.9448899030476,1208.6717767304526,1706.882384350471,1998.03961373443,1360.411345374681
2024-10-10,1255.198810011608,1181.5153983448167,1716.2407293108358,1505.7183492524882,1764.5353779241655,1204.445357279302,1703.895093324751,1996.3705468229693,1355.2601298314808
2024-10-11,1267.976479414406,1203.366566859003,1727.3802941134102,1519.4462379811685,1771.0919903526494,1215.0947904315724,1714.0984164649549,2000.6625907076111,1370.9711391106591
2024-10-14,1287.8225827945955,1211.5476504668648,1744.1373637353208,1535.183246763332,1786.3032821760185,1224.7313154189344,1728.1169096312226,2019.9778909746967,1379.2129417343358
2024-10-15,1285.6477199200576,1213.1013316860935,1722.715169191116,1506.8903036473107,1771.6166091999032,1228.1118630120548,1714.689942826794,1996.6089324395496,1375.349657081796
2024-10-16,1296.522241708977,1229.463742897193,1731.9502696944546,1517.1027168280375,1774.763505438198,1234.5356784874475,1722.1428802359915,2000.424205091031,1386.424582532483
2024-10-17,1278.85110491144,1227.3923848229997,1729.0941642352982,1514.5914782763975,1774.2394992248649,1233.521434032084,1722.2908078811354,2003.5241370950719,1383.8489239589387
2024-10-18,1305.7656422690216,1223.560762778343,1736.8059887940965,1520.953110324324,1785.254248692818,1236.226085913053,1728.91531363378,2014.493367614055,1386.9396126433035
2024-10-21,1288.0945054714846,1202.020363040719,1732.5217567316497,1510.4060376196069,1777.9110143104137,1227.457080689093,1726.0763186906763,2022.6008679478775,1374.0617261911354
2024-10-22,1281.8416321085301,1194.9781685137793,1726.9042519123134,1499.3565879923904,1765.5842071960592,1226.441366314229,1725.159277822026,2023.077639181038,1371.7438366827225
2024-10-23,1244.0523655457998,1187.4183784636668,1712.3372423608118,1481.4433878190912,1753.7826315628793,1224.9181288245468,1709.3958647867637,1992.5549065760888,1370.4559057920617
2024-10-24,1288.0945054714846,1190.7322423215671,1711.0998576822935,1490.8188937654998,1750.11050384341,1221.870718441864,1713.0927663842072,2004.2398453379117,1366.0775910287018
2024-10-25,1295.9785000633137,1185.4507184240501,1711.4803072998677,1496.8456078650931,1748.274644194982,1208.3283500835114,1712.501240022368,2014.493367614055,1356.0330306113212
2024-10-28,1315.8247071516182,1203.366566859003,1714.622304025046,1505.7183492524882,1750.11050384341,1213.2373466990887,1717.7953180623983,2017.3545464061162,1363.2446714094685
2024-10-29,1316.0965261203926,1197.8778095559162,1719.001833176167,1516.9351286416997,1753.2574000817049,1206.974420594481,1720.5753630099277,2032.3776189908606,1353.9725037524856
2024-10-30,1311.2029550175387,1199.3277114087764,1710.1474777852513,1488.3075260016883,1748.5368515129555,1209.1751573448603,1715.3700784007308,2023.5547780095978,1352.6848776734905
2024-10-31,1247.586634388553,1179.7549717107695,1679.6804814202073,1449.80216970494,1722.3097891650993,1201.5573663479036,1681.7438956128217,1964.1789311042594,1344.9581051606342
2024-11-01,1267.976479414406,1183.58675641901,1686.0594764643893,1456.498848913371,1728.0803922735836,1199.3567632265695,1688.8416592986848,1978.247726031884,1345.4731352714546
2024-11-04,1269.0639627057324,1190.939313063553,1684.155307660002,1455.66168325471,1727.8177765329965,1198.3406479645691,1685.2037076968154,1972.0476782261023,1343.1552457630416
2024-11-05,1310.1154717262123,1215.483133209682,1701.2931223943356,1480.104232874445,1746.7011960758348,1209.1751573448603,1705.5810631981717,1999.2317256150307,1356.2905964686756
2024-11-06,1417.5020096039937,1288.285741357582,1735.2825651021324,1521.7904051951562,1781.5825293959624,1229.4883758097753,1747.991163764101,2051.215596631687,1389.5151696129592
2024-11-07,1432.4545418813295,1279.2760494546094,1751.6587418641957,1541.7124669975963,1791.2864464853549,1227.965138320093,1761.5067397806267,2082.9304411172366,1385.6518849604197
2024-11-08,1469.971885767171,1286.7323854655208,1755.847824585393,1542.716833206081,1798.3678819723993,1238.2915900693843,1769.1370798327553,2088.653717689858,1394.4087176949167
2024-11-11,1572.7366715108726,1307.5479562744022,1754.2293992996033,1547.4045215731996,1797.318644277892,1243.7079761707341,1770.8230497061757,2086.030740716677,1399.302265776874
2024-11-12,1544.4628318931907,1287.457295726055,1752.5155291777155,1525.473339717276,1793.1223061337828,1239.9840019306725,1765.322094025427,2086.5075119498374,1388.7425736447844
2024-11-13,1518.0919324731574,1276.5835604862502,1748.2311493678442,1519.1117076693497,1792.597687286529,1242.0151634223093,1766.179816461031,2086.030740716677,1391.8333639330378
2024-11-14,1463.9908313729907,1260.117532572366,1738.0438167148877,1506.0533964129927,1782.6319713017767,1231.6892461892003,1754.8229155949357,2072.438533224513,1383.0763279907637
2024-11-15,1453.3881285528455,1248.2080369636728,1709.5762862429049,1477.0907466124768,1758.2411770249619,1230.6731309271997,1732.3463875949315,2030.7087358770996,1378.4403457661608
2024-11-18,1498.2458290929678,1248.8293305214222,1713.5749225341785,1489.9818573190103,1766.6336491018735,1235.284535658443,1739.4443354995308,2037.8619585538024,1384.621621531002
2024-11-19,1520.2667953476955,1251.6255175243577,1717.5738543203008,1504.7138538318322,1762.4371067464574,1233.5893175871993,1745.8026451784108,2058.1308012872087,1378.6978100196268
2024-11-20,1502.8674775189327,1253.2824901192039,1722.238979242595,1501.365708045874,1761.6500763699235,1235.7931278056253,1746.39417154025,2056.4615505780484,1381.7886003078802
2024-11-21,1489.0024285329232,1273.5803840731205,1733.568990475093,1533.676503632348,1782.107352454523,1248.846146599348,1755.769247242637,2057.892599468328,1397.49950798317
2024-11-22,1528.1508936476394,1295.0170857761675,1739.9481332666992,1552.2594104901418,1792.3354799685555,1253.7620919252913,1761.2114371465475,2057.892599468328,1408.0590985113708
2024-11-25,1550.443782579256,1319.146683106533,1749.4689772886354,1580.3848946319965,1803.350842070429,1256.3047854031113,1767.1854665417786,2059.561666379789,1417.5888320257081
2024-11-26,1527.8790746788652,1306.4087418663125,1757.0856525061843,1565.6525104826605,1808.3335979571518,1263.933133094663,1776.412798817758,2078.1614422017346,1418.1040653443056
2024-11-27,1553.706232453235,1307.1337334586385,1754.2293992996033,1550.585466809334,1801.7771897399746,1267.4927436087567,1771.030295784366,2064.56960230497,1419.6492572806553
2024-11-29,1576.270940353626,1310.3439806137542,1764.1311361813866,1558.4535835639017,1811.4813110406742,1268.8490784206062,1782.0318387083908,2083.1690105315165,1423.5126435370832
2024-12-02,1616.7788114365576,1313.4508550614603,1770.7007254029165,1587.248774390251,1820.6604050715061,1256.3047854031113,1785.2261915935649,2099.3840111991613,1413.983113230523
2024-12-03,1603.7293230649855,1303.7161715661616,1771.0814705153393,1579.2130694493455,1814.1037926430222,1249.8630636356213,1786.0537021564369,2109.3996992518237,1406.256340717667
2024-12-04,1653.7524136767358,1308.2728665349364,1778.983593756637,1590.5973078127236,1816.4642711387037,1246.4727611221792,1797.1444069487675,2136.8221322573327,1402.1354902077728
2024-12-05,1641.518485919601,1289.4249557656717,1771.4622156277621,1571.0097763221022,1809.6454513922463,1245.625285715603,1794.186775139571,2135.391450962452,1398.5297714125877
2024-12-06,1710.0283776514405,1289.5284911366646,1775.2705532365367,1589.927601128229,1816.9884815633438,1238.6745709137942,1797.5881898841992,2148.267950211776,1394.6663851561595
2024-12-09,1666.801902048308,1287.9752165763953,1766.7969429580437,1587.0817030525989,1811.4813110406742,1228.5036633734678,1788.3311983916967,2135.868405993312,1386.6821483898375
2024-12-10,1647.2276176368923,1283.4184402758287,1762.7980111719214,1557.9513358535737,1802.3018085872284,1228.1649137431193,1782.771108496638,2130.622084451551,1382.303528814812
2024-12-11,1680.395132065543,1291.081847028726,1772.0334071701086,1575.5297472907114,1812.2679329945945,1221.2141989413105,1796.5532490244007,2165.6756141531214,1376.8950522259227
2024-12-12,1656.1990955200479,1280.7258699756778,1758.8946719693217,1564.6481442741758,1799.9415343028538,1220.0277066462945,1787.2962575318982,2151.368066013517,1372.001402540077
2024-12-13,1667.345643693971,1272.0267841856837,1751.4682954342722,1563.3087309051868,1818.0381276804649,1216.8067121335039,1786.9412680273,2155.6602936958584,1368.1380162836488
2024-12-16,1711.1157572346522,1276.5835604862502,1750.9921054857512,1569.3354450047802,1830.364117949592,1210.5348328828475,1794.5714238606922,2179.0292522310056,1360.6690128359241
2024-12-17,1712.2032405259786,1258.5843469646773,1744.5748438586752,1556.2772629605945,1821.971850083987,1205.9576371872529,1787.1778048845413,2171.1605051091624,1353.1999077843109
2024-12-18,1592.039136953514,1207.3670337034878,1699.0244606941988,1492.827626182469,1770.8293746120623,1181.207800782612,1733.9135363835228,2098.9072399660013,1321.0053948616678
2024-12-19,1581.436330425254,1202.9769062443704,1697.0192326515898,1479.099737453789,1763.7481433363248,1179.5124490823225,1733.3811442359938,2102.484310798602,1315.854280922356
2024-12-20,1614.8757675307938,1210.7118036422817,1713.4440183162483,1505.216359966503,1780.7957032307352,1191.040092321635,1754.2008089228923,2125.614516121769,1332.595553630952
2024-12-23,1610.5259380736031,1208.6214139288013,1726.4311646597025,1519.8834919692697,1786.6347171270083,1191.2437429869806,1764.705698134205,2148.5743409772654,1334.6438880231674
2024-12-24,1657.2865788113743,1218.7603164294692,1739.323013914483,1536.8142920032267,1801.1006376804373,1200.4110963955836,1784.3203880678209,2177.0054557590206,1345.5346056239987
2024-12-26,1657.2865788113743,1227.017607926271,1740.373498101261,1535.3053522653283,1802.1523259106268,1201.0903328338725,1784.4390249339137,2174.138763035967,1348.127638462477
2024-12-27,1611.3414986880405,1210.3984322483807,1723.8528243582314,1515.6927536134506,1787.1609696647167,1195.4878014721378,1765.654977281685,2141.8848398970404,1339.8298520962355
2024-12-30,1566.211979179144,1201.7227700144324,1705.3272180674414,1492.5601569876198,1766.9087217321776,1185.6413452542913,1745.5062372319146,2118.4708509254538,1325.0495344357423
2024-12-31,1543.3753486018643,1204.3359604857624,1700.5524645563164,1486.0227963865557,1762.9637677067794,1188.3573556041283,1739.156033177426,2100.074539157135,1326.0868085334666
2025-01-02,1546.6376947677286,1201.7227700144324,1696.0641933009101,1485.6873615895372,1758.4925611436731,1183.4343279387733,1734.882711154509,2099.1187911184174,1319.3447809079792
2025-01-03,1626.2940309653764,1214.8929897282014,1712.202644457274,1520.0512093677792,1771.9061808329923,1189.0365920424172,1756.5748357759048,2135.1951550191156,1329.9764085931286
2025-01-06,1662.4520725911173,1214.7884783757065,1718.887328922334,1542.8487588331056,1776.9034357225,1173.588138979018,1766.693602516207,2158.8480810003816,1330.235600112699
2025-01-07,1601.2825375135585,1205.79911942069,1705.9000348314553,1524.7448414947833,1766.3828776170828,1174.0973992714278,1746.723001984312,2117.9933445014944,1327.1239810273028
2025-01-08,1602.641839773659,1206.1127348099662,1709.2423770639853,1513.0108257833585,1768.4866625000752,1180.887892847679,1749.274799917728,2120.6214678102683,1328.420548248486
2025-01-10,1562.4058913676165,1181.9675217755705,1684.0320863081354,1492.0572632164346,1739.5558424497515,1159.8371756806362,1722.5678728603339,2091.234604989795,1307.4166876055347
2025-01-13,1541.4723046961005,1186.7756133128757,1686.8969088653257,1485.520031827542,1744.8157130798465,1167.9860085044197,1725.238676097315,2084.305983102191,1315.9739703030123
2025-01-14,1533.5882063961565,1202.9769062443704,1686.801316281803,1497.9242710721471,1749.8133763919682,1176.474125474734,1727.6125187315913,2079.288673494322,1321.937915350346
2025-01-15,1595.0295604424894,1223.254792577498,1713.635055735869,1523.06857199489,1772.169000784886,1184.1134307480168,1759.037656059751,2128.9833441605497,1339.0519727258586
2025-01-16,1596.9327080563678,1226.8086665530732,1713.8257976606412,1530.4442611641578,1779.0076290281063,1199.9017024741283,1755.6550316262121,2119.9046567812297,1339.8298520962355
2025-01-17,1620.584899248085,1233.289265057463,1725.4762730564473,1549.721166594674,1791.3687436420087,1203.6366342959213,1773.2816329590898,2147.618960533947,1348.6463263132837
2025-01-21,1671.967292119936,1253.8806041162834,1739.323013914483,1573.69222100088,1808.2016774529377,1216.5911684831085,1789.5129615842222,2169.5989598520578,1358.2407815045972
2025-01-22,1687.1917470741607,1243.0100408163598,1754.410980884069,1589.2815402711053,1820.5632004894537,1204.5208576900109,1799.5731467664223,2196.1187623540773,1356.6848195560663
2025-01-23,1704.3191422260345,1247.1910642386958,1762.9098559721172,1595.9868766950215,1832.398675199568,1204.0106619942826,1809.3951371227556,2206.8701925988526,1365.2418990457668
2025-01-24,1694.5321037284416,1244.5779550991576,1758.039805372318,1584.0851435850873,1825.5604553789615,1208.4307099323664,1804.11284908184,2198.5079486531718,1362.9081593307474
2025-01-27,1650.2181448339825,1241.4422078653536,1743.2383206584511,1517.872175308872,1825.2974312157608,1226.4516557507327,1778.5930275603203,2118.7101555305326,1376.910699224752
2025-01-28,1683.6574782314074,1240.7104657343061,1754.3153883005464,1525.9182172234914,1828.716541126064,1211.4909487034174,1793.8752612567089,2161.2370835017764,1371.9837234634774
2025-01-29,1681.7544343256436,1236.7385463487515,1748.9676702779832,1523.06857199489,1828.9795652892649,1206.730547586439,1785.833744985451,2146.42427548555,1369.6500853523467
2025-01-30,1726.6120311576512,1248.4452818004256,1765.2971588539676,1545.3632276890312,1851.861646431198,1219.3117222204924,1795.4186458283345,2165.776519090286,1371.465238820448
2025-01-31,1709.2127133288884,1237.992926574065,1750.9731938154405,1530.6117201383242,1834.765892668375,1212.8512923866322,1785.863219983238,2155.0252726432104,1363.9453318245833
2025-02-03,1679.579467742991,1221.582529605789,1742.378873891294,1506.6407949442896,1832.6616993627688,1217.1012305497914,1773.8453422917676,2137.1066510965506,1356.4255264326073
2025-02-04,1716.009328337506,1235.2752247502403,1750.591118976199,1524.0744887494316,1832.1356510363673,1213.1911110493447,1785.7445831171449,2160.520088675038,1359.796540245351
2025-02-05,1734.7680521344842,1246.3548920869453,1758.230399549666,1533.4616237912685,1848.442332309588,1224.241832225259,1792.9853005422756,2169.5989598520578,1364.9826059223078
2025-02-06,1705.1348065485868,1241.8603346071247,1760.5225530902667,1539.495961408976,1848.9683806359897,1225.6020422794281,1799.216867730671,2187.039891177058,1363.4267455776653
2025-02-07,1706.2221861317983,1224.5091728028115,1746.675959979655,1530.7794375368335,1839.2370992314814,1221.8617652958153,1782.7475284984082,2166.7322671290035,1351.2392575478734
2025-02-10,1705.1348065485868,1225.8680643806197,1759.472068903489,1552.4036112734518,1851.072165518982,1227.3018037382192,1794.8545680581844,2184.8898256853427,1355.9068385818007
2025-02-11,1667.8892816315195,1223.672919319269,1761.0953698542803,1533.964259138111,1855.8063962452893,1233.2524387634876,1796.2198131119344,2178.2003246051177,1363.167350850318
2025-02-12,1704.0473232572604,1208.307798539525,1755.6525024904674,1532.1204014518796,1851.861646431198,1229.6822715547994,1790.4331341713873,2173.1826474018494,1358.499871420279
2025-02-13,1761.1388478464025,1224.8227881920877,1774.27370136478,1551.5652827052481,1870.535340961919,1240.0528208891062,1809.3358186897092,2200.8969511545665,1369.13139750154
2025-02-14,1822.0364602470722,1223.881942024259,1767.684461735818,1565.8136380604271,1862.6450244885093,1229.5117608927383,1809.2466568214033,2205.9146283578348,1366.7975561826322
2025-02-18,1807.35595435474,1231.5123280696753,1772.1728807386485,1594.6457835678038,1866.5901827252142,1234.1021858638376,1814.5584198601061,2206.631255589173,1373.280290684661
2025-02-19,1786.4222639751092,1226.8086665530732,1778.189008108748,1594.4783245936374,1873.165174171313,1240.3925059227734,1818.8313734455508,2207.347699022812,1379.244337335883
2025-02-20,1739.389700560449,1212.9069487036322,1773.3186620141003,1577.2124773991761,1866.0639301875058,1241.0725441353352,1811.264588857401,2191.101452746209,1379.244337335883
2025-02-21,1636.6249148167472,1180.7131415502572,1743.7156925863667,1523.7393123767558,1844.4971740728831,1244.1330501644773,1780.2847082145622,2140.4512178389637,1365.5012937731142
2025-02-24,1606.1761086164124,1176.3230954229314,1738.1769371441826,1498.4272940555036,1840.8148357880723,1250.636374921944,1772.1835050727852,2117.7544074918146,1366.2790715396027
2025-02-25,1522.441761930348,1177.47296429575,1736.362451026346,1474.288780675131,1843.1822574681862,1262.7239238619115,1763.3701122969783,2095.0574133469663,1367.5757403646746
2025-02-26,1534.947508656257,1175.0688778612016,1733.5932210526782,1498.2597058691656,1843.9709215351747,1251.8280787497347,1764.260441448884,2109.8702213631927,1358.7592661476265
2025-02-27,1484.1088574300693,1158.5539695404307,1708.7648573886456,1443.7804948800324,1822.1411412573516,1253.360403014511,1736.0994759069065,2055.3971780987763,1352.5359263729454
2025-02-28,1512.6546197246405,1168.483849336109,1733.8798510558215,1456.1851217611515,1848.7053564727887,1268.6823093718192,1763.1921569978388,2092.668043250172,1370.1686715992646
2025-03-03,1443.3291673783635,1141.307400420404,1710.292713503339,1404.2202504157724,1829.768637778867,1277.8758540733406,1732.30125400457,2040.8231232945298,1356.9441126795252
2025-03-04,1445.5040302529017,1123.956157284299,1692.7219988158045,1388.7986485440567,1807.4128091746422,1255.9139204450169,1711.7962349190484,2021.2321264778138,1336.7182330108392
2025-03-05,1487.0993846271595,1135.662974067765,1710.7700854312545,1414.6133022121512,1825.2974312157608,1260.170005544269,1730.1941601002666,2049.184999644811,1346.5718797217232
2025-03-06,1417.5020096039937,1121.134106771563,1682.7905647017367,1365.6659227060543,1793.7359611108157,1252.3388089616449,1699.4813966248732,1990.4116415992642,1338.27419495937
2025-03-07,1425.929849549601,1126.8828004813215,1688.6158023996397,1380.417042620247,1798.469987625816,1264.4263579016124,1709.006610597238,1998.0572583136066,1349.164810956313
2025-03-10,1301.1439938430567,1100.4380123648723,1650.8955894808266,1326.7760309871462,1764.5417084746773,1262.553814086987,1663.4863451085641,1923.0376539914566,1327.901962001568
2025-03-11,1310.1154717262123,1094.3756219340455,1630.5554970722,1323.926514970716,1745.0789414543542,1240.2511263926317,1649.657965678023,1919.453598846265,1308.4539617032592
2025-03-12,1348.7202989033801,1089.5675303967405,1633.9932841408283,1345.215383122487,1746.3938580590511,1226.2909000089933,1658.4116715833113,1949.0795824741174,1301.71203568166
2025-03-13,1284.5602366287312,1071.275685088182,1605.82272599169,1318.5624008861887,1716.6735570965113,1225.9504132010532,1636.304502149326,1912.5253445540604,1290.8211148730516
2025-03-14,1337.3019317606827,1097.5113691678498,1636.5716244422997,1363.8219358076517,1746.1308338958504,1239.0596898229321,1670.103482111762,1961.741957403229,1312.3436633668096
2025-03-17,1358.779260077862,1109.2181859513155,1652.9967056018068,1386.6193560608067,1766.119853453882,1251.4875919417943,1682.9823981760871,1967.715015049815,1326.3462032608143
2025-03-18,1311.4748776944275,1102.3299525063,1636.2570701759635,1364.9953115363598,1746.9201105967595,1248.933940882243,1664.7920875105315,1934.2665906601912,1322.197208473805
2025-03-19,1360.6823039836258,1117.2178183316166,1651.7618326295014,1386.6193560608067,1760.070501911571,1252.679295769585,1682.9228955243045,1964.3700807120028,1329.198427618863
2025-03-20,1359.8667433691883,1111.8707410098887,1645.5406318344726,1377.5673973916455,1753.4951020428584,1250.2957544849583,1678.0563891709226,1959.3527711041343,1326.8645862999551
2025-03-21,1400.1026917752308,1104.741358802113,1642.3823828926213,1376.561868273618,1747.1831347599602,1241.4428302204224,1678.609782254375,1965.3258287507206,1323.2343809676408
2025-03-24,1472.9624129642611,1132.420275527711,1670.808100843527,1416.3793741711847,1774.3818345057275,1250.0699213980593,1708.67133249741,2012.8658389827385,1338.327333793057
2025-03-25,1471.8749296729347,1125.60532202713,1673.3923510419702,1413.692407066407,1776.4921541505387,1246.4894647528672,1712.7786734390386,2021.7184551913615,1337.8068170722574
2025-03-26,1404.4525212324215,1119.6291432956375,1659.2272144845665,1378.4257538464203,1766.2035800896836,1257.742233045581,1692.3309463804658,1978.1738393565831,1337.2864019553465
2025-03-27,1380.5284073638154,1114.5966573446879,1656.451779119078,1358.9449516093957,1766.9953073262745,1262.8571520202775,1687.8367460928819,1965.732573060275,1337.2864019553465
2025-03-28,1323.9806244203364,1090.4825130547692,1623.3361146785958,1319.1439848697717,1733.755220279163,1256.889813364321,1653.846547082302,1916.9241749022588,1317.5095098699542
2025-03-31,1293.5318182200017,1096.3537737748077,1635.5870356067599,1314.2739781287726,1750.1111164773304,1273.9394096509302,1664.9481207800668,1922.9055034453338,1328.9594552731046
2025-04-01,1299.512768906067,1098.7652614024123,1639.4151713703907,1321.9990570095729,1746.1543181961363,1273.768898988869,1669.6510408957304,1936.7824135744158,1328.4388369484166
2025-04-02,1336.2145521774712,1115.0160853951281,1648.699324018597,1346.3496075632536,1752.749934984225,1274.7915620740991,1680.216906508715,1952.812697553809,1334.4240172084474
2025-04-03,1226.653047717037,1036.907228484996,1575.4810194424529,1224.5955626731363,1689.4351382515651,1263.879948734553,1597.4150058503265,1846.8218942393114,1278.7362467706473
2025-04-04,1140.2000965107716,992.1387943293848,1488.1937618821248,1143.8180568582654,1589.715285532844,1193.2950824644884,1503.8973776370797,1733.4139347512653,1205.6136554813318
2025-04-07,1149.4434970708162,978.5092126553894,1479.579643803122,1161.6192300789396,1582.064917344963,1173.5178501010837,1501.2187451038114,1742.7453439677456,1193.9037057275027
2025-04-08,1101.3234503648296,949.4672564305998,1458.810788369175,1129.8791646536488,1562.80687215974,1161.5829055310799,1477.7054340566467,1718.5805413926664,1173.8663012719892
2025-04-09,1284.5602366287312,1033.342537381108,1585.4349111650142,1289.5870882928734,1691.8095031161113,1212.731293503771,1632.8931395929449,1913.8137664293317,1261.5615318736986
2025-04-10,1210.6130321483747,987.8403277996538,1538.05866533103,1211.664396193461,1644.0601006128688,1200.455862125827,1561.3412929336732,1839.4049218634623,1225.130441612157
2025-04-11,1247.586634388553,1000.3167059973657,1564.3788347382267,1228.2902555028556,1669.6495131551392,1218.6990330468639,1589.2001397483332,1873.1400706647016,1245.4276472105719
2025-04-14,1257.645595563035,1011.3252893480159,1577.7783441429042,1244.2440823086702,1685.4780336534106,1236.9418030807642,1604.61758999707,1884.3853653287144,1259.74007896451
2025-04-15,1265.529693862979,1008.9138830522032,1573.8540248060538,1247.0992836606429,1683.1038730001715,1230.6337103587766,1600.12320549075,1885.3422161536307,1253.4945895421354
2025-04-16,1225.5656681338253,998.9537478299661,1541.0254336109876,1217.5422578715732,1653.2933106400114,1219.3809420660627,1564.5555414423534,1831.509707872855,1234.4982185282208
2025-04-17,1226.653047717037,1009.6479024734218,1545.0451977839364,1219.7252975077945,1661.999042861605,1229.61064638641,1566.787904087252,1832.2272540926922,1237.10070052833
2025-04-21,1208.1662465969478,989.5177146742478,1510.8771284401603,1187.6494096489705,1627.7037959920876,1209.016539667849,1529.494018371582,1780.547752066828,1213.159979488207
2025-04-22,1253.8395077515074,1013.422266936634,1548.2994825515832,1222.4122646125722,1670.9686160916262,1232.2404660018979,1569.2881207745404,1828.8777248123863,1241.5245338337393
2025-04-23,1303.5907793944837,1026.3179918529945,1566.4843832819356,1256.5034747091079,1686.005715670267,1228.3128410964905,1593.6048097301389,1872.1830360420856,1252.7139668667687
2025-04-24,1359.051182754751,1047.1819550780115,1596.6329839476118,1315.6171386507328,1713.1782763687595,1228.9956855190078,1627.1486467429804,1922.666198840255,1269.888580159829
2025-04-25,1386.5094617579957,1046.762527027571,1605.342694610137,1324.1820966457942,1720.5645993369055,1223.189637120973,1638.905486485299,1950.898628308577,1269.888580159829
2025-04-28,1393.034257797839,1050.4322174747049,1606.7782085846425,1327.0370395734242,1723.730487226736,1227.6298630449276,1639.5301722196489,1948.5061336508868,1273.5317907898716
2025-04-29,1400.9182523896684,1057.2469269799105,1616.4448793143633,1329.5561600675212,1736.3932219408305,1236.680291038716,1649.8583956629752,1961.6653137624317,1280.037487770702
2025-04-30,1382.159632300805,1049.8030347331483,1621.039085472993,1329.5561600675212,1745.0991583737307,1243.681383990679,1650.5131090513205,1961.904434569811,1281.078318004524
2025-05-01,1380.2565883950413,1056.3033968629516,1621.4218990493562,1340.6399801323366,1747.473114815663,1234.2896674146775,1662.210077704384,1985.1122025222742,1283.940702751423
2025-05-02,1410.977317272265,1080.2078677935458,1648.8906569330663,1377.7538505550115,1773.0628336748937,1244.8770966898348,1686.8841510081509,2021.0007251738243,1296.6918891546281
2025-05-05,1378.0816218123884,1072.4493841760052,1643.339490707241,1371.70827147839,1767.2591483347028,1240.9494717844275,1677.2111936093784,2011.1910743425856,1288.6247436152878
2025-05-06,1326.1554872948743,1065.739348686878,1627.3560265989688,1359.4488790779524,1757.2342110709687,1238.2170250619938,1663.1925162243745,1993.486393318439,1280.037487770702
2025-05-07,1348.176557257717,1067.2071435339396,1636.352662759486,1373.0518196368646,1774.1177892859926,1245.218652530139,1670.1869331992466,1999.7068426688934,1287.0633966606663
2025-05-08,1399.2871311607935,1086.7082299233489,1641.1380540851608,1395.3873063771762,1779.1305642348198,1241.2908939956862,1681.8245834192637,2014.5407874205914,1293.8291995960635
2025-05-09,1396.0246812868145,1086.3936385525706,1635.874108852176,1397.2345235798646,1773.5903114804432,1239.7540263433627,1679.6813826426712,2010.9519535352063,1293.568992037608
2025-05-12,1481.1183302329791,1127.2827902335157,1687.7489682612677,1473.3101276887598,1821.8674981061954,1241.8032277561424,1735.1905406626477,2088.710327381382,1328.178629389961
2025-05-13,1560.774666430627,1132.5250308755815,1690.716032036074,1508.2409584752136,1827.6711834463865,1230.3620425092702,1746.6498671460529,2124.3597292255527,1322.7140674546183
2025-05-14,1564.8526769190435,1120.992101463037,1691.3859188578533,1511.9353928805901,1825.033181784719,1221.652635839604,1748.8820455722152,2139.671915592009,1315.4278494023101
2025-05-15,1542.2878653105379,1128.7507477441611,1702.9666574693895,1506.2257654496732,1844.8190110924518,1245.5599411123521,1757.4238999309089,2140.3896456095463,1327.6582142730501
2025-05-16,1586.8736431737711,1137.452680146869,1714.5473960809256,1521.3399715655696,1858.536905628952,1258.5383948986844,1768.5556855014052,2154.027434931249,1338.0671262346016
2025-05-19,1560.5028474618528,1130.1136245797688,1719.6203038942897,1516.9736338687842,1865.9238412310185,1263.600664029453,1770.490166449918,2154.506044141407,1339.8887823515672
2025-05-20,1562.1339686907277,1128.2264016822667,1712.8249566084282,1507.4012085731242,1861.9668387385173,1262.9164833164805,1764.5375064280825,2144.21796789771,1337.0262960007794
2025-05-21,1513.742103015967,1097.0877118642345,1685.64312422271,1467.4321367984764,1835.8496420737372,1245.1292546986979,1734.803497097956,2111.439853719087,1312.5651598437455
2025-05-22,1532.7726457817191,1096.039345067613,1682.7719485262749,1468.2720159127373,1833.211231989456,1238.6299388125963,1735.4884223590334,2117.89960767462,1308.6619448630242
2025-05-23,1524.3448058361118,1090.2728396954449,1665.4484152795953,1457.6921233164785,1820.0210194698122,1240.8531252426203,1723.6424207484088,2101.3912658781683,1301.6358327652829
2025-05-27,1578.1739842593897,1117.9516750892515,1699.6169278656444,1500.3477745593898,1855.6348587475495,1253.5098002873826,1759.477754620459,2150.6777218532434,1323.2343809676408
2025-05-28,1549.0844803191555,1104.5316041109968,1688.2275221685777,1488.59243883968,1846.9293307372632,1243.0767125597806,1749.2985641346938,2142.782324064936,1313.606091681456
2025-05-29,1539.2973381134477,1109.6690894051922,1693.012765746828,1489.096237096065,1849.8315818299723,1250.4309870790066,1756.2038192412601,2150.917026458322,1319.5911703375982
2025-05-30,1532.50072310483,1104.741358802113,1694.6397603832272,1476.1649414042186,1854.5799031364509,1256.5882126086221,1754.239494857488,2145.892732537863,1318.8106492661202
2025-06-02,1553.1624908075719,1100.9669943389006,1702.2011780640876,1490.6076318652204,1860.1199516795207,1256.5882126086221,1764.1209878656039,2162.640746534793,1323.494690129985
2025-06-03,1575.1834570622996,1118.6855318468863,1712.8249566084282,1519.4927543628812,1871.1996403430464,1253.8517570148233,1774.180988829068,2177.2353866814124,1330.0002855069267
2025-06-04,1576.270940353626,1115.749942152763,1719.2374903179266,1522.0117456448068,1875.157255469468,1246.4972152375062,1773.7045991773343,2181.5417667866345,1326.3571764807725
2025-06-05,1532.228904136056,1115.4354321137766,1714.7390244902438,1511.9353928805901,1868.561842892686,1242.0504414903219,1765.1329013833813,2165.0332411924833,1323.494690129985
2025-06-06,1661.908330945454,1128.8555030920313,1726.6069840946204,1536.4543068936373,1883.3348972515914,1247.694531485208,1783.2591039287502,2187.5232791274093,1337.2864019553465
2025-06-09,1696.7069666029795,1140.9125345710947,1720.2903384634933,1549.8892716296975,1872.5190495964937,1241.0243040499088,1784.866043964354,2188.7198021528043,1338.5876429554012
2025-06-10,1711.1157572346522,1147.8322434195463,1733.785292704269,1563.828034622143,1877.2675751142792,1244.9579422623638,1794.9859160170731,2199.9645454237175,1346.654483683076
2025-06-11,1727.1557728033144,1140.9125345710947,1728.2341264784438,1558.2862538019067,1871.4634813514745,1240.340256965982,1789.866477338931,2196.136774528653,1342.2307519815552
2025-06-12,1686.1042637828343,1136.5089873663262,1734.1682540280565,1556.4387781748756,1875.6847332750174,1250.60203225725,1796.9800838361045,2205.2283277469555,1346.654483683076
2025-06-13,1690.7259122087992,1114.4919019968174,1706.316534820559,1527.0498574208295,1842.972328244762,1238.800850361794,1776.8895569069637,2177.4745074887915,1333.1229794161698
2025-06-16,1765.2168583348189,1125.730166327581,1721.836072016527,1565.5074052141504,1859.0645876458082,1236.0642611389499,1793.7953103252114,2204.2714769220393,1341.9705444230997
2025-06-17,1737.4866566546852,1113.8394583627992,1705.3381513768397,1549.3853441611411,1843.7636470587395,1229.222854896362,1778.4672061635167,2186.088002890035,1330.2604930653822
2025-06-18,1815.2398452384546,1118.4695146077997,1693.7320002083238,1555.4313108742767,1827.9352286661212,1227.683448292174,1778.1989836836544,2183.695324434645,1331.3014249030928
2025-06-20,1841.3390293978282,1116.8910271920647,1684.7157136403746,1554.9272541935488,1826.0885458184314,1229.3937664455595,1774.0229291534347,2169.818598103263,1333.3832885785139
2025-06-23,1871.7877318900482,1131.8333853179035,1703.515834645515,1565.4590798620375,1849.0694652328718,1244.420218983262,1791.5458153378493,2196.775103939897,1343.6606235044542
2025-06-24,1911.2082233897681,1143.1981205849545,1722.7953960425114,1601.2940082119503,1865.2011374161368,1246.476369106408,1811.337539476924,2229.1225801079977,1353.8597234362476
2025-06-25,1889.4589723957,1131.8333853179035,1720.4934911719067,1603.6492876726807,1850.1272798022662,1229.856390201089,1812.3522162757438,2237.269596947267,1350.460057326946
2025-06-26,1931.0542230618432,1148.6698795435498,1730.0851062100828,1627.5390676230606,1858.325342715073,1233.4546195093328,1826.5319008361596,2258.1155644578994,1358.0439747725673
2025-06-27,1898.7022692476298,1152.142503059092,1741.7872932043942,1633.9320982286433,1872.6060436132045,1237.56705338467,1835.6065157798546,2271.2947785187175,1362.7511813230105
2025-06-30,1910.9363007128793,1150.0378802820424,1753.585516024501,1640.8299607879824,1884.5066617301986,1247.6756897897922,1844.3830648084277,2283.9940967854795,1368.7661315223727
2025-07-01,1874.2346211495899,1167.6109965462454,1759.436314026808,1642.848900966494,1896.1426219935374,1256.5851391405754,1843.7861961032395,2260.2724304645053,1382.6262227646966
2025-07-02,1918.8203990128231,1183.5005447196756,1764.3282312454037,1669.9351316135796,1896.9359829205832,1247.1616188517444,1852.1447528194446,2277.524601551859,1384.7183484328566
2025-07-03,1932.685344290718,1189.9194937258621,1774.2078060135418,1687.7686078771098,1906.985425541137,1253.8437392720932,1866.7420612547562,2301.9649168788687,1391.5176806514598
2025-07-07,1915.0143112012956,1169.7156193232952,1761.0670023488146,1666.065743928094,1897.9937974899776,1249.0463229095105,1852.830967611675,2284.712929589215,1381.580210732561
2025-07-08,1927.5200579272046,1178.765163804262,1763.0812429843058,1683.2260247785014,1894.291446497097,1243.3923443652573,1851.816290812855,2279.680916165366,1382.8878527775912
2025-07-09,1967.484187364473,1188.5514116555778,1773.9201417784284,1692.9838695401559,1898.7871584170234,1245.1054687285985,1862.9209962291345,2300.287579070919,1386.5490472958988
2025-07-10,1999.8359337624568,1200.33695761353,1773.8241059526329,1715.696138972342,1899.051407848065,1250.9307597091858,1868.1750988034164,2302.4444450775254,1393.8713347286257
2025-07-11,1965.3092207818202,1187.183410917085,1763.560831123586,1704.0875882793707,1882.6552820224515,1243.3923443652573,1861.6075166402481,2296.453742851763,1387.5951609319231
2025-07-14,2002.2828230219984,1190.3402230849717,1763.9443834370704,1702.4052458074204,1889.002169438818,1248.5323856005082,1865.159806529799,2304.8406156892106,1386.0259904778868
2025-07-15,1973.4650343424237,1166.1378338009233,1751.6668679725324,1690.291992372864,1871.5482290438101,1233.797244382001,1857.1895829094383,2306.278097498982,1372.427224436792
2025-07-16,2045.7811175939053,1173.9246208820189,1758.9568736349522,1692.815635292961,1877.6306628178281,1242.1928900528276,1863.398491193285,2312.98744873078,1378.441971428377
2025-07-17,2072.695654951487,1187.7096276101913,1769.5078126991127,1716.0324782545606,1892.44006678935,1245.448227230312,1874.801815180895,2329.520603216699,1385.2414052508686
2025-07-18,2110.4848178061025,1177.1868390521106,1765.1915194455926,1723.9397462970699,1887.4156517960334,1247.333064917124,1873.429017158962,2330.7184128259914,1382.6262227646966
2025-07-21,2088.1919288744857,1174.450918906917,1768.9321887340373,1718.5559919624861,1889.2666230811667,1247.9850410301303,1876.9811228297767,2337.6674362582685,1382.8878527775912
2025-07-22,2076.773665439903,1187.2887355874982,1772.864929674073,1718.8925896690475,1896.1426219935374,1264.1191447260023,1877.2498979658476,2323.530084788636,1394.1328631376316
2025-07-23,2102.6007195061584,1201.1787416589164,1786.48532147808,1739.7544115942599,1916.7700060967286,1261.2013545174568,1893.220372860564,2345.3351086965813,1403.5473778424068
2025-07-24,2060.733753579356,1181.9220573039406,1785.52614519952,1730.332647690481,1916.7700060967286,1263.0893993013606,1893.847269219748,2349.887777719473,1401.716780583253
2025-07-25,2087.6482909369374,1188.1305196328847,1792.6242269577733,1744.6330755507443,1928.4059663600672,1265.6636292339194,1901.8475204941042,2361.628774779721,1405.9009303156843
2025-07-28,2089.0074894889235,1186.9730055716343,1791.569014853418,1756.2414970315442,1922.323941008663,1250.0449327665501,1901.3700255299536,2370.015280021769,1400.1478133369937
2025-07-29,2031.915964899781,1182.2377059880125,1784.3751927642177,1744.4648413035493,1916.7700060967286,1256.566965590387,1896.3548546564832,2359.472276368514,1398.8401712919635
2025-07-30,2056.6557430909393,1173.9246208820189,1777.1812229275931,1753.7178541114472,1904.0760270526887,1248.843206760347,1893.9668271795217,2366.1816276003124,1391.5176806514598
2025-07-31,2047.956084176558,1160.4555881650856,1766.0546598983572,1729.4917348788488,1887.679901227075,1244.3807984148389,1886.8622474004203,2361.628774779721,1381.580210732561
2025-08-01,1934.588595612711,1141.3039844851473,1748.8852272152233,1697.1897257200317,1872.6060436132045,1241.9777472895687,1855.9356059723345,2318.4984389601864,1363.0126081281282
2025-08-04,2000.651494376894,1160.5608315037068,1778.8117635021754,1720.9115298475594,1896.9359829205832,1255.02248108247,1884.145389479397,2362.587095986235,1377.1344309872352
2025-08-05,1974.55251763375,1166.1378338009233,1763.7529027751768,1709.134744907393,1877.8951164601767,1252.6195635862455,1874.5927269153428,2345.8144530975383,1374.2577200920573
2025-08-06,2016.1479757161226,1166.032590462302,1778.2364350319485,1698.0308969560067,1892.7045204316987,1255.8807804417322,1888.9518405247875,2372.411450633454,1378.965028246389
2025-08-07,2021.313262079636,1163.7175623398018,1766.0546598983572,1697.694557673788,1886.8865403000293,1260.6863481760904,1887.369401581094,2364.0249453914057,1382.6262227646966
2025-08-08,2032.459810253559,1166.8744558394803,1780.7301160592954,1705.096993762541,1903.2828703369496,1262.746106283465,1902.0862679761794,2380.079123071767,1394.1328631376316
2025-08-11,2045.237479656357,1166.1378338009233,1777.3729990843353,1701.3957111120787,1897.729139636322,1260.3431887872403,1898.3250740398128,2376.484959053089,1390.210140210318
2025-08-12,2087.3763682600484,1203.599013120038,1795.8854558543624,1752.035511639497,1914.3897191042843,1258.7983033921867,1918.534606272519,2403.081956589005,1404.855019887437
2025-08-13,2118.097200845387,1229.0642411357496,1809.9854357976496,1763.980401614687,1929.1991230758063,1270.6415784369758,1925.1021884356874,2399.248120369849,1417.4076722925079
2025-08-14,2094.716828622444,1211.701611548789,1809.1221475974608,1752.876941299815,1918.0922743084716,1262.5745265890398,1925.2810648285076,2402.3631237852696,1416.3615586564836
2025-08-15,2093.6293453311177,1204.2304731517656,1804.3262662046604,1734.3703988353332,1905.6627489067803,1261.544513906307,1920.7736007919195,2395.4142841506923,1413.7464777742002
2025-08-18,2096.347949851319,1206.0192845811596,1804.2305258737135,1747.8296554596213,1906.985425541137,1255.5095589533264,1920.3554242608154,2397.5705987641995,1411.9157789111578
2025-08-19,2012.6136031652545,1207.4924473264816,1798.9549085942092,1727.8091339825555,1913.5965623885454,1270.6403757755663,1909.9373020742385,2367.858965408262,1414.7924898063359
2025-08-20,2005.816988156637,1201.8101203588521,1795.1180557325447,1714.5184992419768,1914.919034811595,1279.9250554861205,1904.8624443302492,2357.315777957307,1413.484949365194
2025-08-21,1998.476735210471,1200.8630929748444,1789.4588861395555,1707.2841681882476,1906.7205634761747,1274.251032585042,1897.2206827164784,2347.2519349073095,1409.300596424986
2025-08-22,2080.307830574542,1246.9530060840248,1816.4120055124563,1764.1487650740535,1922.8526440820533,1279.5810943229972,1926.3557969353187,2385.110768900216,1429.698694684684
2025-08-25,2056.9276657678283,1235.1673787942807,1807.2039427877648,1756.0731335721778,1906.985425541137,1265.1384670850948,1917.8778664780757,2381.037628075981,1419.4997979606678
2025-08-26,2073.5112155659244,1239.3765430165881,1813.4385885984052,1767.3453449829303,1913.5965623885454,1263.4189285275695,1925.9079611876914,2394.695451346957,1422.6379356609632
2025-08-27,2053.1213705400714,1249.68900756101,1816.2200816082898,1775.5889523076582,1918.0922743084716,1267.5453934526845,1930.2960514832419,2398.2896153656347,1427.3452438152951
2025-08-28,2068.074006525522,1247.2687360998884,1819.4814582523031,1789.8893801679214,1920.472357089609,1258.4324270656011,1937.1320403450086,2410.9891174300965,1428.652784256437
2025-08-29,2037.8970192939614,1242.1125444935733,1812.3833764940496,1764.3169993212484,1914.3897191042843,1263.7626224326018,1925.579683399838,2383.9125916955236,1428.9143126654428
2025-09-02,2022.9445907247402,1232.7472699967427,1799.5303848118604,1746.9882257993033,1899.051407848065,1256.0256343270569,1911.3104685336436,2363.3059287899705,1421.8532488300566
2025-09-03,2033.2753708679966,1231.2741072514207,1809.697623815112,1743.623670067574,1901.696148482858,1257.7449056264911,1921.669088068438,2386.5484345076875,1420.5458099928035
2025-09-04,2039.528140522836,1249.68900756101,1825.6202159845723,1764.9900655222,1914.1252654619357,1262.3869114091544,1937.729093268933,2408.8326190188895,1430.7448083207082
2025-09-05,2049.0435674678843,1253.58227910387,1814.973093347192,1770.878264174026,1911.745386892105,1261.5275430175282,1932.1172379090106,2406.915425212762,1423.6839476930988
2025-09-08,2069.705127754397,1251.6882243358548,1819.6732344090453,1775.2523546010968,1914.3897191042843,1257.9166189499617,1936.863449427674,2419.3758064698445,1422.899362466081
2025-09-09,2082.210874480306,1240.7445437550807,1822.4547274189301,1773.065438599733,1909.6297577533162,1257.7449056264911,1941.3414384664748,2430.637459129135,1422.6379356609632
2025-09-10,2054.208853831398,1237.6929749258152,1818.3305058170008,1787.1973737884582,1905.3984994757386,1250.3512105388418,1946.9534780451334,2453.880148644552,1415.577075033354
2025-09-11,2128.699903665532,1263.7895003096708,1837.514179135626,1815.4615025902517,1928.4059663600672,1268.9209708470864,1963.132856986666,2465.381473504321,1433.0985640017627
2025-09-12,2136.0401566116984,1246.5320327295397,1830.2243212206301,1808.059066501499,1917.0342555277703,1261.183581854405,1962.476301410959,2468.9754537252993,1429.4372678795664
2025-09-15,2167.304627134585,1247.6895467907898,1836.267190874528,1824.5462811509549,1918.3567279508202,1251.7267879332437,1972.9242670327953,2493.4161366477083,1429.4372678795664
2025-09-16,2202.918823406548,1246.147496017792,1834.5268739636904,1821.5179354892728,1918.8854310242107,1243.1298969198906,1970.2077775492442,2487.186129816867,1428.652784256437
2025-09-17,2193.1316812008404,1245.830546025051,1839.3344274030103,1823.0321729261996,1926.8192445059756,1248.2878444472387,1967.7598789830279,2474.7262999528834,1433.6216208197748
2025-09-18,2260.8261160263573,1274.1377508424957,1846.3537597841114,1863.0728282438167,1933.4305855646908,1242.7858021277218,1976.9542361052327,2492.2181432407156,1436.7597585200704
2025-09-19,2309.7616196386666,1259.667279772824,1852.988505619758,1860.7176779952576,1940.5708339081032,1242.2699940120824,1986.7458303700982,2509.230458329891,1440.6823798434955
2025-09-22,2302.4213666925,1262.9416163798976,1863.2768975109361,1873.3074659180286,1951.949896347446,1240.4097440696432,1996.1452229456595,2526.721566426924,1442.41655501246
2025-09-23,2272.24437946094,1260.406667092303,1854.5267040541523,1863.3636848416938,1943.727532289126,1246.7831813948815,1985.279080792719,2501.768823113002,1443.7301916869121
2025-09-24,2268.9819295869606,1249.9499199491838,1848.0844731123698,1850.8917384192623,1935.5049640194993,1249.3670326187164,1978.9625887669495,2490.971627240988,1440.8400690784517
2025-09-25,2219.2306579439846,1239.0706541475352,1839.4307587236544,1829.4873545862374,1920.3857714955118,1241.0988690572992,1969.8328924211398,2476.575856205502,1435.8481684324238
2025-09-26,2259.194787381253,1251.3230445905615,1851.9307818091893,1844.318715258885,1929.1390849515974,1254.0181251764739,1981.1181321988652,2487.6125404802947,1446.0948189840362
2025-09-29,2342.657211390428,1252.4848692367784,1859.2383694151013,1848.195209613799,1934.4436778578888,1257.807444019786,1986.6859592808432,2496.7300091742622,1448.9850431963853
2025-09-30,2346.1915839412964,1255.1254685219533,1870.200194066242,1850.5547530761864,1943.992802776702,1265.7312455309436,1994.1694770002448,2507.5272050462763,1453.714196186745
2025-10-01,2363.047056416281,1258.8223237875566,1883.0846559498073,1875.6668801682447,1955.9287494497783,1257.6351961801336,2000.964569302582,2518.083993527013,1457.918057073546
2025-10-02,2425.575997462055,1262.6247477189481,1888.084724282991,1890.3298773815256,1962.029562241411,1252.295245892811,2003.2693299107948,2522.6427278739966,1457.6552078139894
2025-10-03,2401.1081419477855,1268.3283836160358,1889.1424480935596,1887.127612137106,1961.4988170549523,1257.6351961801336,2003.2396706942716,2515.204986358075,1463.4353514270215
2025-10-06,2490.0077749973634,1265.0540470089622,1892.4116553510607,1906.3409451792813,1962.825169492832,1255.0512113272532,2010.423832967398,2526.961606222802,1466.3254740354819
2025-10-07,2422.585470264965,1248.8936639687556,1882.7962529775723,1879.7118671946964,1954.3371265243225,1258.3243211677895,2002.9701586832562,2513.2854031818506,1464.2234927901372
2025-10-08,2515.563113802959,1260.3010170947227,1891.2578957146968,1911.060032104056,1959.1117910893827,1254.706715647948,2014.9139804427864,2534.159491740545,1467.9018583656018
2025-10-09,2491.9110263193566,1245.830546025051,1882.4116664321177,1902.127594693463,1950.0932071457212,1246.2664378759237,2009.0768255685289,2535.598811527314,1457.6552078139894
2025-10-10,2352.172430919247,1206.9611067304904,1836.6421738374033,1811.1167433260944,1915.3460406541828,1247.64455422219,1954.7757740203501,2456.9014152330983,1425.8641639325906
2025-10-13,2386.155505962335,1231.360237618963,1854.6230353747965,1866.060213647157,1936.0353007833444,1244.1995974291376,1984.7700844246835,2508.726668834867,1437.9499464699913
2025-10-14,2361.4159351874064,1250.0555699467643,1856.0653457308197,1866.060213647157,1949.828140869452,1257.4630819695265,1982.3453974192244,2488.812555661985,1447.934052573713
2025-10-15,2427.750964044708,1260.617885755672,1862.6039079932464,1891.1724699513866,1949.2973956829933,1254.1898384999445,1991.1460791022357,2500.8090315248896,1452.9258516158523
2025-10-16,2356.5223640845525,1244.1406340545159,1848.9498297764987,1874.487302255308,1937.0961785223412,1240.7539724908574,1977.586106370293,2488.332292272529,1440.8400690784517
2025-10-17,2344.560255296192,1242.0281220936592,1860.2000573998744,1872.296122252287,1949.5626661705694,1251.950750213506,1988.8112908400274,2501.0488875230676,1451.0868212339528
2025-10-20,2447.0533257792345,1261.6740604043084,1880.873320250299,1897.9139857833015,1968.925982284465,1257.1797883930612,2009.495923193314,2522.8825838721746,1467.3763630542658
2025-10-21,2410.079723539056,1265.2653470041232,1885.8732408360584,1906.3409451792813,1981.657740420269,1255.454102899443,2009.4658955393184,2517.8441375288344,1471.0548302336188
2025-10-22,2320.3643224588113,1255.9705058390127,1873.5655848969627,1879.8803598662344,1959.6423320645345,1259.2505040821668,1999.0188510111627,2503.448182695649,1463.9608467383578
2025-10-23,2390.5054391276403,1268.4340336136163,1885.4885065431795,1911.5656393308411,1976.352739091364,1251.8300831854172,2010.8729582461788,2522.16283207994,1469.7408887475015
2025-10-24,2428.566524659145,1279.524518078634,1892.8924254697351,1931.284708811973,1977.4138210416677,1249.4140700427333,2027.306927481097,2548.795302571909,1477.885862865435
2025-10-27,2453.578018110963,1279.6301680762144,1915.2002180751983,1950.4981710663196,1989.3499719260506,1253.2104712254572,2051.224414435417,2588.8639363089505,1488.3952610727156
2025-10-28,2427.2071186909297,1272.236376213216,1914.7195957039482,1937.6892393008122,1978.2094282930886,1238.1969807051685,2056.672315120149,2608.2985212831763,1482.8776619075743
2025-10-29,2425.847920138944,1255.759205843852,1906.9310902319376,1950.3296783947817,1966.8040225951643,1213.6918190828424,2057.6604644209606,2624.613691697187,1473.9446480304136
2025-10-30,2329.335904050082,1242.1337720912397,1891.353931540492,1928.0825727797246,1966.2732774087056,1222.838059102256,2035.0301137762547,2584.065162166089,1466.8509693468181
2025-10-31,2419.0513051303265,1244.2462840520964,1887.507770591097,1939.8801608794904,1964.4165882069808,1218.6963604659538,2041.7052796813457,2592.7027350660005,1470.7918793701738
2025-11-03,2397.573976813147,1246.7812333396907,1884.8155170254897,1940.891504545232,1957.255101887658,1213.174140160566,2045.5370293936653,2605.6590025170176,1468.16460602127
2025-11-04,2270.069412878287,1231.5714562823318,1870.392413465257,1881.7342961018367,1943.197195525281,1222.1477314531905,2021.2901593390748,2558.392483262233,1461.0708257337858
2025-11-05,2310.577180253104,1252.1680005758292,1877.7961846443886,1913.2510828949057,1955.3984126859332,1221.975216355447,2028.2947083444365,2567.7498079543784,1466.3254740354819
2025-11-06,2199.928296209458,1235.1625802185629,1858.3731604983964,1887.9700754947953,1941.0750316246736,1218.5237117391646,2006.53239638456,2529.840797189439,1456.8670664508736
2025-11-07,2195.306647783493,1245.830546025051,1857.7962068065021,1895.8915568761613,1948.2365179439964,1232.8471418684787,2008.5079581112384,2524.802167048399,1463.9608467383578
2025-11-10,2252.1262496957465,1258.0829364680774,1883.7579409623454,1926.5657510993694,1958.3161838379615,1233.709984615288,2039.8494601331772,2583.1055543756765,1473.9446480304136
2025-11-11,2230.6491287947965,1263.1528350432666,1889.623218212234,1908.7006178538402,1968.925982284465,1245.7900503287074,2044.5190366575941,2574.468165273465,1487.3442704500433
2025-11-12,2211.8904049978187,1262.2022290604186,1894.3347358257586,1921.6779130787138,1973.4351721506423,1246.9980569000493,2045.6565873534391,2568.4697435443127,1494.1753030818593
2025-11-13,2095.8041044975407,1235.2681488843514,1874.1423908414326,1866.3973282024042,1953.2762487853256,1245.4446192460837,2011.7111534957485,2512.3254277960386,1478.9368534881073
2025-11-14,2091.182456071576,1234.212055567507,1869.0462866824535,1862.5209630596614,1948.2365179439964,1242.6838431660035,2011.381770395478,2514.7249067663192,1475.7838816200904
2025-11-17,2052.305809925634,1207.2779753914397,1849.2385282435823,1821.9029877601185,1925.6905686131101,1239.9226661987868,1992.6426721148744,2495.5305453856713,1459.756985851557
2025-11-18,2038.1689419708503,1206.3273694085917,1837.2192752767216,1810.4423850034286,1916.6723930920625,1240.4404787501087,1975.909347433681,2473.936521237043,1454.2395898941927
2025-11-19,2022.4007453709623,1204.9542447672143,1843.7576897917243,1822.9143314258602,1925.955839100686,1233.1923056930116,1983.5428192043244,2489.532307454219,1449.2475876442763
2025-11-20,1950.6285074732587,1183.5127444884495,1820.7767599211472,1761.5660721916154,1900.2270523415023,1234.4003122643535,1953.309208661707,2445.8647309583057,1431.1189138381753
2025-11-21,1994.1268020451655,1220.7978404782634,1845.9691732386568,1793.0831174090272,1931.791381404743,1248.378578569135,1972.7663915758983,2461.70000557826,1451.349568889621
2025-11-24,2087.6482909369374,1236.7468421915178,1862.315209526163,1828.9817473594524,1937.0961785223412,1244.8169636193588,2001.8027645521518,2544.956320017159,1472.8938606155184
2025-11-25,2101.513443631062,1268.645333608777,1884.5269663058305,1857.1276470243922,1963.090439980408,1255.8822503612328,2020.6313931385337,2540.8776652619313,1473.6821035825226
2025-11-26,2133.3215520914973,1275.7220941472422,1897.50775951004,1888.4759411459233,1972.9044269641836,1261.241844118244,2034.5809884974742,2558.392483262233,1483.9286525302466
2025-11-28,2166.217143843259,1276.67270013009,1904.6232754643609,1907.6892741880986,1981.9230109078449,1265.0453276403796,2045.6866150074345,2568.2297037484345,1494.4380507375274
2025-12-01,2107.7662132859014,1269.807158254994,1900.6809309417458,1903.4759237022802,1970.5174009986138,1249.485027065895,2036.3469093023923,2555.513476093295,1487.8697657613793
2025-12-02,2126.5249370828797,1270.3352455793122,1907.9886662950819,1922.5206348607462,1976.6180095789398,1240.840564112343,2040.1189721441929,2562.9514014069164,1488.657907124495
2025-12-03,2195.306647783493,1287.974403258477,1914.623264383304,1959.4307376890843,1986.6974712615981,1240.321682528657,2047.1833922388093,2567.9898477502566,1496.5399303789836
2025-12-04,2246.960963332233,1286.9181472780485,1916.1619060599714,1964.99241718372,1982.7188223705728,1236.345416650687,2048.680169470184,2578.5470038263925,1492.5990203556278
2025-12-05,2226.843040983269,1284.6999853196116,1920.7772401002762,1979.4867925132917,1987.493078513019,1233.0604138251008,2052.5714218342864,2586.944536930426,1492.5990203556278
2025-12-08,2228.202239535255,1279.4188680810537,1909.1425736788701,1983.5317795397436,1975.822198116212,1221.6495623715575,2046.4050680784944,2578.3067802328146,1488.3952610727156
2025-12-09,2243.6985134582537,1285.333803973302,1907.7964468960668,1991.6214951683046,1974.761320377215,1216.4628845994262,2044.6389630548404,2577.347172442402,1486.293279827371
2025-12-10,2260.8261160263573,1310.6834595128307,1916.7387120044414,2032.0708485841383,1999.959770372554,1220.6123337203676,2058.1993042242552,2587.904328518538,1501.0065389214524
2025-12-11,2230.920844055456,1325.1538492507104,1932.7963453197126,2039.3179716428385,2022.7709901910162,1230.6401245529607,2062.9888071459186,2585.264993550079,1510.4650481099493
2025-12-12,2185.5195055777854,1311.00032817378,1918.373389506904,1991.958609723552,2014.2831514338136,1237.9013932565172,2040.8073975612572,2543.0369206386345,1504.1593075816922
2025-12-15,2153.439474440461,1306.7753855838587,1920.1041028351622,1985.3855865631747,2012.6915285083578,1245.1626619600736,2037.723944355257,2536.07870732137,1504.421953633472
2025-12-16,2178.7228905691677,1297.1402522017534,1911.5297288132963,1985.5540792347124,2003.6733529873102,1233.9248601204558,2032.1563014920152,2539.6778338779413,1493.124515666964
2025-12-17,2112.387861711866,1293.3201792715356,1893.879526011488,1945.2733477025881,1984.8407820598734,1242.9151550437682,2009.7952786395888,2491.2118508345657,1490.4971407141718
2025-12-18,2139.302606485677,1295.972978325484,1907.4789376812446,1970.2172405474512,1996.7769329442563,1239.2847211355584,2024.9717707814164,2521.442896490006,1494.4380507375274
2025-12-19,2183.0728237344733,1298.6257773794327,1917.798947521223,2002.9134760412853,2007.1212566918769,1232.7148491134315,2043.3251150284816,2553.833932712949,1500.2181943505595
2025-12-22,2215.424570132457,1308.3883576793276,1927.7331888363524,2025.888692242321,2019.7850124625056,1240.0589678251993,2056.0546296977736,2572.841188035248,1508.249575321147
2025-12-23,2188.7819554517646,1302.4459316414423,1930.5303430732129,2017.4481655683417,2021.3813322480182,1239.712601339257,2065.4518116485006,2593.5066662047216,1508.7780171452498
2025-12-24,2192.588043263292,1306.6905565249854,1938.5357417640969,2023.6940235106715,2030.9586383271744,1245.4288510187143,2072.717398603014,2600.234764801895,1515.6468464235888
2025-12-26,2166.7607817808075,1306.584418536654,1938.9213625415216,2019.1363225880061,2030.6927552056782,1244.9091676607554,2072.507205025045,2599.7543176147396,1515.6468464235888
2025-12-29,2137.127639903025,1300.2175218772354,1933.8095971555665,2004.6186890675779,2022.711360489421,1246.1217176196444,2065.1215074545494,2586.5379764185714,1512.740670400745
2025-12-30,2117.009717554061,1291.3039641521993,1929.9516164122272,1996.0092820855464,2014.9960531059671,1246.2947672335702,2062.599552956393,2582.693479932829,1511.1556497401023
2025-12-31,2091.182456071576,1275.2807065130091,1915.6769990134167,1974.5703986027513,1996.6394987347578,1237.1141845494624,2047.318056134949,2563.9501581073764,1500.8524058225937
2026-01-02,2128.9716189261917,1287.9083618435152,1921.174680671645,2009.345141086124,2006.2170090252207,1233.4769355599317,2051.070776009452,2565.151827468364,1504.815059078089
2026-01-05,2211.3465596440406,1304.037676139245,1940.3679575728497,2042.431984974175,2028.5642607545587,1235.5554017336765,2064.7313321713427,2575.003935568246,1519.8738729969682
2026-01-06,2225.4836350150536,1323.4565360871193,1957.0538129362474,2089.8677112867736,2055.4345887189384,1240.9250176691005,2077.010616249437,2588.9409475451475,1530.4413886284724
2026-01-07,2205.9093506036384,1312.8451772077412,1947.6016714666112,2056.7808673987224,2033.353220111097,1228.9732358393635,2070.31555472084,2595.4290063464427,1515.3826763134816
2026-01-08,2189.869438743091,1331.4151772443406,1952.231337007073,2047.665207129049,2034.4173652310033,1244.3893506737509,2070.105361142871,2573.5620426136807,1529.3846065841556
2026-01-09,2182.8009010575843,1341.4960088456457,1968.2419866414166,2076.5317230740247,2057.8287620802475,1244.3893506737509,2083.7957607400213,2593.2662588134444,1538.1028298410215
2026-01-12,2243.970436135143,1342.769420710246,1969.785060740813,2075.6875799581067,2065.277982130898,1246.1217176196444,2087.068222369331,2602.157104943616,1536.7818776865972
2026-01-13,2262.185314578343,1342.5571447335835,1963.0337421873933,2077.8821194775846,2056.2326465060414,1249.239550509307,2082.8951153388903,2597.5915700817413,1533.3474630474277
2026-01-14,2261.913391901454,1350.1973719258108,1954.1603273787427,2066.2342882845005,2052.5080364807163,1262.4038822979333,2072.657159076287,2567.074167610085,1537.8386597309143
2026-01-15,2227.3866789208173,1369.5100938853539,1962.6479736625442,2082.4399496124215,2063.681866556692,1265.3487992027156,2078.301621152511,2575.724790146679,1540.7446325459812
2026-01-16,2220.5900639122,1364.8411610438611,1960.911941427011,2072.9867871509864,2061.5533721055726,1268.4667657214238,2076.5602014395035,2577.8873538819776,1537.0460477967044
2026-01-20,2153.983319794239,1345.7405523973969,1924.4539347539987,2023.525401626962,2033.0871327782938,1259.8764225313002,2034.2880807069653,2515.4106559840993,1512.2124317844193
2026-01-21,2182.8009010575843,1380.7582806947198,1947.9875877388845,2073.3241601305767,2054.6365309318358,1266.4711495558906,2057.7660217567854,2539.1997760608824,1532.819021223325
2026-01-22,2235.5426998976504,1384.0478263468647,1954.3534332623037,2080.076658997063,2048.5175433338945,1263.3474369882258,2068.5142639185774,2559.3848070432014,1537.0460477967044
2026-01-23,2193.9472418152777,1359.2169863073862,1954.835533107797,2060.663563937865,2043.9948755214664,1262.1326153355633,2069.2645868309946,2569.9575859238166,1530.4413886284724
2026-01-26,2172.7418361749874,1359.7476762490428,1964.962732559063,2059.9883011299994,2056.4987338388446,1267.8591544515243,2079.7727919795584,2586.5379764185714,1536.5177075764902
2026-01-27,2168.6638256865713,1354.6541914542247,1968.9171923704707,2070.2857359195236,2069.8008541546333,1270.4622482579116,2088.058950732449,2611.048318669187,1533.3474630474277
2026-01-28,2146.099221494295,1348.287294794806,1970.1709770130863,2085.3097519397656,2069.2684752777195,1263.3474369882258,2087.84875715448,2614.171960576496,1530.4413886284724
2026-01-29,2110.7567404829915,1356.7764632301003,1974.70416348548,2091.5557390942668,2087.6256422828496,1267.5122534493999,2083.7056777780344,2599.513910223462,1534.1399733777491
2026-01-30,2035.4503374506492,1347.968962161604,1952.3278160751413,2045.133036205638,2058.8931114114607,1278.0980791760112,2077.491058713367,2577.1664993035447,1536.7818776865972
2026-02-02,2021.585184756525,1361.9761673450416,1964.962732559063,2069.4415928036055,2092.148105883971,1276.7095397641956,2087.8187295004846,2586.297569027294,1549.9912976269497
2026-02-03,1996.5736913047072,1360.8088121369806,1942.2006166238752,2050.7037605522737,2086.29540983014,1284.1716529231421,2070.1654164508623,2543.765494720457,1549.727025912954
2026-02-04,1902.7802797360462,1372.4813069042964,1944.6118545884624,2030.9529048769714,2078.8461897794896,1293.7162411271984,2060.137837984964,2498.8300816916444,1563.7290577875165
2026-02-05,1803.2779438663235,1362.8249459245249,1921.6569282645623,1989.7634241432168,2072.7274063928553,1295.9721666733703,2034.4081913229475,2460.1426876682494,1549.19868569274
2026-02-06,1914.1987505868583,1400.3893352874652,1964.0945686938721,2076.362842765973,2124.6052467806853,1299.0958792410352,2073.4378780801717,2522.1389383789724,1570.597988669744
2026-02-09,1969.3872312702367,1400.6016112641278,1967.8562181165676,2097.2952145367826,2122.476752329566,1292.8484541057057,2083.4354288920745,2549.2921077543424,1567.6919142507886
2026-02-10,1964.4936601673828,1401.4505525071947,1963.9016105577355,2101.853173883791,2115.825998488632,1303.7814480925322,2077.941289304564,2535.835726762296,1567.4277441406816
2026-02-11,1926.7044973127672,1398.797834785038,1965.5414592200486,2107.2551471345455,2135.512785312551,1308.293299184876,2077.461031059371,2530.308929930711,1570.597988669744
2026-02-12,1860.9131063930142,1373.1179721707008,1936.1245037995097,2049.18435462849,2094.5426876678935,1304.822685615087,2045.3666270627086,2485.8543316844534,1549.727025912954
2026-02-13,1909.848817421553,1389.5657004314246,1945.8657869785025,2070.2857359195236,2112.101184252,1316.2760311051002,2046.8075860170243,2475.281369006139,1558.4453507737085
2026-02-17,1911.2082233897681,1388.0800939219532,1950.5917838396083,2075.349948554174,2119.5504043026503,1314.54059069116,2050.1100753003293,2483.4513605578777,1558.1811806636015
2026-02-18,1940.8413652675508,1392.0063048405023,1962.6479736625442,2098.1393576527007,2127.2655074747977,1311.5905958826486,2060.4379303061837,2499.5511200677774,1563.993329501512
2026-02-19,1963.949814813605,1389.3534244547618,1958.211266258219,2081.4271846127945,2121.678694542463,1313.6728036696675,2055.003846026664,2495.946847175613,1558.1811806636015
2026-02-20,1943.559969787752,1396.781619665702,1971.3284303350579,2099.658634364313,2139.237599549183,1317.8378873889326,2069.8653241296424,2520.457005628529,1565.5783501621547
2026-02-23,1903.0522024129352,1368.7675346259937,1950.7845942283207,2038.549417647204,2113.1653293719064,1322.4446151035831,2048.7291716540053,2489.6990119678953,1552.3689302218022
2026-02-24,1959.32816638764,1381.3949459611242,1967.2774914555819,2076.700344957734,2134.9808148582515,1326.7908998085497,2063.6203089735063,2507.4808880259384,1564.2573980077307
2026-02-25,1999.2922958249083,1386.4884307559423,1981.551961106968,2109.4495574418524,2146.4207322670304,1324.5309653910126,2081.0337692286366,2542.8044165484466,1567.6919142507886
2026-02-26,2028.3817997651427,1394.2346332729173,1975.2827423990414,2108.7742946339863,2145.356587147124,1334.787796407597,2069.474780408964,2511.32575210708,1570.597988669744
2026-02-27,1982.1649006730345,1376.3014611663061,1975.8614690600273,2078.0508705734655,2153.3377776520742,1345.5663152178226,2059.5372849050523,2488.737749998185,1571.918940824168
2026-03-02,2017.7790969449975,1385.6394895128753,1972.1001151321805,2071.805012631136,2145.356587147124,1346.4354385297704,2060.7081791921437,2492.582797877026,1570.0695468456413
2026-03-03,1964.4936601673828,1370.9957003948252,1951.0738836851015,2027.0703375500002,2109.1748362250846,1338.4386755597686,2042.5445802433326,2468.3126792199882,1556.8602285091774
2026-03-04,2037.081458679524,1378.5297895987212,1962.1655783222025,2064.3773801689554,2120.082578968257,1339.6553680190684,2056.955459317641,2495.946847175613,1561.879765412878
2026-03-05,2011.5261198739283,1354.6541914542247,1945.190433502024,2057.2873791107077,2090.0198156441584,1324.5309653910126,2045.4865534599548,2493.5436922513372,1546.2926112737846
2026-03-06,1968.2997479789103,1324.1994206736467,1916.06291528569,1996.6845448934123,2058.0950536243577,1322.4446151035831,2018.6760954728338,2453.895036258232,1529.9130484082582
2026-03-09,2019.6821408507612,1330.3540413564028,1935.8350665953046,2032.1345501846506,2076.451812206874,1318.7938695804569,2036.359620395188,2493.063061266482,1531.762239179008
2026-03-10,1981.6210553192566,1324.1994206736467,1931.6876486477602,2017.279414472461,2074.855492421361,1307.4939302346806,2033.0871587658783,2494.26473062747,1524.1008995703476
2026-03-11,1986.5146264221105,1321.3342643112437,1924.3576034333546,2017.279414472461,2062.617721436786,1297.932504770891,2030.5353608324624,2495.946847175613,1520.1380431070754
2026-03-12,1920.451520241698,1296.7157815802198,1892.5292623008042,1963.935332409294,2025.6379127276432,1296.1939908889044,1999.701749866142,2453.1739978820992,1499.7956237782766
2026-03-13,1909.848817421553,1295.1241997460008,1882.2091047134013,1964.7794755252119,2020.8491575824119,1300.3662905766266,1988.3831664971701,2429.144470414038,1498.210399909857
2026-03-16,1958.7845284500916,1304.6743414056493,1899.8593075152096,1992.464216950337,2040.0041781633379,1307.1463610873288,2008.6186735716763,2459.902464074672,1509.5705274755712
2026-03-17,1986.2427037452214,1316.0890143928805,1902.9523998429445,2018.7985619719018,2051.44389136081,1305.060144428945,2013.9024353624811,2464.708406327824,1514.5901659831604
2026-03-18,1941.3852106213287,1299.0839193627817,1875.8887653966667,1997.1909273932258,2020.317187128112,1282.2864143491938,1985.8011566910225,2433.7103728713123,1491.6057407416251
2026-03-19,1932.1417063531694,1304.8230972528968,1877.145357240344,2006.4754679709515,2021.6472153695147,1275.5064774675373,1980.9073859646876,2423.617857380153,1489.7564483669867
2026-03-20,1879.9437528668811,1279.7406166495125,1854.7212874119564,1951.781118716396,2001.6941370014858,1257.6001853702119,1952.5096993467328,2376.7604718050193,1475.2260762722103
2026-03-23,1928.063695864753,1306.0985424122928,1874.6323213004137,1991.5995290991625,2024.2603032517486,1262.2157326018657,1973.0110340575309,2406.571723514223,1489.4924814646565
2026-03-24,1875.8657423784648,1315.4512918131825,1868.3496575768756,1999.8881022595463,2036.0104176356067,1261.867361680241,1966.3880020547758,2384.6762711379993,1493.2050875505468
2026-03-25,1900.3335978927341,1329.3742372602899,1876.2754204060616,2015.9574447466143,2042.4197937118643,1263.43496401303,1977.3460693570646,2399.1128452628304,1500.6298933067728
2026-03-26,1832.0955251296689,1314.3884479576163,1837.9031981038095,1961.152102236805,2001.560582806817,1265.0024327167735,1942.03317982079,2330.298618879755,1492.6747152525625
2026-03-27,1757.060837357986,1293.9823827205728,1810.3564295800686,1919.709753283572,1979.1281749625298,1256.99056966463,1908.9178355882782,2281.214340374409,1474.1123960503317
2026-03-30,1726.88395383454,1284.629633319683,1802.5274413137997,1883.680360615665,1961.7698054591197,1267.6150141853914,1902.535577473696,2263.4093058061967,1475.438225191404
2026-03-31,1837.532734170071,1321.1905510350894,1853.9479773931666,1961.3212409691998,2007.9699588830745,1273.8851562584562,1957.838226290427,2355.8033066860366,1500.364808761669
2026-04-01,1859.5539078410284,1327.6737521568175,1863.2269588815225,1982.1269848120137,2025.8625451651594,1277.194479570324,1972.5895415891757,2386.841775636494,1502.2210102007257
2026-04-02,1863.9036335901042,1333.0941094229795,1866.99658666513,1977.2215739360445,2023.1920739057057,1287.2965681522164,1974.3657786433193,2388.285506568057,1504.077211639782
2026-04-06,1870.4285333380624,1340.3213337763204,1875.4054835717793,1989.2313284212896,2039.7491182411036,1287.8187904620397,1983.698299817651,2398.631662884876,1510.9717467019125
2026-04-07,1869.341050046736,1344.6788471869163,1869.2195944111581,1992.7835002259276,2030.669475116699,1284.6838530545529,1984.5711281896208,2409.9403677553037,1505.6682269298465
2026-04-08,1912.839344618643,1379.858263086387,1923.5398214398504,2068.3947157907223,2099.8360489523093,1299.4883477476758,2035.117433457199,2482.8448281486912,1536.1635164211696
2026-04-09,1873.690775795812,1389.6361337631447,1935.5252402465462,2065.6882376480594,2114.5239471962655,1303.494145644702,2046.8580619507345,2502.3341848374434,1542.2624930363236
2026-04-10,1883.7498406784086,1383.684273237408,1927.9861324267551,2067.8871703813656,2103.3078453797752,1292.1732265387818,2045.5035015836825,2513.642705910171,1530.3296243511195
2026-04-13,1956.33763919055,1400.9018882395449,1945.1907289968726,2116.264853423651,2115.859284931646,1291.6507369708675,2065.4930766454027,2544.440767469351,1542.2624930363236
2026-04-14,2034.3628541593228,1407.491390013188,1964.7152556233593,2149.4186292165,2126.0073616134,1293.392457949946,2090.660856162103,2597.3746887960324,1545.4446252203406
2026-04-15,2106.1350920570267,1405.6846855895924,1975.3471602760364,2170.224373059314,2120.6662148831856,1288.1672950127102,2107.1581966422636,2631.5412107985926,1548.89194355335
2026-04-16,2102.6007195061584,1410.25488163581,1974.8640261985734,2191.368394366918,2113.1886094608853,1293.392457949946,2112.3362168785075,2636.834584551491,1552.8696341843438
2026-04-17,2153.983319794239,1438.9508524181772,1999.9943855978765,2231.2884947285957,2149.774902981761,1300.70757915884,2137.8652493368354,2673.407202241523,1569.045278045645
2026-04-20,2156.430001637551,1447.0282379914627,1996.8046664546491,2245.8354594119373,2148.9737820250552,1296.6419154494286,2133.590085126557,2660.173584061578,1570.6362933357095
2026-04-21,2103.688202797485,1435.6562641949392,1985.8827336080697,2238.3928383378716,2127.3426993487806,1282.3335854022562,2119.621699456527,2642.127958304389,1561.3551845365384
2026-04-22,2155.8863637000027,1441.3953607532626,2002.4107947223142,2264.4422705214447,2139.893934689344,1276.4009902981304,2141.08649815749,2689.2873235002176,1563.7417582735793
2026-04-23,2079.7641926369934,1440.8641014890632,1990.0388686536478,2242.4526847640373,2143.098622727473,1295.5949318779171,2132.7774962813146,2660.89535762851,1568.780091896653
2026-04-24,2079.7641926369934,1448.6226664383955,2004.6338024683423,2278.651216164339,2155.9171706686807,1287.0448110304897,2149.3050486342067,2703.0019402604175,1567.4542627555809
2026-04-27,2081.123598605209,1451.3858327338503,2002.6040483532995,2270.8700592011405,2143.632635294841,1284.253033011853,2153.0078452312077,2717.4386981829484,1562.9461998266029
2026-04-28,2051.2183266343077,1443.202065176858,1990.2322700320574,2224.6914381043334,2128.4107244835163,1292.977539763661,2142.5313257052653,2690.4904632428033,1564.0069444225715
2026-04-29,1999.0203731480194,1431.9363107004579,1988.7822768099707,2226.044806387836,2136.6894508625223,1288.9642586400867,2142.2002846363694,2683.271992382688,1568.5150073515495
2026-04-30,2061.821029454453,1457.1252546193407,2003.1839569936797,2276.1137475419,2165.2641263937294,1299.7827325349176,2163.514392411146,2704.2050800030033,1587.872783396868
2026-05-01,2091.182456071576,1460.7386634665318,2002.3141679068217,2288.8000569567253,2157.786520971429,1294.024656964218,2169.5053699301047,2719.363427694766,1587.872783396868
2026-05-04,2126.7968597597683,1447.2408392952925,1992.068770516115,2290.6607122252417,2151.3771448951716,1285.6489220211713,2161.5576209955566,2715.9949672513853,1577.7961161507205
2026-05-05,2081.939159219646,1467.859587167958,2005.6003661181173,2329.396970672326,2181.0200497724218,1285.823575183643,2178.898130631164,2736.9280548717006,1590.2593571339087
2026-05-06,2163.4985393230577,1476.5746139891496,2030.1508168770406,2382.679676954066,2207.725375000881,1279.716193288,2209.1835066386448,2797.802036827729,1597.4191799489197
2026-05-07,2118.6408387829356,1462.864351177664,2024.5449841042239,2347.6649874683576,2187.963438416047,1275.8775653268974,2202.409967928439,2793.9523940063937,1588.4031556948523
2026-05-08,2150.9927925971488,1470.41047748675,2033.9204446606482,2396.381077187604,2201.5833115252676,1267.3274444794702,2220.5932782820205,2828.5999145892088,1593.7065738630297
2026-05-11,2175.7323633720775,1459.7822015946724,2035.273663319818,2407.206731333913,2216.271005557917,1267.8510030797486,2225.6508194648095,2837.02134139421,1595.2976907569825
2026-05-12,2126.2530144059906,1443.202065176858,2033.5337896512533,2372.5305777373374,2205.588916308795,1275.5283926309996,2222.2790639367045,2827.8781410222773,1596.8888076509354
2026-05-13,2121.9032886569144,1437.781789242488,2039.1399179189184,2370.669922468821,2200.247973789887,1268.8978530222146,2234.7123548782365,2859.1573849594115,1595.8280630549668
2026-05-14,2120.5438826886993,1446.9220186713394,2052.671513520921,2388.600178648748,2221.6121522881317,1272.7367482414083,2252.353877928744,2894.0456805289036,1599.2753813879763
2026-05-15,2036.2658980650865,1423.4337225195125,2034.1136982916335,2337.008601266615,2205.322012130764,1262.2670461553387,2225.259538869186,2848.0894550756607,1587.872783396868
2026-05-18,2025.6631952449416,1428.4289585098063,2038.6564883466067,2293.874735777261,2206.6571456548377,1281.602100007176,2223.6940480492203,2828.840689575886,1597.4191799489197
2026-05-19,2007.4481093855118,1415.250117626104,2025.5114000065748,2262.412347308362,2191.702139021544,1283.700076021564,2208.882493223744,2800.448723704178,1593.9718616159103
2026-05-20,2061.821029454453,1443.9462510720548,2051.3184426091752,2328.720157318403,2222.6803816341744,1285.9727051984237,2231.5213179303137,2840.149210648614,1604.0485288620578
2026-05-21,2083.0266425109726,1448.3038458144424,2056.247887673543,2368.1327122707244,2235.231821186045,1288.2453343752836,2235.94662041057,2845.9237667794664,1606.7002887480908
2026-05-22,2077.0455881167923,1460.3134608588718,2072.099413331915,2401.6247655283632,2260.3347002897863,1295.23800869738,2244.737354281828,2845.9237667794664,1619.6939020292634
2026-05-26,2099.610399725298,1483.5893183704525,2085.72763574941,2468.6091304679844,2286.506012950877,1291.5668179302918,2259.6393605067638,2881.5340197135897,1619.1635297312791
2026-05-27,2119.184476720484,1483.9081389944056,2080.4118311704956,2474.529373738324,2283.5684333020854,1286.3224124105036,2259.247895692404,2880.571654957681,1619.9590881782556
2026-05-28,2202.375185469,1484.9709828499717,2086.5977203311168,2501.9321742054,2281.6990829993374,1274.7842124765966,2271.7112142879314,2906.7979325331944,1622.0803741624156
2026-05-29,2227.930316858366,1473.7050657099878,2082.828092547509,2537.9614376611357,2279.5626243072516,1262.3720785851035,2277.3709665192578,2923.4000111565206,1618.898343582287
2026-06-01,2209.171800477617,1471.5795406624393,2087.4675094179747,2545.7425946243343,2270.7498853608777,1246.6381938805114,2283.572506053658,2949.866879921011,1610.943063924188
2026-06-02,2172.470120914328,1484.6521622260186,2085.6311566813415,2591.2446607915617,2299.3245608920847,1252.4073606619877,2286.673460039594,2945.295463532744,1618.6331574332949
2026-06-03,2124.8938158540045,1471.4731586787325,2084.181311206679,2573.990959541214,2305.7337327570353,1253.4562150401362,2270.627455463048,2916.422315283082,1612.7992653632446
2026-06-04,2176.819846663404,1490.7100794082949,2100.612745505431,2568.408993735665,2319.353401654949,1266.0432693521918,2279.207443100129,2915.9411329051277,1627.6491816873622
2026-06-05,2025.1193498911634,1463.2893911217402,2060.1141422726437,2422.768786835967,2268.613426668792,1284.3993568166782,2220.3825320478427,2804.298550323213,1609.3519470302351
2026-06-08,2062.9085127457793,1472.8548231582517,2066.7833132581522,2467.5942980736145,2281.6990829993374,1266.9173369388232,2225.4098613579004,2822.8253584583563,1605.6395441521222
2026-06-09,2038.9845025852878,1486.777849937151,2069.5862296445603,2451.3554292176373,2284.903566826159,1287.371266788652,2218.8772807546043,2804.53895771449,1609.0868624851316
2026-06-10,1984.8835051932358,1476.2557933651965,2052.2850062589505,2363.0580334501883,2248.584381694621,1291.7417383508546,2183.895432287226,2741.0182888820127,1596.6235198980546
2026-06-11,2051.4902493111967,1512.2854518164033,2086.7909739621023,2478.758229684713,2308.404408227796,1290.8675371351776,2221.014770750375,2801.1704972711095,1613.594823810221
2026-06-12,2056.6557430909393,1526.9523391633318,2096.5532372753455,2515.802583959162,2331.905045418126,1301.8812430654878,2233.026569223552,2812.7197933305147,1624.732235652337
2026-06-15,2164.8577378750438,1528.5833669165856,2122.4642940646536,2609.0056490269226,2368.758243117032,1297.1610642912055,2272.4036925171913,2893.323906961972,1631.3615845654751
2026-06-16,2149.9053093058224,1520.3748744948787,2108.5210741385495,2569.4238261300347,2367.957122160327,1302.4057370690848,2258.856615096781,2861.0822982689288,1633.2178876084201
2026-06-17,2133.8651900290456,1499.5872818223852,2076.4711118695477,2552.17038330403,2357.274828699898,1281.602100007176,2230.6483053396078,2829.3216881561407,1610.6779793790845
2026-06-18,2180.082296537383,1526.6645872838558,2090.414331795652,2622.5375228915514,2386.38372100978,1277.7561224485705,2253.8403389108935,2876.240645960692,1614.1251961082053
2026-06-22,2132.234068800171,1527.1974731838916,2089.8333889233018,2654.902587590024,2396.9298055285512,1282.8004852872416,2246.7475491309065,2855.7154054361295,1617.5344129830262
2026-06-23,2084.6577637398473,1521.9740201857373,2062.5278919434436,2548.2053786116903,2326.801804860372,1299.7900821324201,2214.120384549243,2787.056855704745,1613.0065372957902
2026-06-24,2085.7452470311737,1539.5634841400972,2064.270868307919,2557.3507576807915,2328.9431646238218,1308.1973535302054,2213.0941019700444,2781.515906450279,1614.0718540667413
2026-06-25,2080.8516759283198,1559.2851423489353,2064.851811180269,2614.0867884560294,2369.360258049576,1311.8754930076598,2216.293428761095,2783.202250345517,1612.740131900136
2026-06-26,2124.078047823338,1571.4379013469766,2068.8217844712285,2548.7134408697325,2324.660445096922,1326.9384262747844,2200.2665829331104,2763.44785737372,1614.3382594623956
2026-06-29,2192.044197909514,1570.904852783357,2103.9701579752395,2594.1020587504486,2376.85501722165,1323.9607702538538,2236.5156720865966,2828.4929443279525,1619.3988443370513
2026-06-30,2197.209691689257,1581.0321248377938,2124.6912909911375,2635.087384253352,2411.651194426828,1311.8754930076598,2253.9309745290884,2866.5561613629848,1619.1325405452858
2026-07-01,2225.211712338165,1572.8236324160869,2119.2689605193027,2579.367736418541,2381.672974583759,1317.8305377914298,2250.8825228829605,2853.3063689854616,1624.7258346073613
2026-07-02,2208.8998778007285,1561.5237185871204,2115.008515792168,2504.0021531916245,2351.9622715526402,1343.928023119963,2247.924706855028,2823.43372884454,1641.7721221892427
2026-07-06,2273.059940075377,1565.0416439107091,2115.589606411943,2545.326014583661,2369.0927412376245,1334.1195175510393,2267.543265382103,2859.5698269976583,1647.3654162513185
2026-07-07,2207.2687565718534,1549.904008152699,2108.3275250127153,2469.7911634121783,2320.3779297813294,1347.2557872401098,2256.7681272848304,2837.8883151439472,1646.033694084713
2026-07-08,2179.266735922946,1531.7814956347195,2100.3875784307966,2464.8795503519805,2318.771807853089,1328.6899021741847,2249.796000777035,2840.779085365669,1632.4499654191166
2026-07-09,2216.5120534237835,1550.7568533217734,2115.6863809748597,2534.1483864823913,2349.0179529307234,1322.3844820331071,2268.841086378415,2873.5424957283117,1640.706703814403
2026-07-10,2181.5775601359283,1551.7162431381385,2127.2089071012215,2531.0997545097957,2358.6538676549403,1328.3395268168772,2278.6201537692214,2890.88785224944,1644.1692627306877
2026-07-13,2136.312079288587,1544.6730726296967,2118.7858264418396,2472.3314747023887,2321.7161264750057,1335.345564043524,2262.653547467964,2852.345107015751,1645.3678838033545
