Date,IJR,QQQ,QUAL,SPHB,SPHQ,SPY,SPYG,SPYV
2013-07-18,500.0,500.0,500.0,500.0,500.0,500.0,500.0,500.0
2013-07-19,500.1034085939182,494.82555149068224,496.11151428132,501.1313965129994,501.861718805608,500.8881466007547,500.06499727359653,501.26870834083087
2013-07-22,501.28904978886624,496.28504452216447,498.5044744250636,502.0740453852396,502.1276252579744,501.86536702641376,501.0434383743439,502.2493797784814
2013-07-23,500.412543367572,492.6364526636015,497.7066376225152,500.7542783077888,501.595656670307,500.79929813657105,498.8258706791031,502.825991971577
2013-07-24,496.7005543269856,494.2287292216859,497.0087654288266,494.72109927966704,498.4041565101715,498.9637914056661,497.7824903380392,498.7311421072983
2013-07-25,501.3919840314362,497.34663727829684,499.60115038171347,495.28658804932894,500.53187517790667,500.1775842480068,499.80419571329054,499.7695106567074
2013-07-26,498.9172456124872,500.0,497.2083278039454,492.2700194839518,500.79796844979467,500.7106750331083,499.93477059328353,499.82675911285344
2013-07-29,495.3599899816995,499.07130334658393,499.00296766493403,489.81893968823664,499.7342180939813,499.17089790810036,499.2824184928386,498.96196046470675
2013-07-30,496.2881058296832,501.7248349324583,500.99703233506597,493.024255894373,501.0641551314434,499.17089790810036,500.391260373739,498.0970122646891
2013-07-31,497.52535645132065,502.6537567381026,499.70079400329735,493.77840851005925,501.861718805608,499.52617908447434,499.0217329990926,502.2493797784814
2013-08-01,504.2277986966722,507.76178534009074,499.70079400329735,505.09053015588165,508.24484367222664,505.2999770920827,505.7395494249714,503.748607372979
2013-08-02,504.64010488857014,510.61435149572566,505.68294215836795,506.22188477151354,508.24484367222664,506.1585450982297,505.7395494249714,504.38294658820735
2013-08-05,506.7025371156212,510.9460570159742,505.7825399246267,505.27902641243566,507.44715545171437,505.4181787901532,505.93512157856094,504.20988516330584
2013-08-06,502.21702333144543,507.8945688666929,503.0907864821069,500.18853815392157,505.85100059601655,502.5464071247341,503.3915229162977,501.09597593004514
2013-08-07,498.9172456124872,506.966041077448,500.99703233506597,496.41794266496083,503.7234064746291,500.91766885518217,502.2176257285208,499.4233578965302
2013-08-08,501.28904978886624,509.4866765606061,503.3898549128341,501.50851471821005,505.58518755341095,502.753682647709,503.58726916972716,501.61486110100805
2013-08-09,500.97972527467317,507.4301361078993,502.2932248115094,502.63957605226915,504.5213749244237,501.30264130652427,502.2176257285208,500.69203632698685
2013-08-12,504.0215032953187,508.6242309503484,500.69791804901365,502.262415949691,503.7234064746291,500.7106750331083,501.56544772791585,498.2699241377198
2013-08-13,503.8669596260593,511.47674081792627,503.6888774882361,504.52495759148457,504.787343649964,502.19073156709874,503.9785875767461,499.6539668813195
2013-08-14,501.90769881725237,509.5528713157074,500.2991142860523,501.8855072313181,501.0641551314434,499.6150838888381,501.43464071480287,497.8662238176549
2013-08-15,493.7615682435054,500.9289780937014,493.120646552748,495.28658804932894,493.88287499550853,492.62754937906925,493.86878396832964,490.83040650352035
2013-08-16,491.54468721746446,500.7298309478267,491.7248104547207,494.53251922837785,491.75528087412107,490.99898013005793,492.49902446056325,489.6770026550841
2013-08-19,487.1109726005174,499.86738533756903,491.12658188261605,486.42533671238397,490.4256552025282,487.86055039172766,490.6730653387414,485.9862718561086
2013-08-20,494.38040701243085,502.05665302882096,495.01488417999536,491.8929431761087,492.55328046050266,490.2590082032429,492.3036844400938,487.65880015850104
2013-08-21,491.1324284607014,500.33198696053387,494.71590745991864,488.3108439437021,488.5638118505725,487.2385548022623,492.56466010023973,486.44745991531295
2013-08-22,497.8347758357834,505.2412061449897,498.5044744250636,496.9834733319904,493.61706195290293,491.67990754801787,494.716650189084,488.5236586273962
2013-08-23,499.07193158715114,508.6242309503484,498.1056706621023,497.9261641015981,494.68103026482476,493.33811173181715,496.1519292699669,490.3116110636799
2013-08-26,498.1440054797068,508.8896291393815,497.40761504711315,495.66379004927467,492.81921804945597,491.50232330001114,495.17337210265947,487.37022486858575
2013-08-27,487.57479334883516,498.4743122134164,489.43163149853643,482.84315368524216,485.63828041597725,483.5967255537986,486.30307230505633,480.1614657710464
2013-08-28,488.0904606995164,500.3981254275782,491.2261796488748,485.8598060453544,484.57449892357704,485.31408692681333,489.7597956114305,482.4105464457861
2013-08-29,492.6275364752469,503.9142151998243,492.42268264840914,487.17953122543764,486.4361865925981,486.0841445098579,489.7597956114305,482.4682435575446
2013-08-30,485.92495192449087,500.66352361661126,489.33212544292803,483.0317756338988,485.10640523807064,484.54419836430935,487.99900786304516,480.44980177796833
2013-09-03,487.8839755576237,503.51620234836025,491.4255586026929,488.68783645681003,486.4361865925981,486.7351552921289,490.15111401844945,481.3151089024759
2013-09-04,491.1324284607014,508.8896291393815,495.6129293307993,496.0408244597502,490.6915305183077,490.7622950330159,494.52107803549455,485.1787216641079
2013-09-05,492.1633836809854,509.7520184615821,496.2112954688794,498.4918623580977,491.4894989681024,491.3838399010396,494.847515235477,486.6204914298403
2013-09-06,492.8338793117352,510.3489533066926,498.7038533788817,499.0574349224949,491.4894989681024,491.6207503588024,497.65203152460623,488.92741876820946
2013-09-09,500.1034085939182,516.3196526711666,501.4954797196112,507.73014810551837,495.7445626645296,496.3285358167484,500.71752347388144,491.1765592636975
2013-09-10,504.898009716613,518.8404007304389,504.3867038265994,513.5747051849836,499.7342180939813,500.0,503.2610060695847,495.8478418588269
2013-09-11,505.67124984939346,517.8453967458073,506.181343687588,516.2141974425176,502.39381193962316,501.56935571961566,503.78295738987663,497.2318247816782
2013-09-12,502.21702333144543,517.5137475136158,506.779663970343,511.5008692865817,501.595656670307,500.23674143722224,503.9131260369096,494.9249572640574
2013-09-13,505.2073816659409,517.8453967458073,508.0756271701606,512.6320982101109,503.1915312967224,501.36202385646055,505.02225808421,497.2318247816782
2013-09-16,505.9290598071667,516.4522673335975,508.87341811738395,516.2141974425176,506.91490663476446,504.2637121575686,506.9135626793083,500.461307700701
2013-09-17,510.1051542068798,519.9019934865712,511.66490689213794,518.6653191356003,508.51056330507146,506.51393895496403,509.4573354414116,502.825991971577
2013-09-18,515.0032113586276,526.1378658878501,518.4446625731312,525.2641126254869,514.6276260363891,512.3764164062154,516.109806394014,508.1888024173325
2013-09-19,514.0236283893589,527.3985495018001,519.1425347668197,522.4359565219286,514.3617507206096,511.5179047402487,516.3710722205599,505.9977478684671
2013-09-20,513.1471219680648,525.5883255867833,517.0487347644536,516.8837592731444,509.5545730647724,507.9413174204626,513.3458553676026,502.1709547774285
2013-09-23,513.4563516119882,524.5237495636269,514.2572918450247,511.21814585043444,507.9522531648628,505.5910304630228,510.98871763396926,499.3878243720257
2013-09-24,514.6814588391104,524.5237495636269,512.6665706150455,513.673541075006,507.4182918356319,504.40084415618804,510.5303127552739,497.7643191728848
2013-09-25,513.9578358573569,522.7271473584184,510.56602987988015,515.5617716352141,504.2132161235958,502.9428729728381,507.9766163022912,498.054180608889
2013-09-26,517.0072983698442,526.7863605932266,513.4669294604781,515.5617716352141,506.3497153088448,504.87697501910213,509.8102358170726,497.35852512662854
2013-09-27,514.4744519107346,526.1208668946183,511.16604680966617,512.54038487257,503.94628216386076,502.5563793366304,509.15527221902784,495.73525921048093
2013-09-30,515.8184790208629,524.8566371330736,507.9652075471629,510.27394677559533,501.0086074603636,499.878361550937,505.9467282345603,492.25623403982434
2013-10-01,521.7622437198253,530.1797986891412,510.4660652710201,515.1841087642254,504.7476445016306,503.83558312818934,509.8102358170726,494.69150679372274
2013-10-02,518.8679415333502,529.980088662696,511.2661948398269,517.2614640415004,502.8780481395298,503.3592832447346,509.8102358170726,494.74941327810046
2013-10-03,513.0274905580364,523.7919485338031,507.56507397977174,512.3513858476056,498.3380223995361,498.71803553961104,506.07782541407323,491.79232413657127
2013-10-04,516.4387882789679,528.3165514243749,509.8657273539579,518.205621218972,501.0086074603636,502.49665874561293,509.2862533319808,494.5175480575964
2013-10-07,510.2881589570342,523.9250697887476,505.96458556553233,511.5958506187906,497.8038742507837,498.15283085179254,504.70261077798716,491.328384322944
2013-10-08,503.77588416719556,513.8110065441621,498.1618434354296,501.7756523336331,492.46270412912867,492.3509754344419,498.48242972808157,486.2842390035108
2013-10-09,503.1555274739557,512.2145646698553,498.56216042412143,501.96465135859756,493.53087588028586,492.70805949658245,497.30371577806494,488.8355041884096
2013-10-10,514.8365717299878,523.059866063694,505.7643812158613,515.7506030707084,503.4120717419345,503.3296483099467,507.0599226114605,497.35852512662854
2013-10-11,522.5377133039425,527.1853866297176,510.16598802313933,520.4720174185792,506.08293703204436,506.57292712363886,511.5778714924976,499.96775661665333
2013-10-14,525.2768077292706,530.9113745667368,514.0670381009146,522.9269936694753,507.9522531648628,508.59593397426676,513.9350092261309,502.5771376585489
2013-10-15,520.7285372617215,528.8489238680387,510.86615298308607,519.1499459859137,503.6791925211911,504.9064972735297,510.66111976838687,498.9819106842728
2013-10-16,526.1040290454818,534.8372976824293,517.5683214538999,527.4593251976466,509.5545730647724,511.9580342280116,516.9470525245289,504.37415293820374
2013-10-17,530.8589269603281,537.8982422252966,519.568805869555,533.5026433887127,513.0261779609134,515.379573371873,520.7448084008048,509.0128930462448
2013-10-18,537.3194974532076,546.6148418772788,524.570658883245,539.1681311193202,514.6287780901055,518.8608894469321,524.5425642770806,510.98410634501926
2013-10-21,536.6993305005071,547.8125391553797,525.5706718144467,537.6573539432629,514.0947233511139,518.8908060826211,525.3282188216783,511.0421324708936
2013-10-22,537.8881972846232,548.6108726686472,527.5714313620526,542.3784750095609,518.9016830508425,521.895709593865,528.9295900784448,514.2311167433011
2013-10-23,537.1129648761801,545.2839670561763,526.9712768662911,535.2022938976315,518.1004452594204,519.3964028597825,526.4413551652985,511.44795642752405
2013-10-24,540.0071721923855,547.679305324321,528.4716172503698,539.1681311193202,520.2371312641909,521.1219898991071,529.0605131581177,512.6078209167792
2013-10-25,540.67909087718,551.6051158638995,529.7720742720536,540.8677397308714,522.106571943357,523.5024188529568,530.8284389999427,514.8686862789389
2013-10-28,541.0924880771788,551.738237118844,532.272977851236,540.4899930651477,523.4418956103577,524.3354084172905,531.8106522638899,515.0426450150652
2013-10-29,543.1599484285214,552.6694667348278,535.674204884711,545.0224921827892,526.9135627796727,527.1320786224961,534.0367508512902,518.1156966772206
2013-10-30,537.0612131440861,552.1375445956204,534.5737687913977,541.811896908343,523.4418956103577,524.5137814278202,532.1381920961923,516.1442440954529
2013-10-31,534.2700349407203,550.8730333937905,532.673065563302,538.7904263509639,523.7089229798536,523.0260062891416,531.417708925031,514.6365219546932
2013-11-01,532.0476988741746,551.0062109367921,533.073474262644,540.8677397308714,524.7771570041846,524.2757441664533,531.8759977371664,515.6224875285704
2013-11-04,538.818400278539,551.8045444500594,535.47400053504,546.3443122312493,527.4479288845337,526.1204906869119,533.7092110189878,517.1300900278334
2013-11-05,537.5264095113138,552.4036182413382,535.3738983602044,543.5117569040996,526.6465354101769,524.4543425377037,532.6615942484841,516.0283114852008
2013-11-06,536.9575673744937,552.2704969863937,538.0748228677572,541.2454444992276,530.1184516721872,527.1320786224961,533.7749046919442,519.391134852238
2013-11-07,528.377974538717,541.8903600960905,531.1727251792232,531.0476671378166,523.4418956103577,520.4674296854832,526.2449705457891,516.9560714709587
2013-11-08,537.3712491853015,549.2096650196406,535.7742153488962,541.6232330623188,528.5162251820385,527.4891063444564,531.2213823388015,518.7535054958518
2013-11-11,537.7849309961093,548.3447990229294,537.5746329808557,542.9452207002493,529.0500931015085,527.5785182104421,533.1202312602994,520.2609883536181
2013-11-12,537.8363032471248,549.2096650196406,537.8746643734113,540.3012454243885,527.7148939808557,526.5071533436601,532.9891340807865,517.9997042462203
2013-11-13,542.7466460987922,555.8634762445824,542.8763339658005,546.9109741272024,531.9879546245273,530.7323288179683,537.2452948357577,521.8265571580072
2013-11-14,542.5395917352815,557.5935459663472,546.1775046797652,550.4991065805347,535.45974634019,533.3801482670718,541.370648577616,523.5077594689066
2013-11-15,544.6071469568938,558.6580657014466,548.6782706929721,552.0100932434294,537.0620973766866,535.7010256504445,543.5966310984562,526.4070318571806
2013-11-18,542.4879823085921,553.2017828904345,545.3771916896577,547.8553826888792,535.9937388060077,533.826362494297,540.1261829213628,525.4214252077934
2013-11-19,539.387005239685,551.6051158638995,546.07749421558,544.0782512105825,534.1243604000155,532.666036482971,538.6202193054438,525.5950848401781
2013-11-20,538.8701520106331,550.2741284666829,544.1768368428095,543.3229254686053,531.7208027086838,530.9997756534024,536.5250437977164,522.0003364318886
2013-11-21,548.8968959396474,555.8634762445824,548.8783833319928,551.0656846817526,535.45974634019,535.2843900178271,541.7633017500748,527.7985821046949
2013-11-22,550.6026633879502,558.8577757278919,550.778948994113,553.1429980616601,537.8633040315217,537.9620697624393,544.0548038440317,530.5235368323526
2013-11-25,551.0162028933535,560.1885942609373,550.1787944983514,551.632137090868,537.32924929253,537.4266690299494,543.7275541781293,528.2622527249547
2013-11-26,554.9441641027977,563.1163049727459,552.0793601604717,553.5207447273839,538.1300823083221,537.5752944253308,546.4122317440649,529.0740801004606
2013-11-27,558.4589178527822,567.0421718003814,553.7800883155221,556.1646781058771,539.1985654253485,538.884245832038,547.1323086822662,528.6681365023335
2013-11-29,558.2003963679866,570.4355536082389,554.5800803183533,555.2203114415678,537.0620973766866,538.5273871306183,547.5908296275215,531.0452933992351
2013-12-02,551.6881690132827,568.7718475057467,551.9794414069368,554.2760704693611,535.45974634019,537.128911177565,545.4953059201142,526.2329534795575
2013-12-03,549.2588260183612,568.3064578499831,550.678984385253,550.3102751450404,533.323278291528,534.8083718352735,542.6797633077855,524.7833771061689
2013-12-04,546.8813296258032,568.8385488533617,550.1787944983514,549.7437808385574,531.9879546245273,534.7488202647966,544.2514786299411,524.3195868444125
2013-12-05,548.2251669953921,568.1066915354808,548.7784645784579,546.5334369483164,529.317307290526,532.3983642868161,542.745282880902,520.6668721309969
2013-12-06,552.3598505224031,572.2320432373333,552.8797190059042,552.7654189854067,536.2607661755036,538.3489014397283,548.7693114444181,527.5665374219459
2013-12-09,551.5846655490949,574.5607364459203,554.5800803183533,554.0872390338668,537.0620973766866,539.7177424579936,548.6383883647452,529.1900127107126
2013-12-10,546.054392920401,574.1616541213722,551.9794414069368,554.4650694943256,534.9255047816768,537.7836967519097,548.3109645990028,527.2183806666999
2013-12-11,538.818400278539,566.7758167143783,546.7778425968274,544.0782512105825,529.5844592063695,531.7436913928318,542.0906674825372,520.0867903344985
2013-12-12,539.7487455778596,565.3121020786166,545.5773043286785,544.2672083381794,526.6465354101769,529.9883003981786,540.3883192471087,519.2752022419859
2013-12-13,541.712749900149,564.5802447607358,544.2769390176451,546.3443122312493,526.9135627796727,529.9289741884226,539.602490602671,520.0291829538625
2013-12-16,548.1734152632982,567.7074966348185,547.878049413515,553.7096599576133,529.5844592063695,533.2312975109697,543.5966310984562,522.9861823642691
2013-12-17,547.1916028426928,566.5762192640472,545.7773252570489,553.3319551892571,527.9817968040037,531.5354580867934,542.2216485954901,521.014669961753
2013-12-18,554.2722928531379,573.1634980055453,553.5798381105258,562.3967858350699,537.32924929253,540.6101145722637,549.6861212018089,528.9580278487119
2013-12-19,549.3621871771446,571.5666621148391,554.4803449861192,562.9633639362878,537.0620973766866,539.9854146541485,550.4063722398502,528.9580278487119
2013-12-20,558.7172495970385,577.3875226714222,558.1813741355239,567.5093121089091,539.6662369610093,543.1263233604078,553.7669634179094,532.170043109224
2013-12-23,563.8504901472481,583.4615106205995,561.2425380775742,571.6768013605583,541.0088465893512,546.0279553213356,557.515681172588,534.0353138627166
2013-12-24,565.6655955813222,583.7285411632872,562.3465508862505,573.9497754468689,542.8882509763343,547.2245080685335,557.9763493492032,534.6765922847505
2013-12-26,566.598881859002,585.6644563097167,565.9598129432892,576.6016274278268,545.573096593975,550.0066988474264,560.4754945189887,537.4165021994893
2013-12-27,565.872887120507,584.1957883249338,565.0563713268853,576.222707635812,545.8418053391649,549.9768385519177,560.0806941151701,537.941249803788
2013-12-30,565.6655955813222,583.3278827731415,565.0563713268853,575.6546631267302,547.1842904211591,549.8869759644904,559.2915575737724,539.3986626952071
2013-12-31,565.872887120507,587.1327865661572,567.264442799563,579.6324829955344,547.9896071054687,552.4894979087088,562.7773845700652,539.8067598402738
2014-01-02,559.1320698510822,582.5269037211922,563.0492837444065,573.0026435563021,542.8882509763343,547.1945914328446,556.3979021665681,536.6004275508524
2014-01-03,561.5690973378454,578.32173555443,561.9451333697547,573.3816052456845,543.1567729020028,547.1049542061381,557.8446718368903,537.1832611017737
2014-01-06,556.9022864683689,576.1857163651559,559.7368784757763,571.4873833619185,540.4719895575361,545.5193161744431,554.8850325903294,536.0174743584345
2014-01-07,561.7247320152059,581.5257080502842,564.2535362938937,574.8968654400682,543.6938167533395,548.8698103510658,558.5680566720514,538.8739150909084
2014-01-08,560.2727425382162,582.79393426388,564.0527358249956,577.1697557316437,542.3512693981716,548.9895332340018,559.6862999443113,537.7664535771851
2014-01-09,559.6504884395833,580.8583005577358,563.7516956152863,577.9276791104082,543.9624632253556,549.3486455426297,558.9627410093102,535.4927865748841
2014-01-10,561.7765786175694,582.7272892043221,564.9561315860742,580.2007369914539,546.1101404453117,550.8441956261765,560.2781813669994,539.0487711382597
2014-01-13,554.1023327650604,574.1164548115538,557.1276187632287,568.8354475862257,538.3238764253629,543.5152959645444,552.7804556912425,532.5197552039266
2014-01-14,560.6359059304355,585.0636375886692,563.550849291063,578.1171390064156,543.1567729020028,549.438226429156,560.8698886898476,536.4837770916205
2014-01-15,565.2508227624136,589.8694556123077,566.3611387491346,579.4429812021594,544.2306737851546,552.400029702543,563.2374724138804,539.8067598402738
2014-01-16,564.7321669982383,589.9362695360367,566.6623623801445,579.0641033075124,543.1567729020028,551.681748745107,562.7773845700652,539.3402776448428
2014-01-17,561.7765786175694,586.5988380568957,565.1567486336718,576.6016274278268,541.8143500931825,549.3486455426297,561.067201841837,536.7753434189519
2014-01-21,564.7321669982383,591.0708679021745,567.3648201063495,576.9805472198415,542.082809745677,550.9640311894731,563.8296440029684,536.3089808650176
2014-01-22,568.2063162728127,592.6062935226294,565.9598129432892,580.0113189928142,542.3512693981716,551.3228617972,565.5393624649566,537.299971381754
2014-01-23,564.3691459114234,590.603620740528,561.7443787561816,572.4344314577502,537.2499132690372,546.805900529609,559.4229449196854,531.3538488190906
2014-01-24,551.1984961164856,578.9891993350354,550.1019409733747,554.0604247186424,526.5101571594316,535.139088693078,549.6237354258122,522.6097902158141
2014-01-27,543.7317315437006,573.3823459713906,545.6858438833444,550.4613570523828,525.7050895678174,532.5067064533507,544.8225841383903,521.5605342902101
2014-01-28,548.5539873499982,573.0484452169168,546.68970866186,558.227620688719,529.1951895965938,535.6777008158396,546.5324767002185,523.5423358614379
2014-01-29,541.1389270741724,566.9075307678963,541.9724796514703,553.3025851346129,523.8256229076603,530.5325465389608,541.1395020233883,519.461842976757
2014-01-30,548.035616196632,577.3875226714222,545.9871592250047,561.8267721497137,528.1213509866157,536.156366986863,549.2287609221535,523.2510088170998
2014-01-31,544.9241085277937,575.8520970509674,543.4779099766422,558.4170386873589,525.7050895678174,533.015289260063,545.2172684756491,519.6366990241082
2014-02-03,528.1757111238237,562.635436101291,530.7315510958093,541.9374214214872,513.354450996897,521.0196761318545,531.9978676251598,506.52064102956774
2014-02-04,531.7535061679906,566.7740717846094,534.84651626548,548.1884248634398,516.0391409316029,524.6692803251865,537.5880393874193,510.07638630994995
2014-02-05,527.9682772792344,565.3056289520548,533.3409942296576,546.4835371835785,516.307382627989,524.0111143400294,537.5221135813429,509.1439004850745
2014-02-06,533.8796437811116,572.5145529957123,539.864785485579,555.9545628076734,522.2144290804762,530.9211811020161,543.9018281179599,515.4394958594471
2014-02-07,537.5612743354101,582.7272892043221,548.2955621491437,564.4786241306715,528.3897483659364,537.5023902321452,553.2410078012978,521.094052094779
2014-02-10,537.9240582465508,586.0648332595772,549.4997229879807,563.720868341377,528.3897483659364,538.4895265295204,554.9508423298458,519.7534093040884
2014-02-11,542.6945148856197,592.7397525059162,555.4214796798087,570.7295018805214,534.296607998902,544.382540358443,560.6069398981816,527.5646829787479
2014-02-12,544.5093831440197,593.8746323123393,556.6255946633206,572.0555954604705,534.296607998902,544.6520154403644,561.0015662021606,527.1567652959261
2014-02-13,551.6132689353943,598.2796230816608,560.2389484310096,576.222707635812,537.5184351947055,547.4640101745858,564.9477131753885,529.4303126567304
2014-02-14,552.1319721347044,599.4813168118129,562.6476828066101,578.4960169010628,540.4719895575361,550.4851959979092,565.2764136732908,532.4616094365556
2014-02-18,557.1615669153216,602.4185402052645,564.6549996657146,582.0948750804848,539.9349457061993,551.1433619830661,567.7097491035601,533.8606970983587
2014-02-19,551.7689036127547,598.2796230816608,560.5398969300685,578.4960169010628,537.5184351947055,547.4938141299144,564.0269571549579,529.5469631159623
2014-02-20,558.2505827406313,601.0834437798826,564.7553769725012,582.0948750804848,541.2771194223242,550.7245290834207,567.3151808328612,534.3271792937898
2014-02-21,558.2505827406313,600.2824084398763,563.550849291063,582.8527146645143,541.5458281675141,550.0963924143131,566.5260442914636,531.9953067033695
2014-02-24,562.8654995726095,603.4866060879586,566.6623623801445,588.156334831695,543.1567729020028,553.1478329144065,570.9983790144231,536.4256313242495
2014-02-25,562.2432454739767,602.8189734431821,565.9598129432892,586.8305345333187,543.1567729020028,552.9382474440432,569.551319177701,533.8606970983587
2014-02-26,566.754611406632,602.2851375100347,567.8667066402821,586.4515728439363,545.3045746683066,552.9682767600926,569.419757731948,534.1520839634452
2014-02-27,569.2434854957588,606.1926544310691,569.3721828207794,588.9140068262543,547.1842904211591,555.8701340817413,572.9712203679171,536.6004275508524
2014-02-28,568.9324058815773,605.5224888237249,570.0745946916592,590.2400585088358,550.6743281767616,557.275877918041,573.5633919570053,537.999395571159
2014-03-03,566.1322624377295,601.0316587673884,564.6549996657146,584.5575185496405,547.4524387077843,553.3567986427876,568.8936860487763,534.2684951396839
2014-03-04,580.2880925478454,608.6725936489735,574.189880848606,595.3544701642143,554.9703053484125,561.1347295406551,578.3644852111471,541.9053913329785
2014-03-05,579.5620978093506,610.3484579717905,572.684175391483,596.1121421587736,552.8225658552825,561.6433686875476,579.2194314920612,542.429720192039
2014-03-06,580.5473255596634,609.8121453641326,573.0855929079787,599.5217918263935,553.8962799189129,562.9297276819926,579.6795193358764,545.0532189305391
2014-03-07,581.3771083731551,606.7958935385701,571.4798769866705,598.9534540357388,555.5072869265754,563.1690607675042,578.1010141199613,543.7707219072195
2014-03-10,580.2880925478454,607.3320935701139,572.483466633235,596.8698560507004,554.9703053484125,562.8698380704344,578.4301788841035,544.7034470150883
2014-03-11,574.5324555935986,604.7179636241808,571.0783219041992,591.755360600587,552.8225658552825,560.0877599719021,576.3911215581334,542.6631407519994
2014-03-12,575.465789306413,606.9968981903277,571.2790765177723,591.3764827059398,553.0909632346031,560.237399490527,576.3911215581334,540.8558961243812
2014-03-13,569.0878033832636,598.4174725333983,563.7516956152863,581.5267467766679,548.2581290311372,553.9553567172876,568.8936860487763,538.4076123577223
2014-03-14,571.3175867659769,594.3288206447481,562.0455565318664,580.9582832939107,548.2581290311372,552.400029702543,566.5260442914636,537.8829843949203
2014-03-17,574.9472758476421,599.5570242485572,567.8667066402821,586.4515728439363,552.5539193832664,557.3956571411572,571.261385839369,541.3222586783156
2014-03-18,582.5179233656936,606.7958935385701,572.8850217157063,593.2707883844408,554.9703053484125,561.3742316467074,577.2463580054473,544.5867965558563
2014-03-19,578.4215674276211,603.5115979852928,568.7701024013609,592.3237402886092,550.6743281767616,558.3829061188928,572.9712203679171,542.5466099342642
2014-03-20,580.1842570377138,605.1873497319957,569.4725601275658,596.1121421587736,552.0168755319297,561.6433686875476,574.5497255838322,545.752463657699
2014-03-21,578.2140387127622,597.9048571977621,566.461516055921,594.2302381010638,551.7207043170691,559.465031960094,571.7391738335833,545.4010167612951
2014-03-24,573.3397465635617,592.6648893900277,565.3575032472448,589.0977686802765,549.834761246831,557.1515351403282,568.5063139047971,545.5768897613679
2014-03-25,573.2982882557247,594.6131879090101,567.3015397576216,590.9986103481135,551.9900357939975,559.7955234571776,570.0898680160719,548.8589551181675
2014-03-26,563.2621996051499,586.9546348655656,562.5672525662703,583.2047782439372,550.3736110202095,555.7693414993541,565.4715795939204,545.3423326071892
2014-03-27,561.6502114183959,583.6626278484712,560.6534805705026,580.3535366908654,549.2962228393217,554.5974657510861,562.6346227012727,545.9873797363675
2014-03-28,562.6901793142966,584.8047688142549,562.0636693853066,584.535522431683,552.5288232942023,557.3319363973452,564.6798895882027,547.0420195293208
2014-03-31,572.7262205297366,588.9698598843911,567.4022839070094,591.5690430071451,557.9167605694234,561.8986460440574,569.6939069466532,552.9612825759867
2014-04-01,579.6942995301075,599.3158299240596,572.9423867274879,598.9826565009129,560.0719105702423,565.6247038619277,575.1699272471589,554.6610293188666
2014-04-02,582.5540215032954,600.8609933783855,574.4532738363546,602.5944190695366,562.2269982978873,567.5176212364619,576.951258776663,556.8294716248655
2014-04-03,578.3419238362501,596.0910308470936,572.2374528137241,600.3132749965561,563.0352418213682,566.7663249334256,575.4997303773813,556.7709071122563
2014-04-04,566.6941316097302,580.2366552555765,563.4738582001106,589.2878989341644,557.6472422729734,560.065787301622,566.0653761148483,553.723339088887
2014-04-07,559.258342179986,574.7278556873284,558.6389185700218,577.1219927326503,552.2594295440999,553.8763114444597,557.7525730215352,548.4488240676577
2014-04-08,563.6261693946612,580.0349751471342,558.9409675968848,579.7831459292015,553.8757297715403,556.1597789481762,560.919333044405,549.0347084767436
2014-04-09,569.5021018508241,589.9776975460321,566.6973041379204,589.0977686802765,558.9943978430067,562.1391622733533,569.2320781044381,553.664834397026
2014-04-10,555.3062839220507,571.7045115665766,556.2214716826401,573.1299696562505,550.9124607935881,550.3308239041469,555.0474677410407,546.0456451452352
2014-04-11,548.754258489229,565.0539650489442,549.3719700520705,563.6253842407577,546.3327047686741,545.3730570666305,549.5056957342986,541.298509841231
2014-04-14,551.4582983499214,569.4876064393087,553.5017923470947,570.2784348216061,549.5656788625979,549.6696155492588,553.068242726747,544.2288291978851
2014-04-15,553.174122046807,571.3685844420486,558.2358961171453,574.6507603031492,552.2594295440999,553.4556756590478,557.4885796308295,547.6282628628966
2014-04-16,558.5302128604241,578.960154697593,564.6826962821144,584.1553038212745,557.9167605694234,559.254714067388,564.0858609341548,553.3130285761322
2014-04-17,561.0783334329471,579.0945705778498,565.7906985040801,587.9572385411537,559.263853866283,560.0358143257529,565.3396119152073,554.1335897808933
2014-04-21,563.5744176625673,583.3937397999005,566.9994448754336,589.6680337498378,559.5331230700376,561.988903012746,567.9786753230654,554.895347190052
2014-04-22,568.2540360184465,588.0291738748215,570.1219632425548,595.370810137554,560.6107603436209,564.5428033814475,571.0797416729788,556.0674749327136
2014-04-23,564.8222937544056,582.8563577191584,567.4022839070094,594.6104986088399,560.3413665935185,563.2208373931128,569.1660942650816,556.3020919076406
2014-04-24,563.2101632622471,588.4323652275349,567.9059129432983,594.9906753218808,559.263853866283,564.3626274851513,570.221661594945,556.3607162409982
2014-04-25,554.8904675301759,579.0273626377214,563.675254788236,585.2958758577648,556.5698540920855,559.7354084848987,564.0202252944782,555.071280010873
2014-04-28,551.8741147417963,580.9081717762901,567.8051687939105,581.8742854403966,559.263853866283,561.5084339559562,566.9889757659987,556.3020919076406
2014-04-29,553.174122046807,585.5437184273252,570.8271722882697,587.0067548611839,560.3413665935185,564.1221675960355,569.6279811405768,557.943034854918
2014-04-30,557.0742862672439,587.0889381697083,571.6328044960962,592.5194428923797,563.0352418213682,565.8048234180438,570.7494742765165,558.9980933931095
2014-05-01,555.7742789622331,588.8357817324766,572.4386659805488,591.5690430071451,561.1494855706518,565.8650510706832,571.4753545427175,558.9391699560102
2014-05-02,557.0222024892062,587.7606798426501,571.1290837491571,593.279838215829,561.6882730708564,565.053639795368,571.8053317727797,557.0052249834416
2014-05-05,556.0342709362083,590.850837887131,573.7482023566153,592.7095312489002,562.2269982978873,566.1353712553076,573.3887117842146,556.4193405743557
2014-05-06,546.8821360230952,583.1923974198005,569.1147968806273,586.816708402031,558.7248172733828,561.2076900740209,569.8919164980027,552.9612825759867
2014-05-07,549.0661445007025,581.513212101617,568.7117744277508,589.2878989341644,562.7659103444398,564.5128304055783,569.7600648858497,558.1774723676
2014-05-08,544.802389971833,580.9754360044756,568.9132168712013,587.387099163695,562.7659103444398,563.9121314042305,568.63845568335,556.8880361374747
2014-05-09,549.0143453334738,583.1252457677291,571.3307096139082,586.816708402031,564.3823351182278,564.7532339545139,571.1453773126552,557.2982270087329
2014-05-12,560.7142687731662,592.7320973301561,577.3742580493749,598.0321309235756,569.5006295506511,570.2516411612793,577.6769649430241,561.7524799289425
2014-05-13,554.6303332507962,593.1350635306413,578.3816536879283,597.4618239566466,569.7701478471012,570.7625902555602,577.6109230703877,561.8697285956576
2014-05-14,544.7503536289302,590.0450743503317,574.9569487279687,591.9491359254508,566.5372982995251,568.0583742860713,574.7739661777401,560.8150289819562
2014-05-15,541.6303076358234,585.4093025470684,569.0140068759143,582.0643318995495,561.6882730708564,563.070409111965,569.3642198829909,554.6027040892507
2014-05-16,545.8942044700974,589.238916797133,571.8344303608475,583.9653830542243,564.6516043219824,565.0235541391384,572.4648219666643,556.2435872157797
2014-05-19,550.418235583751,593.3365747749125,573.848946506003,589.4780291880525,565.4597232991157,567.0969291108697,575.5655401168976,556.8294716248655
2014-05-20,542.7224067448967,591.1869338758302,570.3232681200298,583.3948666004577,560.3413665935185,563.5211868937866,571.5413383820738,554.1335897808933
2014-05-21,545.114181113037,596.8302056123921,574.3526672529423,589.2878989341644,564.6516043219824,568.2684104778763,576.7531331587537,557.5328439836599
2014-05-22,549.8982990709354,599.4501895162593,575.7625809357953,593.279838215829,565.1902672758395,569.6509421599316,579.7224059297943,558.5876034181097
2014-05-23,555.6182173686592,603.8168481187237,578.6838861360918,598.7925681443924,567.076023526556,571.9343533234678,582.8228919469075,559.7014059311554
2014-05-27,562.6382378416635,611.3408164177403,580.8999364353483,604.8753536556793,569.2313603468964,575.4496988673708,586.3854969726359,562.162730620949
2014-05-28,559.1021857161425,609.4600072791716,580.7991464306352,604.4951350452709,568.6925105735179,575.0292321024995,585.3300457093327,562.2800391084124
2014-05-29,560.4022878914229,613.3563791649082,583.0151508745665,607.5367582364358,571.6559040978177,578.0036555762524,589.0248505468942,564.917476081272
2014-05-30,557.9583348749752,613.4235308169795,584.9289687256594,605.8259630277518,574.0804478487389,578.9351841157651,590.2780792284267,566.6166844374171
2014-06-02,556.4503719388922,612.818940796109,585.3318077572353,608.867376732079,574.8886913722199,579.5959980893919,590.1461695829937,565.7378578237883
2014-06-03,555.1503646338814,612.5502216117095,584.0225465131198,609.057506985967,574.0804478487389,579.295423227997,590.3443532341831,567.2030474124894
2014-06-04,557.6463065580971,614.8344472552199,585.3318077572353,612.6694790414284,575.9662040994555,580.4674679968057,591.5315980763594,567.4374251044231
2014-06-05,568.5661592055943,620.0072634108828,588.9581844372713,616.6612507336229,579.4682605776123,584.253359086054,595.7539834623723,570.4267277189248
2014-06-06,573.8703085465779,623.5678770362626,591.27484131994,623.8846082814001,581.8927420553597,587.0477756840514,597.9311019614552,574.0014361765258
2014-06-09,578.3419238362501,623.0973651673066,591.7785620668792,624.2648687891761,583.5091045559739,587.6485310255795,598.920801518522,574.3531821766712
2014-06-10,575.7941827448057,624.1724670571332,590.5697698402006,624.4549571456967,582.1623226249836,587.7087023380386,598.3931049035103,574.2945578433137
2014-06-11,573.0381065412103,624.0379948888193,588.6559061337825,623.1243805474209,578.9293485310599,585.6655257028973,596.7435089195991,572.1260557165664
2014-06-12,569.4503501187303,618.3950045925426,583.0151508745665,617.6119020030628,574.3496547793197,581.5190011201555,591.8615172731415,568.8440501805151
2014-06-13,570.8022988963742,620.2089998073823,583.7203599202815,619.3226134170119,575.1583342150177,583.2918012304921,592.5871654062225,571.3640590244146
2014-06-16,571.478202132494,620.7464944642385,584.7274804268837,620.6531062205526,575.9662040994555,583.772551988183,593.7748745146387,571.657120870454
2014-06-17,575.6902049292696,621.0821964365382,585.8356202148249,626.1657942517483,576.7743230765888,585.395261858453,595.2922126534371,573.6500491008702
2014-06-18,579.1742681470223,624.5753769695614,587.5479039118169,630.7279567056066,582.4315918287383,589.6917076607208,599.9764268816652,578.3970647633777
2014-06-19,579.5900845388974,624.1724670571332,589.1596727360469,628.6371942707193,583.5091045559739,590.3526343147079,599.4486142000936,579.0416931473179
2014-06-20,581.1500838178832,624.9066321853534,589.9653507991987,630.2373385317352,584.5103949184094,591.5513279887535,600.7334710192246,580.4443102332722
2014-06-23,580.1100684868477,625.0413857939526,589.9653507991987,629.6657746437802,582.3457171219904,591.3701943093939,599.8063893712745,580.7387479565232
2014-06-24,575.4114286419036,624.4352197074845,586.339295106439,627.9510410825476,579.3686857726161,587.8075230141185,596.9589284549475,576.9674086991811
2014-06-25,579.6878009166365,628.4093254000195,588.9783149250187,631.7616485575071,580.451242626934,590.4643005518747,601.5279466223818,578.028090387715
2014-06-26,577.9146281417476,628.7460405573463,587.9670674391516,631.7616485575071,579.0982956517321,590.0418055405158,600.6668488137882,577.0853153941279
2014-06-27,582.4517039174781,631.5081518052874,589.2816479009863,632.9046506413147,580.9925833272669,591.189004289854,602.455028270332,577.4977794538222
2014-06-30,584.5376639714023,632.5858992337957,588.3715114071083,633.8573967791315,580.451242626934,590.8870209239542,601.9914003964369,576.6138082558375
2014-07-01,591.4734870800924,639.5239651468854,594.6404387657617,642.430771303722,582.3457171219904,594.8422705948993,608.017053891793,579.4424921610891
2014-07-02,588.2923446333311,640.6016562873366,595.1461312916831,641.6687000855712,581.8045009680053,595.4460119659782,607.9511280857165,580.090769610677
2014-07-03,592.516443389487,644.6431950722283,598.4827940273256,647.1939154296609,585.8635909863068,598.3745181928639,611.3283167818549,582.9190945914387
2014-07-07,584.0684830528494,642.6899432042246,596.6627503161953,639.573119453417,583.9695524034674,596.291340029777,608.8782097336667,580.856834113715
2014-07-08,578.6968809501448,634.9435807917681,593.528263709206,632.1424118336936,581.8045009680053,592.4570527257323,604.1765855214395,578.6763678373029
2014-07-09,578.9576793214119,639.6586624674275,595.4494184123254,636.3341596611475,583.9695524034674,595.1137175831279,607.3551263001486,581.0334249627675
2014-07-10,572.7519303728117,637.6379775070673,592.0116446846937,631.9520301956004,581.2631602676726,592.758754390731,604.4416815444652,578.7942147115012
2014-07-11,570.822363958405,641.7470056723727,592.6182647813035,634.0477784172247,581.2631602676726,593.5739967983002,605.5670629101647,578.204920519761
2014-07-14,573.7428029041686,645.5863014682515,596.3593714849027,639.3822769442809,583.1573233968596,596.5630123787264,609.672743370104,580.9745613464165
2014-07-15,569.0492860537857,643.3635986711065,593.6294664118456,635.5718370587914,581.5336749349043,595.4460119659782,607.553774217578,581.2103149155619
2014-07-16,567.9021621883156,645.9234106419776,594.5394194844229,635.9530193086532,580.7218195673397,597.6498144548846,609.0771478174961,584.1566064120185
2014-07-17,560.1319076229211,637.3684140018117,587.4615583345309,624.5219091390225,575.3097825738362,590.8571042882652,602.2563223196228,578.6763678373029
2014-07-18,568.1627708190435,647.472683124469,595.1461312916831,633.0952417662455,580.7218195673397,596.8951940812161,608.7455456555938,582.565853072585
2014-07-21,565.7640709212188,646.6642177609309,592.9216436125962,631.5712669194139,578.8275941649787,595.7777429470264,607.2890263942321,581.5048722803095
2014-07-22,570.6137916705801,650.7731333501222,597.067194284152,636.5246250939758,580.1807902328761,598.3745181928639,610.4673350398213,583.8620490472708
2014-07-23,570.0924321037197,654.9494820316702,599.9994130518379,639.573119453417,579.6397608984125,599.7026252608409,612.387714308198,584.4512834182628
2014-07-24,570.0403008905472,654.2085623366028,598.2805720433472,638.6203733156001,579.910026472949,599.7330489581517,611.9905345398994,584.9815943521556
2014-07-25,565.0337595854548,651.649088094074,595.5506211149649,634.6195098946499,578.0159878901095,596.9252233972655,608.613519943601,582.33009950344
2014-07-28,562.7916430676871,651.8508244905734,597.6739519467374,631.5712669194139,578.5570172245731,597.166697409625,608.8782097336667,583.3906615504773
2014-07-29,564.0431716649068,650.7059254099937,595.5506211149649,630.0469987910095,576.1218247609224,594.6004585414587,606.8917305593735,581.0925278621118
2014-07-30,564.7732458249966,653.2655685166937,595.6517779622792,630.0469987910095,574.7685664198511,594.6909972110484,607.3551263001486,579.619322293135
2014-07-31,552.0490080838957,640.0627544290539,583.9228570362108,615.7579853868685,563.4030271861636,582.9469993276363,594.8399593024214,568.6587255022072
2014-08-01,550.8493260890396,637.7051291591387,581.4959639518449,613.4716879376808,563.6739154924385,581.1656918500887,593.4494238804161,567.95152461552
2014-08-04,555.490427115441,642.0835519655283,585.2371165107693,619.1872430224962,566.6503241100743,585.3622465128527,597.9521100088141,571.2514763760687
2014-08-05,554.7084589178528,637.1661710127989,580.8892521445848,614.4245178702328,563.1325125189318,579.6865930991618,592.7871480890917,564.7104364713224
2014-08-06,556.3772269609922,636.69475853493,582.405871169097,615.3769707264769,562.5913586381206,579.8677267785215,592.1912623700838,565.4763813328639
2014-08-07,553.4566931449589,634.6740172865126,578.6647186101728,610.2328957348815,559.8852155950211,576.7279448758662,589.2775274480005,562.7658434055521
2014-08-08,558.5674494412616,639.2545705058011,585.3382733580836,618.4252137017129,568.0033333584502,583.4000307166663,595.7006508780552,569.3068234895501
2014-08-11,563.3129551994126,643.0267146496085,586.7536438246312,622.0450205649039,569.3565294263476,585.0905178237231,598.1508159595234,570.544155847885
2014-08-12,559.7146681770014,642.7572074324102,586.2483181413113,619.3777922500595,569.6269818204055,584.2755007768748,596.7601644709582,569.7192277284961
2014-08-13,562.7393221139753,649.5606886010718,589.9894707002355,625.4745295847367,571.5211449495927,588.2303560665584,601.4617886831853,572.3710815017017
2014-08-14,563.6778262564856,652.9287970713099,592.8205326206071,629.6657746437802,574.4979894794454,591.0078142703142,603.9781697371301,574.4334616209221
2014-08-15,563.3650864125851,656.0947751286492,593.4270610065666,628.7133636849037,573.4156194446491,590.8870209239542,605.765826894154,574.3157942089687
2014-08-18,571.187519626287,661.1469659780348,599.3927929552281,636.5246250939758,579.3686857726161,595.8382523005668,610.732431062847,577.7926957430599
2014-08-19,573.325563458249,664.8515644533713,603.8417224580766,639.9539665243385,582.6162317892223,598.9479485469924,615.3013911970014,580.562216928219
2014-08-20,570.30095695641,664.8515644533713,606.3696806791064,643.0022932943095,585.322250285974,600.5478969844595,616.8243585639595,582.33009950344
2014-08-21,572.2827020191239,666.1988753871351,606.9760256437652,643.383140365231,586.4049316866397,602.2990624655973,616.9567324756324,585.689034521836
2014-08-22,572.2305233708166,667.2093585874578,606.875189783727,645.0979158238313,585.322250285974,601.3632520723891,617.2217124320981,583.5673122202782
2014-08-25,572.9085137528687,669.5668712812592,609.2006967441527,649.4799614946434,588.0282687827257,604.4124389652743,620.0029573759488,585.7480776004319
2014-08-26,576.9760765641024,670.2406393242551,610.3128718007083,651.3849510018666,586.6754463538714,604.8049610007639,620.7314491397494,586.5139028204765
2014-08-27,575.567917151691,670.3752240686831,608.7961610655457,649.6703431327365,586.6754463538714,604.5632616276836,619.3407976511843,586.8084601852241
2014-08-28,572.4912268718141,669.634473237787,608.2906519609251,647.1939154296609,586.6754463538714,604.2313616260948,619.0755275283185,586.2192856349805
2014-08-29,575.5158333736532,672.1265706760163,609.301853591467,649.6703431327365,587.4872394482621,605.9522724304624,620.2678212658544,587.6335079461096
2014-09-02,578.8012856818943,674.0799914081908,610.7173616239902,651.9568081713944,588.0282687827257,605.6500637038417,620.8637069848623,587.2209242449185
2014-09-03,576.5068007752799,670.105885715656,608.1896326795862,650.2419908154267,588.5694849367109,605.3182763826134,619.4070136236608,588.3995724491476
2014-09-04,574.9943315013884,669.4994381889024,606.773849515112,648.5273829462966,589.9224941850867,604.4426373018642,618.1487360467684,587.044153933621
2014-09-05,576.4545746918376,672.8674903710836,609.4028270174807,650.4324981456224,592.3580602877805,607.1595861520796,621.0625870354116,589.7546918609326
2014-09-08,576.9760765641024,674.1474807886046,609.0996316074887,650.6228797837157,590.7343495526513,605.5898360512024,620.5325110559202,587.5745246882622
2014-09-09,570.1965522246604,668.5566132331646,605.5605634665673,643.7643645124604,587.2163511419873,601.7557177676983,616.1621408059151,585.5123240312868
2014-09-10,571.9174514809723,674.0799914081908,609.301853591467,647.9557352636065,588.8401864234642,604.0200859503253,620.4662370501637,584.8049436823547
2014-09-11,575.8808467361307,673.5411458379655,607.4817640250118,648.5273829462966,588.2990325426529,604.7143096508137,618.8771697772892,586.2192856349805
2014-09-12,570.4054091232944,670.105885715656,605.0550543619465,646.2409179076387,585.8635909863068,601.1821747332095,616.890632569716,582.6835204845386
2014-09-15,564.6688885283818,663.6392322804352,603.4373702007703,640.7159539477543,586.6754463538714,600.7293123647202,614.5731315663205,584.6870968081563
2014-09-16,566.4421087384056,669.4322865368312,608.3917629529142,646.4315090325697,589.9224941850867,605.2578797094334,619.8703513311558,588.3406490120483
2014-09-17,567.9543408366229,670.4425445849256,608.2906519609251,647.1939154296609,589.9224941850867,606.0728404161015,622.7841442865191,588.9300030245371
2014-09-18,571.3960444789773,675.49456657014,612.5374511904455,652.1473573989578,592.0874210742011,609.3033863490673,623.975799657975,592.053184473788
2014-09-19,564.3037328605,675.0758960017355,612.5374511904455,648.1236180153318,593.0386438048561,608.7542949527875,624.9128630300847,592.023633024116
2014-09-22,558.3067933753988,668.796625508464,608.0884299769467,638.5897882372973,590.3208556782455,604.0529886155651,618.2018945312454,587.5199681657906
2014-09-23,552.7267612902737,666.9734553403238,604.852786522643,634.9668390715409,585.9721331283383,600.5951100554714,616.3415216743855,583.490681841675
2014-09-24,557.1306392074157,674.1310446759434,610.9890085702685,642.5940453450181,590.3208556782455,605.2964163926938,620.8597026885426,587.2238554615865
2014-09-25,548.9192853232847,659.9514076461021,600.6436803704083,631.1532149861185,583.2542827285539,595.5296771335829,610.7601709706855,579.1649238888655
2014-09-26,552.1095827510671,666.9734553403238,606.8305725523413,637.2547286206951,588.4182856705877,600.2615761886567,616.5408659911749,582.0094004716747
2014-09-29,552.1095827510671,666.0956993785462,605.9177305942786,635.1575558885745,587.0593604706955,599.169421795379,615.0788916014934,580.4685974570916
2014-09-30,545.5195143401156,667.0410010087945,604.5992524298049,632.4878975264129,586.5159024824516,597.5924038112554,614.6140450287184,579.5206778791487
2014-10-01,538.1447264937561,656.3727818424635,596.0794247247694,618.94960115382,579.7212764829904,589.4937846076599,605.7767371507936,571.7582179351218
2014-10-02,542.4858951626599,656.3727818424635,596.1809484146851,620.4751262032504,581.0801394097089,589.5847739986913,605.6438409396006,571.8765433753067
2014-10-03,546.4608645907155,662.8548582053184,602.3678864519433,630.0090816733875,587.3311206014045,596.0757825003118,612.4214896771563,577.9798748645658
2014-10-06,541.753686421503,661.4368494718885,601.1506568454342,626.9581572666292,586.244017805395,595.3780093684705,610.9595152874748,577.8613101413875
2014-10-07,532.8098866205407,652.0512662617604,592.4281486031689,613.2291021796351,577.818581928985,586.1875738126786,601.5904484649385,568.8546384529683
2014-10-08,542.6426208481213,664.7453488897012,603.2807742653312,624.2884989044676,587.0593604706955,596.4395147037166,612.6872240662619,575.7873846177406
2014-10-09,530.4040240173574,654.0094714787851,592.5296264377594,607.6995295093215,577.818581928985,584.6103868080144,600.9929378140907,566.1881285964234
2014-10-10,524.8597105887554,637.6693299548491,584.2127085465797,591.8729665112666,574.8289713984917,577.9374558645113,592.4213643252714,563.5214990983817
2014-10-13,523.6046243564238,627.6762860329404,574.27292484248,577.7626453796756,566.67560701866,568.4437411186749,581.1923889121151,553.9220636148194
2014-10-14,529.9332303042205,627.7438317014112,575.0844265319279,581.5762275677305,570.4802488485846,569.3231549914977,581.5243392736971,552.8553400307048
2014-10-15,533.5421427968324,623.6926676587624,572.143036699209,580.8134021969639,566.67560701866,565.4712332110488,578.999485360873,549.0040802536017
2014-10-16,538.5108308643346,619.776426088884,571.940356161979,584.0550015233882,567.4907005912651,564.9857498782206,578.7338670383273,548.2928713767769
2014-10-17,536.6279880577305,627.9461872665382,578.2284510465515,594.161191239361,574.0135664600173,571.6586808217238,586.2421547710436,556.2921616634188
2014-10-20,542.7995837092567,637.3317704766664,581.1699325899207,600.6443898922098,577.818581928985,577.2092590353592,592.6204765089407,559.7884451199669
2014-10-21,551.7433835102189,654.0767357069707,592.5296264377594,617.8055935331915,587.8747031359961,588.6444000508865,604.8464636724434,569.2101531602583
2014-10-22,545.20544631244,650.7009720609726,589.385418501835,609.6062787059814,585.1568527362116,584.4587190429021,600.2619506192499,567.373357082968
2014-10-23,553.4170848073801,660.4912664013548,597.7024739589901,619.9029757521499,590.0490955475365,591.2529503943869,609.2984867474041,571.2248561430645
2014-10-24,554.620087261674,665.8930623731336,601.9621585348821,625.4325903198311,595.4847340739316,595.8028143272177,613.9495059394742,575.0765346654059
2014-10-27,554.2016145022488,666.3658820524292,603.1794339967163,624.6701001280047,595.7565564778143,594.9837971275748,613.3514729891062,574.0691532636286
2014-10-28,570.7817120478602,676.4265842189226,609.1635080754437,635.9202136698709,600.9203103271527,601.80833949601,620.5938522328769,579.5797807784928
2014-10-29,570.0495507418381,673.9281262302459,608.0477563035251,633.4414816115807,599.5615719467821,600.8983329053358,619.7300848934033,579.4612758760629
2014-10-30,574.6522293090313,675.3462475397896,614.9446723403155,638.2083127058627,604.1820546273981,604.7505927268659,624.181933868524,582.6611475246654
2014-10-31,583.2297824340106,684.6639473531046,620.726020026488,648.5050935467664,609.8893910113281,611.6661808265127,631.4909353177311,588.7642995516794
2014-11-03,582.6544891188544,686.6895856624863,619.8130863577748,648.3145024218354,609.8893910113281,611.9998273736878,631.955955990346,588.7051966523352
2014-11-04,580.510041543691,684.3940461195069,618.19026640018,645.263578015077,609.6177554269669,609.8764223219343,629.9626869222932,587.1647525622423
2014-11-05,581.9747436368139,684.4615354999208,619.6102682545693,646.5984281448415,612.8791260881692,613.7287384836446,632.8196072632597,591.6086564929918
2014-11-06,583.5437555914165,686.6220962820724,622.551612231963,650.4121779223665,616.6840170107893,616.1853957013119,635.2115649648911,594.5119966921519
2014-11-07,583.6483500637054,686.0144104180638,621.8415425217806,649.6493106542324,616.1404344761976,616.7619811055318,634.281465586381,595.1046408457984
2014-11-10,585.6357873425984,688.4453227382697,625.1886602715607,653.8442426816192,618.5865247452731,618.7029003136007,636.8063194992053,597.178686010942
2014-11-11,585.6882031665799,690.6057146562505,625.8987299817431,654.2255925209512,617.4996710419591,619.3096277142305,637.8031571497118,596.8824536652412
2014-11-12,589.6631251595006,691.821198960382,626.7100482498903,654.0348338065502,618.5865247452731,618.6422782796999,638.5340863112724,596.3492713354289
2014-11-13,585.1649461943266,694.792195188069,627.3185942701571,653.6534839672181,619.1300450066909,619.339995071361,638.932716911571,595.8751320842123
2014-11-14,584.1712749900149,696.9529248343921,626.5072301466847,653.8442426816192,616.9559016878459,619.491550156113,639.1985093339566,596.6454438603812
2014-11-17,578.6272461722218,694.859909720711,625.1886602715607,650.221377310598,618.5865247452731,619.885818737189,638.2017877500102,599.193388993748
2014-11-18,581.3992131459835,700.0590123990206,628.1299583936293,657.0855906238384,621.3043128718837,623.4652230659852,642.985819219833,601.1487497942167
2014-11-19,575.593626994766,696.8854354539783,626.7100482498903,653.8442426816192,622.6635494376452,622.4644524450005,641.7898113523772,600.4969429204776
2014-11-20,582.2884321834108,699.9911290022073,628.5358238766661,655.3696420389472,623.7507145068286,623.5561561168365,642.5872466528145,601.6228292246848
2014-11-21,582.1315641925449,701.3418735074519,631.6799859572652,659.7553746781025,627.8273032869836,626.8926779287682,645.5107311659374,605.1190528604847
2014-11-24,588.8787377700363,706.8110462835305,633.8099199558615,663.5688311740547,629.7298732946414,628.6517310351347,648.7665722736023,605.7117568348795
2014-11-25,588.8787377700363,707.8912140984921,633.3029434808356,663.3783238438589,629.7298732946414,628.196840420158,648.9658005238316,604.467126345249
2014-11-26,590.6045702803701,712.4828560650213,634.7226702032739,663.5688311740547,631.360309532547,629.8043384417726,651.2252682472301,605.4745077470262
2014-11-28,582.1315641925449,715.7911303306056,634.9255341618045,656.5136915569431,632.4477859675997,628.4698085932522,650.8262314139715,602.3932606423504
2014-12-01,574.2859351979137,707.6888585333652,631.7814637918557,646.5984281448415,628.6426459522842,624.1020924630247,644.846540276373,601.5635468630957
2014-12-02,580.3530312474206,710.5245945599394,635.0268744304195,651.9374934849593,631.9041411598341,628.1359930255364,648.102207284198,605.1783352220738
2014-12-03,586.315770000313,711.8074556683706,638.0698338083793,658.9925912047034,635.1656986405579,630.5628462878751,650.2945885359201,607.8449048993671
2014-12-04,583.5958868045891,711.4698961901878,637.9684018291139,657.6577410749389,633.8067111674918,629.8650168158536,650.560555058146,606.4224273249692
2014-12-05,587.2572151211825,711.5373855706016,638.6782881179956,660.1364312358618,635.1656986405579,630.8963238145096,650.7599574082152,606.6593773090809
2014-12-08,580.3007577288437,706.4734305172906,633.9113060798016,652.3187176321887,631.6324433022991,626.6801064288541,646.3746145719709,604.0523292763698
2014-12-09,590.2906919932338,708.7015932559702,634.9255341618045,653.6534839672181,630.5453405062897,626.2555268308276,646.8396352445859,601.5046832467448
2014-12-10,577.0580919122146,697.5606669864578,624.2759100241483,639.542995246157,621.3043128718837,616.2159884191633,636.4076888989067,593.3271271300971
2014-12-11,578.7841141630877,700.8691101162134,627.6230736292537,641.4498701349197,625.1097642530684,619.339995071361,639.4643597896224,595.8751320842123
2014-12-12,571.3572425386905,693.2394328460401,618.6975638624821,629.4372245038597,616.9559016878459,609.3305423159262,630.1619732058025,585.3869995635479
2014-12-15,566.7021007123809,686.0818997984775,615.654512773872,625.4325903198311,614.7815092763054,605.1449739883022,627.0391443758904,582.1276660911113
2014-12-16,565.7083346377997,675.0758960017355,608.3518229646953,617.6149605108932,612.3356058267515,600.291605504706,619.1985580819119,579.4019935144737
2014-12-17,581.0852874237124,687.3650423471939,618.4945623379759,632.8693730578475,621.5762598221141,612.0602240468678,631.4244872121346,590.0681525821507
2014-12-18,589.6631251595006,703.9075394362571,636.0412859337232,650.4121779223665,634.078346751853,627.1959007786326,646.3079343332545,603.9339440154365
2014-12-19,589.4014729558065,707.0048460639845,638.7796742419358,657.7220954314776,636.4013229562147,629.8646224345921,650.8314544091713,608.5966722435556
2014-12-22,594.370350763848,708.7669999782728,638.7796742419358,657.5307082565633,640.7732733999701,632.7619725418244,652.8330222362637,609.1334438182674
2014-12-23,597.2992331636104,706.259141884067,638.9825382004665,657.9135245037592,644.325584329429,633.6158079728341,651.3653605851426,613.6049849347428
2014-12-24,598.648857619648,706.8693607106434,637.7655837259084,659.2528995492179,644.0520805498522,633.676993408537,652.566243248118,613.0090506399384
2014-12-26,602.4296276057305,711.8844014423702,639.2868341382624,661.1667712983592,644.8719068836704,635.7202827240387,654.7677937580798,613.6646262208218
2014-12-29,605.4754850479711,711.7488035129152,639.4897439521183,662.8886693094408,645.6919200370102,636.574287175589,655.9019961823387,614.678288801173
2014-12-30,602.6924182526604,707.0048460639845,637.055514015726,658.4876441311341,641.3197205005592,633.1585510702888,651.1650877358735,612.7704256748738
2014-12-31,598.9639692202898,699.7530868089051,631.3756441641441,653.1293060019487,636.1276946302902,626.8756631943462,646.094487929426,605.4960432164229
2015-01-02,594.5529760329238,697.6521350791786,631.2741663295536,651.5982086026356,635.3079305696457,626.5402137614045,644.4266114623156,604.6014837459849
2015-01-05,585.4682464463968,687.418628577514,621.7402022531656,634.5669705957571,625.4710109346089,615.2250773297144,634.5523069041265,593.8692825721583
2015-01-06,575.700640658931,678.2012903699354,616.3645824840545,624.0418491017706,621.3721906313872,609.4302080947092,629.6153577415118,589.0989966385525
2015-01-07,581.6872392846402,686.944176544564,623.3629763554353,630.1655683411425,629.0234464104153,617.0243009845672,637.220967284783,592.855799454052
2015-01-08,591.8747883207109,700.0919409124001,635.0268744304195,643.3697751049865,639.1336207323337,627.9735079458246,649.0970137699045,603.8266255929433
2015-01-09,586.0982324720062,695.4834688168103,629.5499602480186,637.6287045233404,633.6685892678786,622.9412030498968,644.1599485407299,599.4141873758123
2015-01-12,584.1028735255974,688.2318221378451,624.3772961480885,628.4431675616503,629.2965142777754,618.0614673619646,639.4226338613047,593.0343045670509
2015-01-13,586.5182705908805,688.028397099634,622.6531359218786,626.1469404363561,627.3837937427791,616.3228657410125,638.7553672079005,590.5897895075365
2015-01-14,583.6827405364535,684.2331748524325,620.2188601301613,620.5970894401539,625.1976939745537,612.6021602402616,635.9534043830912,586.3562153278942
2015-01-15,574.4927998208849,675.3549159005769,614.4376500099644,608.9239381782554,622.738588612142,606.9901148900223,629.2816663815298,581.467125388117
2015-01-16,583.7876196195513,683.2843833626463,622.7545220458188,619.8318340220702,627.9303653897158,614.9505316315744,638.0883326876163,589.8743333575807
2015-01-20,580.0591705871806,688.7059927305102,625.5942964779717,622.5109611892954,629.0234464104153,616.2619620062108,639.6895289160103,588.8010893118986
2015-01-21,579.0615622666784,692.2304694232578,626.8114802291556,628.4431675616503,631.7558687328823,619.3727850562404,642.8254152339217,593.1535871392091
2015-01-22,591.1396386011947,705.0393233995419,636.8526042018702,638.2028660480828,641.3197205005592,628.5836720974469,652.4994469428416,601.0241431754577
2015-01-23,589.51161733887,706.5981085636763,635.432648202806,635.5238226755927,636.9475209641083,625.1371179135743,650.8980766146077,596.7311669927296
2015-01-26,594.7630188099283,705.7849150033452,636.5483541193994,639.7337958579257,638.0408510775034,626.601286516747,653.1667716295258,597.0887754262109
2015-01-27,591.6124245899944,687.4863993982132,625.8987299817431,631.8877596337969,631.7558687328823,618.3360694002847,641.6244745376663,592.0802832727787
2015-01-28,582.8426168635699,683.9622604338075,620.016087882281,621.1713347596315,623.831545086494,610.4063017167641,635.0194167748214,581.8246141801017
2015-01-29,589.7217075510093,690.5360300416116,626.0001619610085,629.3997682572807,629.8430859247121,616.0485454035935,642.2917411910704,586.4158566139733
2015-01-30,577.4861940040092,685.1820226302757,620.4217240886919,623.6590328545749,618.913334361671,608.3018833057398,633.7518538731293,578.42625728856
2015-02-02,584.470306079951,691.1460237159597,626.0001619610085,631.1221690367728,625.1976939745537,615.8350724607959,639.8230054600031,587.548861587231
2015-02-03,594.8154346339098,697.7875078564056,635.432648202806,644.5177629755309,635.3079305696457,624.7406520654705,646.094487929426,597.8042315761667
2015-02-04,593.5552254070171,697.1775704701145,630.8685301231426,639.351063405465,631.7558687328823,622.3618569768468,644.3600472901592,594.4055755808834
2015-02-05,601.327045331861,703.2095675287258,638.5768102834052,645.8574313025623,638.0408510775034,628.6445194920685,651.8323543892775,602.2763110793769
2015-02-06,600.8544965187355,698.9398369605169,634.3171257075132,643.9438947323613,635.5813720760488,626.9060305514769,646.8951730935429,602.0378057558088
2015-02-09,595.2881257524398,696.7031747252214,632.288531977532,640.6905641430262,632.8491988462774,624.1004585977988,644.0261237970572,600.3682684908326
2015-02-10,598.3338883244107,707.5468437654052,638.9825382004665,649.4932848575205,639.1336207323337,630.7491632638137,652.2993481934125,604.0653103787563
2015-02-11,597.8086865116296,710.1222475280819,639.2868341382624,648.5366422645226,638.314043491211,631.1148673735256,654.4345086310576,603.8266255929433
2015-02-12,605.1606580581384,718.3905128055893,644.5609302174579,660.5926935683518,641.3197205005592,637.1842259664904,660.5054861180912,609.252606748929
2015-02-13,608.4688317959606,724.5578826414275,648.5166398428299,666.3335965605278,644.8719068836704,639.8073120764839,663.8412970855919,611.6373608808677
2015-02-17,609.0464494327232,725.2357597125887,648.9224594705415,668.438520305643,644.325584329429,640.8136040351288,664.642272416109,612.9492298916143
2015-02-18,610.5169386122947,726.252434599188,650.2409376350154,668.821127066001,646.7846896918405,640.8747331306514,666.8435327596704,610.4450137252725
2015-02-19,609.9392261052625,729.8444006723497,651.4582130968495,672.6486610774461,645.6919200370102,640.4171381870249,666.443277227532,609.6102151824102
2015-02-20,610.936976731169,734.7239560507353,656.2250117137428,678.7721708299802,649.7903667011889,644.2602145591815,671.447138761983,610.6239375835098
2015-02-23,611.9873329215964,735.4692099261963,656.7321716100694,674.3711037543058,649.7903667011889,644.1687181065282,673.0486251567769,611.6373608808677
2015-02-24,613.4575374903588,736.0113764917884,658.1520358984833,676.2844308376691,651.7033363288806,645.9985344792325,673.1821597340497,613.9628924719655
2015-02-25,613.352658407261,734.1816206209721,659.1664015464617,678.0066221303236,651.9764041962404,645.4494994231329,672.8484103407877,613.1280939291033
2015-02-26,615.2430434003022,737.9091846235888,658.7607653400507,673.7966908453582,651.1566401355961,644.6869350840556,673.9825547317668,611.9952684180905
2015-02-27,612.1972808283313,734.6560726539224,657.7461704154465,670.5436116402283,648.9705403673706,642.4912455810988,671.5809054723758,611.1007687684008
2015-03-02,616.8184116629715,741.2977819465964,662.8176776680623,674.5622395450147,653.3424285379523,646.5474005147915,676.9848484391252,612.2338933831553
2015-03-03,613.1951263245076,737.8413012267756,659.0650612778467,671.8830285830545,650.3370006212995,643.8941160682082,673.3154621782026,610.3852527976968
2015-03-04,609.4142140330206,734.9948141813031,656.3265354036585,668.438520305643,646.2383048644253,641.179927886823,670.6465696644261,607.2251619467298
2015-03-05,610.2018270116529,736.2824597745843,658.3549915676642,669.5868433551278,648.9705403673706,641.881194109837,672.1144054153872,608.3581669199876
2015-03-06,601.7995941449865,727.9465925405491,648.4152078635647,660.0184901462419,638.8604905918002,632.8533563141173,662.1735947183215,599.7123938062076
2015-03-09,605.7905966486129,730.0473191180472,652.0665298404904,659.4441610320293,643.505757995611,635.4763297437502,665.1758303924001,603.1706910875699
2015-03-10,598.648857619648,716.4928735379598,641.2139041783281,645.4748245422043,634.2150363684676,625.1677106314258,654.500724603534,593.4516141073595
2015-03-11,602.482328040521,712.3587408992062,637.9684018291139,647.962396945045,632.5757573398744,623.703767388974,651.9656568334304,592.1398647381095
2015-03-12,612.9323356775777,717.0349275274378,644.6625456180238,655.4257007167131,640.7732733999701,631.6335914126748,659.2378651831194,600.4278499561633
2015-03-13,610.7796343889548,713.9175260633403,640.3011539309157,650.4501369373561,637.2207756509897,627.7600350030272,656.1689492703243,595.8369664467815
2015-03-16,612.8800147238659,723.1345828306339,649.7336860280383,659.0615123743038,644.5984653772674,636.1473412899941,664.9089353376945,603.4090767696413
2015-03-17,614.1928295152793,724.2868556466885,646.8936823192596,657.1479758041027,641.592850641093,634.2564521619473,664.3085230228468,600.5474316320633
2015-03-18,619.8115686704216,731.4029043961986,654.8049640040283,668.247300720199,648.6974102268368,641.881194109837,670.7133659697024,608.6560742466414
2015-03-19,620.967041119621,732.4873501034969,654.7036237354133,663.0802659711927,645.4182917110857,638.9532512847533,671.6476437443722,603.6480008384476
2015-03-20,627.5311150766884,737.2286057256888,660.9918561859613,670.8599367651411,651.2012900012511,644.593128684014,677.1966118778339,609.9305552896856
2015-03-23,628.4764498786135,735.8022100717571,660.8905617726715,667.2193069102836,650.379221833174,643.336968026159,674.7868379592435,609.3909721398026
2015-03-24,628.7913717387158,733.1530689543334,656.3265354036585,665.1114503494407,648.1866456548674,639.7221820641938,672.4438603459295,604.834844485197
2015-03-25,615.7750284373633,716.3745560420219,646.9117034620496,654.189141811193,639.4161541221198,630.3478521602121,658.9896568445726,599.3790725965459
2015-03-26,613.8251597852517,713.9290651150376,645.8938986646838,653.4227551641857,637.4975176356072,628.8464990381041,657.6511192414448,597.4009799117142
2015-03-27,616.9342956973487,716.7822504393001,646.1994326962592,653.9975870468087,639.964282598403,630.2866667245092,660.0610092265952,597.0412179312932
2015-03-30,624.4175676970526,725.0016576832804,653.6292793221189,662.42884570071,647.6383303590627,637.9760308590942,666.218978600344,606.692996569639
2015-03-31,621.9933002615574,717.3257116302045,647.4206058607324,657.254981680795,642.9791760374819,632.400268584907,659.9267782499624,602.0172274183853
2015-04-01,621.1502830454496,713.5893666906867,643.5530301703278,654.9554865608328,640.238160017023,630.1640704923827,656.5130285874259,599.0797295719323
2015-04-02,623.0474038276359,714.065000772835,644.7743867561016,659.1714929640913,642.1569210498834,632.4310866634793,659.2575384650384,602.3768099365612
2015-04-06,624.9970353040735,719.9068004866439,648.3367035468818,666.4530040580114,646.2680714415287,636.6892774833879,662.9391117147604,606.5732952522425
2015-04-07,620.5706256978895,718.6839424470377,649.5580142773306,664.9198955850566,644.6235614663315,635.004537074712,662.0019903093707,607.352759602905
2015-04-08,624.6282271308099,724.3900316552774,650.3723589969386,667.6025002337874,645.719756145724,637.1487879931414,664.8802668973759,604.834844485197
2015-04-09,621.9933002615574,728.9414276610095,653.6292793221189,673.5427927980771,648.1866456548674,639.9672618480864,667.0890135340574,607.2326993610187
2015-04-10,624.8391711753764,731.9302109147272,655.2576477740587,673.9257347373757,649.831031083717,643.4597332788261,669.9003197169462,613.1677550852421
2015-04-13,624.7336280003909,730.0962897276884,653.1203310681109,672.2013647816092,646.2680714415287,640.5494249301466,667.7584854521014,610.6498997882824
2015-04-14,624.7336280003909,727.990497225055,651.491962616171,675.2674560354163,646.8162621909858,641.7747111692491,666.4197737491332,611.7888270156242
2015-04-15,629.160274782249,732.5416117905017,655.5631818056343,685.2314460859648,648.1866456548674,644.6544268000772,669.7664369399934,616.5849555125059
2015-04-16,627.5266561740149,731.5227416696772,653.9346299323937,683.8902275563344,647.6383303590627,644.4707014724281,669.2979342705786,615.0263259149226
2015-04-17,617.6194487847592,720.1107884054258,645.6905302975763,675.0754822973566,640.7864753128277,637.0567844788663,661.4663431349995,608.1919848811433
2015-04-20,624.5755741311543,730.9113407939026,652.8150263131612,680.4410686711261,647.0902018827796,642.8776265369461,669.0971971550694,612.5683511870351
2015-04-21,622.8892550881297,734.0360034173606,653.4258192443612,679.6745563320162,646.5421979528442,642.1117381272367,670.0343765937389,609.9305552896856
2015-04-22,624.0485223481151,738.0437693680168,657.2933490794406,683.6987565866851,648.7346495848029,645.2672389401691,674.1175401410394,611.6690658774794
2015-04-23,627.8954643472783,740.8288461432381,660.4484705827542,686.7645126615521,649.831031083717,646.8907939131421,676.4602856212335,615.3859084330984
2015-04-24,626.6309859582514,750.8821745742569,662.8911378989769,682.9320766581051,649.831031083717,648.3919216745293,678.3344703987327,613.5873378139871
2015-04-27,622.046237872022,748.9804825665193,660.3467176162128,678.7162797416843,647.9126436898998,645.696100391891,674.9876331080327,611.8486477639484
2015-04-28,626.1564448694633,747.4858657874322,661.0593552246045,681.2076229076035,647.6383303590627,647.7486294969464,675.9917249185387,614.1268611431219
2015-04-29,619.3059575683232,742.7987029880741,657.2933490794406,682.740228612148,644.0754952632221,645.0835136125199,672.1091243869074,612.5683511870351
2015-04-30,607.6595409607133,731.114990984342,648.5401636246397,675.0754822973566,637.4975176356072,638.6192666964969,662.3364941352728,609.9903760380097
2015-05-01,611.2956812207148,740.7610190344819,657.802113912148,681.782329098124,644.0754952632221,645.5427987615527,671.2391474864742,614.7865045348913
2015-05-04,612.8765993941585,741.9835956338029,659.2272057076307,682.5488414372339,646.8162621909858,647.3809534809274,672.1760367587439,618.0835848995201
2015-05-05,606.4473835253982,729.8925269611349,652.4078310256947,674.3091794450844,639.964282598403,639.9672618480864,663.4745267560116,612.208529385866
2015-05-06,607.6595409607133,724.8657220254829,648.7438071236982,670.6685914875945,638.3197726232057,637.3324569806103,660.5962501680063,608.0719844600054
2015-05-07,610.2943729596963,729.2132426885472,652.2043709479369,670.8599367651411,641.6087303004264,639.8753710141717,664.9472953357724,611.3694237491243
2015-05-08,614.1415046993988,738.3156406836116,661.9751777788028,679.8662367885031,647.9126436898998,648.299861820074,674.1175401410394,618.3835261316171
2015-05-11,614.5630133074527,735.4626805115773,659.9397057500469,677.566909258011,645.445878727104,645.205997164286,670.9714399658485,616.2251337113366
2015-05-12,612.8765993941585,732.1342551215657,657.9040044446649,674.5008599015714,645.1718144889624,643.275726250276,669.1641095269056,614.4265630922254
2015-05-13,612.5076489154906,733.6283653081395,657.7004526562569,675.2674560354163,644.6235614663315,643.3984351627628,668.3608708984689,614.0072196464737
2015-05-14,619.4639640024249,744.3611468759171,665.6392016807994,678.5246411825649,650.9273503094573,650.1075365019576,677.6650565139687,617.9038235508065
2015-05-15,618.6735523508379,744.3611468759171,666.1481957901326,677.566909258011,652.2975469538175,650.812183135784,677.8657936294779,618.6832280807207
2015-05-18,624.522873696364,747.6218577332867,667.9801618858057,681.2076229076035,653.3940529990791,652.8339505024474,680.9451555326724,621.0810829565423
2015-05-19,624.2592292170073,746.8066940909586,668.5910006723308,674.3091794450844,653.667992690873,652.6196324569468,679.9408896223264,619.8822751601282
2015-05-20,624.6809275656004,747.2821593089358,667.8782713532888,673.9257347373757,653.3940529990791,652.160065607013,679.3385041759587,621.0810829565423
2015-05-21,624.3120719572021,751.1539896017946,668.9979666831715,679.2913630085126,654.4903722248195,654.0595747826311,680.4764787634176,622.2800702152016
2015-05-22,621.3609899143416,750.4068219323937,666.9624029437651,678.1416573458989,651.7493562043604,652.4970362248202,680.744186284043,621.560785537353
2015-05-26,614.1415046993988,741.7798328672494,658.8200562754893,667.0277940432669,645.9937581106917,645.4815569856696,672.7116258998351,612.98793391578
2015-05-27,621.1502830454496,753.7353598985195,664.214476727918,673.9257347373757,650.1049707755109,651.6085515829844,680.744186284043,619.0428704196449
2015-05-28,621.4662959136529,752.0370929289929,663.8072355851264,669.7102729998951,649.0088383692922,650.8734812518472,679.4723289196315,617.783942771165
2015-05-29,616.5127396541599,747.5537491842454,658.4128609880227,665.3029632164576,645.1718144889624,646.8297211577997,674.9876331080327,615.745610592771
2015-06-01,618.9895652190412,750.0670109319287,660.1432116831298,665.1114503494407,647.0902018827796,648.1468418906368,676.4602856212335,617.1842995899647
2015-06-02,620.6759316972007,747.689853706214,659.53241875193,668.9437606607852,644.6235614663315,647.5034370326935,675.9917249185387,615.0263259149226
2015-06-03,627.0523996960356,749.9313004263594,660.7537294823786,668.3690125728972,646.5421979528442,649.2191645404822,676.3933152161171,617.723942560596
2015-06-04,621.308336914686,744.2254363703479,654.7488370860261,661.2790562433613,641.3347283354586,643.7354057805701,670.5029953297137,610.9496615581343
2015-06-05,625.2080742189094,742.4591734278943,653.4258192443612,665.6861984373287,638.5938991345212,642.6326030932337,669.9003197169462,611.4889456042757
2015-06-08,622.3623456104949,734.9191067445588,649.2528012330314,659.5543930060221,635.8532567531054,638.6806211527404,665.7501857645293,608.7913887793504
2015-06-09,620.7286321319912,733.6964738571808,649.1509107005144,659.3630477284755,635.8532567531054,638.5887303188257,663.8760009870301,609.151090939023
2015-06-10,629.5291778257821,743.7498022881997,658.0059866878322,668.752289691136,641.6087303004264,646.2475017355592,672.6447715612787,616.8845976408611
2015-06-11,630.003529174031,744.8365558058374,660.6520682264875,667.6025002337874,644.0754952632221,648.3307362388265,674.5190143720579,617.3643002216718
2015-06-12,628.8441196086411,738.7231662167187,655.3594007406002,663.3867452147341,640.7864753128277,643.367729764551,669.364788609135,612.8679933153903
2015-06-15,627.263059129793,735.0549298262423,651.8990661929872,659.5543930060221,638.0457083850641,640.6106103658494,666.2858329389005,610.6498997882824
2015-06-16,631.9005550859478,739.0626957768984,656.1737454602081,663.1950228608796,640.5124110746862,644.1029691162288,670.1012309322954,613.407516644525
2015-06-17,630.267078783118,741.1006611707759,658.7182574536228,664.1534251433142,643.8011819323851,645.1445300276822,672.5778011561622,615.1461468738155
2015-06-18,637.5393118679862,751.9012698473097,665.5374945695831,669.3272053684941,650.6534106176633,651.853631366877,680.4093922917411,618.9230494607518
2015-06-19,637.6445229970277,748.1840065591348,663.4002695742856,665.2091969079072,648.7248726965075,648.9601687320788,676.9961649287247,616.1974367048626
2015-06-22,641.1753572577179,753.698660085317,665.7409087920157,672.3291517526004,650.1024175753828,652.2847464258072,680.8929836139553,619.7550962491912
2015-06-23,642.861818606147,754.3115244505751,664.6214427387588,673.290989619173,649.5514868062761,652.7463415222282,680.9604182853117,620.780124771724
2015-06-24,638.5173769129404,750.4306317805296,660.9811260398727,667.1335429989331,645.1440406534224,648.005766079403,676.9290784570483,615.4133661565792
2015-06-25,637.6716558941475,748.9329191583046,658.5270407476839,662.3228453608385,643.2158140981359,646.0355499776273,676.3915161844371,612.9413933735839
2015-06-26,636.7201545246952,743.9625711438825,657.9134964969742,660.3985830645478,644.8684195859345,645.9123340035186,674.3087017653493,613.6045661895045
2015-06-29,622.0271689478222,726.3968697536014,643.2909211316837,642.1184264287253,634.125176178593,632.367309579487,659.7959712368494,601.846199898927
2015-06-30,623.0312284466607,728.9838688560319,646.256568431415,645.3896471939993,634.4004858802117,633.6910784535883,662.6178975099776,602.811108569394
2015-07-01,626.0438812945238,734.7711817306079,649.5285751585745,644.4274322511187,641.2872761769801,638.7702583794469,665.0367826535277,606.0670920799244
2015-07-02,621.9743736427622,734.9754510896748,650.5510113437821,643.8502960132811,640.7362831346995,638.1855599892773,667.2538280492485,606.1876308877974
2015-07-06,620.9699820979802,733.2731313800402,647.7901997815636,636.345723334588,639.0836153737272,636.3691525794619,664.9695220820113,600.8211713763941
2015-07-07,621.8685932921027,735.1118370519288,652.2893867207931,641.1562533832124,645.1440406534224,640.3712772803378,669.0006878104344,606.0670920799244
2015-07-08,613.6764032024408,722.3116514364318,642.3705589002939,624.0304949151679,636.8797677509526,629.6274866161085,659.2584089642382,596.660339226714
2015-07-09,615.0505990583177,721.903225294412,644.3134948828667,628.8411506558949,637.9816915623398,630.7666287196773,660.1319258947514,599.6754844044916
2015-07-10,623.4011750631598,732.9328137870616,651.0622523640484,634.0364242306218,643.4911237997546,638.7089039232034,669.0006878104344,604.9212854665253
2015-07-13,628.3695310847182,745.8007702232576,659.7540375384531,641.5411226014176,649.5514868062761,645.7583562910178,676.7273547757792,610.5894808324751
2015-07-14,631.1706232312624,750.702953400581,662.6171981864402,645.9667834318368,650.9286580461081,648.5597590713605,679.9526123448858,613.3031892594479
2015-07-15,626.7839642680616,751.5200308368492,662.208168685967,639.4244256960242,648.7248726965075,648.3441452017153,679.1462979526091,612.3382207682324
2015-07-16,630.9591099650783,762.1413057635931,666.9120996520589,643.8502960132811,652.3063274713313,653.5468228025836,686.2009975688699,616.4386339621052
2015-07-17,627.2067536247558,773.3752199033669,671.5135439664067,639.2320748816567,650.9286580461081,654.1008157945413,689.695007257642,613.7252844596225
2015-07-20,624.0884627316376,776.0305527070672,672.9451472180629,634.2290264291946,650.653535164011,654.4394766177547,692.3825864875776,613.0015132256497
2015-07-21,622.3970681291868,775.5539054398919,671.0021195248398,632.6895914537414,647.3477014566754,651.853631366877,690.3669165734459,609.4437938605727
2015-07-22,623.9296973353787,766.7710547447512,668.2413996732716,627.6865011039117,646.7968952339164,650.6839528856369,686.8729068846737,609.4437938605727
2015-07-23,616.2661243882053,763.9114525819839,664.6623915441313,625.5698041985185,643.4911237997546,647.0207143686953,682.6401335415412,605.7655955083711
2015-07-24,608.232509954263,756.4220451500015,654.7436554342825,611.9078686943205,638.808056579413,640.3095847830131,677.6009877728521,597.806145840113
2015-07-27,604.3741835227419,750.1584227365925,650.5510113437821,602.478991821969,635.2271622631541,636.5849354696478,673.0322597718177,594.0674088906075
2015-07-28,608.9725929278009,756.6263707971256,659.2428882288372,615.3712726844917,643.7665580477211,644.4038256785245,681.6995301393519,602.3285944134122
2015-07-29,612.2491748658297,759.4859729598928,664.7646489192496,621.9137980097745,650.3777895501753,648.8367837374295,686.1342592968734,606.6098457294686
2015-07-30,614.7863379222083,763.0943751457156,666.9120996520589,622.4910599397147,650.9286580461081,648.9908177901106,686.8059945128373,607.1524797375162
2015-07-31,617.8516912048619,762.2093017365204,664.8668604390427,618.8351375457058,651.479526542041,648.005766079403,685.9995060207207,605.4037398017588
2015-08-03,614.522029350964,759.8264594170427,662.208168685967,613.2548690606711,649.2758657387881,645.819936107982,683.7151420202035,600.1576396359835
2015-08-04,614.4691866107692,758.3964050394021,662.4127292915288,615.5637910883294,649.0004937639955,644.5576907106649,683.9167496349127,600.7607524205868
2015-08-05,616.9532223161438,764.2520516152478,667.8321867514978,617.6804879937227,652.8568846013947,646.6819408651215,685.9995060207207,603.0523058266366
2015-08-06,611.7206525936109,751.9965655279104,659.7540375384531,615.5637910883294,649.0004937639955,641.3872034097978,678.94486443774,600.9416503635188
2015-08-07,608.602551441032,751.0434398577307,658.3223884314718,611.3303972775426,647.3477014566754,640.1557197508728,676.8618178855319,598.1680015467252
2015-08-10,615.3147178890226,759.6220774818614,665.8893883349006,627.1093229687067,654.2342426607484,648.221323608868,684.5215144457601,606.8509831659629
2015-08-11,611.0865871464066,749.88593225237,660.6744914804933,617.6804879937227,649.2758657387881,642.3722551205054,678.8102852614271,601.7861996883578
2015-08-12,609.0252933625914,752.4731002189719,661.5945785799321,619.7971430017486,648.7248726965075,643.1418056419282,678.4745627366452,600.6403332542104
2015-08-13,608.0739342985435,751.2477655048548,661.6969735210259,615.1790475622269,648.4497498144103,642.3415497222936,679.2805869625219,600.8815305114531
2015-08-14,613.5178275467213,752.4051042460445,663.2308800031255,616.1411368130047,652.3063274713313,644.6811320454945,681.9681661924574,600.7006325685211
2015-08-17,618.0632519061809,758.6689518116817,666.7073556251966,619.7971430017486,653.958808412782,648.2827907454719,686.6042127982882,605.6449968797497
2015-08-18,614.4162964354393,754.7881154296934,665.8893883349006,615.9486603065345,653.6833741648155,646.4049161990525,684.7900924655856,603.6550596867498
2015-08-19,608.4440232204472,749.8179925674998,663.3329998122683,606.5200767157559,650.653535164011,641.2945801535406,681.901079720781,599.132850396444
2015-08-20,595.4948480700067,729.0520336931304,649.5285751585745,589.0094490295062,639.3589873485197,627.9037588027306,665.5069102547824,587.6156215423607
2015-08-21,587.831085382294,697.1884340651268,626.6231982640275,569.3821663352305,622.8310020021448,609.0023607662309,643.9392479769018,569.7669048649104
2015-08-24,564.9987524559541,670.3629532722442,602.6953393289476,544.1746151559203,601.8956327760901,583.3588460449363,618.2061309606852,547.3960387179026
2015-08-25,558.6562480136537,667.8437249905127,595.6398097224111,535.3232097003466,606.027769227325,576.4942458083751,610.7481580817262,537.6877892931388
2015-08-26,572.609624968337,701.477584013021,623.0442818455374,556.1048905624001,611.5368900988705,598.6278799832467,637.0860399087902,555.5969847471449
2015-08-27,581.8588121673017,719.2478362026546,635.6218931297626,581.1200071326078,623.9329880867059,613.4352061447755,651.3299602843443,568.9230135683028
2015-08-28,586.1926758254425,719.1115628165148,635.8261786033734,586.1230555850699,623.1064362501112,613.4659115429874,650.1879233672859,570.2494788416406
2015-08-31,585.7699813390179,710.1924950232915,628.87286051663,587.4699721566855,617.8727496265323,608.5097222305168,644.3425792728801,568.681577028067
2015-09-01,569.861328126853,687.9969883637951,611.6938507733821,565.9186366529567,601.620073981776,590.3469439565072,626.9401976334957,551.677290033959
2015-09-02,577.7361771645363,707.4013391379078,622.3284343643842,575.347345935838,612.6385648175624,601.5525550778784,639.3033174376311,560.239613203827
2015-09-03,578.7403789687792,703.9287037457112,623.6577802409221,577.656477450334,616.2200818655598,601.9834447760878,638.4970030453544,561.5661981186614
2015-09-04,573.8251502982247,695.5543354806475,614.7615261716059,569.3821663352305,606.3032657484654,592.87104036988,629.8296166112603,555.0540516353557
2015-09-08,585.7699813390179,715.1626741735423,629.7932686033449,587.8548413748906,620.0762236102636,607.7708771073059,645.0815170270804,566.2695446348924
2015-09-09,580.2732927857801,707.1287923656283,619.5677603681412,578.810959412847,613.1896824061906,599.6436934323464,635.9437128253317,558.1291970237024
2015-09-10,580.6432868374143,714.8223565805635,623.5557062871044,581.6973528572831,614.0161719696115,602.9069166698312,640.5797594311624,560.1795531725096
2015-09-11,582.7573759262896,718.7711326474222,627.4412114096486,579.3882632401547,616.2200818655598,605.6466269528493,643.2673966943779,562.4105081605072
2015-09-14,580.5375539218895,716.5923908228402,624.8848687423416,577.4639590464964,614.2913571248824,603.3993861850047,641.722028481341,559.8780566009564
2015-09-15,586.9327113638456,725.0351490772306,632.9632013766869,586.1230555850699,621.7289536444098,610.9415334287135,650.3895309819951,567.6566083262825
2015-09-16,593.0635602345573,729.1201985302288,637.257919421005,596.7063306251993,626.9631384533798,616.2363272242173,654.4880153152147,573.0231874791824
2015-09-17,593.5393346368509,729.3925764383372,636.5420260845266,593.0502406417202,625.5855313013307,614.8509221929717,654.6223043251275,569.1639117218039
2015-09-18,583.7087349903375,719.0184623701392,626.9299703893823,577.8785753956536,616.2015867329245,604.8033834757181,646.0083085086306,559.1450729717417
2015-09-21,585.9813997349324,721.2706038211261,629.690827806926,578.8448962805528,620.353837419315,607.9290239931419,648.1669143913946,562.7254045796851
2015-09-22,577.9476904307204,710.4870504258811,624.4758850971936,566.6689347108294,613.1564285313514,600.038187374143,640.8145620820299,555.6253397818505
2015-09-23,577.3663254183067,711.0333260196385,623.0442818455374,559.1314725986189,611.4954784382561,599.0789394659695,640.1401573351859,554.108225783604
2015-09-24,576.7321176656981,708.4396286384177,621.3059981791768,556.0389860032626,610.9418699226735,596.91271587726,637.3070306390184,551.9844695766031
2015-09-25,576.1382297776905,702.4334677979966,621.8501174675865,555.0726651183634,612.0491492270124,596.7580620825968,635.0134393469817,554.6545088572993
2015-09-28,560.654453068152,682.4363474949959,608.1930718289735,534.1994804056068,600.1459434102496,581.7810392982898,617.0706518042663,543.610043377221
2015-09-29,558.1620687790481,678.887216633256,610.0414999863809,534.7792980749668,602.3607511116229,582.1214466670896,617.205521146979,540.8791065747309
2015-09-30,565.1085647930737,694.5165525726512,620.720517387468,549.6610754350371,610.6651279380561,592.9829319677675,628.9425779265081,550.2852013997098
2015-10-01,562.9345176937796,697.6562441073442,620.6179848803988,551.5937591022031,608.7273735871696,594.5300896563824,629.3472439879263,551.2559725035127
2015-10-02,569.2975615494591,709.8727788591964,628.8325536858098,566.6689347108294,617.0321240526459,603.4111049424873,641.8263723187753,557.0817955412964
2015-10-05,584.516365595866,720.0422295519279,638.7928805755834,582.9036199660732,629.2120095808524,614.1489235476149,651.9444746862316,571.7674303303637
2015-10-06,581.7590560787651,716.6295972285562,636.5339096919723,586.962301754226,625.8901716678356,612.0444487964104,647.897059639409,572.4953890167192
2015-10-07,591.4099714345618,720.9292167550633,641.6680553187638,596.6259295768936,629.4887515654698,617.0574290105278,652.753690742508,576.1972165645088
2015-10-08,597.9322550378484,723.7957986369059,647.931617604373,605.9028027998168,637.2397689690159,622.627444586334,658.0151039735853,582.6905195120924
2015-10-09,598.7278371191313,727.0721575741378,648.4451972462226,603.7767208840947,638.62391480432,622.9987263738863,660.0387824803563,580.9305332756502
2015-10-12,599.4700546737364,728.846469708751,647.7264150242588,598.1720262337853,638.900781335285,623.5866924945077,661.5229255829965,579.8383260527495
2015-10-13,591.7281188838323,724.1371857029686,643.0029955449718,589.4747611933846,635.3024505303464,619.6567395644746,657.0710185745959,577.8358265026014
2015-10-14,585.4709976842167,722.9771451350401,639.1008449393926,595.0797910226343,630.5959063234609,616.6861472229756,653.9678049933227,574.4376490733048
2015-10-15,596.6597601110361,734.8525742611151,648.8559233937269,603.3902595659231,636.4092316492944,626.1550722895219,663.6139807278441,582.9332721087916
2015-10-16,596.6597601110361,737.923763230367,652.5525504319158,598.7517601084103,638.3471105465287,629.0018289149298,665.6376012013353,586.3317486418297
2015-10-19,598.0912576097815,742.1553867839469,653.3739568715993,593.5334848789049,638.0702440155636,629.3112491846167,669.2125092824232,584.1469752715384
2015-10-20,599.2049397052001,738.333258845471,653.5795262943146,595.272937886985,638.3471105465287,628.5068804318272,667.1216862706956,585.3606186135369
2015-10-21,589.9782367601423,733.8286945032124,652.0388790794158,590.6343965321046,637.7936265772939,624.6078019205466,663.6813573659205,581.0520890362446
2015-10-22,595.3339006575459,748.7755377507675,666.6200470860821,599.9113954471304,649.4200281362654,635.159697930997,673.7321991618602,591.7324854420227
2015-10-23,601.2730641484303,769.728654414858,672.8837469376667,606.6757673335275,649.6967078477089,642.1223300811153,684.9972712751745,594.6453371401661
2015-10-26,598.5155174556553,770.2062022909463,672.2677723547232,599.3315777777703,649.143286151648,640.5440162728469,684.9972712751745,591.8539813818688
2015-10-27,591.8341838453008,771.7760762023213,670.8302079107956,592.5671639940057,645.267341537658,639.3061661735586,683.8503015293161,589.001428998036
2015-10-28,607.7422678358479,778.1916763697895,677.5045421992343,602.2307499193057,649.6967078477089,646.5780495728231,691.3376392479537,597.0726836449116
2015-10-29,602.2275539313765,776.9630769483633,676.9910542680349,600.8777582293973,651.3576579408042,646.2068241254511,692.3494494846993,596.1017330788638
2015-10-30,599.4700546737364,773.4823923640072,674.4240273099643,606.6757673335275,648.5894285433701,643.4219853580886,688.8418600084078,593.674506215615
2015-11-02,610.8707572829534,782.2182988195607,680.995645670033,615.3729485791932,654.6793713074733,651.0342197859727,697.0713273116454,602.413121130794
2015-11-03,613.8932766388602,784.9484384510922,684.2815007053924,621.1709995806912,654.9564246579599,652.9217285032071,697.4761674729036,603.7479613088971
2015-11-04,612.5149539262535,785.0165470001336,682.2278241125458,617.6922192566334,653.5721542763082,650.941258488634,697.1388200162818,600.0462534026042
2015-11-05,613.681241586193,782.9006789352867,679.2502544282717,615.5663468277492,654.6793713074733,650.2914871903276,695.4524889661325,599.0754822988013
2015-11-06,616.9689233457708,783.4469545290439,679.4555028637109,617.6922192566334,650.2502540901177,649.9510798215279,694.7777940528888,601.2597771031061
2015-11-09,608.0073828043842,775.1201496721952,671.9596704249385,612.8605729347698,646.0981902232487,643.8861157626189,688.0323537857314,595.9196985417137
2015-11-10,609.33309995247,773.1409490098874,673.3973265795165,607.8354864669827,647.7589534968224,645.3711302324675,687.5601950196767,596.5267594957063
2015-11-11,604.0834535814001,772.1856281054826,671.7542844235238,601.0710726832181,646.3750567542138,642.8339065571068,686.4808340450148,594.7059355582185
2015-11-12,593.1598061231169,764.6781522071843,662.4099779720189,589.0881741831103,636.6862849997813,633.8600989942038,678.9260616550209,585.846123806935
2015-11-13,589.1828918545335,749.6629189703023,654.4007951680226,586.3823583927634,630.0426091737477,626.7430384101432,668.6054811736558,581.6587910657473
2015-11-16,595.7581605034196,760.4464723655473,664.3608927811704,597.0123908950652,640.0080606396239,636.2737123141943,678.0492948608281,589.4265750563751
2015-11-17,594.2733933482659,760.9241891058068,664.5664163485607,595.4661266487033,640.8385356861717,635.8096382498442,678.9934382930973,588.4556843110755
2015-11-18,603.0758364474499,775.5297015753565,674.9375610964888,608.8019749413521,649.6967078477089,645.8975165361246,689.044338122317,597.9221382711133
2015-11-19,601.4851940713671,776.0756957288285,675.1428095319282,604.743041768994,650.5273074406043,645.3403684940754,689.583931559728,597.0117861231178
2015-11-20,606.2044681999599,781.3311427522541,678.4286645672876,602.6172112374772,655.5100954467163,647.6921766363809,693.4960710308776,597.3762141219081
2015-11-23,608.2726875134597,779.0785509968108,679.1474009339263,603.3902595659231,655.2331043694035,646.9495567210962,692.821666284034,595.9805362427593
2015-11-24,612.4085569188414,778.3962834571989,679.5583563580564,610.1547571444229,656.0635171427773,647.8160123524718,693.3612597214449,598.2258482103547
2015-11-25,616.5446160647623,779.0785509968108,680.0717067232803,609.7681701341487,657.7244672358726,647.7232200756739,693.901027258696,597.3762141219081
2015-11-27,618.2415605779877,780.1708207440404,680.8930673076385,607.6422139105292,658.2781380246288,648.4658399909586,693.9685199633323,598.0438136732046
2015-11-30,615.6431587625501,778.1916763697895,677.4018721261895,609.1883943621561,654.6793713074733,645.7735681396732,689.8536702451535,596.8907089285099
2015-12-01,620.2036200597493,785.972205632881,681.9198138934115,616.7258983717343,658.555004555594,651.931606176281,697.0713273116454,602.2308473106506
2015-12-02,614.5828886289444,781.1262542245594,676.5803281205306,604.743041768994,651.634711291291,645.2786196565705,691.3376392479537,594.0387547521602
2015-12-03,604.9319258380128,767.8857271386902,666.4147069399926,594.8864346714458,644.1604358723622,636.2429505758023,680.6121605720501,586.5744414177805
2015-12-04,611.0830295112947,785.8355945183988,681.3037017444925,599.1383890160521,655.5100954467163,648.6513682043742,695.0476488048743,596.3447847793045
2015-12-07,601.9093590469712,782.2865762327731,677.812689984344,581.9372990811739,653.849145353621,644.7215279547016,690.8653644153391,592.218050456169
2015-12-08,597.9322550378484,782.3546284937574,673.9104935234398,576.139164284941,649.143286151648,640.3893624781837,690.0560322925026,587.0596475074369
2015-12-09,590.932631672819,770.4793119437966,667.8524089498957,574.9794870488533,645.267341537658,635.4075383837197,682.2986657220396,583.7828463764898
2015-12-10,592.4176360036469,773.9601091042667,669.9059021214416,579.2313575987245,645.267341537658,637.0474883491324,683.445635467898,584.5110443458386
2015-12-11,581.3347487977566,756.1465713987549,656.5570959785889,559.7111226785088,637.2397689690159,624.7008758982456,670.5616669757906,573.4665788657603
2015-12-14,578.1001943891825,761.8794537221548,660.9724593834164,555.652524685091,639.4543275776937,627.85694011298,674.7440674318858,575.5905743557545
2015-12-15,586.1071502773532,766.5206854669527,667.0309107995619,568.9879540040644,643.8833202487016,634.4482341353659,679.1959744402865,584.5720016883809
2015-12-16,594.2204083026666,777.9188481572247,675.4505904744366,574.2063549256724,653.2954745648647,643.7312929474151,689.9885976211463,592.5820597097209
2015-12-17,587.5389798220424,766.5889065921083,666.0039349371631,560.4841710069546,644.436991037458,633.92218587279,680.0053065631229,585.7854057473861
2015-12-18,577.8880644662456,751.8841019899068,653.6819670907337,549.7535010278262,634.010282172828,622.628796750659,666.6946193631985,574.1425533218222
2015-12-21,582.5014633739092,760.2361801843749,659.4323165770943,555.0022775408994,638.7624726161503,627.7648239183446,672.9297729993433,576.6481453653755
2015-12-22,588.1753695908529,765.2335464661852,664.9770049300894,562.1949243182712,645.750955005826,633.4613231987115,677.5384859302956,584.654733783313
2015-12-23,594.8566557660727,770.9157132501748,672.6784985022275,580.079276522961,653.0191684924642,641.3054538083201,683.4347252112585,593.3334681294195
2015-12-24,596.5559246009045,770.7785392551222,671.9566439734778,580.079276522961,652.1806602064892,640.2473852240665,683.8412483376367,592.7833565278315
2015-12-28,594.1589798030683,770.3677490147057,670.3068610846857,570.5538681158016,651.341716008297,638.784287084318,682.4857650167496,589.9110632970517
2015-12-29,600.2844685035449,782.4852730741914,677.4214064947098,578.5244233162538,656.932975196159,645.6015052293266,690.9576373305341,595.594692416069
2015-12-30,594.3187887722934,775.4339555902991,672.8847557548204,571.3315251546767,653.0191684924642,641.0255557930607,686.5524471125309,590.8278162651179
2015-12-31,586.4890031126936,765.7811729733119,665.7700269234956,569.1932511050012,646.5898369308442,634.6130855026462,678.8938531846227,586.243752321045
2016-01-04,572.8001244697938,749.6249245317875,655.9747333489914,563.7500289091836,639.6008563557776,625.7414226864553,665.3389619424714,579.1542757956638
2016-01-05,574.5580231312691,748.3241638212115,657.7277365747301,562.0004786355267,642.1170662186154,626.7997729716099,667.7111302956239,580.4986872934987
2016-01-06,568.006329744391,741.1357849183806,649.8913366359561,542.3664504650775,634.2893905380521,618.8930484217932,661.27245394653,572.1256967920765
2016-01-07,553.4121041182235,717.928387857135,634.4251149982772,522.7323384998932,623.666894814818,604.044988309976,644.1936078431281,559.1075055417941
2016-01-08,544.1975445676809,712.0409948171083,627.2074868172818,514.1789071222508,615.8395927732978,597.4147068828883,638.3646871669615,552.4456875461816
2016-01-11,544.2507667889545,714.2315571336725,628.1355527432994,505.2367938659572,615.2807533111113,598.0061660946824,640.1946505851031,551.956593107884
2016-01-12,545.6887629011707,722.5150764746429,634.5281977692484,505.81996332472033,621.4305405952905,602.8311391274551,646.4978772586844,554.8902026056961
2016-01-13,530.8281889929616,697.596072174348,620.1963910208303,485.60264000340544,608.5713170134857,587.7960296173567,628.3342150523008,542.6667299968989
2016-01-14,538.0720558672044,712.4515036172394,629.4759956085272,496.48895870293796,615.0011467604966,597.4458630025417,638.094019949056,552.0788667174585
2016-01-15,531.6804086252255,690.3394721463616,617.1029449298638,480.9370329490954,607.1736578994548,584.6210351020732,624.8102021577703,539.7331803198352
2016-01-19,525.8213630770603,691.8456279771456,617.824891169264,473.3556623957049,608.2921463750879,585.3992056710673,626.097670474501,540.5886768416176
2016-01-20,526.9399784265007,689.7231179215657,610.1948860490584,470.05088183903297,602.4215297293066,577.8972289758448,620.3370549688907,531.787728706685
2016-01-21,525.8213630770603,690.4078621356882,612.8755883582132,477.632294289791,605.2167856841944,581.1346484107956,622.505816675654,534.5992440571675
2016-01-22,537.0068524795768,710.3980027196137,626.1765673969188,489.1017824480866,614.4418091129193,593.0565685832958,636.7383625283289,543.5836026064618
2016-01-25,527.0995976551865,699.8552496324671,616.587393509032,472.57817294629996,606.6146938909206,584.0917191090454,628.8764780205915,534.416013105051
2016-01-26,539.6700032540502,706.1534329129104,625.7640987470583,484.6305791791535,615.8395927732978,592.0604741972679,635.3827051076019,543.5836026064618
2016-01-27,532.1064710062226,688.5595874940994,617.9279739402352,480.7427129584536,612.4849991708327,585.6171858282812,624.945535766723,541.016455012883
2016-01-28,533.4382124164312,698.2806475242993,620.093033117908,482.8811127002317,617.5167338915958,588.6677248854915,629.7575973107843,543.7666540963335
2016-01-29,550.3761131840264,712.8623501457129,635.0437491900803,499.2106116982143,633.4511313447724,603.0177378042947,643.8546354546663,556.1125797769499
2016-02-01,548.5119123854086,714.7792962169135,635.5594840322128,496.1000254400815,634.2893905380521,602.7999830078016,645.3456845176262,556.7849051673641
2016-02-02,537.6992631426157,699.3075668372834,624.9392990133126,478.2155475432892,626.7419441398422,591.9362440999155,634.2305703998238,545.1726211441938
2016-02-03,538.9776400261462,695.9531363649105,629.4759956085272,489.29606054136093,631.2145903057233,595.4847176697791,634.095178757591,550.2453009605777
2016-02-04,541.7473301134364,695.8845775114127,630.7131264261579,493.37849813690787,633.1714002478097,596.4186124968604,633.5529157893002,554.462484255179
2016-02-05,529.4432727966142,671.7187637026238,619.268370950138,482.492388924213,627.301032694724,585.0567137155999,615.9315165512076,546.7004430563904
2016-02-08,524.4365417509827,661.449683148898,612.8755883582132,465.57984615956997,622.8281997093213,577.1813706461577,606.7818735603394,542.60565301286
2016-02-09,521.8264708923782,659.3960696751583,614.422288476034,459.94234587047805,624.7851964709295,577.2121887247299,607.8665155634811,540.8943608655536
2016-02-10,520.2285709406672,661.9291448189264,615.1439595834833,458.9702850462262,622.5489045245757,576.7145359129775,609.6286961105864,538.5719399533685
2016-02-11,514.2629386445506,660.970559207212,607.6171748002243,449.8337680045557,614.7213533903602,569.2124465373945,604.4778943111834,530.62642851947
2016-02-12,523.0515306843656,671.0339632004443,618.3403050241204,466.94071455457566,624.7851964709295,580.947768033055,613.8305957487605,541.8721908176587
2016-02-16,534.6631773381489,686.16357376927,628.238727224921,479.9650559195785,634.56937072771,590.7532129959668,625.9621627657084,550.4897285382298
2016-02-17,541.1613638929446,701.703580562113,637.5185152339186,494.739324634546,642.1170662186154,600.4029900409718,637.0095520457544,558.863077964142
2016-02-18,540.1494775968602,693.6939026187343,636.178118224016,487.9354016331929,641.558164483255,597.9439665357359,632.6041877279113,557.5795041673526
2016-02-19,542.3332014636585,695.747516092474,635.5594840322128,483.85304783238104,641.8373351216528,597.6638994999358,633.7562063691292,555.4403740280325
2016-02-22,548.6716739194987,707.0432908069556,643.0862229601465,500.96012007450355,649.1054863351172,606.3174694785524,642.7025007468883,564.5469463661527
2016-02-23,545.36933470326,695.4052847055555,636.0748978870691,485.9913218820566,644.3531713454474,598.6601065663241,635.3827051076019,558.0072225178696
2016-02-24,550.5890020691206,702.0459245251454,639.4776381462747,492.406521107391,647.4282829436454,601.3990844269995,638.839283330776,559.2907364939107
2016-02-25,555.5958279850219,708.9602368781563,646.282660111434,494.9337284199229,653.8577390516132,608.6831936453685,646.5657181630006,564.9747843581664
2016-02-26,558.1524868818135,708.0703226960538,643.6018660916286,504.070371153696,651.341716008297,607.2824077449268,645.3456845176262,564.9137073741276
2016-02-29,556.3948253960123,701.703580562113,638.8589122438212,499.98801735288407,646.3101058338817,602.5196906112808,638.9748490728487,560.6965839002745
2016-03-01,566.8345870439467,724.22634598535,653.2940768951617,516.3173487613966,658.6102408608045,616.6831048532446,655.5120125407597,572.492218517058
2016-03-02,571.7880958683049,724.5004688232273,654.4282166524714,530.7026423161402,659.1692048693387,619.4535768746547,655.8505786962614,575.7928283058382
2016-03-03,577.966806790055,723.1312055472106,655.2530622415422,543.7271931679805,662.244254194363,621.8814442602371,656.0537532095304,580.559824098286
2016-03-04,581.2157814796157,723.4049906567454,656.6964961670909,554.4191080821363,664.7600904181575,623.905014512667,657.6128172766469,584.4103660264092
2016-03-07,587.9270940951795,718.955194594005,657.1089189616264,560.2509702592374,665.3192412462133,624.4029490253205,655.1729240857379,585.9992649226446
2016-03-08,574.8242765430413,712.9993552765944,652.7785254743297,534.2018685555564,662.244254194363,617.5858435606724,650.8354587054911,579.0930791701282
2016-03-09,577.966806790055,717.5859876060453,654.0157021472857,540.4224126113087,663.6419755815675,620.6366079786034,653.681933056058,580.559824098286
2016-03-10,573.8121530712826,716.4906220156776,654.5313911340929,539.6449231619039,663.6419755815675,621.1345424912569,653.3429026343163,580.7431746918992
2016-03-11,585.7964501442502,729.0186548752945,663.914032637436,558.5015037803157,672.3080350017583,631.1578549310221,663.8479709127915,591.4389450299965
2016-03-14,582.9203156144131,730.2509130204295,663.8110874324402,555.5853632049274,671.469215349914,630.3484719021943,665.271295137995,590.8887736076601
2016-03-15,575.5699094273535,729.9771279108946,664.5326209739139,546.8375280419081,670.6307070639388,629.321221396513,664.7289161031442,588.199531866752
2016-03-16,578.9254708648658,736.4808751757172,667.5229842939092,558.3069324054687,674.5443269481119,632.9632196655174,669.2022373918637,591.805825679468
2016-03-17,588.9923923530768,736.0699160711296,672.781351996573,566.082790538971,682.6509241743776,636.9789223498227,671.2354333565543,596.6338984559547
2016-03-18,594.691581496882,737.2235960886105,674.3281438250439,571.1797728894536,684.328314385371,639.482003875979,672.6228930147198,600.8285891491862
2016-03-21,592.8806503546725,740.1072332517418,675.771669461243,570.5962682517502,685.1668849445199,640.389193457643,674.3916893557447,600.4594353112784
2016-03-22,591.1229888688713,742.372996412537,675.4624211483292,570.9852015146066,684.0488323811038,640.0452366574904,675.0039404597118,598.9217429756085
2016-03-23,581.9213791101357,736.2622523621001,668.9665099301083,552.6984250947131,679.8555436731419,635.8211879867862,671.6028420522146,594.2475889845596
2016-03-24,583.6858712553519,736.4680977867649,668.141526775062,553.0872745628345,679.2967042109556,635.53943074558,672.1469620854654,593.3865889539313
2016-03-28,584.3274314538584,735.4383077828709,669.0696844117298,551.142021685407,680.9737207829058,635.9148253662872,672.079005114589,593.9401103381739
2016-03-29,600.6345397985525,747.2481050344151,674.946778016847,554.6437198695081,686.2853111469792,641.7973599216916,680.0378051999212,597.1381275435782
2016-03-30,601.2226406001114,750.887071635221,678.3492889994267,557.5617877238031,688.2421833622394,644.6134111488878,683.2348585949493,599.7827430062367
2016-03-31,601.8642956688876,749.788610201715,676.5965150503139,560.0910061099769,687.6827834414884,643.0490133651302,683.8472837987564,599.721366918456
2016-04-01,603.4147130506389,757.7532576994463,681.7519375479818,556.9782830860997,693.553275540922,647.4293496957235,689.1529183891911,600.1519566648927
2016-04-04,596.8384956990564,754.8695642482578,679.3804376964156,550.363736186019,691.5967769647045,645.3328752501081,686.6360150357265,598.3682814121142
2016-04-05,589.567116446615,747.5914058944179,674.6374379932828,544.5273909905912,688.8011473707737,638.8873332739132,680.2419082456701,591.9718282560672
2016-04-06,594.6997877752068,759.8819594413028,681.0302205852075,554.0601733344372,695.510334575704,645.8648955717858,688.9489314100022,597.4457258314607
2016-04-07,586.5194564692512,748.9646093344286,673.7094637779157,545.6946516502032,689.0806293750408,638.1363750119582,680.0378051999212,590.4344350241389
2016-04-08,589.8876830877617,748.4153504736472,675.3592925220328,552.5036442330285,690.4784130354193,639.8573984966862,681.0579722289863,592.5252299988132
2016-04-11,588.3908674083624,745.6688310175114,673.6064727175948,556.7837955059878,687.9623899921031,638.3554256325959,677.7930779296419,592.5869650110836
2016-04-12,594.5395518897684,751.9173119435715,679.6896860093293,573.5144617981479,693.2736067171332,644.3002724273074,683.0306975159202,599.2910164550129
2016-04-13,607.4246421730604,761.5297923117043,685.3607057831543,585.1871521890034,697.7465642488837,650.8085773642508,688.3366803060351,606.4253585416371
2016-04-14,606.0344606767476,761.5986326054875,685.0513199042651,584.0197658372887,697.4669576982689,650.8397334839043,689.0850194515948,607.409230389323
2016-04-15,607.5315609669557,759.6759451524669,685.1544485305615,579.7396983590645,699.4238299135293,650.1202130425038,688.4046372769113,604.9492217559927
2016-04-18,611.7018208450854,763.7270529070586,689.3818509575372,584.6033961670947,704.1760203568515,654.6885565544419,692.7581198424373,609.8079227556212
2016-04-19,613.9473052574257,759.0579585740165,690.9284593647075,593.3578930115526,703.0579677934354,656.7534241589623,691.8738667551248,614.5437519381923
2016-04-20,614.2147919827032,759.6759451524669,690.4128620885505,600.556112138807,703.0579677934354,657.3791382003211,691.4657767301868,616.3888630994996
2016-04-21,609.2959108067673,759.7446728701359,686.3919003354683,598.2214232301127,701.1011578513488,653.8435101915442,688.8808583725657,612.1449997511456
2016-04-22,615.7652093644546,748.2780639024804,685.7731744330149,606.1978021646527,700.8214267543863,653.8435101915442,685.0714378070105,616.5119741995505
2016-04-25,610.5792683794546,748.2780639024804,685.2574854462076,597.0542044678682,700.8214267543863,652.717157308882,685.0033647695742,612.5140937683052
2016-04-26,618.5456197922151,744.6389847255602,686.2887258538468,606.1978021646527,701.9398529568455,653.6870535111144,683.5070927114147,617.0037605715227
2016-04-27,621.4862186702793,738.6654146701762,686.7013320696828,615.7302912269258,705.014777735522,655.0325696947748,682.6907385616986,621.1861880113478
2016-04-28,612.5574083719218,729.7394234459344,680.3083660564577,603.085121038143,696.9079936897348,649.087610219703,675.7522215719915,614.9741622223838
2016-04-29,609.0821206541116,725.8942736921217,673.9156293198582,596.8596749903887,690.4784130354193,645.5833073511202,673.1673032143706,611.7760851962312
2016-05-02,614.5356906697936,732.7605160444041,679.9990260328935,596.6650198208067,695.7896920336233,650.7146582838488,679.5614680377067,614.8512305845779
2016-05-03,605.2860291194805,725.9629451217336,674.6374379932828,580.907000916044,691.0375015903012,645.0512306892624,674.6638654389301,608.0858030528682
2016-05-04,602.2919708444688,721.2941322289765,670.4100355663072,571.1797728894536,687.6827834414884,641.4531777608181,672.079005114589,604.2111533631703
2016-05-05,598.7096220273586,721.0877239237414,670.7193297345461,570.9852015146066,688.5214785469851,641.3279898804022,672.0108160105926,603.657691799676
2016-05-06,603.4147130506389,724.9330425417255,672.2659839970418,568.4561926152705,691.0375015903012,643.6746147261287,675.4802195886462,605.0720935730502
2016-05-09,603.3078416918785,726.9928477017418,673.7094637779157,559.3127206105888,693.553275540922,644.2064096870855,677.2487837965512,604.5188712925493
2016-05-10,608.5475741197699,736.9489103701626,681.3395147534465,570.7908396265973,700.8214267543863,652.2165184675787,686.2278089442284,611.5915980083998
2016-05-11,600.848377386343,730.288626018659,674.1220699937518,571.9579745941066,691.8762589689717,646.115102312077,679.6295991084232,607.8401192395012
2016-05-12,598.9236019205538,727.0614065552396,675.4624211483292,566.3162007735259,692.9943738055616,646.3029968130613,678.0651379462673,606.3023072623345
2016-05-13,594.0582275767002,724.3838962570582,669.4819696402898,558.1454599509767,686.5646063317245,640.6710070390294,675.0039404597118,601.3821105334288
2016-05-16,600.7414585924478,733.4470614763525,675.8747522322144,567.0944443755466,692.9943738055616,646.9913047946283,681.398221349608,605.9947089744522
2016-05-17,590.5294804619423,724.2464408217201,669.5849148452855,569.4290075921382,685.1668849445199,640.9524262391544,673.3712901935595,600.520811399059
2016-05-18,593.4167622484633,726.8553922664038,668.5540412802477,567.4835871252407,682.6509241743776,641.1404334204991,673.0992882102141,602.1202387469993
2016-05-19,588.8719071106216,723.0793079586022,665.7700269234956,566.7053854205875,679.2967042109556,638.9187147542875,670.1742367985314,599.8444181977587
2016-05-20,598.1215686609346,731.0439554563335,668.8634730144621,573.5144617981479,682.3714421701105,642.9549816043677,673.9834252309666,603.9036148960363
2016-05-23,596.3573136913927,730.0825554417662,667.7291039805265,574.6817643551275,681.8124781615763,642.078891802177,673.1673032143706,604.1497772753899
2016-05-24,609.2959108067673,744.7077124432293,677.9369579155416,584.4089504843503,691.8762589689717,650.4018576033495,684.0512127446655,610.4844954191664
2016-05-25,612.5574083719218,750.0631833440486,680.8239174772895,594.7195993539091,694.9511214744743,654.813519074137,687.7922701063843,616.6349058373565
2016-05-26,612.2367468605056,752.26050022746,680.6176143693714,591.606960124767,694.671701743381,655.0011882144005,688.744886397533,615.3434955225366
2016-05-27,617.6900797005135,756.1742088347709,682.988930799637,594.1360528188382,697.187413420828,657.8172394415967,691.5340238674631,615.958452815308
2016-05-31,618.8664236090358,757.6159148402224,681.1333033561788,596.6650198208067,695.510334575704,656.5655859981581,691.2616736844378,617.0654955837932
2016-06-01,623.3574398688513,757.685036574291,682.1642227765418,598.2214232301127,696.6283871391199,657.9113275425394,691.6699378092159,617.9881708059432
2016-06-02,626.7258087927663,759.2640291509093,682.6798200526988,600.3613312771223,699.982980741585,659.9135448666715,693.7106781003062,619.9559743220634
2016-06-03,623.1970142428737,755.69345253943,681.3395147534465,594.7195993539091,699.4238299135293,657.9424273220127,691.8058517509685,616.8808289337165
2016-06-06,630.308015304472,758.4400282836228,685.6699999513934,606.7813486997236,701.9398529568455,661.2902171699855,694.050753121088,622.7237008847728
2016-06-07,632.3398044344261,756.5174534067165,685.1544485305615,610.2830049864571,701.3807021287897,662.3228199927862,694.1185940254041,625.2454445303737
2016-06-08,638.1140359615245,757.8220417051724,687.2165625032385,610.4777020534068,703.8964138062366,664.4816630178888,695.8192012624328,625.7988462731196
2016-06-09,634.7992213048267,756.5862374124425,686.3919003354683,603.085121038143,703.0579677934354,663.5743607558644,696.0914353788982,624.6916838631378
2016-06-10,626.5119237698408,748.0033781840324,680.8239174772895,584.7979256445742,698.3055905305918,657.2854444806399,689.1529183891911,618.110863160756
2016-06-13,619.5080312426772,741.7551786982576,675.4624211483292,578.9617899359843,691.8762589689717,652.2165184675787,684.6631736822325,614.3593843918575
2016-06-14,618.5456197922151,741.7551786982576,674.5342635116614,574.6817643551275,691.5967769647045,650.9337652446668,684.1871266864181,611.4687261913422
2016-06-15,618.4919232195933,739.6267021086294,672.678360936252,576.2381258670661,689.9191999341897,650.0262376219216,682.4185624785132,611.0378971619122
2016-06-16,618.0643903494167,741.8237938398124,676.0809177741569,572.5415630265452,692.435222977506,651.9661990469269,685.2755988860396,612.6986407768849
2016-06-17,616.4069118683656,733.128808801741,673.4000778990264,577.6708901447671,690.2728492885196,649.5382753211644,680.7617123346023,613.6579262970096
2016-06-20,623.9455406704102,737.7412773493819,677.7306548076235,585.66712843152,695.047022162213,653.7212520004989,684.3127687376113,617.8664954038524
2016-06-21,622.9105534636661,740.0820162021794,679.0374857195054,588.2023381412517,695.608663917223,655.5769285159174,686.0199337352794,619.2901693932167
2016-06-22,620.1218418873112,738.292055987704,678.0004675408953,586.0570672311973,694.4852558608553,654.5074792152624,684.9955883100546,618.3617513792271
2016-06-23,632.7784371261519,748.8254652573788,686.6073745084194,601.8542601746082,701.7865364028113,663.0307906972447,692.1660062866291,624.3034472065146
2016-06-24,608.4840584742394,717.9831561366534,662.8599562778645,562.2636360010337,678.7587885351849,639.2220502845123,669.494028723688,605.6739501219386
2016-06-27,589.713691013224,703.7320895624042,652.6969947061862,532.2294661839643,666.6833973927094,627.7737820069972,658.4314347242828,591.6864832865616
2016-06-28,597.59731555085,719.1532159787384,663.4820296190551,551.1471750616142,676.2313072278791,639.096242662114,669.6309292312005,601.3414324245686
2016-06-29,609.7712108577126,731.8895146494734,674.3705141454966,566.3593131647227,686.3411079107544,649.978573829468,681.1033542539438,612.5439443217189
2016-06-30,623.2323059831833,740.357321089255,684.4296134056759,572.600261238466,697.2934646359053,658.8477576777299,689.0926798445545,621.4564581522759
2016-07-01,624.1441041447872,744.0749783938293,685.6742644966337,575.9158094185952,699.820945943211,660.2318668848309,691.6876959928948,622.8797732171503
2016-07-05,615.6705288353442,739.5313501399717,681.6298706723923,557.77814572977,695.8893913849672,655.4825587140737,688.8879384327254,616.7527527115549
2016-07-06,619.7999470623895,745.5895774331723,684.4296134056759,561.8736553039889,698.1359584050072,659.4140891691525,693.0536833374614,619.4139983422474
2016-07-07,620.5507978115327,747.7927482745179,684.0149895555326,563.0438906766962,699.2592419150271,659.0050594608628,692.0975270162328,618.1758883141844
2016-07-08,635.6745418477503,759.3587056628825,693.4519696191962,576.1107578697502,711.0540301361061,668.8178849873815,702.8871904998127,628.1405294662651
2016-07-11,642.8609173385853,763.6957004592768,695.3184189193936,579.4261803577767,712.7389554011361,671.1767919923927,705.4136693444771,629.9355108404766
2016-07-12,651.4952028848152,767.5510946394745,699.051821928365,599.3188828754063,716.1087436580221,676.0520204659085,708.6916211318207,636.6197017959624
2016-07-13,650.2080030662071,765.6923504192728,698.9480513275163,595.6134377929674,716.6705722325537,675.9575379837044,708.554952757428,637.3004020911419
2016-07-14,650.4226470512897,770.9247193393043,702.1626471875691,601.4642375801958,720.8829165317155,679.7317103154701,711.9693407860445,640.7046214160193
2016-07-15,652.0850587863625,769.6854251870368,702.2665553543933,602.244324666388,720.8829165317155,678.819562797948,711.4228413883139,639.7763230435266
2016-07-18,652.4069536112843,774.7798320792167,703.5108396027498,605.9498116461945,722.848880630359,680.6437451526317,713.3350379642111,641.261851686658
2016-07-19,648.3848336592127,771.957098593823,703.9256468741938,600.0992213458038,723.4103978390214,679.9517187191715,712.3789977095425,639.4050156586791
2016-07-20,652.4605078785014,780.9757399599837,707.1405637215228,605.9498116461945,725.0952608308774,682.782474733401,717.5007248356671,641.8808767903154
2016-07-21,648.3310896514561,779.1858923216223,704.3404082903127,603.9996148793975,721.4444337403778,680.2035029845084,714.6326040716614,638.6621616059908
2016-07-22,653.1040603526708,782.4215549936007,707.7626370627133,605.5597890517821,723.9720395940313,683.2543237426196,717.7737714180524,642.0664407516166
2016-07-25,650.5836418988854,782.490620439612,706.725527173453,601.0740892936808,723.9720395940313,681.3987035673813,716.3398851358895,638.6004864144687
2016-07-26,654.2838670260352,783.3854316826786,704.9628026187793,608.095166350984,722.006386861257,681.7130817729263,715.7251966341626,640.8284503650501
2016-07-27,656.0536719063516,788.8243214840594,704.5477660707095,604.9747761088473,718.3554352244098,680.9897865394521,716.3398851358895,638.29097386264
2016-07-28,653.4259077424575,791.5780458114987,704.7553531277321,605.9498116461945,719.4787810076036,681.7761264345759,719.2078318000554,638.6621616059908
2016-07-29,654.3377059040615,793.2989968680198,705.2738392893746,608.4852308427638,718.6362249653279,682.8767881950646,720.7100812860547,638.8477853880403
2016-08-01,654.8202160955002,797.4987613813046,704.5477660707095,597.173695760087,717.7937934693998,682.3108510849034,721.5299754658505,634.51562661516
2016-08-02,645.1131849752056,791.4403652239323,701.9552894071722,594.0533055179504,712.4582279333919,677.9388531009804,717.6372771434998,631.2972105345774
2016-08-03,648.4919421936473,794.0562963876914,702.9925368624081,605.5597890517821,712.1771890997783,679.9203372387971,718.93455308455,632.9681834975133
2016-08-04,648.5991930334864,796.3281386586489,702.7849956607106,603.9996148793975,712.7389554011361,680.6437451526317,719.7541570979461,634.7012503972097
2016-08-05,657.5553734046379,803.9700304372038,708.6959763511248,614.9211692650297,718.0745832103179,686.210718358707,724.534242304729,640.3952285056873
2016-08-08,656.6974141210602,803.0751066180234,708.281214935006,617.8466110560114,716.9514242466456,685.8018576709579,722.9636876481735,641.1379629168788
2016-08-09,656.9119158007383,804.9337945501678,707.7626370627133,616.2862692941567,716.6705722325537,686.210718358707,724.1245853812311,640.7667153527796
2016-08-10,653.2112637573749,802.8684168725027,706.5182152483814,609.4603082774786,716.6705722325537,684.5122872862411,722.7587141032245,639.0336484530833
2016-08-11,656.3756141664081,806.3107692900015,710.2512514147514,617.8466110560114,720.6021267907975,687.6888593265703,726.9242268748407,643.1804825476555
2016-08-12,655.5174651422911,806.8614353522096,709.3181872582909,616.6763756833042,719.7596330216955,687.091315375314,725.0805676026197,642.3137397251884
2016-08-15,661.8459287846833,810.3038440577656,711.2885905806376,625.2575850156244,722.006386861257,689.0727431729505,727.4023050354549,645.0990535879049
2016-08-16,657.2337157553903,805.8288309454626,706.9331600858009,623.6972013564022,717.5130660016556,685.5188609457871,722.3488830798865,642.5616369062432
2016-08-17,655.0884143478002,807.2747022671366,709.0069671663949,623.6972013564022,718.6362249653279,686.8084313305038,724.32944285962,643.6755590607855
2016-08-18,659.7542765145802,807.481279436543,709.5256367493379,632.4737362161851,718.9170769794198,688.3494479394762,723.3050974343951,646.0273519603977
2016-08-19,659.5397273997672,807.2747022671366,709.4219578591396,631.4984073972652,719.4787810076036,687.3430433004708,724.1928325185074,644.9133101643586
2016-08-22,661.3630865473009,807.8940397589565,709.0069671663949,627.987826971246,719.1980535398595,687.3116054799164,723.7830014951694,643.1804825476555
2016-08-23,665.8680487367549,809.3398547925733,710.5625173619725,635.0089878232843,720.8829165317155,688.6953203057559,726.9242268748407,645.0990535879049
2016-08-24,662.5965897932872,804.1077673128273,707.6589581725149,626.6226850447514,718.3554352244098,685.1727632187866,721.0514910722762,641.4474754687076
2016-08-25,664.5272946509295,802.7998017309478,707.6589581725149,628.1830687039736,718.3554352244098,684.7010268899286,720.0273777801715,641.1379629168788
2016-08-26,662.3821355487439,803.9700304372038,705.5849218152949,630.5234137572855,716.1087436580221,683.4116255257525,720.3003082959966,639.8384169802869
2016-08-29,666.2971469663809,805.0716440019053,708.0737654439589,634.2287331476218,719.4787810076036,686.7768244894088,722.0758945307812,644.4179345474871
2016-08-30,666.8868131273889,802.4554313978609,705.5849218152949,635.2040200691742,717.2321517143898,685.6444432074645,719.4809944490007,643.9229776758539
2016-08-31,663.5083405197563,801.6292352963492,703.7181515278215,629.1579366518506,716.3897824916356,683.694565910743,718.7979427434374,642.499602790231
2016-09-01,663.8837421767604,803.6947818381856,703.1997112215042,626.817842982744,716.9514242466456,683.7260600714776,719.4809944490007,640.1476902491222
2016-09-02,671.821110722143,806.3107692900015,706.5182152483814,631.4984073972652,718.9170769794198,686.8084313305038,723.1686031598424,644.2326098691792
2016-09-06,670.3730583613437,811.3362796003413,707.3478756465945,633.6437621020547,719.1980535398595,688.8840599094433,724.32944285962,645.4085063189852
2016-09-07,674.4488274509023,811.8183868090514,707.4513711154922,637.5442813277509,718.9170769794198,688.821127928154,724.944073328067,645.8417281783481
2016-09-08,671.8745701190907,807.0681813857872,704.4441330358362,645.1505389174591,716.1087436580221,687.2483917977262,721.3930749583379,647.3270175384863
2016-09-09,652.2459587636886,786.7588875183374,688.4742365065432,627.4028978230464,698.1359584050072,670.7994254653784,703.1601210156381,633.4014053568762
2016-09-12,659.5397273997672,800.872160928906,697.5999047676607,637.739229778906,707.6841173328723,680.42362406857,713.4716483053239,640.3952285056873
2016-09-13,648.223838811617,793.7120949187756,689.5112546851532,621.7470883843403,697.5743166499972,670.6421236822455,706.7111193853672,630.6163307771528
2016-09-14,646.2394848164877,797.4987613813046,689.5112546851532,618.6265305527336,696.1702433990591,670.390508437449,706.3014044285892,627.4598291710854
2016-09-15,654.0158110791398,809.8905208547816,696.2517582078051,627.7928366227236,702.3486763432122,677.0896375647475,714.9057667206067,634.3916780246327
2016-09-16,652.8360992760449,809.5041596311285,693.1407495273003,624.3545291557076,698.9942072870947,674.4724671736757,713.3566843776499,629.7211132784831
2016-09-19,657.0726734726599,805.9842422710025,693.9702723595381,623.1824921961963,699.8398769880633,674.5988945380561,713.2196097702973,630.717726945562
2016-09-20,654.4985110111179,807.5027251862826,694.7997951917757,620.0567390910148,701.5311541168265,674.6302196782502,714.7273724178963,631.1534612763546
2016-09-21,664.5809912235513,815.4396789599409,702.1626471875691,631.1920538458264,707.7316940376986,682.2170446848617,721.0330364892374,637.4432540381399
2016-09-22,674.1269800611154,821.9274404165586,705.8960043412153,635.8807882470174,711.6778205186247,686.5158004345182,726.5847902201389,640.9305643824393
2016-09-23,669.6759041848225,816.6820689553466,701.436849100855,629.4339565091918,708.8590253040192,682.7543609834787,722.4724939662799,638.1281417857019
2016-09-26,662.0549279887218,809.8491491328431,696.7494260518225,622.0104133393174,702.3766992714475,677.2225440498516,715.8925065803936,632.5856896327293
2016-09-27,663.0229842202281,817.8553372166839,700.7077494307291,624.7452221080007,707.7316940376986,681.4266482967631,721.1013996930736,634.267131226622
2016-09-28,668.9927908082092,819.2356892399413,702.7910027083072,638.420187693503,708.8590253040192,684.8089183350214,723.7747027361298,639.5604299628249
2016-09-29,660.7102842218409,813.3002261991862,696.6452427530473,633.3408022373866,704.3494511460412,678.6133013982168,716.7834334949057,634.8275918176702
2016-09-30,667.7020333544895,819.3735949797357,702.999461016508,642.1319173810726,709.7048195513355,683.7341730574274,721.2385903669862,640.9927779606963
2016-10-03,665.980991792773,818.2006081586837,700.8117951635288,642.1319173810726,707.1681218142991,682.0904482999407,719.5935790121946,638.1906544677006
2016-10-04,663.2917516941459,816.9580492991067,696.3329221333474,640.373820044438,703.2221198797206,678.6133013982168,716.2353671986152,633.3951839990506
2016-10-05,667.0564411695227,819.8569405257011,698.9369084835012,652.6811298613934,704.9132724621362,681.6163456835139,717.4004433278326,640.1210101953698
2016-10-06,666.3573895876084,819.4427167138042,699.5620541314777,651.3138511691544,706.604362771378,682.0904482999407,718.2916604087446,639.2493022507915
2016-10-07,660.9253551231369,817.6481971667068,697.4787549985743,646.2345914051405,702.0947886134,679.7512603580013,716.1668298949388,637.7545013916699
2016-10-10,668.2935494857556,822.8245594699646,700.9159326069789,652.2905207038356,703.5040305377681,683.2916209419154,718.9083220419915,640.7438638269199
2016-10-11,657.3221348467039,811.0916517043629,693.208110999968,637.6388855836522,696.1757234383585,674.661995539886,709.8609917237578,633.0840562870172
2016-10-12,658.3976790937232,810.4015038367628,694.1454397016689,635.6853789248197,697.5849653627266,675.5471561110897,711.848689596931,632.8971762692527
2016-10-13,651.8901478173672,807.5027251862826,692.5829653519914,629.4339565091918,696.1757234383585,673.334451873711,708.4904197500714,631.091307518846
2016-10-14,650.1152673776245,808.4691348379281,693.3121108774426,629.2386309817291,697.3034906168962,673.6820144453968,709.9981823976705,631.1534612763546
2016-10-17,649.039723130605,806.2605040550479,692.1662321568905,624.550064170008,694.4848822218122,671.3428828436377,706.7768710916037,629.4721393239586
2016-10-18,651.0831813037262,813.4383008031517,692.4787820532162,631.3874212706567,695.8938750534849,675.5471561110897,711.9859963374038,632.4611428347187
2016-10-19,653.7187722648664,813.3693479332545,693.728706506568,640.373820044438,696.7396693008012,677.3490840945925,712.945460555592,635.3257191889646
2016-10-20,649.6311918267365,812.402994569666,691.5413616408649,641.5457732092143,695.6120266686113,676.0843597293463,711.9170528007674,633.7068500978189
2016-10-21,647.802662249507,815.4396789599409,690.395528775638,638.8108387484284,696.1757234383585,676.4006535010183,713.9735201107368,632.5235956959689
2016-10-24,653.2883932866002,825.2401051505938,693.5202481983672,639.0063318653613,699.8398769880633,679.2773267621152,719.3880251344457,633.2085432642795
2016-10-25,647.211051247971,822.6174757080447,690.395528775638,634.317890745743,696.1757234383585,677.0012961621857,715.2756128140268,633.7068500978189
2016-10-26,642.4243717927919,817.0271710331751,691.1247660117396,638.420187693503,698.4306350636953,675.641976634375,711.7803844263747,633.8312772543329
2016-10-27,635.8093525009226,813.3002261991862,688.4163212308597,638.8108387484284,695.3302405569113,673.8400486508724,708.2848078390426,633.2708166632848
2016-10-28,634.6261779329856,808.1929856299969,688.624641973085,635.0990252661238,698.4306350636953,671.8485923011594,706.3656472695459,630.3439070892852
2016-10-31,638.2294456445534,807.4336597402712,688.624641973085,630.9967283183637,698.1489112251692,671.880311822615,705.8175229399752,630.717726945562
2016-11-01,629.516749820458,801.3602909597215,683.8331273359275,628.457161282408,692.793542819875,667.0121822118051,699.6489334759868,625.7977694996497
2016-11-02,623.3857586443418,794.941594949115,680.3958580168727,621.0336181125336,690.2569696291863,662.9977753516445,695.330793177979,624.8637881560661
2016-11-03,621.6109730748688,787.1426594913653,678.8332461012197,620.4474739406753,688.2838441155494,659.9631805654323,691.5611834425017,620.5669834454454
2016-11-04,624.5689806474136,784.3818991567937,677.6873215253426,619.6660461387219,686.8747890107028,659.2362232202447,690.1902052358554,621.936998223563
2016-11-07,639.7891128775956,803.0166796147962,691.95786555934,635.489969602622,700.4036360309844,673.777060329403,705.9543654142079,634.8275918176702
2016-11-08,641.2951309731508,808.261994787951,695.2910891455952,635.6853789248197,704.6315486236103,676.8114297548943,709.3127513276273,636.6959134293273
2016-11-09,661.1943123375939,811.988770757769,703.5201023784332,658.5418174273609,709.4228466201141,683.9870277861882,712.945460555592,648.0921847302992
2016-11-10,673.6716976370662,798.875454680853,704.4577062120851,670.8492948337863,710.8322130908301,685.6939662258649,707.5308974986032,655.2536854366627
2016-11-11,690.6130137343689,799.2206130467384,703.7284689759837,669.090820420844,711.6778205186247,684.1136241711092,708.14779126497,653.4477568655077
2016-11-14,701.1542391356938,791.1455283810575,701.8533530193301,681.5935814573647,710.2685163210828,684.650884129546,703.0073774226863,658.4298082481805
2016-11-15,703.1441430415978,802.1193354091619,704.8742559858854,692.1429615271558,713.0870001698189,689.9931726969628,708.9016435721295,662.4153656052711
2016-11-16,703.4669865692159,806.881699052751,706.0199971404619,684.5241766245537,714.2144559824873,688.6970668513422,711.1634906600077,659.4263022737628
2016-11-17,706.8014393717311,812.7480966474945,709.3533582926925,688.0403294004553,717.8782981663228,692.2374837754365,715.1385382066742,660.0489166223196
2016-11-18,710.1359396093811,809.7113559691627,708.1034338393407,689.4079013742672,717.0329398312235,690.6883541805146,712.8768071853558,659.7997033848015
2016-11-21,712.9863168610084,818.1314301365582,712.6865360236225,700.7383740670713,721.5425139892014,695.9042717237312,719.2511246269329,665.2176685605118
2016-11-22,722.1829459305873,820.6159849751416,714.8741101659514,700.1523136899481,726.8978201213218,697.2635349113617,720.8273085116484,666.7746829978905
2016-11-23,726.5931327206611,817.3032076649924,712.7906276117475,705.6223083036225,727.7433030027688,697.6427606643229,719.5935790121946,668.891918743324
2016-11-25,729.658675743854,819.9258371075414,715.707255568877,703.8642947617229,731.1255458944262,700.235085035924,722.0612121109419,671.44524774404
2016-11-28,720.9459324846239,818.0624209786039,713.3113148289978,694.0962586991506,729.1527317466586,696.9474101602303,719.1138759197404,666.9613835534099
2016-11-29,720.7308141481931,820.892246759187,713.5197272818733,688.4310642501159,729.7163039700581,698.3068423684015,720.6905240706957,667.8332111394848
2016-11-30,718.1494415461577,810.9535208123402,709.3533582926925,712.2642141847057,724.3610601111116,696.631285409099,714.7960838214126,670.4489930014508
2016-12-01,715.9441821281489,796.9430293939611,706.9575551187887,712.4598748911087,721.5425139892014,694.0707368991334,707.0512524394289,672.8152027014092
2016-12-02,716.0518598842013,798.5303526030242,706.9575551187887,713.4365025284224,722.3881836901701,694.4186375119004,708.4218824463951,671.8810418955808
2016-12-05,728.4217097330255,804.7421337158819,710.0825038181437,722.031998863073,725.4884536506061,698.591134917717,713.0823610631047,675.3685317021252
2016-12-06,736.6503774413678,806.6746152908308,711.3321072842193,729.4556258276825,726.6157226437527,700.8040081756362,714.4532812364711,678.855901867173
2016-12-07,744.3413204613352,816.8892090053237,720.7069992376092,738.8327594511244,738.7355145591879,709.9710062164628,723.9120094766025,688.0723649199646
2016-12-08,756.7111228750246,818.3385138984781,722.1651985778612,745.279507394215,739.2991490557612,711.7092697963336,724.4601338061731,689.5672255998346
2016-12-09,758.2707901080668,824.7569847568566,726.0193845133177,745.279507394215,742.9631780591184,716.0084199272513,729.669084952133,693.6769708304458
2016-12-12,750.6337808363952,821.0301524989814,727.2692631113443,736.2928572362284,742.1176951776713,715.186529378418,728.1610901714141,692.4318019540806
2016-12-13,751.4942067469839,831.3826519532688,732.4774192329523,739.4188198282476,745.7819732737238,719.9598384659424,734.2610842984461,696.853153462712
2016-12-14,742.136155913596,829.6572541402398,726.5403010071939,728.4788306008987,741.2720877498767,714.0170762578988,730.9711776554229,691.8090081432788
2016-12-15,749.0741610384879,830.968709581657,728.5195544072975,732.5812532407614,743.5269993752131,716.9568505208255,732.7532636175672,693.3657832976642
2016-12-16,744.6098507595788,827.8882893710474,728.207050366297,729.3019462835526,743.0153007056362,715.5546561158786,729.1726682750397,692.0869353399926
2016-12-19,748.7515072514091,831.2800388252502,729.6649745745979,729.3019462835526,745.8587560970886,717.112687459273,733.3041735445776,692.2123196284797
2016-12-20,756.3883267825412,834.4641979250196,732.0610070251275,732.8365757985387,747.8490690067098,719.8789339671679,735.7831811662043,694.7200652189726
2016-12-21,752.1825854235625,833.8412579975478,730.185891068474,732.8365757985387,746.9959887980524,717.8758715403327,733.9927384117406,694.2811005677706
2016-12-22,744.7317116209439,831.487854331912,729.7880502673411,730.4801840534597,745.5742299657392,716.6356551534757,731.5139048899538,693.528914478344
2016-12-23,748.0254650777794,832.0414473730871,730.3117180807272,732.6404961184603,745.8587560970886,717.6849910097974,732.7532636175672,694.5321682484868
2016-12-27,752.5606434481168,836.333242859663,730.9397526141892,735.9784593902224,746.7117740325722,719.4656787453628,735.3012728091102,694.7200652189726
2016-12-28,743.7600028840562,829.8264560397591,725.704633561384,724.9821601009023,741.3090780151472,713.5195924666868,728.6903536849856,688.6385084821036
2016-12-29,745.3797229977866,828.649697918884,726.5424562074767,720.6621225340466,741.8774452729336,713.3605441379676,729.8611751089227,688.7013800885923
2016-12-30,742.4645019168538,820.1354538320292,723.5059624303652,718.5018942637811,739.0342389741764,710.7533459587921,725.316182719407,686.3188991450897
2017-01-03,746.6215273923673,827.4730523741233,728.7410356278451,730.0873543354223,742.1621582238047,716.1907367503953,730.1366010557879,693.2153939363775
2017-01-04,759.0932204756606,831.9723256390187,732.8244523338022,738.531182199585,748.1336574112331,720.4511248373319,734.2682223918857,697.1652383067187
2017-01-05,748.1333325743711,836.6793581225186,732.0915466716875,737.7459417371855,745.8587560970886,719.8789339671679,735.9208361063569,694.9708337959471
2017-01-06,743.9760224880487,844.0169566646128,734.6042809247625,739.3166740461896,746.7117740325722,722.4545816454284,741.291932236628,696.2873090043148
2017-01-09,737.5513129570968,846.7858224794011,730.9397526141892,731.8548366823854,744.7215233961248,720.0696454771625,739.639608688557,691.7733549772776
2017-01-10,744.1918049163671,848.6545296857022,729.7880502673411,734.8003054150504,744.7215233961248,720.0696454771625,739.9836880056586,692.2123196284797
2017-01-11,746.6215273923673,850.9390367694978,730.2066176754487,739.5130051104733,746.4273724475705,722.104652786174,740.5346559659489,694.15583592078
2017-01-12,738.6310314959808,849.6238100282577,729.3693452932581,733.6223190293487,745.8587560970886,720.2922455291532,740.3969429925163,693.8423153788137
2017-01-13,744.0297190606705,852.5312007514681,729.3693452932581,735.9784593902224,746.1431576820903,721.9457171378153,741.8429001969185,693.2153939363775
2017-01-17,734.4198350964973,849.9697564269422,729.7880502673411,727.9274612440971,746.1431576820903,719.4019016613705,740.1901704158873,689.5164377845075
2017-01-18,737.2812172994039,851.7004453173346,731.0443486108909,730.283852989176,747.8490690067098,720.9918778869412,741.9807292369112,691.2090658583367
2017-01-19,730.2628096209838,851.2851520323535,727.379957866293,726.1602302813392,745.5742299657392,718.3209026237735,740.5346559659489,687.8236900691815
2017-01-20,733.8260895138942,853.1541969669969,729.3693452932581,731.0692610410457,749.555167150851,720.9600456851254,743.0135475210155,689.6417622522464
2017-01-23,731.3424332895981,853.8464274927081,728.3221472324615,727.1421369869626,747.8490690067098,719.0840303646527,742.1872696804201,686.6325393285528
2017-01-24,742.0324627088687,859.5918057647751,733.2431573078852,738.531182199585,754.3893090909679,723.6945163313845,746.1812941096453,693.027377324395
2017-01-25,750.3467982707048,868.2444058958813,739.4209242801104,748.7419896423004,759.5079148892605,729.958473906778,751.0703658162623,698.4815938735896
2017-01-26,746.3516689103485,869.1443956401974,737.6408664125242,747.5642546408038,757.8017544719456,729.195458846259,751.2768482264913,697.6667156399193
2017-01-27,743.2201436146142,870.8055687801218,736.5938059177031,744.2258723953663,757.2327022092467,728.0508517452104,752.0344726968506,695.0961582636861
2017-01-30,733.1780307019167,864.0217884314309,733.3480284365379,733.818482504162,753.8207550136599,723.5356370232057,746.800973473452,691.1464335348415
2017-01-31,738.145295715374,862.2913809813238,731.8818961250324,732.6404961184603,748.9866753467168,723.4719162793937,746.318600850118,691.5225864003032
2017-02-01,737.3895117122091,868.2444058958813,730.8351107621622,734.9968040688042,746.1431576820903,723.7580117144757,748.2471047776943,689.0775927748022
2017-02-02,733.7180322767631,867.4828847719303,731.0443486108909,732.6404961184603,746.1431576820903,724.2351567006334,748.0405643341853,690.143419047692
2017-02-03,745.487732799783,869.9749259221026,736.3847514902751,743.2440494844781,752.1147191426927,729.227009347174,751.8967597234181,697.2905029537093
2017-02-06,738.5770977476849,871.0132717106695,735.5467912782071,738.7273456743984,751.2614521145136,727.9234102575862,752.1033582002069,694.4064250355098
2017-02-07,736.0935838287933,874.1974870984959,736.6986311910306,733.2294055165761,752.683148673653,727.9554114799428,752.9294619409625,693.4660428718554
2017-02-08,734.905618312239,875.6509010198157,736.3847514902751,731.2657596947995,754.105032052314,728.9090817102762,754.7888482320626,694.4064250355098
2017-02-09,746.6756508812025,878.8352852718133,740.049142234873,740.8876577393991,758.6545855879076,733.2337539428266,758.3008482376338,699.6101122907231
2017-02-10,752.7223972578697,881.7425071308526,743.6090286934194,746.1896858066132,760.9293623557045,736.1271038972643,761.0554559059657,701.9299609107302
2017-02-13,754.4500323033268,886.7264205670256,747.6923995440513,750.1167260659612,763.772880020331,740.1335104518358,764.842707758562,705.6289768833486
2017-02-14,756.1777147839188,889.7028767362474,750.9383604465171,755.2222554794215,766.3321206463033,743.0905248099054,767.3215412803488,710.2054435923843
2017-02-15,760.6050256576644,894.9640651414929,755.6501326732123,758.560637724859,770.8817987282449,746.9696588973934,771.1089672327851,714.2807918927093
2017-02-16,759.0932204756606,894.6871841888199,756.4877718980042,751.6874583749653,771.450726444596,746.3340289843184,770.6959443790474,713.1521538340793
2017-02-17,758.0131698908327,898.5632360859581,759.628769961167,751.0985489768495,772.0193427950778,747.5103556068225,771.9353611399407,712.8388127543578
2017-02-21,764.6002024531555,902.9935001928992,762.9794185709849,755.8115838512127,777.1376372275012,751.9619059251953,775.7916145624533,718.1050725123183
2017-02-22,761.9005266248669,903.339728031869,762.8745932976573,748.938320706584,777.7064403975046,751.2942184495836,776.135926012675,717.8543039353439
2017-02-23,756.5014121439638,899.9476971373808,765.0734019946516,747.1712573332962,777.7064403975046,751.8028575964761,775.3095321055193,718.6066096662672
2017-02-24,756.2855822805104,901.6779357233168,767.4814943956998,741.47665093225,781.4027269049193,752.7567531875301,776.7558955428816,719.1709586059565
2017-02-27,762.2245085957207,902.7856846862375,767.3768066883478,747.5642546408038,779.4125385416459,753.9335305314762,778.8214740778105,719.7979398691409
2017-02-28,750.0227214295811,900.0167062953351,766.2250584861745,741.6729819965336,777.1376372275012,751.8983542019238,776.5488327998528,718.1050725123183
2017-03-01,763.8441812743164,909.8465148517728,776.2766374730268,758.7567174049374,787.3744751850431,762.4229815651549,785.9831870623855,728.7005832762245
2017-03-02,755.5298457124804,905.2778384125237,773.4497483872453,746.5820127562401,783.6777527654116,757.6217277482486,782.1269336398728,724.8136105123718
2017-03-03,753.3701240239035,906.9391804166195,773.1355476992136,747.7605857050875,783.6777527654116,758.0988163942262,782.9530954139084,724.4373380054135
2017-03-06,748.1871714523974,904.9317794377251,771.1462519828989,743.8328750878587,780.2654319307817,755.8410963528635,781.8515657262876,721.1771072217522
2017-03-07,742.896209078895,903.4086809017662,769.1565894239828,737.942021417264,778.5594583329882,753.5835453320415,780.2676053820528,717.4782707113787
2017-03-08,738.0372859133778,905.0010700359647,767.9005203570589,732.2475826056877,779.4125385416459,752.1844496370059,779.2344969315484,715.7854631753045
2017-03-09,733.8260895138942,905.6931879855617,767.9005203570589,732.4439136699714,777.7064403975046,753.1384015682402,779.9921214019076,715.4091906683462
2017-03-10,737.4975689493402,909.5001744366887,770.9369682788451,734.4072243128078,780.5498957889572,755.7774319492316,783.090924453901,717.3527069606465
2017-03-13,739.7648260885652,911.0236107009899,771.041885262823,737.353112019148,781.687128489921,756.1587986290405,783.6418343809115,717.603654999866
2017-03-14,736.3094136922465,908.8083942154341,768.6333343085232,730.8731813609672,778.2749944748126,753.2656740353237,781.920393196364,715.8482151402964
2017-03-15,747.9713415889443,914.4151350029647,775.7528779489903,740.6913266751154,784.2464313890673,759.7840075243438,787.9111106571618,721.42811508172
2017-03-16,749.3749946635473,913.7920824993788,774.0779663420079,739.9060024179809,784.2464313890673,758.2894152238604,786.6716938962685,719.5469918299215
2017-03-17,753.5863808035701,913.4728166397404,773.9732327793307,734.715253758948,786.0392760643903,756.9577023843502,788.0953663211521,717.7386704288335
2017-03-20,749.4829570304088,914.3052607155855,772.9261722845096,732.1597657233278,784.0472817790749,756.1274734888465,787.3350723199129,713.9577000310111
2017-03-21,729.6148931144107,900.4322810206015,765.2826856987053,713.0887543778559,775.5094428238543,746.4191026564283,778.8356341981298,704.0644848524294
2017-03-22,728.427022468126,906.5363830803053,766.7486804442353,714.661581555237,778.070738464564,748.1757894752261,781.3231727119161,705.3877198053576
2017-03-23,733.0701632053249,904.2471477997167,765.8061242354656,716.6276574243309,778.070738464564,747.3771674208175,779.7339313392015,704.2534585963851
2017-03-24,733.00512963548,906.1202454744683,764.8277550177419,716.8243236675547,777.501686201865,746.8342171041801,778.9737534045224,703.6862980815247
2017-03-27,733.7635225710602,907.5768678150405,763.4601199446911,715.4482465281327,774.9403282879815,746.0678216328488,778.9737534045224,702.9930952499454
2017-03-28,739.6137926192828,913.1263073604853,767.3527326426359,726.2613705265761,779.7782066185299,751.4968177376015,784.2944766477564,708.979656638476
2017-03-29,741.5638510119337,917.3573117454375,766.6165712524346,734.3220888619703,779.2091543558311,752.19932344458,785.8839501535908,707.5301400858356
2017-03-30,747.8472512762423,918.8836187006489,767.45797061389,739.827067777539,780.0631063889225,754.5945698658237,786.160362666216,711.8152797505331
2017-03-31,749.2556952994628,918.2589338434082,765.8799971643067,739.0406541888485,778.9246282244816,752.838277428287,785.7458309471983,710.3658828393894
2017-04-03,735.4968972678311,917.7043839052632,763.986493222262,733.7324253112388,777.501686201865,751.528818959958,785.4693604012932,707.8452159672585
2017-04-04,736.038701377801,919.1608373816642,763.7756504371525,735.3051686938848,777.2171600705157,752.0079358524229,785.192889855388,708.3494450548819
2017-04-05,728.0214520653732,915.4151486246745,761.672312527152,729.2103586381144,774.9403282879815,749.7724701822415,783.6036484826735,704.8836103592307
2017-04-06,735.0634824409361,915.9010271332075,763.4601199446911,737.4677432167324,776.3632080374242,751.8800999835374,784.9857110457991,707.7193531127846
2017-04-07,734.9550457227265,915.4151486246745,763.2499649894593,736.0915822825752,776.9324471196446,751.1134791514853,785.4001847315369,706.8371167165012
2017-04-10,737.2302245294671,915.7619393442149,763.2499649894593,737.8610757031803,776.6479832614691,751.560651161774,784.5710052269415,707.8452159672585
2017-04-11,744.1639604922249,911.8083225044492,763.3552029607133,737.4677432167324,776.9324471196446,750.6664198215572,783.1198250273395,706.5221006558269
2017-04-12,733.3301551793,908.131811769585,760.9351881751222,728.030696357711,773.8019123967144,747.3771674208175,780.6324025801132,704.2534585963851
2017-04-13,724.771528673116,904.5247042090747,757.0428506091284,718.9870657798725,769.8177370065622,742.5232918755995,778.3518687760758,698.7711861162264
2017-04-17,733.00512963548,912.016138011111,762.7237751331891,726.8512016667778,775.5094428238543,749.1016839967182,783.8800609952987,704.5684746570596
2017-04-18,733.655228158255,910.6290877090637,760.3042647561748,721.9359700966756,777.2171600705157,746.8663310068971,781.7377624642138,701.9218851097065
2017-04-19,737.7719812043022,912.0857100496358,757.6740950153519,720.5599767519888,775.2249166925048,745.4930391143955,781.3924644482323,698.7711861162264
2017-04-20,747.955687994452,919.7157250481516,763.14468116288,728.4238612546887,781.2013977338419,751.560651161774,787.6806605022942,705.4506512325945
2017-04-21,746.0056770369358,919.5076281012047,761.7771378004796,723.5087972740567,778.355513688609,749.1657427816116,786.7131876914663,700.5356589087929
2017-04-24,755.3222695624868,930.6058880234663,768.1944529913676,733.9291753491977,787.4624049065283,757.4048180544586,795.0741003738968,708.8533152180155
2017-04-25,762.039464134769,937.3347875165247,773.3492335144832,739.6304853290502,791.1621164385049,761.811803290289,800.3261122136145,713.0125322074911
2017-04-26,767.0230942697408,936.0170841007741,771.981736007408,739.0406541888485,790.0236382740641,761.3327990781845,799.0129931871251,713.6426839703365
2017-04-27,766.2647962044302,941.6351387877736,772.6130721242819,733.53584286275,790.5929396294584,761.9714150208104,800.9478807755011,711.4372126211249
2017-04-28,756.0810894142804,943.300026939464,770.6140550790321,728.8171937411366,785.7549367525623,760.3110135699832,801.0169403786973,708.6012904053263
2017-05-01,760.0895480475224,951.6931391275284,769.7723347303005,729.8004411625212,784.0472817790749,762.2270304184013,803.9884184143776,709.4838857260994
2017-05-02,756.9475395869918,953.2887929690363,771.1400156586765,728.6206950873828,785.1856976703417,762.514421677628,805.2321876712707,707.9712582839772
2017-05-03,752.2891721715141,950.2366293630703,770.0880027887374,729.4069410866032,784.3317456372504,761.5883017954151,803.6430043318361,709.1054596722014
2017-05-04,751.6392159541435,950.5833637945535,770.9296314268187,724.8850420029489,785.1856976703417,762.4824767954517,804.4030661999553,708.4126157651122
2017-05-05,754.9974811943408,954.0519464466419,773.5599845889424,731.7664332368801,788.8853469291448,765.4842815967844,807.7889018548133,712.1934067006895
2017-05-08,752.2891721715141,956.1330284922265,773.244224819855,731.3732683399023,787.7469933110516,765.3567274287998,808.6179652928487,711.3111104836579
2017-05-09,753.2639641921654,959.4623544911509,773.1389409932759,730.7832696102305,787.7469933110516,764.6541090414609,808.9637275750702,708.1604713109263
2017-05-10,757.3809544138867,960.01701700541,773.034024009298,735.5018349371087,788.3161701200981,766.0272882536021,810.0692615590107,710.3658828393894
2017-05-11,751.7474154966791,959.2542012561468,771.2450243533046,730.1933546752937,785.7549367525623,764.4625524287632,809.4473769305641,708.2234027381631
2017-05-12,745.7888984707861,961.4041798835715,770.1931949046664,725.4749569378856,783.193516565505,763.1851515229708,808.6873730957249,706.1439138849221
2017-05-15,750.5555128639343,964.4563434895375,774.6119974588813,732.9460955172833,786.6084528734368,767.4006928264641,812.6949773124695,710.239900343419
2017-05-16,750.5555128639343,968.4799263842275,773.9803862100565,732.7491778898542,786.8932280974817,766.6976800578636,812.9022721886183,707.9082072152437
2017-05-17,731.7051697656041,943.8549708940086,764.0915936275405,710.7295136117843,774.9403282879815,753.0936674651572,797.5619290540831,698.1409745326324
2017-05-18,732.7885882450043,952.109895901993,765.669612932449,712.8922557241021,775.5094428238543,756.1274734888465,802.6064138845319,696.3765615608143
2017-05-19,736.1469009203365,956.1330284922265,769.6674177463226,723.3122148255678,782.3396268055873,761.0455204993183,807.8579614580096,702.4891054453152
2017-05-22,741.9971709685591,964.1791810965792,774.6119974588813,726.2613705265761,786.6084528734368,764.9097244390518,812.6260337758332,704.8205592904972
2017-05-23,744.4888911657754,965.1501500808465,774.2963294004444,727.6373638712631,786.6084528734368,766.6020144318753,813.80074342953,707.9082072152437
2017-05-24,744.1639604922249,969.5898142933164,776.5051804136499,727.2442827690205,789.1696239677989,768.3905334524891,817.1174614479118,707.1521327771759
2017-05-25,745.1389422534156,977.8440075565591,781.0292667944441,724.4919609007062,794.8617656973079,772.0630117589843,822.0928286418842,709.6098084013216
2017-05-26,745.0306478406104,979.5783551706603,780.8191576945374,724.68845955446,795.1462295554835,771.9032873481026,822.4382427244257,709.6098084013216
2017-05-30,740.8054106412187,980.4108555345626,780.3982058095212,720.166811855011,795.71540636453,771.2327828634807,823.4054253688537,708.3494450548819
2017-05-31,740.2635590961141,980.063783374737,782.0814630856837,717.2173209750623,796.5693583976216,771.041226250783,824.7877200650994,707.2782947353912
2017-06-01,753.1556697793602,983.8789878821945,787.4466278406571,726.0647880780873,802.5455280730894,777.1725590419735,829.072026960869,712.1934067006895
2017-06-02,758.0309106312573,995.116335593449,789.655845696464,722.1328039293697,804.2531207734029,779.7595310964554,834.392924303943,713.5795730808546
2017-06-05,753.0475176719594,994.9079572062166,789.1300685381203,720.5599767519888,804.2531207734029,779.1847485780021,833.8399251788528,712.8866095322687
2017-06-06,751.9641466276939,990.9538337739375,786.2891477228383,720.3630591245595,800.8379976459495,776.69383653077,830.6613844001437,710.1768492746854
2017-06-07,753.1556697793602,994.8386103199199,786.9207589716632,717.2173209750623,800.8379976459495,778.1306238063629,832.5269222189232,711.3740419108948
2017-06-08,763.3396137451841,995.878926190484,787.762295899094,723.5087972740567,801.6917005863455,778.5140750728395,831.8359199540005,713.5795730808546
2017-06-09,769.6229665743579,970.9767520192496,788.3935403053176,732.1597657233278,802.2611887612615,777.332227112675,823.6130104114025,719.1250162712436
2017-06-12,767.9980760309315,965.7743846336306,787.9726801309519,734.3220888619703,801.6917005863455,777.1725590419735,819.7434093344906,720.3853197969349
2017-06-13,771.6813193798141,973.6130594596639,792.0755394947789,740.8103151989237,804.8224221287973,780.9729295575346,826.1006649917488,723.1579516610068
2017-06-14,766.9147998569356,969.3815484821981,791.8653386842218,731.7664332368801,805.1066991674512,779.9830325913296,824.7877200650994,722.5276802566646
2017-06-15,763.2313193323789,965.0811409228922,791.4443867992056,727.8343652934274,806.5297657364156,778.4819611701224,823.47494923829,720.0071330260301
2017-06-16,759.114234240388,960.8938723582748,792.0755394947789,728.5071532213545,807.0155587656685,778.6521085143421,825.0772480990039,720.0198150246748
2017-06-19,762.5812208096039,976.9608479413038,797.86211468802,736.0255520313352,812.4433508721575,785.1346096487516,831.5277052039371,725.7881503233192
2017-06-20,753.4809799339893,969.309724921391,792.496216247844,728.1110555086491,806.1586176202319,779.839308791626,827.1580313532919,719.829525224256
2017-06-21,750.0141356701778,978.9083021394302,791.759871436342,721.7797767104936,805.3016764747955,779.6469634164055,829.5162717192452,717.1673822823386
2017-06-22,752.7226344335438,978.6300139853306,791.0233432035392,721.9779512589489,803.5875450912267,779.2939358472397,829.7939029307502,715.4558508520389
2017-06-23,759.114234240388,982.3861160328763,792.3912992638661,723.7583379951137,803.873067593358,780.2246192840494,833.2620878099239,716.5968119848237
2017-06-26,760.5223462176647,977.7953746752602,792.7069673223031,725.341220540704,805.015780333621,780.7378783257186,830.4875166932729,717.294262089534
2017-06-27,754.829228771117,960.0591204720902,787.0277853005986,721.7797767104936,798.7311093548692,774.4481732879714,822.1638613766005,715.7096104664296
2017-06-28,766.9985228699015,973.900353702893,793.0558346361596,732.2661012421396,803.873067593358,781.3799310193369,829.3081063438964,721.034195454006
2017-06-29,762.2177253714408,956.9986262336794,783.8553304843725,732.2661012421396,795.0174486319487,774.512344753225,818.4182774190418,720.0198150246748
2017-06-30,761.7830772310405,957.346486426304,786.4991651120947,735.23411075854,798.7311093548692,775.9563999120643,820.1522537920686,720.5270351497146
2017-07-03,768.9539888679226,947.2611300908185,789.3540259462269,743.7417902108309,801.0167216549171,777.2721121403961,820.7071099821189,724.7105393630095
2017-07-05,764.3907288977688,956.5814191547582,789.0367988067344,741.7629775420055,801.5877666591795,779.0692512085812,822.025161837408,724.6472490112827
2017-07-06,753.8513060315671,947.9566253238393,782.586055083801,733.2554656791848,794.1605697596859,771.9450354216347,814.117663171593,717.3576122620093
2017-07-07,761.7830772310405,958.1810131602604,787.7677068274636,737.8060225622352,798.7311093548692,776.9513111543077,821.6087730534304,719.5761245343551
2017-07-10,757.2195800852124,964.4409205619035,788.2967855692191,743.346279061271,797.0171647908222,777.7857092231468,823.7592542769947,720.0832250178983
2017-07-11,758.9579829062748,967.1536671838038,785.9700863703391,743.346279061271,797.0171647908222,777.2079406751424,823.4123313291733,718.6886837329679
2017-07-12,764.716513403746,978.6300139853306,792.3156379773436,749.0841235456166,801.5877666591795,783.0485581364742,831.8746281517584,722.3653865664613
2017-07-13,766.5640170349056,980.7860717229178,792.9502756776294,752.645483581092,802.7304793994425,784.3643830451665,833.6783024940613,723.1892379123803
2017-07-14,768.5197676437356,988.5071045096978,797.8146085711489,755.8109972880671,807.0155587656685,788.02266362625,838.5335407984404,726.8022914696571
2017-07-17,770.4754708174307,988.9937710510297,796.9683944005512,755.2173953847871,807.0155587656685,787.9263782582794,838.672356404193,725.1542298533291
2017-07-18,768.0850246330655,995.6015386452973,798.1322025532428,751.854126103032,807.0155587656685,788.3437463132394,841.1694123758988,723.3160578988274
2017-07-19,776.8862818538789,1001.4442389680192,800.5642772893523,760.3618893500578,811.8719322288522,792.611571303963,845.8861252409251,726.1048413649468
2017-07-20,777.9728784873125,1002.7654322433076,802.6792165966197,757.5918867926425,810.1579876648052,792.9645425329486,845.60866812926,727.4995621121222
2017-07-21,774.1700037284016,1002.3484503166147,802.4680986795593,756.2065922323621,808.4440431007583,792.2585437347973,845.8167174380488,725.344340191503
2017-07-24,774.2785827520157,1006.9385162175462,800.4587183308222,757.9876493264077,805.015780333621,792.0661983595768,845.8167174380488,725.2809301982794
2017-07-25,781.5582157179165,1004.3652514010379,801.5163255504312,764.3189281245632,807.0155587656685,793.9915113377289,846.4408653644153,730.3521743167034
2017-07-26,776.2341910554412,1007.634124026681,801.4102163279991,759.9661268162928,809.015274924542,794.0237379208062,847.4119362386032,728.2603623893076
2017-07-27,772.6485692140284,1001.3048697387412,800.3529759509913,757.3936284494522,809.872029250457,793.2854561993973,844.0827410650222,727.1193414357746
2017-07-28,771.453251251576,1000.4702304286707,794.5367782176934,754.6237096867719,805.8729082985792,792.3549981233086,843.8052259200771,729.0209233834998
2017-07-31,769.3890639245363,996.2272366875649,794.5367782176934,754.4263730856674,806.4442023955369,791.9056851861721,841.5856270600364,729.5912543980214
2017-08-01,771.6706939096133,998.5226636544301,797.2861718039458,752.2496372525918,808.4440431007583,793.6706540114602,843.7357020506407,731.429785277013
2017-08-02,761.6744033371566,1001.2350725479881,797.1800625815135,749.8753972289417,807.5867905894523,794.055795483343,844.4987236160399,731.492896166495
2017-08-03,759.0666093650239,997.3399389995068,795.8055033543629,747.1055622609965,807.0155587656685,792.5152859359924,841.5856270600364,730.7322155308062
2017-08-04,762.1091463478267,999.1485868489259,796.7570930621902,752.0517978830768,807.5867905894523,793.959397435012,844.4293738464435,730.7956255240298
2017-08-07,761.3483342203704,1005.4779537129798,799.0834254184688,751.0626848302369,810.443634713284,795.4356228367484,846.7877883122367,731.619895615187
2017-08-08,759.2840520230611,1003.739328206542,797.2861718039458,747.8965845601161,808.1579601400623,793.4781959558793,843.4583029722556,729.3376742458756
2017-08-09,752.8732884217476,1002.4172343223407,796.6519009462613,745.1268333869061,809.015274924542,793.4460820531623,844.9149383001774,727.4362717603954
2017-08-10,741.2472214869777,980.9255535283099,785.8645274118089,728.1110555086491,799.5882995930014,782.2462739703523,831.5971710400934,721.8581664414218
2017-08-11,741.0297313938055,988.3672849759633,785.6527675201963,728.5071532213545,801.0167216549171,783.4015293654597,834.7186070712855,718.3083434151234
2017-08-14,752.0040870112165,1001.0964913515089,793.1613935946897,735.4316987438499,806.7299739903634,791.1675161451238,844.4293738464435,724.3301392244168
2017-08-15,744.6155429757579,1001.7916488561873,793.1613935946897,735.23411075854,804.7300710119683,791.0712307771531,844.8456465638611,725.597980164397
2017-08-16,745.593370845038,1003.5306120909673,794.747987845404,735.4316987438499,807.8726244574527,792.4511708109189,846.857138081833,724.5835997350658
2017-08-17,731.1424467611765,983.0118140751439,782.3746620347897,717.4269754022231,795.5888672752541,780.096332693722,832.9151648621025,713.7442596009909
2017-08-18,729.8382651643011,982.3164314182372,780.364823132801,718.0205773055033,792.7318986050747,778.87668047264,831.5277052039371,712.7935284478765
2017-08-21,728.8606270355602,981.0643598770173,782.1632689857784,716.0419322261479,795.0174486319487,779.4865629233612,832.9845146316987,712.6670075651712
2017-08-22,735.9231019542327,996.0190834525608,789.3540259462269,725.1434649659241,802.7304793994425,787.6373531338268,842.6260477038204,718.5621030295142
2017-08-23,733.9672564751331,992.4714723683617,787.1336193910798,723.9562611593639,798.4455245795642,784.8133016010414,839.6434853116609,716.8503921369694
2017-08-24,734.9453689552222,989.5503473592289,786.6048157812752,723.3627430508188,797.0171647908222,782.9844430114007,837.9786846083903,715.3292701485851
2017-08-25,738.5307061858261,987.4636365079384,788.2967855692191,725.1434649659241,799.3024657250008,784.8133016010414,838.1173841475828,718.0547034422293
2017-08-28,739.2916131835522,990.5239055941211,788.9316066908056,723.1647360918337,799.5882995930014,784.8458662252,839.6434853116609,716.4068212881465
2017-08-29,739.0741705255149,994.418813990374,788.7201219311438,722.9668967223187,799.5882995930014,785.7441540583916,842.1404832500865,715.9631307978268
2017-08-30,743.2030195309424,1006.1039894835898,793.5844548246635,728.1110555086491,801.3019950643528,789.4668314654498,847.0651873906216,717.6110727726582
2017-08-31,750.4830319779218,1016.8849536282099,798.2375780904724,733.0577938991399,804.4446107830111,794.216139636207,853.5160507285151,720.0832250178983
2017-09-01,755.8069617701275,1015.4941883143968,799.7183382507055,740.1803463806204,807.8726244574527,795.339393808958,854.2790722939139,723.6329284026999
2017-09-05,747.9838170294031,1006.3822776376893,794.2190008142989,728.9025805761793,803.0161264479212,789.627231958494,848.9379213361211,715.8364304528766
2017-09-06,750.2656841901542,1009.4427718761001,796.0168964033743,734.0468231572448,806.1586176202319,792.322715200051,851.227160132158,718.8154438986666
2017-09-07,748.092490923287,1011.8078834576042,798.4494296927354,731.2768205998295,807.5867905894523,792.22631715172,854.1404307880014,715.5829101214792
2017-09-08,749.1790401215858,1003.043495245179,799.2951853100815,730.0897843827395,807.8726244574527,791.2959717559916,851.1575782294417,717.0407417581366
2017-09-11,757.2195800852124,1014.589751813573,807.015387854887,739.9827583953107,815.0142365816412,799.7359561114504,859.5507574155506,725.7881503233192
2017-09-12,762.7608102300509,1017.0244354336021,809.553663524079,747.8965845601161,817.871018432299,802.4314393530072,860.5217702564582,729.6547840327415
2017-09-13,765.2598354380302,1018.4150881713012,808.3903139246389,751.2601890208116,817.5853091106463,802.8166935052506,861.1460342493849,731.112615669399
2017-09-14,764.9340034969182,1012.4335814998718,809.0249516249247,750.8647616659869,819.2993159478672,802.5597259433346,859.6892828549031,731.112615669399
2017-09-15,769.0632794185591,1015.9109450888614,812.3028736890307,753.0413299095922,821.5848037015671,803.6402179193099,860.2325323889539,732.2222307300619
2017-09-18,775.1476418571425,1014.5799576916448,814.8414244901736,760.4891735526387,825.8114085575422,805.3494099661949,861.2073754263415,735.5388126586446
2017-09-19,773.5179129299639,1016.3226359381907,816.1104247587941,762.6737860908114,825.2364403433271,806.1558069654716,861.2767832292178,737.3882907345796
2017-09-20,776.3427700790554,1013.1860402466363,814.6294811772602,765.2555856732455,824.6612230364163,806.4460152337086,861.5552269066428,738.0260397324624
2017-09-21,776.7774656545906,1006.9817454453674,812.3028736890307,765.652940306977,822.9360693010751,804.2852003022989,858.0740425727499,737.4519998315448
2017-09-22,781.7756583759538,1006.0061608404212,814.9468000274031,769.6252297232662,825.2364403433271,804.4465585784066,857.8652968646011,738.3448245002814
2017-09-25,784.1661994305887,995.410271827411,815.7931059086512,769.0297005410794,826.3866258644529,802.8017633574962,852.5737063279256,740.0031154645727
2017-09-26,788.1553993990917,997.9895031779674,816.7491894383447,770.2209264949232,827.2490470491888,803.2854438045578,853.5483172321932,739.3655459289349
2017-09-27,804.2869977449337,1006.9817454453674,819.5108722517414,780.7477238836111,826.3866258644529,806.4136759702709,858.2134965445824,741.2786134603384
2017-09-28,806.4667370604068,1006.6330972199441,818.66089794448,780.151859522484,826.6740788349736,807.3810932045742,859.1882235154101,742.4266932621738
2017-09-29,808.9739685467108,1013.8827738169123,819.4047630293092,783.1310137386496,827.8241398097517,810.2191171020504,862.8088037878555,743.9576258532832
2017-10-02,819.9824300260609,1014.7888989594477,824.0783377701417,788.0961031761221,832.7125216842976,813.7345189861337,864.9671195042193,748.4854582939314
2017-10-03,821.8351515220512,1016.9496848938278,826.0964306306602,792.2670699092771,835.5877986675907,815.4759376160958,866.9861553485908,750.2074583551879
2017-10-04,818.2384298590891,1017.9258323793446,827.5839773790178,792.465831020878,836.7379219155429,816.4433548503994,868.0307543885347,751.3552988740299
2017-10-05,819.9824300260609,1027.893884403919,832.7890153385146,795.84208848657,839.6133234451836,821.2811171040788,873.8094762775041,755.1820321443201
2017-10-06,818.5652579380327,1029.28813957727,831.1951759464241,794.8491208759165,839.0384175041422,820.3458701126725,874.3666537987541,752.6948648912506
2017-10-09,814.7507141359548,1028.102713095608,832.0453336749861,793.8559018810578,836.1628914281537,818.9911704796385,873.8094762775041,749.9522630428374
2017-10-10,816.7126313123119,1028.8695815849794,835.5506981519112,795.246391714913,838.7505908945783,821.1520417512286,874.7146793788953,753.2048965914616
2017-10-11,814.3144057658355,1031.936605238009,837.5689744337303,795.4449852370436,839.9010255083997,822.4421755377474,877.4998705857856,753.3324344268885
2017-10-12,813.3334471776569,1030.0548954905273,837.6750836561624,794.8491208759165,841.9137567606093,821.2164949173833,877.7086743272143,750.9726853677492
2017-10-13,813.0066190987135,1034.0280442860924,838.206088321575,796.0408495981708,843.0638177353876,822.2162514151245,879.3798006580046,750.9726853677492
2017-10-16,811.6988324315914,1037.5831979699374,837.9937781660603,800.6087519913818,842.2012720043039,823.3125749817374,881.1898006278273,752.0569364311228
2017-10-17,809.736725514695,1038.9070930719647,839.0557874968853,796.2392755308313,842.7762402185191,823.8931605387519,882.5825413144722,751.801860760269
2017-10-18,815.0777319554376,1037.652544856234,840.1179802490109,797.8283588868171,844.2141900760349,824.699332177308,883.4178723467475,752.5670877728306
2017-10-19,813.3334471776569,1033.8188778660613,841.4992343536358,796.0408495981708,845.6516417481598,824.9251436195705,882.0255378930623,753.8427054100928
2017-10-20,817.2575661411803,1036.607388212763,845.3226513659064,804.7797187245369,849.1021360383639,829.1823203162352,885.0889986775377,758.4346656929443
2017-10-23,813.224820718908,1029.8453913421538,843.9420392358338,800.0129714249898,846.5142497524174,825.9572393807493,880.9114149836822,757.6693788596345
2017-10-24,815.5137557147478,1031.588407317042,844.2610088776827,805.574427992,846.8019518156335,827.4085060826549,881.1898006278273,759.2000721677508
2017-10-25,811.262808672281,1027.6846054077737,841.9238546646651,792.6643407482736,843.9263011932973,823.3125749817374,878.1265139431919,755.3734585389572
2017-10-26,815.0777319554376,1024.4085279108272,843.3049253479892,796.6367139592979,844.7889714707286,824.3768973259936,878.683401298042,756.6489565347229
2017-10-27,819.4374003269229,1054.2427742176833,845.3226513659064,798.0269524089477,842.7762402185191,831.1172111250221,891.7732138342983,755.11814358511
2017-10-30,807.8837194078957,1056.6126139959804,842.5614271057614,795.047546808577,837.8881697098426,828.0213182227469,890.3807633140532,752.3120719227251
2017-10-31,815.9495897335189,1060.5858753676596,843.3049253479892,796.8353074814286,837.3130146761057,829.3113393289051,891.4946540903132,753.3324344268885
2017-11-01,810.1727492740052,1060.2377900228068,843.7298207909695,797.2323269362198,838.4632001972316,830.4076065553377,891.7732138342983,755.3734585389572
2017-11-02,811.1536129919142,1058.2162607415908,845.3226513659064,798.2254621363434,838.7505908945783,830.7302667673729,892.3305074221083,755.8836098806648
2017-11-03,805.9218022315384,1068.393254033968,846.8102898249143,801.0060228303784,840.4759314494411,833.5037248183339,896.7863026602688,755.3734585389572
2017-11-06,807.6658972687798,1072.0180923324522,847.8723908663897,810.5396850189427,840.1883539325727,834.7938022646724,900.4069409659941,755.3734585389572
2017-11-07,798.9459913041911,1072.6455915925455,846.5976128267982,803.5881575917527,841.3386640000464,834.2134420683788,900.685210543579,753.5875699184905
2017-11-08,802.5427129671531,1076.9672760374199,849.5723394809122,802.9922094358905,843.6388482227766,835.6322004863058,902.9132822624994,753.0773587560348
2017-11-09,798.8371751049028,1071.3207958816056,846.3853026712836,795.84208848657,839.3258704746629,832.6008170903655,898.735930701764,752.3120719227251
2017-11-10,799.491021003329,1071.2511112669665,847.4474954234092,796.6367139592979,840.4759314494411,832.3427227248454,899.014432412469,752.0569364311228
2017-11-13,800.9081930913572,1072.5757944017926,848.1915439295391,796.4380366424322,839.9010255083997,833.1166677803242,900.1282071221691,752.3120719227251
2017-11-14,800.6900863414324,1068.6722176447524,848.5098715968355,791.8699666597508,838.4632001972316,831.1816642911767,898.1788112137939,750.2712870936497
2017-11-15,796.330133359138,1063.6533493251457,843.5175106354549,788.6921351267194,833.5748805958597,827.0215617250057,892.3305074221083,747.7201116398734
2017-11-16,809.9550220051591,1077.246014495976,849.89103399081,797.8283588868171,843.9263011932973,834.0519147717305,900.1282071221691,753.3324344268885
2017-11-17,813.4424531174845,1073.1333838950188,849.9969597919415,799.8144616975942,844.2141900760349,831.6009479122638,897.0646883044138,752.3120719227251
2017-11-20,819.6555070768478,1072.296718214894,851.5901572094797,804.1839381581448,846.5142497524174,833.0200443712723,898.1788112137939,753.5875699184905
2017-11-21,830.7728796257558,1083.9377638713754,856.9013961020589,808.1561437796989,850.5398368031842,838.4701680436019,905.6984154361096,756.6489565347229
2017-11-22,829.0290691993234,1085.2622218539732,855.0957968183558,806.9644988521798,848.2395903072801,837.7286185917411,905.4198556921247,756.138745372267
2017-11-24,829.574193768731,1089.2358209539948,856.5827015921611,807.361602101706,849.964868588969,839.6634530603478,908.48325844332,756.3939406846174
2017-11-27,825.5411637356497,1088.7479160754076,856.3703914366464,803.7864997296782,850.2523838326637,839.2442821196214,909.04026186473,755.6284743890627
2017-11-28,839.601791530172,1091.5359761176528,865.6117068278304,818.0866578335844,860.6036176105797,847.7584101522299,914.6105282119505,766.0880724127766
2017-11-29,844.7245014804506,1072.5059972110394,867.2050876666692,819.8743347117008,862.0413183754,847.24222142119,907.3695417668998,772.7205782417103
2017-11-30,844.5069639521437,1081.4982394784395,873.6844451125056,825.2370301671102,867.2171532204666,854.6599695470057,916.2815384761807,779.0984271450285
2017-12-01,839.4927855903445,1076.8973662705525,874.0035064650048,821.6618440003473,864.0543609934788,852.8862116536056,913.7751971796755,778.07788517862
2017-12-04,839.9286196091156,1064.489789853042,874.6405286421991,826.2300815724986,867.2171532204666,851.853946871886,907.3695417668998,782.9251005945704
2017-12-05,831.1002769263171,1065.1866359994322,872.4100339155156,820.8673861170894,864.3415648713041,848.7904495732287,905.4198556921247,778.5882159825726
2017-12-06,827.5029860417372,1069.996563051236,871.8787541181521,817.8882319009238,865.4921240314732,848.951695168976,907.9264291217498,776.0371601702931
2017-12-07,831.6454014957246,1073.6214013497201,875.2781010832954,827.2230491831523,867.7921214346818,851.6285861510653,911.5470674274751,777.5676141954157
2017-12-08,831.1002769263171,1078.3611934824285,879.3145619362833,832.3868997322255,872.1052860023169,856.2722001437576,915.7247671878906,782.4147697906178
2017-12-11,828.8109624493985,1086.7261616419632,880.9078510644717,832.3868997322255,872.9677071870528,858.8522986962545,919.345231393776,784.4556742611899
2017-12-12,826.849140143311,1085.2622218539732,881.3326547968018,834.1745766103421,874.4054702250471,860.3681875848554,920.1805043927711,785.9862479278092
2017-12-13,830.9912709864896,1087.3533231737142,881.7574585291318,830.2022033993178,876.9934187841674,860.2715078356232,921.5731870461364,784.7107499320437
2017-12-14,821.5081337025684,1086.5871301410275,878.1458931191241,823.8465403332549,873.2554715234428,856.7559932711795,919.345231393776,780.88413630325
2017-12-15,835.2421231586867,1098.9247967916708,884.7320017619451,832.5856608438264,879.2937898264191,863.8908010120049,925.9451241947012,786.8472479584375
2017-12-18,847.3405491660429,1108.1383636994267,890.0430572332235,844.8020952705916,883.1094540081164,869.368587712815,932.6568471261804,792.0104365670356
2017-12-19,839.7394482914339,1101.5725869957253,888.3432920400016,842.410844915721,881.3750215698705,866.030037654396,929.3010727103608,788.9124994735773
2017-12-20,841.5986209657603,1100.3845712634384,888.0247809514044,845.7985822601183,880.507743077574,865.576161162663,927.622924352691,788.9124994735773
2017-12-21,844.9893792733127,1100.5241656449446,887.4700232275565,849.7846140129599,880.2186710045329,867.3588771447157,927.0637156666411,793.0431819661022
2017-12-22,842.8016708551891,1099.2668030263612,886.8296077562999,850.3823218582588,879.6405891316249,867.1322205997501,925.9451241947012,793.3013084951206
2017-12-26,843.5672739312627,1093.3296513438943,887.0429267289682,850.5817533277403,881.3750215698705,866.0949978821726,923.9874875605665,793.3013084951206
2017-12-27,842.583089753916,1093.4694708776287,888.0034123698775,849.7846140129599,881.9533525354741,866.5164787702877,925.6656939515162,793.0431819661022
2017-12-28,845.9734685803897,1094.796292958623,889.0704657864707,852.5745597173235,882.8203819350754,868.2990257317998,926.7838791904961,795.1083736604938
2017-12-29,840.0672250730738,1088.0208995304338,884.5889331474298,846.7951530443801,880.2186710045329,865.025097860076,922.8690121551865,792.0104365670356
2018-01-02,846.4106307829359,1107.090730381445,888.643827841134,857.9556062197145,884.5548766464949,871.2162639226445,930.6994426251656,796.9153790051188
2018-01-03,845.6455969284801,1117.8479409659863,894.9393971437084,863.3365689273705,890.0470592147515,876.7270659690552,938.8092453050497,799.755069928062
2018-01-04,847.9420266756224,1119.8038383726716,898.9942918374128,868.9166279255675,893.8051207106317,880.4223057083533,942.4450302968542,804.1435200251151
2018-01-05,851.5512712141782,1131.0498544447132,904.8627646413989,871.5073935446547,901.3208077901747,886.2896284151022,951.673134282278,806.9833904103033
2018-01-08,852.8638962650524,1135.4506798978125,907.6373786564922,873.3010198489617,903.344499120983,887.9102536987047,953.6314673157727,808.01613580937
2018-01-09,851.9889077680725,1135.5207022407938,910.4115341183337,874.4967707184996,905.367941359096,889.9199079266239,956.1480805028375,809.3065291714682
2018-01-10,850.5670870368315,1132.8660448937783,908.7042486517846,878.0841909165837,904.7896726666662,888.5582221112447,953.0719104300429,809.0486419254432
2018-01-11,866.206640729135,1140.619274449196,913.5059431711287,892.0343384120764,912.305484292557,895.0414556679967,958.9449363990071,816.0187162371697
2018-01-12,870.1442312709486,1149.0020296347614,920.1216743540062,900.0064019177598,918.6651944458058,900.8763827711279,965.9362056402312,820.923718496001
2018-01-16,861.5041112031353,1145.7189724187394,916.9206058148771,891.4367143615126,913.461772584721,897.7964904800306,963.1394658106217,817.5676548735246
2018-01-17,870.1442312709486,1158.0827567278582,929.7256136565962,899.8068866535433,922.1338725027757,906.3542821522987,974.0462404532353,823.2467974364178
2018-01-18,863.0351276147433,1158.292598604574,927.0577508384876,898.2128594081879,919.24321404554,904.8306746590096,974.6053330727252,820.923718496001
2018-01-19,875.6127433541004,1161.9247543504757,932.9264987744248,904.3908776358891,924.4463868139294,908.9472826060623,978.5210706072347,823.7632897774477
2018-01-22,877.8000722911455,1174.3584484264618,937.8347610694526,911.7643953489229,929.9388184748814,916.3379874453794,985.7914799252438,830.9915504389407
2018-01-23,878.6747761773163,1184.067687964679,938.0483551740718,913.9567170027227,927.9153762367686,918.2828504660629,990.2665422123632,831.5077436762291
2018-01-24,873.5346100974223,1176.384030447786,935.5940864605824,910.3696319835789,925.6029864719625,917.9261044450035,987.4699184493136,833.5729353706206
2018-01-25,875.9408047465494,1175.9646844226968,935.8074054332508,901.9990407178728,928.4933958365028,918.3149643687798,988.8680562309985,833.056682312584
2018-01-26,878.8933572785894,1193.9871071079544,945.5174539582729,915.351815547007,936.8762991351689,928.9474268369237,1002.5711064369817,840.0267566243103
2018-01-29,873.9720569107774,1188.1894372308798,937.1947124407974,910.9672560341427,930.2278282747485,922.7885436976128,995.8592094056626,834.8637474779573
2018-01-30,865.8787690772253,1178.4096124691105,927.1643186141714,895.8211062849068,920.9777087569596,913.3233934231404,985.7914799252438,825.3120489515577
2018-01-31,861.1755754593381,1183.299468561938,925.0300283596844,896.6183293944222,921.5558529030415,913.7776642961347,989.1476605740235,824.5377890059993
2018-02-01,864.7848199978939,1173.2409053416127,925.7771950279255,898.4120394934641,920.6885744107448,912.7401035374761,985.2325033723139,825.0539822432876
2018-02-02,847.6138704129039,1149.8398210760272,906.6768013049325,874.2974230437533,904.2117153401059,892.8698234219875,965.3768808876214,806.2088313610034
2018-02-05,814.2562502905402,1104.5059828012968,871.9975194103299,834.2395175300262,866.054263971874,855.5275519819857,926.5043909140311,772.907338617978
2018-02-06,824.42776625104,1133.7740838302536,885.5491436563881,851.1797125572443,881.6640313697377,872.3833507555951,947.1989424943586,783.233297089936
2018-02-07,824.8652130643951,1119.1051910084557,882.3479834066086,849.1864033992507,880.2186710045329,867.6507192781786,941.0466603820495,780.6517925167594
2018-02-08,802.2255616557139,1071.8849147894505,851.7235962057102,811.7195148888161,847.5537758436006,835.10615222373,903.5727144231039,754.3202544439638
2018-02-09,810.8659663343361,1090.3960303860945,865.7018583971051,822.0829125441054,861.4291730763925,847.6506877276777,919.5130056062469,763.8718931496151
2018-02-12,818.7401987152668,1109.744937424004,876.0524141040341,836.0333114238033,872.1249020520817,860.0982617814924,934.8943202364602,772.6491522682113
2018-02-13,819.2871258197977,1115.473035262554,879.2534826431634,838.6241608376256,874.7266129826241,862.2373294033429,937.4109914568048,774.4562174335846
2018-02-14,834.3801318886489,1136.3587188342879,890.778118095621,858.7527455344948,886.2892468115668,873.8745626452661,950.8347855194431,783.4914834397026
2018-02-15,842.8016708551891,1157.4543568588517,901.7682638779537,862.7386934926014,898.141139533072,885.0251857507571,965.9362056402312,790.7198039219439
2018-02-16,845.7548874791166,1152.2850868507835,902.302019862876,860.3470241640554,899.2973655520619,885.2844632600613,964.8176722015714,792.2688023790472
2018-02-20,838.4271078513686,1154.5901953634627,897.2867312389128,863.7349290979229,889.4690396150173,879.7417163314745,962.5803151578517,784.5239895557759
2018-02-21,840.2861856554255,1151.3070255713267,891.4180750136259,858.354050185002,882.8203819350754,875.3652674733153,959.783575328242,779.6192265799377
2018-02-22,839.6300628705277,1151.1676563420485,891.7380534726284,857.7564261344382,884.5548766464949,876.4999023624678,960.622330324037,778.8448469928828
2018-02-23,850.4576067456557,1174.7077721085698,906.250163359596,875.29407762275,896.9847889677343,890.4710275693911,977.1221203596299,791.494183508999
2018-02-26,856.2540853509868,1190.284703866843,916.4940595801909,883.4651536242396,907.969278650595,900.8114788835314,988.8680562309985,800.271382806847
2018-02-27,843.7861396433447,1175.5456761259497,906.250163359596,872.7030606194576,897.852129733205,889.5634436064656,977.4019568357749,789.6869388813807
2018-02-28,828.364977311775,1168.0019507189054,898.1405573934879,862.7386934926014,887.7346071767715,880.551831782645,968.173562683951,778.8448469928828
2018-03-01,824.9746933555709,1148.9323450201225,886.7228565593153,851.3788088477855,875.3046948555321,867.7482441301138,953.6314673157727,770.5837811115748
2018-03-02,838.5363984020051,1159.4803891846325,892.1649665499159,860.5462042493316,879.6405891316249,872.2214290776853,959.5036808188171,773.4235318552663
2018-03-05,844.6610332700549,1172.3327538290232,900.8080533689953,873.3010198489617,888.8908331957615,882.3024902021608,970.1307350518458,782.4588576821326
2018-03-06,854.8323594900154,1177.2920693842616,905.0764504566686,881.6713597304625,888.023492430291,884.5388573152259,972.3683822619655,784.0079159599842
2018-03-07,861.0668541303195,1180.0166364981444,903.9025541324406,882.4684990452428,886.5783811577816,884.2150702995867,974.8854016819902,780.9099788665261
2018-03-08,859.7540393389061,1186.5128411633211,909.5578913850592,885.458127603293,891.4924818531301,888.4934872441888,980.4781849418495,783.749609968721
2018-03-09,872.8783924422548,1209.5639262901138,924.8166176763658,902.9956952968697,906.235033031871,903.9556553202426,998.3762288256873,796.6572524761004
2018-03-12,876.1595755883617,1215.9905589167656,924.7101416113322,903.1950429716161,903.0553647747682,902.8209077507298,998.6560653018322,794.8500676692305
2018-03-13,873.31583925561,1199.4353407268072,920.3353601692759,895.8211062849068,896.9847889677343,896.9862060083195,991.1052391748782,790.7198039219439
2018-03-14,869.1597624827929,1199.2259491545478,914.0396074454007,889.0452126224367,889.4690396150173,892.3833259659159,987.4699184493136,784.2659826682542
2018-03-15,865.3319368429641,1198.1779781082237,914.252926418069,886.4543632086144,888.6016988495467,891.4108944555742,987.4699184493136,783.4914834397026
2018-03-16,871.7849177142716,1194.6158447053033,916.4940595801909,890.8387551320086,892.6487078721202,892.377353906814,987.4699184493136,785.2986084258242
2018-03-19,864.128981823805,1169.1269238272862,904.8627646413989,878.9700688558097,881.8611882381667,880.3034842683004,972.3252055016478,776.8342716417111
2018-03-20,863.9104955928016,1172.9755634406367,908.5976808761009,882.1670055884384,886.2109694320293,881.8005555367129,975.6905554086669,776.315147187755
2018-03-21,867.628746071185,1167.8677599908767,907.1038060928704,885.7636432073809,883.8911068863607,880.1079275028083,970.6431689142182,777.613257426387
2018-03-22,849.7365926963174,1139.0418579381753,883.5990083877643,858.5893458010961,860.6917341515863,858.1079322353834,945.4017678794152,759.1791349058374
2018-03-23,831.4165744053295,1109.026138935361,863.8777335620352,834.8116679811268,845.3223412048077,839.8177688139299,924.3681858773459,744.3794817704644
2018-03-26,850.1753676934476,1150.2362015738365,888.3148617383993,860.9871321453028,865.9117206769168,862.7943647650317,952.9740082866881,760.9964892399223
2018-03-27,835.8047038577098,1113.0145980824461,875.1314557534172,840.606325295854,854.3122834022251,848.1167900385152,929.9773345221644,753.9862153853222
2018-03-28,836.9014990451308,1100.2109788954685,873.6308860927127,832.8137501127039,854.3122834022251,845.6108351631685,924.3681858773459,754.2458374330486
2018-03-29,844.7999233448221,1120.3612027136699,886.4927545376366,849.1983022516316,865.3316460624454,856.4155295621996,940.0735003097816,763.3333269524535
2018-04-02,825.492874768398,1088.036547610296,865.2710934725036,823.4224551790342,845.3223412048077,837.9300347359747,917.076304245738,746.9761808137154
2018-04-03,837.8890036819151,1100.2806635101074,877.4894282840598,835.4113031053323,857.5019776403186,848.669712567049,927.7336518509251,756.8424168348027
2018-04-04,848.4200779643876,1117.6324702835645,888.4220714886353,847.4001510316305,867.0716208131644,857.7496086892783,940.3538590854465,765.1506214657902
2018-04-05,857.525252094024,1123.9992124175055,892.4950331804547,853.594006464261,872.5813021432745,864.5192757221938,945.962949696985,770.6028639302901
2018-04-06,842.0576982005956,1095.8730834901612,872.3451027750817,829.8164962337619,852.5721841051585,845.2526806376042,923.5268774172312,755.5441271339257
2018-04-09,839.8634437338661,1103.5692369557212,874.4884723839514,831.4150483948113,852.5721841051585,849.4185862423365,927.7336518509251,757.3616011095075
2018-04-10,855.7700572352337,1127.917424069381,889.3867758194599,849.9976202295238,866.491483925519,862.9246232616659,944.2800426103555,769.3048733331547
2018-04-11,857.1962419988786,1121.4100743689066,884.0277556780586,844.6026638011102,860.9818648685828,858.40078849209,938.951484874322,765.1506214657902
2018-04-12,861.4745116790045,1134.9140295618122,890.029850899576,856.9907936400466,867.9416393251107,865.4629737406308,947.6457407170545,770.8628449025065
2018-04-13,858.4027072180147,1129.036768372056,886.7072657487593,850.7966868232108,866.2016023012179,862.9246232616659,944.8411083613653,768.7855694169535
2018-04-16,867.9469409555903,1137.6421991113466,893.6736984584999,858.5893458010961,871.4215265533747,870.0190914334644,952.1329899929733,775.0167976661294
2018-04-17,876.1741856098878,1162.1306560631974,901.1764550513722,865.9823038926677,878.9612510780265,879.3269962649841,967.8381303255692,778.6516857965444
2018-04-18,879.3555652323231,1164.509501930624,897.9613547827425,870.577858548454,878.9612510780265,879.9780070472551,969.5207472457986,778.6516857965444
2018-04-19,872.4444558288768,1153.8048643913758,887.671786658283,863.3849184895093,870.8415142120772,875.0964684735565,960.8267235361858,776.5748290562295
2018-04-20,867.2886361544905,1135.5436677680739,879.9547022755888,858.5893458010961,865.0418267113182,867.6758469985501,950.1696080641188,772.1611346033836
2018-04-23,866.9597209296148,1132.67500322812,878.990181366065,856.5910089589979,863.8817397555491,867.5458138626366,949.0478827950592,773.7186276067489
2018-04-24,862.9005067021102,1108.6767026771388,868.7008883735566,843.4037287316393,851.7022278663858,855.8622689925847,930.5378779736543,767.2277773098466
2018-04-25,861.4745116790045,1110.0064517371002,870.2013663236107,843.4037287316393,853.4422026171048,857.9775610583886,932.2206689937238,770.3433615240604
2018-04-26,864.2169265637704,1133.3747763534773,879.2044174452366,851.7956038600547,863.8817397555491,866.6997533764952,947.3649757084297,773.199562973541
2018-04-27,861.3648416472894,1134.0743243266063,880.3832661445824,849.3980689000533,863.3018519605993,867.5133055786581,948.7675820526742,774.4976133914248
2018-04-30,853.685567670489,1126.0283968744818,874.9171279635952,838.2084551569124,856.3421397772452,860.8416704592998,942.0366501055161,766.9682749036168
2018-05-01,857.4155820623089,1138.9017006760985,875.3459669645398,839.4073902263832,856.0518845139009,862.3714753724114,948.2066904015043,764.6313773703372
2018-05-02,859.4998818865142,1132.1849594033647,872.4519456827165,834.6121527169103,850.252197013142,856.578409023173,943.4387921835207,758.1404074319383
2018-05-03,854.2345819209522,1132.0453650218583,872.6664568938392,833.2131996148123,851.4122216957371,854.6905059246769,943.9996838346907,753.9862153853222
2018-05-04,864.7654664628853,1153.524437291108,883.3842220446908,847.0000311716415,860.9818648685828,865.7559990178779,957.4614316624469,762.8139033947557
2018-05-07,871.457046062362,1163.1098431037956,885.421115588527,851.3961543579463,861.2717464928838,868.684843285845,962.5091663565755,763.3333269524535
2018-05-08,878.9166953649233,1161.9208141864817,886.3855447874005,855.9918766032027,863.3018519605993,868.684843285845,962.7902215316004,762.8139033947557
2018-05-09,883.8532698461489,1174.5846138397246,893.8884848015734,868.7798749179229,869.6813649831342,877.0813330221852,972.6056803438727,770.3433615240604
2018-05-10,888.5702196531353,1186.7582570920981,901.0694287224367,876.7721329547599,876.3511955421873,885.2827167144751,981.5802369289903,777.3536951994089
2018-05-11,889.9963095465106,1185.6392505177657,903.534794424616,874.1745799621315,878.6711826342038,887.9840029945932,983.2630859823398,779.430791222717
2018-05-14,886.1570994743238,1187.6679846702855,902.5698149618406,877.7711337863389,879.2512572486753,888.4069487273937,984.1045685422945,780.7290809235941
2018-05-15,886.5957796011844,1174.5144789206292,896.6749294905593,876.9721509873868,876.0614384642339,882.2886305178305,974.2881231642623,777.3536951994089
2018-05-16,897.1272333647354,1182.2808798813987,901.3907828411941,885.9634098558026,881.5711197943441,885.9986313843425,978.2148870219712,780.7290809235941
2018-05-17,902.6121580045367,1177.7330300232616,902.3556705933192,888.9604961452746,881.8611882381667,885.2502647706768,976.5320379686217,782.0271313414779
2018-05-18,904.4768331545029,1171.6461521090177,900.6405897214922,884.1650910463314,881.5711197943441,883.037278832397,975.9712043507318,778.3922432110629
2018-05-21,912.8140324513245,1178.2222858152181,905.3565347827773,892.1576842621085,887.3709318414508,889.6765183481375,983.2630859823398,783.8446053170595
2018-05-22,905.3543831487632,1176.6832577591117,902.3556705933192,889.759897917902,883.6011629888857,887.2029027362285,979.055905315686,782.5462557954343
2018-05-23,906.2320280132932,1186.6185501344778,906.1070947450806,890.1595150094805,884.7612499446548,889.6436156828977,986.3477869472939,781.7675092937515
2018-05-24,906.4514629469932,1186.2686635717992,905.7852820730716,889.1602627936963,886.5009756026782,887.8212362139806,985.5063043873391,778.9114873065159
2018-05-25,905.1354225664115,1187.4581427935696,902.9987456734355,885.9634098558026,884.7612499446548,885.7058314678162,985.5063043873391,775.0167976661294
2018-05-29,905.6835829844479,1182.2107449623034,894.1025374594444,872.576027801082,874.321463713515,875.5190761652755,976.8126869106866,763.3333269524535
2018-05-30,918.4090066039195,1190.6764687439736,905.7852820730716,884.9644090242238,884.1810507838355,887.2029027362285,987.4699184493136,775.536221223827
2018-05-31,908.7549130940895,1189.9068984278633,898.4969449806715,877.7711337863389,876.6412017128362,881.7678218920137,982.9825531068349,769.0453709269248
2018-06-01,915.0081920477843,1208.5880039568253,908.3576741041865,893.7560688336879,885.3411377396046,890.4249413019833,995.8834673167013,774.7572952598996
2018-06-04,925.539456070796,1219.502258220561,913.8238122851735,892.557133764217,891.4307691378385,894.6553564130508,1002.6141671307395,776.0553456777834
2018-06-05,932.2308459297334,1223.280537762588,915.2175390382432,896.7534065073651,894.3307062979787,895.306479875682,1005.4186834198687,775.536221223827
2018-06-06,938.1548301774739,1230.4170753648677,923.363187289931,907.5429003905169,902.740387061403,902.7919488981044,1012.9907497273016,782.5462557954343
2018-06-07,934.6443455896234,1220.4120983748626,922.3984829591064,901.548560222103,902.1605615396271,902.6941986854483,1008.5036165179429,785.9216415196192
2018-06-08,936.9480803475287,1220.4815578372732,925.1852027800433,903.746663712623,905.930392665366,905.3629203414081,1011.0277159981272,788.7777233276033
2018-06-11,939.5807303303098,1223.7703564351152,923.8988691985104,905.9445996136727,906.5102181871421,906.5668536522128,1011.588433549457,790.0756541039905
2018-06-12,940.5682349670942,1230.2072334881518,925.2922291089787,907.7429184231439,907.3802989722624,907.7386730603006,1015.514965274046,789.0372257338331
2018-06-13,934.9734505550385,1230.1374362973986,920.0406021391142,905.5446473431539,903.0303932320518,904.8423934164922,1012.1496153670269,785.4023974241665
2018-06-14,938.1548301774739,1242.5913940739258,921.2193591278098,908.1424517199874,903.6105301196972,907.120226902188,1018.3193654966152,784.8831533287134
2018-06-15,938.4840300131585,1238.2533860925046,922.8271385387503,903.1472799726225,905.3502557777207,905.9634503222152,1016.6365164432656,784.8831533287134
2018-06-18,943.9687649124205,1237.5377397350567,920.0406021391142,903.1269178519991,902.1782471210022,904.0996608208471,1016.0457376528974,782.2703026834151
2018-06-19,943.0915943992387,1234.0322321175377,916.5035974878252,895.8909072992253,894.6115583120707,900.6346270578672,1010.136905150175,779.9187490667963
2018-06-20,950.4411941890063,1242.796845482191,915.5388931570006,898.9060094567386,896.3577603801753,902.1711927926037,1014.0759720632433,780.1800460954759
2018-06-21,941.007104834494,1231.9986571921108,908.5720936046587,889.0566925011422,889.372952107757,896.5155964830657,1006.4788353788517,775.7384751739108
2018-06-22,940.7875750305245,1229.2644085324139,909.2152603954252,888.4533704085931,888.790947024896,898.1500251108183,1005.6347993545771,779.9187490667963
2018-06-25,926.1972865205474,1201.5687706654564,897.6393586894328,867.9508098090787,875.1128934800547,885.923304563408,987.9084179129701,772.864148037688
2018-06-26,931.8855181482082,1206.4769766648853,898.6843098392964,869.3577234110088,877.1499735432421,887.8850696381529,991.0035648683237,773.6480989444749
2018-06-27,918.7931363257313,1190.069683488878,889.9634523887369,856.694411662082,867.8373317589014,880.5295210712837,978.9044384548941,770.5127140625658
2018-06-28,921.2136563855755,1200.3069050023084,896.3152403199638,861.9206054940521,872.2024944267066,885.5637415333385,987.3456111635603,773.386742095047
2018-06-29,918.2431733725717,1203.5319855195596,898.4687898110201,863.7298176190832,873.3668159582979,886.8388888319228,988.4711085958198,774.1706331810856
2018-07-02,927.814824618076,1211.5953622693723,898.6843098392964,867.1467155312872,875.9857765579985,888.7349049163682,994.0985957571172,773.386742095047
2018-07-03,930.1251054245871,1197.5719808859267,897.2841633407035,859.3075504754346,872.2024944267066,885.596531518218,986.5016912058456,773.1254450663675
2018-07-05,941.4572642639822,1212.4366435701759,904.6056996885231,868.3529407427097,881.22450730866,892.821314526831,996.6310520296211,778.0899689697815
2018-07-06,948.6088698009906,1231.2979834578407,912.3575424076926,877.3979958310445,890.8282761807789,900.372870580634,1007.3233356693663,782.2703026834151
2018-07-09,955.6502360846661,1242.3761485437324,919.6787119129108,891.267867970334,896.6488251947795,908.4801661719811,1016.6085444023071,789.8472584868891
2018-07-10,951.1394393736285,1243.2874521875171,923.1240059138696,893.0767449164248,900.1412293309887,911.7495304891082,1019.141116741371,792.9827031895466
2018-07-11,943.2176769876033,1236.9771106867493,916.448846229578,879.2072079560754,895.1935011217578,905.0804306778591,1014.0759720632433,785.6671640562487
2018-07-12,945.4180031515904,1258.292159557729,923.8778674595848,887.8502997002495,902.1782471210022,913.2857581827633,1026.7379052260826,788.8022498344162
2018-07-13,944.5380814005888,1259.3442959202755,924.9543670731618,886.8456008266853,903.6333843745024,914.0048842429023,1028.426209407752,789.5863203826996
2018-07-16,941.237354978934,1256.3286069752835,920.7553949477887,885.6394594099979,898.6858429847931,913.1875009084854,1025.893985268368,790.108794798562
2018-07-17,946.408448766734,1263.971737091094,926.7847282324542,892.6747815722641,905.0883348084811,916.8821772459816,1032.6469698619248,790.8926858846005
2018-07-18,950.2593278820876,1261.587712722418,928.722665984584,899.1068654367166,908.580863491038,918.8104199135045,1033.7723512276243,793.7666540963335
2018-07-19,957.6306529636049,1255.2771460694219,926.9996979968284,892.4737580028162,906.8344746034118,915.3453861505245,1028.7079029488566,791.4151603004627
2018-07-20,954.1102069974413,1254.9968315452682,925.1696119694872,887.2473127866408,905.6705267108634,914.2990363237536,1028.9891322237215,789.5863203826996
2018-07-23,954.4402606655528,1258.9935087486838,925.0620353766496,889.8608705736688,905.6705267108634,915.999270281986,1030.9588978133756,790.8926858846005
2018-07-24,945.528621886002,1264.181691543924,929.0454874737467,888.855417547489,906.2525317937246,920.6085167647532,1035.7422328838386,794.5504255408753
2018-07-25,947.5089438946712,1281.8508503830797,938.4126298771838,898.3028549536597,917.6026272802957,928.4543939199481,1049.5289670795773,797.9471672722121
2018-07-26,957.6306529636049,1262.4288814471074,937.6584014888674,901.3179571111732,915.2741710366347,926.2642257546513,1039.3999544554817,802.3887381937772
2018-07-27,941.237354978934,1245.3911620320393,931.8450467857297,892.0716270691853,906.5436588815027,919.9875352985314,1028.1453283325668,800.8210756631968
2018-07-30,936.9465624232143,1227.791912959751,925.6002851834382,883.830414874437,896.9397031898624,915.181830607389,1015.4830469700477,802.3887381937772
2018-07-31,947.9487624647676,1237.1874028679215,931.8450467857297,888.855417547489,901.5959929454458,919.6929888364186,1022.5177251047095,805.0014691975788
2018-08-01,947.6188036669257,1241.8849789578355,929.3686758055107,881.6193231999802,902.1782471210022,918.1566484624033,1025.893985268368,800.037304218655
2018-08-02,955.9802897527776,1258.7832165675115,932.5990000420952,887.8502997002495,908.8716792129468,923.1583606404797,1033.7723512276243,800.8210756631968
2018-08-03,952.8998520972497,1262.639398780508,936.9052736283548,889.6596794147507,912.0728939882039,927.1137793319655,1037.7116502738127,806.3081338032212
2018-08-06,959.1713461427172,1270.0716738345754,939.8123178225251,892.8756375522416,914.6922282269476,930.5140782278894,1042.2136400028505,808.3983903911607
2018-08-07,961.0414288980534,1274.699115005394,943.7956782089717,897.0969649211777,918.4755726314132,933.5869843366412,1045.0270934170994,810.7498243662828
2018-08-08,960.4912762043543,1276.2415203449243,942.6116020025571,897.2979046958905,917.6026272802957,933.194856682413,1046.1530551155988,809.4435186851304
2018-08-09,961.5915815917524,1275.4703739632162,940.458419354102,893.4787082605856,914.9834175878997,931.9197093838287,1045.590364432749,807.0919052477632
2018-08-10,959.6112595830831,1265.7243220356825,934.4290860694365,883.830414874437,910.3269410127947,925.6759779331289,1038.5558023646472,802.1276206273426
2018-08-13,955.3203721570937,1264.322073958229,930.87612376499,879.0061843866275,908.8716792129468,922.2108314897887,1036.3049235666883,797.1632163654253
2018-08-14,967.6429766116324,1272.2451808698509,937.2281868281678,886.4434698930545,917.0206844706086,928.0945491889775,1042.7765628188204,802.6502146847016
2018-08-15,956.4203929336828,1256.679168994647,933.0294898347456,871.9709460190965,910.0358139250164,921.1643126424772,1034.335390110154,797.1632163654253
2018-08-16,964.232200677184,1260.816453764596,940.458419354102,877.3979958310445,916.4385548413999,928.6175550818223,1039.3999544554817,806.5693710111525
2018-08-17,970.2835008267944,1261.0968808648638,944.5494480440365,879.8101948696841,917.8935675485524,931.8870320793098,1041.9324107279858,810.4885871583518
2018-08-20,973.5839426376401,1259.9749473115642,948.640751865922,883.2275117555633,920.2218369726917,933.8810800773123,1043.0580242268052,813.6238523987641
2018-08-21,985.1364851134316,1264.6022759062687,950.3631695897756,891.4688915397819,924.0051191039837,936.0714736033299,1045.0270934170994,815.4526324957791
2018-08-22,987.1166173815616,1269.5107070579256,950.3631695897756,893.4787082605856,924.5868750941491,935.515790405966,1046.7155136653287,813.6238523987641
2018-08-23,984.1461343685577,1267.6875368897854,950.6866330534905,889.2576322758549,925.1692538160534,934.2735457726217,1045.871825840734,811.2724782443903
2018-08-24,987.6667700752606,1279.4670511666318,955.8542530676525,899.5090801650822,932.1536884494285,939.8964084374603,1054.31311461596,814.407803305551
2018-08-27,988.3269722817533,1292.5085436827408,962.0989229592935,912.373415483457,936.8102272977073,947.3170862526467,1063.879088357526,820.1557995497651
2018-08-28,988.3269722817533,1294.4016236177483,961.8834946416677,912.9762348075956,936.8102272977073,947.7747938766337,1064.7237047146004,819.1106114350471
2018-08-29,990.4172489329467,1309.336421221093,967.4823381336828,917.8008004743452,943.5039707555212,952.8743689477266,1074.0090295141013,821.2009876644831
2018-08-30,987.8870588413873,1307.0224191953982,963.068029401334,909.9615516237576,939.4293747169295,949.0169821697978,1070.9141146918676,816.4979402519936
2018-08-31,993.607830971538,1308.7050943731194,966.6209917057805,909.5594206901268,942.3396492239299,949.0493214332356,1072.0394960575672,815.7139893452069
2018-09-04,989.427087928612,1303.0959894871921,965.5440335389517,907.9513997240136,943.212843667743,947.4152308465642,1070.9141146918676,814.1465062768715
2018-09-05,988.4369269242774,1286.2682245249541,965.5440335389517,902.3229911636776,937.9744242829507,944.8653306306575,1061.347328484382,818.0654831410774
2018-09-06,981.0654121022208,1274.7694750767178,964.3597739112364,891.066676811416,936.8102272977073,942.021221993719,1057.6892587130587,816.2365235818176
2018-09-07,978.8648013274249,1269.8614942295173,961.0224233457164,886.2425301183416,935.6462171319853,940.190391497771,1055.4383799150996,813.8849699651987
2018-09-10,979.9652015850925,1274.1380356526302,963.3911260224477,892.0716270691853,939.1384344486729,941.8250454862444,1057.4079133716336,815.9753461946347
2018-09-11,980.2951603829343,1283.9544476514877,965.6517018424395,893.2775171016675,939.4293747169295,944.9307415798755,1063.316745874356,816.4979402519936
2018-09-12,977.2148175976761,1280.1682877814726,966.082466767041,892.0716270691853,941.1755767850341,945.1594263713284,1062.7544033911863,817.5432480082084
2018-09-13,977.3248671104698,1293.8407694172126,971.681035127105,896.0919308686732,946.9961257990349,950.7495553914679,1071.4768053747175,819.6332653131544
2018-09-14,984.3662333941452,1290.0547221233116,973.1885747972347,902.5242661173307,948.4512630525351,950.9130545944233,1070.6324211507629,820.6784534278725
2018-09-17,973.4739879951161,1271.4738093359147,968.5589294579103,893.8809229889515,942.3396492239299,945.8788341323685,1060.2217149855626,820.4170367576963
2018-09-18,976.2242771122628,1281.991457949613,973.0809064937469,901.7199204553339,948.7422033207918,951.01097382762,1067.818735603394,824.0748960554677
2018-09-19,970.063117190398,1281.009456506162,972.9733299009094,908.5543028428872,947.5781308818958,952.024420989151,1066.6933542376946,826.6876868800176
2018-09-20,978.4249827573285,1295.1727699994562,980.4019842883148,918.6048109574018,953.9806849787577,959.7396452664502,1076.5413697200452,832.174685199294
2018-09-21,973.0338848142108,1288.0915072692085,982.5555337793711,918.2026800237709,956.0178273151189,958.8627667017365,1073.7279163057965,832.9585762853326
2018-09-24,966.5425763539648,1291.6735666443278,978.0333733222338,915.5413592377495,952.9174950815091,955.6774055932954,1074.4900093387155,827.0118555151859
2018-09-25,967.0927290476637,1293.4295288723397,975.5570940526652,911.5091565858808,952.9174950815091,954.7904984765051,1075.054789219645,824.1171893245328
2018-09-26,958.8911942364414,1294.3426337339504,973.8060626059086,905.4604336344022,952.9174950815091,951.9336006186603,1072.7959018290464,819.6441526893494
2018-09-27,959.2226709585976,1305.300342377736,975.5357254711382,908.6862795506323,956.1346517892733,954.593871247589,1079.0085965858325,819.6441526893494
2018-09-28,962.9756439556728,1305.0193523968974,976.9411911874503,906.2671255489812,959.3521821360807,954.692128521867,1079.855650340667,818.8548179152135
2018-10-01,948.6259464495276,1307.6889823670906,980.6164954994374,909.291361332618,962.5697124828881,958.0089876109071,1083.5263713670297,822.0123364740024
2018-10-02,938.4704635645986,1304.738362416059,981.3732000753128,905.8637376943242,961.1071024485251,957.450769105434,1081.267483976431,823.8542173149002
2018-10-03,946.7490330347766,1306.1434248963653,980.9408760696557,910.5008545387083,960.2295488825422,957.9761976260277,1081.267483976431,824.1171893245328
2018-10-04,935.4901140435511,1281.0673206288186,972.184434886768,899.412045861864,949.7002138273971,950.4887003571179,1066.8658291458453,823.5913051260159
2018-10-05,925.1143423924954,1265.4031423821039,965.2657834258495,885.7022216665702,941.5106687335548,945.1692295626842,1058.6764048058055,821.2230016998664
2018-10-08,924.341339435389,1257.6769310940742,965.0494380017203,881.0647696432455,937.7082064647152,945.1692295626842,1053.310879870414,825.9595487314173
2018-10-09,921.4717983892925,1261.7503852073185,963.2114648584505,874.8145203539087,937.1233368158568,943.7896839101797,1053.5936180105589,823.3281536541384
2018-10-10,896.3046132566022,1206.259929916866,930.2395601410473,838.5236909502692,902.024930566968,913.9062325873631,1012.929234450505,802.5409221775135
2018-10-11,876.8771743079925,1191.2984517744753,908.6188660363272,822.3944613691189,885.9383374768865,893.7762242411287,995.4214063413662,782.2799338238954
2018-10-12,875.3321170964764,1224.4526802627843,921.807499528378,834.8945409741171,903.4874160549833,906.1889800635765,1017.1653156905971,786.226906798317
2018-10-15,879.41599759409,1209.6312468063563,917.0509266489964,828.4430167311272,897.6377854687915,901.0993208641997,1007.2816677743285,784.648237250045
2018-10-16,903.3688432752632,1244.8224275035154,934.0231747310746,849.4110570839902,918.6965801254294,920.8022143042986,1034.3911020589512,796.4887374280715
2018-10-17,898.8432468021604,1245.3139348177544,933.4829072899787,849.2092793619265,917.5269653740603,920.9666149501372,1033.8263221780214,797.2784311266976
2018-10-18,881.7339628924427,1216.4445783850033,921.3754506546719,828.4430167311272,903.1948566842063,907.6666703099983,1014.6239222929738,790.4370312446162
2018-10-19,873.1239167001085,1215.3211813422201,917.0509266489964,819.9748883937923,903.4874160549833,907.174313475185,1011.5174008147409,791.7526689625071
2018-10-22,872.3515778348897,1221.5727581114186,915.4293906405063,813.9265844159893,903.1948566842063,903.1024959713956,1012.6469605766001,783.5957510040314
2018-10-23,865.5080160634341,1217.076918418004,909.483697468942,804.8537932703442,897.3452883711884,898.5047992255704,1007.2816677743285,779.1224152651064
2018-10-24,835.0423263708043,1161.37538291358,881.3764007770093,765.5387280830681,866.9268356839484,871.2816748718627,971.1359294946717,759.9141524404951
2018-10-25,853.255425867897,1201.5534603139365,894.6733445471002,781.6677062800131,882.720869403253,886.9128071483519,995.703680215271,767.5448870967126
2018-10-26,845.197619515194,1170.6473768245633,882.4573942124526,763.9256794328504,870.7292356796142,871.3144085165619,974.5245507469696,757.0197853535836
2018-10-29,842.7690354824296,1146.5545123377228,880.7279147685236,753.844586240033,867.2192705083777,866.4869001756799,962.0991612333976,759.6509411478693
2018-10-30,862.196569301309,1165.4492873312809,894.8896899712295,775.619318507475,881.2585707347592,879.3269399248038,975.6539944422689,772.2810752037734
2018-10-31,861.5340902083447,1192.8437840929726,902.9974617243308,789.5307528353625,891.4955955118229,888.7187916248294,992.3150009296932,774.9124702810522
2018-11-01,878.2019427533819,1208.5774218020981,913.3753472050583,812.3137871499769,904.0724102501894,898.1766176758753,1004.4576523031203,781.4907186912561
2018-11-02,883.3898285789097,1189.753006879864,907.5376891795831,809.0877736442766,897.6377854687915,892.8565271394592,994.8567425269965,779.9119295014873
2018-11-05,884.2728810488098,1186.8027246571748,912.9431149100516,811.5071790301329,900.2700725276974,897.7827434760607,995.703680215271,788.8584215170924
2018-11-06,889.2400037568627,1195.7937285873195,918.8889915029165,816.7491262722973,906.7048218554429,903.4635801863304,1002.7634287268914,793.5945498034051
2018-11-07,900.1677306367408,1233.302626321939,937.6987541750127,833.8865741058851,925.1312049068272,922.8056147722151,1029.3084313302643,805.1722574340441
2018-11-08,898.2914813138773,1225.4359200434903,936.61794416087,828.8463207910492,922.7914772186982,921.1310719361562,1027.6137434877955,803.5934682442754
2018-11-09,882.7273494859454,1204.7842822130078,928.0776649808109,814.1280269591125,914.60199439803,912.1328127350442,1016.0355237956179,798.330917372711
2018-11-12,866.7220709041421,1168.3290969065322,910.8890714746036,787.7163454367566,893.8354477462996,895.0896265220722,990.6205452203442,787.8056361673373
2018-11-13,864.8455369704698,1169.3124492633526,908.6188660363272,790.5389710877998,893.2504535510935,893.4147456449323,989.491333658165,786.7532695628204
2018-11-14,858.9951720519775,1160.392143132874,901.48405257258,785.7006630844976,887.400760691728,887.3066813481664,981.3016771850052,781.4907186912561
2018-11-15,870.4753285120262,1180.6917554545098,911.2132686235212,798.2004913052907,898.515152215253,896.5673731086742,994.8567425269965,787.5426043369564
2018-11-16,873.2346303047897,1176.5476035415995,910.1322751880779,796.7890527876665,892.3728999851105,898.8991804870068,995.703680215271,790.7001228957454
2018-11-19,858.7745038047722,1138.336230854884,894.3489639768819,770.9822016630909,868.6817559963929,883.6945433746708,968.8766939043932,787.5426043369564
2018-11-20,842.2169853833376,1117.9661458858102,879.1063787600335,760.0948355293699,852.5951006331376,867.3407919468699,953.0626831385233,770.9654973066306
2018-11-21,850.9371759587352,1126.4651921972595,878.7820899004655,768.7643226150929,855.8122573409019,870.2961724397136,957.0161423050308,773.0705894401543
2018-11-23,850.8268418351325,1118.31715820963,872.5120161586829,763.7241530949921,850.8399935011715,864.4837814086644,951.6510236025993,767.5448870967126
2018-11-26,858.6641696811695,1144.1660975005964,883.7546413613749,782.6760083271856,863.4171196054073,878.4401454883741,968.5941298640884,777.2807138864536
2018-11-27,852.3723733979969,1148.0294845848964,885.5926145046446,781.0632110611732,866.3418414887424,881.3955823213979,971.4181453352966,779.3856863784806
2018-11-28,873.0137723170451,1184.9767400861815,906.7810763143581,803.0393858717384,887.6931955161571,901.6903293545522,1000.5040770700529,791.7526689625071
2018-11-29,868.7088440911475,1181.1132404257673,902.5648625867227,798.6038791599477,883.890920066839,899.7200569125964,998.2450736128943,790.1738797727386
2018-11-30,875.3321170964764,1189.6826468085403,911.3216706122117,805.0552358134676,889.4482403749493,905.2042663939502,1007.2816677743285,795.6994026539355
2018-12-03,880.6304319158767,1210.4743293249858,921.807499528378,821.7894633818684,902.024930566968,917.190358031704,1022.2483346189639,801.7513481203843
2018-12-04,840.8925964190267,1164.044562579317,893.5923511116569,784.4904157257914,873.6540821092971,887.4711383341854,986.1021901063472,779.1224152651064
2018-12-06,837.91205715744,1172.26295663827,893.3760056875277,780.6599070012512,875.7013126998229,886.1246643674615,988.6438156370905,773.8599242142903
2018-12-07,822.1275416931118,1133.5595137567448,872.8361215969502,754.8527206977353,851.4250499695514,865.534694790032,960.6875597307535,760.7034872146311
2018-12-10,816.7187030095696,1145.4305524143692,875.5385593302334,755.2560247576572,856.6898109068849,867.1768420224728,967.7469020094139,757.0197853535836
2018-12-11,815.9463641443508,1149.2236920034597,876.0793770352312,754.0464477568318,858.1523586680739,867.3734692513889,969.4415898518828,755.440996163815
2018-12-12,824.0039807565145,1159.33843070473,880.6198796224346,761.3047477091358,862.8320008638535,871.7408473405351,976.7836702706882,757.2828770047129
2018-12-13,811.420767671248,1159.6895556046638,881.1602387741808,755.659161228109,863.1244979614565,871.44568113644,976.7836702706882,756.7563945987129
2018-12-14,798.8368904940938,1131.452426628799,861.5930378410065,741.5462005623632,845.5754193833599,855.3546439689359,955.3219767620819,745.4418982606999
2018-12-17,780.2212564428772,1105.8144549756898,842.8158324497776,725.8200236569296,828.0262785320893,838.5739466555399,934.4253533008053,732.0224892514079
2018-12-18,781.2190070687839,1112.7681689686417,844.0113724874835,729.8521425140633,828.0262785320893,837.6544749145911,938.0962484270078,727.5492731539796
2018-12-19,764.0337795082115,1085.4439197021595,829.8848141745046,709.8924880031078,814.5720347740876,825.1099957508236,920.870636158494,718.603080242116
2018-12-20,753.2788113893656,1069.7099442646916,817.6054000698285,699.2067320019802,799.9476780793259,811.6789475113472,905.9039112805787,707.8147672063615
2018-12-21,735.8715399626781,1036.5560535047252,800.5445594995313,680.4563612102776,783.2760285208647,795.0477770362158,882.4656042552787,697.8159085862394
2018-12-24,722.2340335707936,1010.851436792058,781.4192204796485,663.8400747314965,762.8089535622092,774.040383063646,860.2295726916741,678.9516150644915
2018-12-26,755.8288293672817,1073.967685476747,818.0400168417439,703.9621670122921,802.2139856954783,813.1488064727205,904.7583343334402,709.1980621906071
2018-12-27,760.3746332078199,1078.1239956099819,827.6025029303845,712.2704149951013,811.6239604505564,819.3914674599965,914.117999764617,715.5658612082069
2018-12-28,763.9227338575864,1077.5605521588216,825.537729348848,710.0415588368085,809.2713422154392,818.3344129989867,912.4161157954285,715.0350717083275
2018-12-31,768.5794410433452,1086.6474709381946,834.1225799049676,715.1073695458426,817.7992174628426,825.502179745232,921.7759553264453,720.6068360279787
2019-01-02,772.127209647168,1091.0154241659714,833.6876880011013,720.3759635137612,817.7992174628426,826.3609731120997,919.5066219454474,723.5254305179616
2019-01-03,757.7135695792788,1055.371574913944,812.7154799048667,695.2489390748592,790.4510813394138,806.6416846795614,896.5333355927623,706.0142823233037
2019-01-04,785.0996754488075,1100.5249536777435,841.4033050133902,730.3050530571503,818.3874498630893,833.6609139211064,929.7173454277784,728.5662258754886
2019-01-07,795.5218860968569,1113.6271247193617,846.5104877089844,743.4763284901094,826.3275286224631,840.2339537251056,935.956967626483,733.8728048178195
2019-01-08,807.6071725718666,1123.7005479867507,855.6384487363603,750.7712467416417,833.0910180349962,848.1281144147365,947.0179947273283,739.7096946940432
2019-01-09,815.8114586209089,1132.85816456579,860.4194166487296,761.713917400513,840.7367315015513,852.0918714528926,950.9890379776748,742.8936540235914
2019-01-10,818.6942815047563,1136.098330282333,864.3317929918206,768.6036881079517,843.9715115175169,855.0977327472001,954.3922836165319,746.3427987304601
2019-01-11,820.3577368127953,1131.9423578774404,861.8323109277184,767.9956735102386,843.0891006439731,855.4280552237432,953.5417478648976,746.608043928529
2019-01-14,813.372438858483,1121.9395198336035,857.2682387033801,761.3086022669493,837.2078352854624,850.2088699500747,946.4509515484788,744.2201192969292
2019-01-15,818.9160881951975,1143.8471693693002,865.0925328363105,769.4141507856092,846.0298267329892,859.9533548380045,961.4830799329507,749.5265785977633
2019-01-16,825.2359660781864,1143.6357514269866,865.8529058381991,772.8587847551233,844.5594948250681,862.0341103733427,960.0649787029469,753.2410881441976
2019-01-17,833.2189197881357,1152.6525352872643,873.6768331285282,780.7617176043689,852.4992622185728,868.5740784915615,967.4392095588705,759.6087076995525
2019-01-18,841.6453920086977,1164.0639256709453,885.4129533406476,796.5676670975951,865.4382577360874,880.1346890884057,979.0679762379253,770.4868116785415
2019-01-22,827.6751755811515,1140.7474986431764,872.8078747166485,777.3167484559144,854.2637103266172,868.2438686953789,965.737615756082,760.4046227560041
2019-01-23,826.2340013149019,1142.2269739349147,873.3508934772542,772.8587847551233,853.9698432191893,870.0606704864558,967.1553687864057,761.4659026520213
2019-01-24,830.8906136303912,1149.6232246324644,874.1117250323945,787.2460055887736,858.9688222505039,870.5227726444988,968.2900935101849,762.7926072083524
2019-01-25,839.982126441198,1163.3597620771375,883.6744862529862,803.0517036977947,867.2027681173057,877.888744144706,974.5301219418493,771.0174217161759
2019-01-28,834.8822802259051,1148.989195957752,877.5892094716191,791.7039692895647,858.3805898502573,871.2169400048068,963.7520070809888,766.7724217736037
2019-01-29,834.7714717509541,1138.1414741774597,878.0241013754855,787.0432223298891,855.1459966538133,870.0606704864558,960.3485873422917,768.0990665091865
2019-01-30,843.419276310609,1167.093123749631,889.1077003105047,802.4437728948163,868.6729132057053,883.8341543412192,979.0679762379253,777.9158307714101
2019-01-31,850.2936709197008,1184.5627977145698,902.908135550909,807.7126182469405,876.3187512186082,891.596760710071,990.4124378782755,782.1608307139821
2019-02-01,849.5177269842354,1179.5614912687654,906.9287304613898,811.7652668141677,880.7296846691978,892.025903862694,990.4124378782755,783.4875950910615
2019-02-04,860.383029226684,1194.21361024956,912.9056969647168,815.8180829708652,889.257684462949,898.3017492161109,998.0705095066637,787.9980196939475
2019-02-05,861.0481646871984,1204.779779168443,918.8821132041418,818.6552051110766,893.3745017134153,902.0672451601251,1003.7426822935588,790.1206393067301
2019-02-06,859.8288919816597,1201.1872502147107,917.2521398158211,819.871150511768,893.0806346059874,900.8781293167142,1000.9065959001113,789.8552146464164
2019-02-07,852.1783636965631,1185.0558810944065,908.1241787884454,804.2674815090159,883.6702239386923,892.2904210087574,991.5471045687744,782.6915005723649
2019-02-08,851.7350349264898,1187.380352698714,910.514892021256,806.9019879798128,887.7874148282017,893.3801527742862,994.9505243074715,781.3649754782789
2019-02-11,858.7198585294539,1186.253128068051,911.4926192644274,809.738858735819,888.081531028325,893.8754956386504,996.0850749314104,781.8955256951649
2019-02-12,870.3616739289859,1203.7936124087698,921.9249808714511,825.1394930954814,899.5497587257016,905.3703009050148,1009.1318848071891,791.1817397405024
2019-02-13,873.7988237983969,1204.639284178024,927.1409323983371,829.1920578679736,903.9608789958127,908.3100188277615,1011.1172033158823,794.3653999663089
2019-02-14,875.7947045312887,1206.1180840130774,925.4022818893751,828.786826529145,905.4315222696031,906.2954630041643,1010.5498699706328,791.4469849385712
2019-02-15,888.8777890673399,1211.1903134107758,934.8560908573744,835.6766810313188,913.0770489166367,916.1715585530535,1019.6259267624649,801.5291738611087
2019-02-19,893.7563029435398,1213.584919934179,934.8560908573744,838.9186993314186,912.7829327165134,917.7569148838473,1021.0440279924687,804.1822240492808
2019-02-20,900.0757064751805,1213.374064872436,938.659514947873,843.3765792374746,915.4295426054063,919.6063939794432,1021.6110131380382,806.835633161943
2019-02-21,895.8627075405736,1208.9358641494498,933.5522405416284,836.2844442448268,911.0183600621212,916.3365226006943,1019.0588255503354,802.3249692760638
2019-02-22,899.9653723515778,1217.882400514518,942.6802015690041,844.3900765582217,919.8405383291696,922.0178663725859,1028.1346502090475,805.2438030490395
2019-02-25,897.9695864889557,1222.3201509330477,943.4410331241444,848.6455083843337,920.1345299829452,923.2727875464765,1029.5527514390512,806.570208501629
2019-02-26,889.3214024482222,1223.58787055413,943.2236788828616,846.213617582951,920.4285839098947,922.6124242942913,1029.836185978556,805.2438030490395
2019-02-27,890.651483628712,1222.8133468889985,944.5272540666566,845.4030711105585,921.0167540369675,922.2159584461874,1030.6871859964303,803.3863688135775
2019-02-28,887.2146183701097,1219.9956793287402,942.2455847970888,838.9186993314186,920.4285839098947,920.4983153722717,1030.6871859964303,799.1413090502571
2019-03-01,892.3147491962117,1228.4489071617434,949.0915097122954,847.2269473142278,927.4863140688987,926.2456334951836,1039.1959094430129,804.447708530343
2019-03-04,883.1124279104539,1228.6598747996004,946.5921193588435,841.9583533463092,923.9575423991574,922.8763780385527,1035.7923736377559,800.7331989839087
2019-03-05,879.4534713506016,1229.575568911836,945.50553157373,836.2844442448268,921.8990403641635,921.621344184302,1034.6581712134969,798.8761834936848
2019-03-06,862.1571981394043,1222.601928946685,942.028230555806,824.5313109082979,916.8998745133274,916.039102789391,1028.9854180938019,792.773450211909
2019-03-07,853.1760194522001,1207.5976718809295,934.4213823748088,814.6023051596441,909.8425179933665,908.3762748796827,1020.4766946472191,787.2018055337542
2019-03-08,852.2893619120533,1205.7659459281163,932.6827318658468,811.1575036006598,907.48958839238,906.5593040680652,1017.3567094480269,786.9367397979303
2019-03-11,865.9268683039378,1230.843851413489,947.0266444201085,826.7604184507962,922.7812644181857,919.7052709957035,1032.6726205716834,797.8146643146744
2019-03-12,864.5964076423694,1237.605960860212,950.9388373418989,830.4078356791948,926.0159198878036,923.1737978498559,1036.0758081772606,800.4678939650914
2019-03-13,867.9226541665599,1246.9041850057847,956.0461117481435,837.7026701359922,933.3676417005832,929.2846228154517,1042.5995613148298,805.5089286056118
2019-03-14,864.2636027364381,1244.7913564960188,955.7203555181702,835.0684150494003,932.7795338466843,928.6896705124849,1041.4647785577708,806.3047838413152
2019-03-15,864.4855042971489,1256.344255055146,959.9582129592835,842.3635846851379,940.7193635133629,933.2783528294771,1047.7045168230354,809.754108010429
2019-03-18,871.2488058204808,1259.3363030161731,961.1532944437378,845.5282604447624,943.1368703956383,936.6623694133218,1048.8996541912911,815.2244761616711
2019-03-19,864.9288330672222,1263.5704032442634,960.610275683132,847.7595466503726,942.5471434392191,936.8942092548662,1051.1764158321287,813.0897129369786
2019-03-20,858.4767060283416,1268.5807157791974,958.6899463758657,844.10793968522,938.4196774760235,934.0744959159567,1052.3146805859876,806.4184432631309
2019-03-21,869.7123818035028,1288.4112234333036,968.1819069744024,862.3658069215121,951.3919268683774,944.6244763602801,1064.5507655402098,815.2244761616711
2019-03-22,838.007686389247,1260.1122901707881,950.5071553107941,832.747887450934,931.0490868915654,926.4440636098665,1045.20049685773,798.6799116184336
2019-03-25,842.0124450819726,1257.712842874478,950.1795648678142,830.313399012764,930.7543479597035,925.747360941449,1046.0542824730442,796.5452082144894
2019-03-26,849.9107745113944,1263.5704032442634,958.798898628458,837.8195637914235,939.5990691156879,932.6478498728007,1054.0217875503758,801.6151960971987
2019-03-27,849.6882088587961,1255.4543408730435,954.6530269696261,828.893497226897,935.1767396742827,927.7709311938788,1047.7611573043123,798.9466523352106
2019-03-28,857.6979159847866,1258.3481098864456,959.126489071438,834.5737747282453,941.3677517995546,931.287966943188,1051.4606628375534,802.6824580680483
2019-03-29,858.2542352460129,1267.875088695906,966.1090628556367,843.296806649682,947.8541255884269,937.1600222250743,1058.8595578374757,808.0196054127728
2019-04-01,868.8224038039183,1284.6709946178485,976.1463349810374,862.3658069215121,958.7624551796615,948.2737425125309,1069.103244222845,818.42662099871
2019-04-02,863.9276671116082,1289.5402492817925,977.019145240231,864.5970093323872,958.4675294282781,948.7384363188634,1070.2419732429437,817.8931395651558
2019-04-03,868.1550863272018,1296.9501216891506,978.001182883968,872.3061249594015,960.5313869562236,950.231451094301,1072.5187348837815,819.4941222525526
2019-04-04,875.051870319931,1296.4561377004009,980.2922983505198,872.3061249594015,960.2366480243618,952.7527868388438,1072.803214022326,823.763708522686
2019-04-05,882.7282981886419,1303.1609459050383,985.3109802685453,879.2032696035269,964.9535918512812,957.3641179082784,1076.5021392227673,828.0332947928192
2019-04-08,882.0606961011165,1306.477325650839,986.5111058387678,880.4204719252443,968.1967164725436,958.0938359222961,1076.786966560992,830.1679981967634
2019-04-09,871.0473962380144,1301.890299304989,981.05588122517,869.6684342886715,962.3003187327857,953.1839018977739,1073.0874610277508,824.0303295979663
2019-04-10,884.2857834054822,1308.8767729471492,985.3109802685453,878.7976192910228,967.3123751306102,956.4351810170552,1076.5021392227673,826.6989331807027
2019-04-11,882.5055427955043,1305.7718111436618,985.9658860225541,879.2032696035269,967.0175116524006,956.1699314486491,1075.6487018071332,827.2327735387466
2019-04-12,886.5103963584995,1311.417165538335,994.5846695192959,891.9836425973552,973.5038231680992,962.6389109398094,1082.7625373357107,832.3029408837009
2019-04-15,883.0618620567305,1311.6293715134475,994.5846695192959,886.5060645601565,972.9140339385061,962.008915044755,1083.0474807404953,832.0357814216856
2019-04-16,886.6217740550684,1316.1455874835174,996.2212460744403,892.3892929098595,972.9140339385061,962.6389109398094,1081.3401416429872,834.170724108623
2019-04-17,882.6168256218035,1320.732838981596,993.1663643119376,886.1007494265926,969.6710338635914,960.2836660465115,1077.0714456995368,833.903983391846
2019-04-18,879.501855188123,1322.4264340423865,992.184418378851,888.9407205877966,972.0293189575297,962.1746678549187,1079.9172816840237,834.7046242874152
2019-04-22,874.9407772341712,1326.1665502817273,992.184418378851,890.9690559450521,970.8501141373868,963.0039953075391,1082.478406396846,833.903983391846
2019-04-23,887.8454107930111,1343.0330414272219,1003.2040032799397,899.4894721970745,977.9259657899828,971.663142963996,1093.5762265972094,840.0414127076498
2019-04-24,890.626532747794,1338.7987160469033,1002.5494643685323,898.6779201878611,978.5153813805327,969.5065535461016,1091.5841762280365,837.9067691244541
2019-04-25,881.3931888838607,1344.232652499263,999.1671755843505,891.5778246953809,974.6827788955467,968.9095729966474,1095.8526400383669,833.103402317025
2019-04-26,889.2916131835522,1345.4322635713038,1002.5494643685323,893.6065790263119,977.0412508090063,973.4214073078397,1100.1209877821375,837.37292876641
2019-04-29,893.630030614636,1348.043353962156,1002.4400535626883,895.2294316605335,977.0412508090063,974.947550109238,1100.6905263920269,839.5076321703543
2019-04-30,891.4054176616186,1337.5989923987481,1002.7676440056681,895.8381166161273,981.463829343107,975.4454846218915,1100.6905263920269,840.8420536032189
2019-05-01,883.395710535628,1333.2941943709916,994.0392662817816,887.1149171052203,972.6191704602966,968.1130355289064,1089.5922419254234,837.106188049633
2019-05-02,886.1764530093324,1327.507219224758,992.5120088218309,884.4776454081658,970.2605740004891,966.0230402040146,1087.8849028279153,835.5049062584945
2019-05-03,903.6421645221242,1348.6788461263516,1000.1490298067868,894.41787965132,977.0412508090063,975.4783872871313,1099.5517973719282,841.9094950363136
2019-05-06,905.1993651281555,1340.421838460256,996.3307485909346,885.8976309887678,973.5038231680992,971.4641494475113,1095.5679287667024,837.9067691244541
2019-05-07,888.6242957068357,1314.310821975623,979.3105358387338,867.0315815652922,956.6986599248899,955.2405438359842,1078.2097104533955,823.763708522686
2019-05-08,881.5043768398903,1310.9938793492515,978.7647657586181,865.4085613416006,957.2883868813091,953.9139579528728,1077.3561569712012,822.1624267315475
2019-05-09,879.501855188123,1303.936707907425,975.6008400328727,861.5542549122988,955.2245916265373,951.0278758816816,1073.6564193048403,820.2946435066252
2019-05-10,882.3944497097444,1305.5598303207778,980.0739352920833,861.7572057606534,958.7624551796615,955.804734400559,1078.7787847970449,823.4968481644123
2019-05-13,854.8058906847831,1260.253460617892,956.1804678508773,825.8507428068085,932.5230929167441,931.7853943942198,1053.737192345271,801.881996634724
2019-05-14,863.9276671116082,1274.0854626073371,963.817672257134,840.4565003095378,944.6110009671646,940.2124205082313,1061.420566483738,809.3537277418959
2019-05-15,865.4853420689877,1292.0807544490924,971.672964589876,846.3394772750354,951.3919268683774,945.719166061667,1071.3803540633626,810.6879697125157
2019-05-16,868.8224038039183,1305.0657337559142,979.20121674354,852.2225380352681,960.2366480243618,954.4776977960059,1084.470108566339,816.025057236492
2019-05-17,854.694323247675,1291.7280534835609,973.855311225136,840.4565003095378,956.1089329684706,948.3068705384916,1077.3561569712012,812.022271503884
2019-05-20,848.6871377734517,1269.9216098744562,966.98178140418,829.0964480752517,947.26427408566,942.0367155432752,1068.8192293505404,807.4861239792187
2019-05-21,860.0340963749121,1283.1891552277139,975.4918877802803,842.6880378993532,955.8142563097826,950.5297160083072,1076.786966560992,814.9576158033974
2019-05-22,851.5796374248034,1277.4728778811464,972.5461416916708,832.747887450934,952.8659328935561,947.6105059111553,1076.5021392227673,810.1542489959686
2019-05-23,831.3330885680376,1257.9244859690198,959.7807528508944,815.7076415100347,938.7144786810591,936.0320354771861,1064.5507655402098,800.5478743056008
2019-05-24,839.6761698215774,1257.2894441092803,960.3264312203597,818.3448294123542,939.5990691156879,938.1550461476781,1065.6889142275086,801.881996634724
2019-05-28,834.1143053930903,1252.561134740212,952.0348713239964,812.4616848573864,931.9334282334987,929.4301495009217,1059.9975904582145,791.7416619448156
2019-05-29,827.3281401347728,1242.2577184716802,944.7244319648668,807.9986096777557,926.9216832015436,923.1928971709455,1051.7452580426582,788.0059160327263
2019-05-30,824.9919597446471,1247.4802369817264,947.1245913946613,807.5930431599866,930.4595467546678,925.7138948744072,1056.867391401743,787.4720756746824
2019-05-31,813.9790393626236,1227.5792566801822,936.7602790901826,791.161230790476,917.7820362941758,913.239559234995,1042.6393721449076,777.0650600887453
2019-06-03,818.2061739674083,1200.5505197132595,933.8142578696221,786.6981556108452,914.5389116729134,910.9176113881985,1030.6877663292303,782.1352872544478
2019-06-04,840.4551496056717,1234.354199803915,955.8529691185479,814.8960057060863,937.2403481095328,930.6907046928328,1051.4606628375534,800.5478743056008
2019-06-05,838.5639107802036,1243.5282524956153,964.5813468424344,817.3304103495212,946.9694106074505,938.7522520578533,1062.2745842321722,805.0842611132593
2019-06-06,836.6724822141962,1253.4083825750638,970.69120207809,822.8077370025148,954.6348023969442,944.8566542429057,1070.5266845146084,810.4210495334938
2019-06-07,842.1238227785415,1277.613710599908,982.256190216693,831.7335521828361,968.1967164725436,954.3120576662027,1084.7544716383236,815.4912766991964
2019-06-10,848.1311031230344,1292.50415321429,986.0747465644961,840.6592835684222,973.5038231680992,958.6911545128315,1089.307530653759,820.0277233276033
2019-06-11,846.2395796867573,1294.268783803089,986.8383294391463,840.2536332559182,973.2088351435419,958.459258331107,1087.6005397559306,820.8283044024242
2019-06-12,844.4598134281277,1286.7879884438366,985.2019363053025,831.7335521828361,969.3760458390343,956.766799317743,1086.7466380740566,818.6936009984801
2019-06-13,854.3606645093167,1294.4096165218507,989.2386722902414,839.2392979878202,973.5038231680992,960.7150064661624,1089.307530653759,823.763708522686
2019-06-14,846.0172986449679,1288.905094845939,985.9658860225541,830.7192169147382,967.3123751306102,959.6535574710966,1088.4539771715647,822.1624267315475
2019-06-17,846.8098448776221,1296.668005947171,985.8012654052111,831.7335521828361,967.0175116524006,960.0180784370242,1091.014985817827,821.0951049399495
2019-06-18,857.8596697945395,1315.510433047664,995.6704319085565,849.5855177224189,977.9259657899828,970.0705187499557,1100.9747733974516,830.1679981967634
2019-06-19,859.9803998022903,1320.450498087388,999.2887839066884,853.0341738392167,982.3481084118665,972.2603488741711,1106.0969067565363,830.4349183757853
2019-06-20,865.7838988075756,1332.7297377348043,1011.2415246748881,863.9885757609986,993.5514260276584,981.5491543846013,1116.910247818355,838.7073501992749
2019-06-21,858.7523990319438,1330.7536892036917,1008.3898737135174,859.5255005813679,989.1290965862531,980.1226210218058,1115.4873878593914,837.9067691244541
2019-06-24,849.1536148893196,1330.7961303987142,1005.3196762724097,857.9349927148858,988.536754156532,978.9223498227144,1115.1448754408498,834.7641459319976
2019-06-25,844.8006823069793,1307.9512847129854,996.7666493119546,847.1266450163416,979.3591206131118,969.3215323943078,1101.1481768380822,829.9297919769369
2019-06-26,845.6936012849229,1314.0337721587787,994.6833501790513,857.7311201244453,978.4710428807471,968.3545095412659,1098.0062550590515,829.9297919769369
2019-06-27,862.2126023768798,1319.0553423051242,997.9731029170498,864.8687556582395,979.063073944599,971.7882181640516,1102.0053283836362,833.9584800935693
2019-06-28,873.7087919124992,1320.753102682137,1003.0170052639162,872.4140525781796,980.5433695603372,976.7888598787041,1106.2898093792458,840.1359893107501
2019-07-01,875.4945349981168,1338.576040493178,1011.3506603487812,882.2025345561108,989.1290965862531,985.6566915626411,1116.0016787867237,846.5818544049127
2019-07-02,870.4717234417795,1343.8805144143018,1013.8729783648156,878.1240772104801,990.9053765973302,988.2236628531501,1121.7142427364965,847.1192241871078
2019-07-03,875.3828726907391,1353.9944650827733,1023.6324589303658,882.4066585307565,1001.2673836343234,996.1245843644056,1129.7123893856667,853.2966735835404
2019-07-05,878.8425068140572,1351.2364628629973,1021.4392904383668,881.5908329900542,997.7146990658215,994.9912452993979,1127.4273870190696,852.7594832635904
2019-07-08,869.5788993341056,1341.7587923915207,1015.4081229406946,873.8414120954684,992.0899369104249,989.523994212286,1122.2856384113459,847.9249498462846
2019-07-09,868.4625608711368,1348.4775600343087,1017.0528617437185,877.9201208253044,993.2739990381285,990.7570553962569,1125.7134321276417,848.4620803454864
2019-07-10,870.8066154936432,1361.9158833526835,1021.3295127899214,881.9989133498756,998.0106834611604,995.490982697818,1133.425822906107,850.0736513053366
2019-07-11,866.6768177855192,1360.925776429016,1023.6324589303658,884.0378068437507,997.7146990658215,997.824818322638,1133.9972185809563,852.7594832635904
2019-07-12,874.2664393575005,1368.7764968992599,1027.250810928498,891.7874791225418,1000.9714615121583,1002.2920312111077,1137.424896230692,859.4740631592247
2019-07-15,868.6858854858923,1373.1617868486107,1028.347303463847,890.9716535818395,1003.6361928946432,1002.6253397172015,1137.9962919055413,858.3998619815694
2019-07-16,869.5788993341056,1366.0887421746938,1024.948048209354,885.4655853347148,1000.0829478675764,999.3917514145047,1133.1402991685225,856.2509810602725
2019-07-17,863.1054264845537,1359.3699745319054,1017.9302575354285,879.3477317267983,994.7542946538667,992.5908155815755,1127.9986666273585,849.5363413438897
2019-07-18,864.7796021330631,1360.925776429016,1022.2065417390302,881.7948731699648,1000.3794927214803,996.2247572048104,1130.8552968019253,853.5651491020187
2019-07-19,862.5473046882041,1350.9532213598766,1014.6404130867796,879.7554769076793,995.0503413223796,990.6906866639752,1123.7140695651892,848.9992108446882
2019-07-22,861.3194936583968,1361.7037899536854,1017.8207550189342,884.8537999739231,999.1951192279072,993.1240190470375,1127.4273870190696,850.8793769645134
2019-07-23,869.35557471935,1370.6155402994907,1024.948048209354,894.6422819518542,1004.5239592611388,1000.2251353600999,1133.425822906107,857.8625520201226
2019-07-24,883.9770755480419,1380.2339309136148,1030.2117809850622,905.8585424207495,1010.445328543613,1004.9255965946193,1137.7104199682767,862.9658600596484
2019-07-25,874.3783862756873,1367.149659474141,1025.3867919605343,890.3600358105178,1004.5239592611388,1000.125187880416,1131.9980881516237,858.9369326600229
2019-07-26,883.3074811848538,1381.2241504133965,1031.856519788086,894.4384093614137,1006.892581701937,1006.8260635533007,1141.7094932928617,863.5029307381019
2019-07-29,878.8425068140572,1376.4855966179434,1031.5272785534003,889.7483342444614,1006.892581701937,1004.9921906876218,1139.13873505556,862.4285500982018
2019-07-30,888.3301030006518,1370.545067652053,1027.4702745147383,888.3206395482324,1002.747554703714,1002.525504917878,1134.282742318541,862.1600147589751
2019-07-31,884.0887378554196,1351.590064437442,1016.833673289429,875.6767681778433,990.9053765973302,991.5574239962518,1118.85819289473,854.3710542234405
2019-08-01,870.5836703599663,1344.8708464901977,1007.5128447644087,856.3036768124215,984.3921007973521,982.9230660190851,1114.0023162242712,843.3589517682057
2019-08-02,860.4263849399139,1325.0674696795938,998.1922913713393,841.0087076136901,973.7342339113675,975.5223326276914,1106.2898093792458,837.7187525124714
2019-08-05,837.0994932978898,1278.2459380567943,966.5018595710014,810.0112754195519,942.9440726493792,946.1852120323244,1073.4409997694918,812.2029301638225
2019-08-06,845.9169258996785,1296.1396862436154,980.8666821535385,820.2080891415095,957.1548109233872,959.453775192089,1088.2941535184534,822.4093069598808
2019-08-07,847.2562094963242,1303.141695389524,981.6342085861528,820.6158343223905,960.1154644280374,960.0203320442324,1090.2936321474658,821.066390980754
2019-08-08,865.5609536738987,1331.503220971489,1002.5783532233863,842.4365698993894,978.7671518224338,978.8558684100723,1112.8594088080126,835.5700510534194
2019-08-09,854.8458310683056,1318.9848696576864,994.025509684232,826.3256913652207,971.3657982900908,972.1884588042293,1106.2898093792458,830.4668028346421
2019-08-12,845.2471417959512,1303.8490111145272,982.9501647077425,811.6427589114862,961.2999001947842,960.3536405503264,1093.4359021261769,819.9921299823504
2019-08-13,854.0645743977398,1332.4229678238328,999.1793731008444,826.7336041355718,977.2867939335217,975.2886335602002,1109.1463234872524,832.0783737944923
2019-08-14,828.9515601890196,1292.6035579230563,968.3658785389649,796.3480410969602,949.7535819373919,946.451701084695,1077.1544332899323,807.3685163880136
2019-08-15,825.8265335067562,1291.1185664017262,971.6557229876138,795.940044531874,948.5692084438189,948.9523036429223,1082.010542093511,807.9055272457188
2019-08-16,844.2425605106297,1311.8415774885598,986.0203621488503,809.3994062640253,962.4838377761403,962.9540779078773,1096.2924162341833,822.140592158409
2019-08-19,852.9484256753103,1332.7055338702687,997.8636004005555,824.2864626924053,976.3985293816355,974.5553097746495,1109.7176030955416,831.2724686730705
2019-08-20,845.9169258996785,1322.3793772266852,990.1876023892091,817.1489947480812,968.9969890297709,967.0875315688115,1101.1481768380822,824.2894730797061
2019-08-21,852.7251959308244,1334.1203904725032,998.4116632469294,826.12165118531,978.7671518224338,974.9554377344667,1111.716965657994,830.7352783531204
2019-08-22,850.3815207893965,1329.8060234750465,998.5212574740741,826.3256913652207,978.175058485408,974.6554826150542,1109.432311491077,831.5411834745422
2019-08-23,824.3755876027326,1287.7238336804994,970.5592304522646,798.1833971793352,950.6417219429305,949.6189206551101,1081.7249022893666,808.9800873478639
2019-08-26,832.0768714820919,1307.1734963405445,981.6342085861528,803.281804040314,961.2999001947842,960.120166843556,1094.5785774093154,817.8434285232985
2019-08-27,821.5855478426026,1304.414931240198,981.1957399669236,799.4070516956535,962.7800089910008,956.3531497146764,1093.4359021261769,811.9342751830993
2019-08-28,831.4069925080948,1309.0830123882133,987.5555984353796,806.9522648208585,969.2932225178052,963.087153413522,1099.1488142756298,819.9921299823504
2019-08-29,845.2471417959512,1329.0985951739294,999.3984698444835,822.8588517909113,979.9512139501375,975.3883556791634,1112.0027215286987,830.7352783531204
2019-08-30,843.573155887981,1325.916181003929,998.7407210603145,824.0825063072296,978.7671518224338,974.9554377344667,1111.1458021162648,831.5411834745422
2019-09-03,831.9653040449837,1313.0435526589972,991.3938725730037,811.6427589114862,972.8458448131336,969.254600260224,1103.4334113377997,827.2437805564382
2019-09-04,840.4478445949087,1331.998555873608,1002.5783532233863,826.5294801609261,984.9841318612037,980.2560345685317,1115.1448754408498,837.1816220132697
2019-09-05,856.8548987686788,1356.3992034564467,1018.6976922573925,848.5539207388953,999.4911658964202,992.8579807161085,1129.7123893856667,848.4620803454864
2019-09-06,854.510939016442,1355.0553823822208,1020.0135566683318,847.9423029675736,1001.8596015176969,993.6243198472595,1129.7123893856667,850.0736513053366
2019-09-09,867.5696418931932,1352.2261194822083,1017.9302575354285,856.9152945837429,996.8266213334567,994.1246206474816,1121.7142427364965,857.3253018794244
2019-09-10,878.3963319358943,1348.3366147394331,1016.9432675165738,862.829610780159,993.8658432824589,993.8910342603509,1115.1448754408498,862.9658600596484
2019-09-11,895.9195348320939,1360.9965868047962,1022.4260053252706,873.4338345040575,1000.9714615121583,1000.9583464652903,1122.2856384113459,870.4860459729629
2019-09-12,895.9195348320939,1366.654211995908,1025.715758063269,871.8021834226529,1004.8203172955209,1004.4256338354784,1128.2841903649435,871.023415755158
2019-09-13,897.3707653469263,1361.7747129055795,1024.0711109708957,874.8612778160813,1003.043850464922,1003.7589041429301,1126.2847117359308,871.023415755158
2019-09-16,900.3843194623512,1355.692000307558,1019.4654021113075,881.3869603996137,1000.3794927214803,1000.6587293869591,1121.7142427364965,869.9489154737612
2019-09-17,898.3752517619781,1362.1988997035758,1023.4129953441254,876.6966338984562,1002.747554703714,1003.1922346104262,1126.2847117359308,870.2174508129879
2019-09-18,893.4640076427489,1361.6330921540189,1023.9612416118,870.7827366757156,1002.747554703714,1003.7922575296116,1126.2847117359308,871.2917716321397
2019-09-19,887.6603188969244,1363.895984623904,1022.4260053252706,866.7039441511442,1002.451943947418,1003.7255507562486,1129.7123893856667,868.6059994946344
2019-09-20,884.6465750409602,1349.4680046863184,1016.723712219683,859.5666437962904,998.0106834611604,998.9832851080171,1123.14267389034,864.8456074342355
2019-09-23,885.3164540149572,1350.0634197538884,1018.916880711682,860.794069075687,1000.0334406943608,998.7486845976426,1122.0535052913583,866.061643606167
2019-09-24,874.1707152554239,1332.1335346344356,1011.8383775872377,846.4712863933104,992.2998597794945,990.9118782114607,1112.020015446138,859.0359359984992
2019-09-25,885.8204997576065,1347.0869072966093,1017.8932981433454,855.8835300107492,997.9513993996493,996.772947158207,1119.472881396457,864.7105321845197
2019-09-26,876.6350653798463,1342.1260156757735,1015.3610753770752,850.3590269219077,996.1666502369276,994.696360796204,1118.3261437837189,861.7382186625421
2019-09-27,871.3704295061718,1325.4717305053914,1010.8474440104187,840.5377812025617,990.8127763878059,989.3377335765276,1108.5798026079228,859.3062659601757
2019-09-30,871.9303538376447,1338.0866721251073,1017.2327063290162,845.857657548347,997.6538581749638,993.9259651720781,1114.8860470120637,863.6298703660456
2019-10-01,854.7923242362232,1327.1726430135996,1004.3522206220752,830.1026552540472,986.3506543883065,982.1035417578204,1101.6993769314927,851.7398386084067
2019-10-02,846.2788559783924,1304.3526766490909,987.067881196923,813.5291459875226,967.0163284620972,964.7549354279561,1082.7786705875499,836.8776727910351
2019-10-03,847.5113156514125,1318.6681930486727,995.8751300800936,823.759728987716,976.8321374911969,972.6588993089426,1093.6723297088843,841.20145665915
2019-10-04,855.8002259809823,1338.0866721251073,1010.6275218709266,832.35329804346,991.4073606517859,985.8210922084799,1108.8661388114274,853.90170063209
2019-10-07,855.1280701205137,1334.0467656938702,1005.5629846277359,827.2381322354659,987.2430912428412,981.5674086029877,1104.279304427034,849.8486056501415
2019-10-08,840.677999869079,1314.0615784589659,989.0498400612114,805.9586268523245,970.288410109203,966.3290800628891,1086.791904032454,836.6075222916037
2019-10-09,843.3665284406837,1326.888726053794,998.1871555749208,816.1890422630478,980.698990221804,975.5056559343507,1097.1128907467792,844.1737701811278
2019-10-10,845.38290115182,1337.1651240549377,1004.9026679453577,824.5779845757355,986.0532377099688,982.1035417578204,1103.1326828808556,851.1995974302921
2019-10-11,860.8407782777441,1354.3866802643602,1019.764837384636,844.62989709001,997.9513993996493,992.2850010834217,1112.8794883228916,861.7382186625421
2019-10-14,858.6005117302345,1354.2446092083433,1019.8747067437317,844.4251865522187,997.6538581749638,991.1797194281562,1111.1593819037842,861.1980373051757
2019-10-15,868.0100296849074,1371.4658276894236,1028.682139048203,857.3156658279372,1004.4951890548172,1000.9927139752155,1122.9134424343522,869.5746768722458
2019-10-16,870.250296232417,1368.0642278252355,1026.2598773516788,848.9268911047196,1002.1156065354202,999.3852159536009,1121.1935681483646,868.4937757707784
2019-10-17,880.1077916003761,1371.6784839689926,1029.5626530020243,851.5866197907746,1004.7923566404594,1002.3321454194138,1123.4866951741615,870.9259079353898
2019-10-18,874.6187875389799,1358.4968341908068,1024.0581797691991,843.6069309641993,997.3561924039307,997.9449355868354,1115.1733117480483,871.1959387933246
2019-10-21,883.0202140083543,1370.5447299237103,1030.8837449200325,855.0650230385245,1005.6852916803849,1004.7100390651542,1121.4801364849893,878.221766042489
2019-10-22,885.484469262507,1359.630813388317,1027.691480603335,852.6097535060555,1001.8182521302563,1001.4281108878413,1111.733098909833,880.653838386352
2019-10-23,887.7246409397469,1362.2528236622384,1028.2421113479181,854.6558533471472,1000.9259398220694,1004.3419123276934,1114.599826875119,882.8157004100352
2019-10-24,886.1567199932452,1375.5053963923183,1033.3060066165565,860.5896099221011,1008.9568751420996,1005.9831017770707,1120.3333988722509,881.734440384078
2019-10-25,891.4211661263805,1386.49034845572,1038.590374288589,869.3878057209012,1015.5009761631368,1010.1024703929536,1123.4866951741615,885.788013932013
2019-10-28,899.7104559370289,1400.1680085927096,1043.7645974695747,878.1860853144364,1022.3421824966424,1015.7959836437697,1131.5137423967699,889.571137876775
2019-10-29,903.2950342054758,1389.324789856982,1042.1132554997273,875.5260214494411,1021.1525157832916,1015.4946763600323,1131.2269419270253,888.4903564168042
2019-10-30,898.4784706153571,1396.0577420901488,1043.7645974695747,873.6845483514056,1025.9118676416072,1018.6092742021357,1137.2470822607816,889.571137876775
2019-10-31,889.6289718624267,1396.695485776627,1039.6911772245037,866.1139454214724,1022.0449526378262,1015.8963818448952,1134.3804703620558,886.8687953919838
2019-11-01,903.4067913831232,1409.380900043781,1050.2598208579184,883.5057102760165,1029.4813036938765,1025.3076709070915,1140.6872950989966,899.2990683277372
2019-11-04,910.7999366266599,1418.098344016619,1054.2232800332433,897.6238662153369,1030.6709081340537,1029.4267014818931,1142.1209492480396,905.5143244371106
2019-11-05,912.2561952657838,1418.8778210307717,1053.2321630351237,898.2376626497705,1027.9940957558404,1028.2884044810276,1138.9671886798892,906.3247759354051
2019-11-06,908.1115977955944,1415.688427141696,1053.452176885266,889.8487203370828,1028.5890536588633,1028.522779630681,1139.5404414196983,906.8653760380096
2019-11-07,910.2401071654566,1420.436775059077,1056.975333228355,895.3732234259243,1031.8605748474042,1032.1398191998544,1141.834148778295,911.459130943311
2019-11-08,911.5840394053153,1426.1064458943997,1059.1768473895343,898.851459084204,1036.02534244174,1034.6850431808043,1144.4144244735162,913.3505433638213
2019-11-11,908.8957954445194,1424.1927645305086,1057.5259639729384,896.3963571412052,1034.2408423717136,1032.7090803806477,1143.2674547276579,911.1889206231313
2019-11-12,908.5596700791502,1428.3032561852976,1059.617425353721,898.0330359067143,1035.132967860379,1034.8862903044972,1145.8473822231992,911.7292814427425
2019-11-13,903.4067913831232,1428.657420640313,1062.5900426628775,893.736377070945,1037.2148223355691,1035.2209509749161,1147.5677207754268,911.459130943311
2019-11-14,901.6145971191694,1427.5236665950308,1064.7918319560074,894.7594269914908,1035.4303222655428,1036.7279381150447,1150.147532204408,911.9995515836706
2019-11-15,906.4313504498274,1438.0122705712865,1072.9383056035483,904.1715868141946,1044.9488391626526,1044.2303091915285,1158.1748115601365,919.0254386535834
2019-11-18,902.3987947680944,1439.146249768797,1073.1585028749914,899.8744252100147,1044.0563400349438,1045.000592135294,1158.4612638302012,919.5656200109496
2019-11-19,904.0791369841311,1441.2723622600286,1074.3696337232534,897.6238662153369,1045.8412137440132,1044.6992848515565,1161.9013606018561,915.7826755284326
2019-11-20,899.2622887832034,1432.6261789674272,1069.4154243924102,891.0763970006848,1041.0819241588715,1040.813953344246,1158.7481803665057,912.5399124032818
2019-11-21,894.4457251930847,1429.4370102305795,1067.9842796940056,891.0763970006848,1039.5947784940092,1039.1391851474664,1155.8815684677797,911.9995515836706
2019-11-22,896.5738550818683,1430.3582205724067,1070.6265552406721,895.168512888133,1041.0819241588715,1041.4503720198438,1156.7413895442137,914.70195388921
2019-11-25,918.9772795191216,1447.2964227025948,1079.983884604524,911.3327686685452,1050.8979200074928,1049.5218915967607,1165.9147101133203,920.9169707155902
2019-11-26,918.1928921296573,1450.0600537280761,1083.6171854386598,907.6496548830041,1055.359668367949,1051.8996725621407,1171.9354307798767,920.1061602928057
2019-11-27,922.3375844701163,1460.194493249317,1089.2315280305806,913.5835790474282,1060.1189579530908,1056.5886403998982,1177.6686545773284,924.4298843401724
2019-11-29,916.4007927359731,1453.532801696387,1086.0390802925824,906.8313155002495,1056.251918402962,1052.669955505906,1173.3686206626796,921.1872408565184
2019-12-02,906.2068873918361,1438.6501268338789,1077.2317396987617,895.9871036550928,1047.3285462283973,1043.7277547840981,1161.6147922652317,914.1612939658572
2019-12-03,902.5108365565508,1427.3815955390137,1069.9658717156926,882.2783687913548,1039.8916347137822,1036.7279381150447,1156.1679046712843,905.7844151157939
2019-12-04,909.567666694179,1434.61044555487,1077.782095311394,893.3270397900975,1047.030880457364,1043.1249148559027,1162.76141381141,912.5399124032818
2019-12-05,912.5921308906136,1437.4452246844744,1080.8647654009467,892.9179538934553,1049.4107120694566,1045.000592135294,1163.3348986843394,916.0527662071157
2019-12-06,925.3620486665509,1452.8239099057862,1089.8920281342596,907.8543654207954,1058.631500922359,1054.5454074245765,1172.2216509168213,925.2404554799634
2019-12-09,922.8976036718589,1446.2330287286363,1088.02076402492,903.7619143544068,1056.251918402962,1051.2300131802217,1169.068354614911,921.997752175561
2019-12-10,922.6734252246765,1445.028239155346,1086.5893441945648,903.5576227902909,1056.251918402962,1050.0577993908726,1166.774879389434,921.997752175561
2019-12-11,922.4494365180334,1452.6822891542256,1090.5528033698895,911.9463975135086,1061.3086246664416,1053.0387583255292,1171.074913304083,923.8892842375678
2019-12-12,932.4187839339096,1463.525620466067,1098.699460438731,934.0445774583447,1071.719080232695,1062.114597954784,1177.955222913953,934.968445751674
2019-12-13,926.4819921997664,1468.3447787592288,1097.7086185725623,928.7247011125595,1073.2069109024696,1062.7512419911025,1180.5354986091745,933.3468847268537
2019-12-16,930.3210125314139,1483.085607717948,1105.006952125848,938.3412362941142,1080.345533914313,1070.0521405831728,1188.2755132289183,940.913192437126
2019-12-17,938.3136430088675,1483.9354448034246,1104.122036060811,941.2058431074305,1079.4531593329523,1070.2864030524659,1187.1291238158599,941.7238832184137
2019-12-18,941.5785084685946,1485.0698743053913,1105.2279747931443,944.274909074333,1077.6682856238829,1070.353673227631,1187.9890609588538,941.4537925397306
2019-12-19,944.5056357683685,1494.353688708357,1109.7615073709226,948.9809889856848,1083.6172419223753,1074.740770379849,1194.5824540324193,943.6153554596722
2019-12-20,943.0418823779423,1500.3776365748088,1116.0646886574743,952.4594760281698,1090.1614052165864,1079.4528376914905,1201.1764274387847,947.6689888283556
2019-12-23,944.6182467784428,1504.3404283678747,1116.1749248591711,961.4556787859551,1092.5521969072774,1081.1019147660963,1202.3273434476828,948.5389021504841
2019-12-24,947.2071615669154,1505.1218191759676,1115.8434825688778,961.2502140955481,1091.6554632037469,1081.135606193859,1202.902801452132,947.9951913689667
2019-12-26,945.9688199371769,1518.4032113912617,1119.934786390763,964.1257980191594,1095.5405619742937,1086.8909809625404,1212.3994834573814,949.8979697316585
2019-12-27,941.6910246083993,1517.1246844632242,1120.1561759006604,959.6072507249082,1096.1383844433142,1086.6214495404388,1212.3994834573814,950.1700344950364
2019-12-30,941.1281592985672,1507.1813991837557,1114.7377272578453,953.8559990829505,1090.4603164510966,1080.6307981792206,1204.05394959415,946.092054081785
2019-12-31,943.9427704585365,1510.0224825757505,1116.8386348356119,957.9640359700632,1092.85098359544,1083.2554618142597,1206.0682847428418,949.0823138282599
2020-01-02,944.6182467784428,1535.2353668219505,1126.5691348356575,971.9307748231009,1102.7126879536718,1093.3862149776762,1223.046849338409,952.3447579796093
2020-01-03,944.0551917280715,1521.17303410302,1119.271168124973,959.401534650296,1093.7475927526232,1085.1069128161628,1214.1262056704086,945.8202286014005
2020-01-06,943.1546831285558,1530.9742483264715,1121.924907502931,961.4556787859551,1095.8392241161087,1089.24667657728,1219.881598180819,947.1794158240716
2020-01-07,937.7512520503838,1530.7611417424464,1120.3771985679566,968.0281188316601,1091.9547480773,1086.1843624224068,1218.7303339722412,943.6452658338343
2020-01-08,939.7773015290242,1542.2666457575297,1124.9105477244343,969.8767982769122,1097.9314782113327,1091.9725271759676,1226.5002937644635,946.092054081785
2020-01-09,939.5521743791452,1555.3352691171408,1134.088766188191,975.2169529485859,1105.7014266597312,1099.3774297406965,1238.5867689228535,950.1700344950364
2020-01-10,935.1617680402933,1551.3576172770115,1132.540598699965,969.2606555898965,1103.9080837990173,1096.2135905810937,1234.8457115611347,946.9077698059319
2020-01-13,942.9293662381376,1569.2558685083966,1141.9398398310177,976.6549543972293,1112.2756056237408,1103.752582774711,1247.507876857094,950.9855707569384
2020-01-14,946.419263977474,1563.0766781805764,1140.2812527197939,978.9142280443549,1112.5742677655558,1102.0695889116216,1242.9038646218214,951.257456058071
2020-01-15,950.4717424158334,1563.7158853565381,1143.7092134078403,973.9847513692897,1115.263597051714,1104.5602755981326,1246.357076914756,952.8884089403783
2020-01-16,962.7425477031434,1578.701679939578,1152.9977597839443,986.9246695387033,1123.0340436855033,1113.748344866356,1257.292519997688,959.6854218272032
2020-01-17,961.0539517736471,1586.51434968325,1156.2046060940443,987.9514902223275,1126.0221596598242,1117.2146181133003,1264.4869057189012,961.3163747095105
2020-01-21,952.0478222055251,1585.8042195553942,1153.1082711175925,979.9412163174493,1123.3324567346226,1115.0273796373742,1263.335641510323,957.2384541170074
2020-01-22,952.0478222055251,1589.994527675093,1153.7716142514316,976.2441088111505,1125.7226256935753,1115.161807307344,1263.0476803749787,957.7821050777766
2020-01-23,954.0744409057834,1595.1079599305588,1152.6656755190986,979.5302031419003,1126.619857582497,1116.4409547587227,1266.2135118653684,958.3260551422873
2020-01-24,939.2144362191921,1581.6846092353617,1140.723298054386,965.1527024975188,1118.550997899588,1106.5122374815219,1254.9905719133317,948.8109070931137
2020-01-27,928.8575437517966,1549.0142328855316,1121.8146713012338,934.7542350697056,1101.5172921083263,1088.7753346296834,1233.1191054146675,935.7611304877162
2020-01-28,935.4993164597072,1572.8069694521337,1131.877072144825,948.1048312357277,1108.6891689950087,1100.1851225641183,1250.6737083474839,941.1984775858834
2020-01-29,929.0825760314059,1575.3633478515242,1133.4254230543518,941.5322236005525,1106.8963243196858,1099.276468137769,1252.6880434961754,936.8486716922476
2020-01-30,928.0695512920856,1580.9747042597337,1134.9734071212772,942.764760358789,1109.2871160103768,1102.8435903072805,1256.1417200553499,940.6547668043661
2020-01-31,906.0047188472124,1555.9035533412084,1109.2087672813818,918.9387329766807,1082.0934173581118,1082.8180366551467,1234.2704856898056,924.0709000294796
2020-02-03,914.560499245307,1579.4120352196624,1120.2665038130078,926.5384126796853,1091.9547480773,1090.8622875848441,1247.507876857094,927.0612794174511
2020-02-04,926.0430274620969,1615.562702137449,1136.74287240875,952.2128681228404,1109.2871160103768,1107.4880494026759,1269.9546852936473,937.6645070578911
2020-02-05,943.7175484383879,1620.8894661291683,1150.564859651982,968.8498100038177,1124.2288167991103,1120.277382989615,1276.5737290769714,954.79154622756
2020-02-06,941.1281592985672,1634.8809884723184,1154.6560717632171,969.4660364855683,1127.2175555051697,1124.046991766784,1285.2065276761873,955.0636708116862
2020-02-07,926.9437258021519,1627.8495969606251,1147.0264793409378,952.6236299141841,1118.550997899588,1118.0563404055658,1278.2999870237586,949.6263835342672
2020-02-10,929.9832743714608,1647.5233986638793,1152.5554393174016,957.5530227945142,1122.4360966701352,1126.403025422605,1293.2642164706342,952.8884089403783
2020-02-11,937.6382615592308,1647.8073156236846,1154.6560717632171,969.6713335865052,1124.5277280336206,1128.3550999863544,1292.1135325948562,956.9666884573712
2020-02-12,943.9427704585365,1663.858530550737,1161.6224127623075,983.0220973419973,1131.4009427784883,1135.6248987989513,1302.473285540219,961.5887385766299
2020-02-13,947.09483516765,1661.7280275910543,1158.8582537613518,979.5302031419003,1126.3205727089435,1134.4132468834584,1301.0344083959765,959.9571874868394
2020-02-14,942.0288576386221,1666.4862822064783,1161.0696726727665,974.3954293658984,1129.6079735568176,1136.230781096878,1306.5023040372823,959.4131776015804
2020-02-18,936.9628801095942,1667.1256019585542,1157.8628263626667,967.2065952489725,1122.7347588119499,1133.3026692512537,1303.624549748797,955.0636708116862
2020-02-19,940.5651042481958,1683.105781357598,1161.7334743598574,981.1737530756858,1129.0102756341448,1138.7213551030288,1313.1209996209266,958.3260551422873
2020-02-20,945.5187553779584,1667.4807795985964,1158.1946354955617,979.9412163174493,1125.7226256935753,1134.0429792191499,1304.200123819806,957.5105188803855
2020-02-21,934.598712989922,1635.4493852725,1147.0264793409378,960.0178449267819,1116.160206208897,1122.3644486251362,1284.6308375386182,953.1605335245044
2020-02-24,907.0179333270719,1572.3808688601973,1107.4395771258598,913.187816513663,1079.4032162475194,1085.1406042439255,1238.299272053749,923.7991343698435
2020-02-25,876.3973204841041,1529.624911022654,1073.602657554541,875.6005149689239,1044.14040881965,1052.258672190408,1203.1909947205966,894.7095008748187
2020-02-26,865.2525304272673,1537.5079408376496,1071.2804521775272,863.071274796119,1042.6462885593157,1048.3882144906718,1204.05394959415,886.5535998690643
2020-02-27,833.0560275351471,1460.5195004907755,1025.722086098142,827.5380335923038,999.9123193712103,1001.3032610485066,1146.4989798910042,848.7641751245228
2020-02-28,819.4344593485638,1461.6555060583398,1016.7654405655833,834.3160221231508,992.7400065723108,997.096114431864,1148.2254699709115,837.3457701466709
2020-03-02,840.3733714332336,1537.0824031262837,1061.7705162915258,859.3741672898202,1039.359136804137,1040.277144107251,1201.7516533101139,874.3195988085622
2020-03-03,822.6988504569426,1487.7921898969919,1029.9241763856264,828.7702351715999,1008.2796543764123,1010.4914429970903,1164.9165376973742,850.1235418094388
2020-03-04,848.140969631078,1549.866659221633,1070.064002111546,851.9799522772224,1053.7030773970237,1052.9652907305417,1214.1262056704086,886.2814752849382
2020-03-05,817.8586641696812,1502.778097056146,1036.3376855845256,811.7223639098087,1022.624030881516,1017.9631650155426,1174.701064771408,856.3763653487598
2020-03-06,803.2236917626991,1477.4229166017008,1021.1885535203637,780.296992003636,1012.4634775619479,1001.1349165900534,1153.6931334790975,840.6083937602652
2020-03-09,724.6462999171782,1374.7947033838916,949.3128075115425,680.6801769476662,940.7424045876896,922.9518175398474,1068.5115368999968,771.010602150867
2020-03-10,746.1481247468149,1449.6529784994257,998.4095539019718,725.0455927153549,989.452854817132,970.7098671149241,1130.0952929670862,807.7125455116253
2020-03-11,701.455689417506,1386.5130888307722,949.3128075115425,675.5452355821941,941.9376136135136,923.3891300186001,1074.555006612312,767.4765718021265
2020-03-12,621.8650830921257,1259.3817837662766,860.4080445280887,592.1548101026955,855.5735019923368,835.0419807584763,977.5741996108056,689.9945850258617
2020-03-13,669.5969246853391,1366.05857177611,938.365765734865,652.3355184765715,940.1446443918431,906.4266229436821,1068.7992659022214,751.1644706868761
2020-03-16,590.7942159494,1202.4213095776718,842.8258289106636,564.2210810124147,843.3211304897617,807.2420456398279,940.7392580979059,667.1582536361442
2020-03-17,620.4017091827781,1293.6148291561778,879.5378773698376,588.6630834920685,892.6294031882246,850.8266963662048,990.8121711108939,704.1317233735456
2020-03-18,562.8756981265968,1254.2682389346967,841.7202570209317,537.930482882244,860.3549608273713,807.7466846339257,949.3723468635217,665.798647668235
2020-03-19,582.2386252918446,1261.7966539902209,841.9412796882278,555.1835255528692,846.9071312062769,809.4633135845977,959.1568159042757,661.9926123768649
2020-03-20,560.3990623022548,1212.3644822810263,796.8257843392876,535.6710416456482,803.8745621495303,774.5802346703722,918.5803527634171,632.6312132222039
2020-03-23,552.8565438191545,1213.2396489921791,766.0848787571446,525.2374658997326,773.9453897892794,754.7755908648229,902.5693770452378,606.8844827850244
2020-03-24,600.9260761371862,1307.1904953337764,845.4799351312228,585.8739757350558,853.6559864229537,823.1605128353635,983.202731371143,665.6240309038772
2020-03-25,606.1517677651696,1297.5103004330015,863.4901643537394,610.1284874949764,865.3870691871775,835.4835187507443,988.6934921247679,678.2502766111403
2020-03-26,647.7759088334657,1365.8378100163247,911.9621777941186,640.8649409867198,914.7174488623594,884.2671849662764,1047.9396676735828,722.7167736421169
2020-03-27,621.6476878692232,1318.8629497260968,883.6126732746636,608.6648867547673,884.938790763319,857.9287141221507,1010.9470497389315,702.4050572939199
2020-03-30,636.2387827764921,1366.8342212023824,916.631533845036,620.5830538220287,916.5221877138889,885.7905670988448,1046.784225068845,722.4421964073093
2020-03-31,634.6552556706333,1355.1618793861765,900.9561660692788,610.7557748817572,900.2792266842542,872.5875839088388,1032.9116016187106,709.2670355134248
2020-04-01,590.316401836309,1297.5816736893523,863.37928617749,573.1192858275283,867.1918703118808,833.3167881004131,987.2486955859655,677.9759386593261
2020-04-02,598.5734357552765,1323.9161537605094,883.7238265828639,584.828343133407,896.6697489811953,852.5460859857069,1008.9241256648003,694.4447701351853
2020-04-03,576.7433597926515,1305.1260745530813,870.0494934866638,573.9556410783243,886.1420953017443,840.2231927506865,995.3402758159305,682.916653904907
2020-04-06,623.7966892173298,1398.4359125008907,928.3050156829797,629.783087272887,944.1954520780214,896.657686417543,1067.8814115457908,726.8341161077655
2020-04-07,627.5292651064302,1397.8663899395679,931.0840318092888,638.5649849957148,935.4722881574047,897.5719748619131,1064.991470268506,728.2064638950678
2020-04-08,656.1459332435861,1427.5462943939688,962.2129192976541,672.4375402424214,966.1534090919706,927.7015764320462,1095.3373045119947,758.399730375923
2020-04-09,690.1917897371239,1429.610152294093,972.1073062298403,681.4285896239995,969.1613279355777,941.8193551280436,1105.1634994810663,774.5942837207166
2020-04-13,666.4388831492375,1445.0553699988484,956.5430917622834,668.8830513752224,960.7390057178606,933.2199844027843,1101.4066570671885,760.8700281779652
2020-04-14,678.0891894379031,1507.9019988902244,986.6711409235941,684.3558330017855,992.6233689176778,960.7436272777068,1143.60137822076,777.0645217020103
2020-04-15,646.9841689981035,1490.6068179021688,963.8806774739109,654.8739542836037,968.5597690761258,940.3293827223371,1124.5267676182655,755.3805772080077
2020-04-16,641.7811987997013,1517.795638103367,965.8815287321672,648.6013318000014,972.4701507552584,944.8658940324594,1136.087113060204,754.5570249658304
2020-04-17,670.9631988737002,1532.3150298456164,993.7865117294712,680.3831246118209,1000.4441322759432,970.3917704574857,1158.3405546078077,781.4565012232147
2020-04-20,657.5033844968698,1514.1653961514055,975.6652209094046,664.7014008133452,983.5995501136828,953.2955681349406,1140.4223151425308,765.2616487746797
2020-04-21,643.4778112669829,1458.2939832907778,946.7598581382977,641.073925056,953.2193954283644,924.3504625134414,1102.5620996719263,745.2245096612901
2020-04-22,648.0021744265804,1501.5676786771496,968.5499418141779,660.5194150725277,976.0795661851434,944.8658940324594,1132.6190442475902,756.7527455330651
2020-04-23,656.1459332435861,1498.3647756543794,967.5493786190742,665.3285625080233,974.8764484662397,944.7982294760329,1132.3300385132059,757.3017803611833
2020-04-24,664.1767015694388,1521.9945020077387,982.8913781808807,679.5468112583925,988.7129872385455,957.9672958775552,1149.0926032406248,767.1832108523452
2020-04-27,692.4539713169227,1534.2369292658382,999.7897074787926,700.2467084590114,1004.354451681902,971.7796544566604,1160.0747050806744,783.1032467830794
2020-04-28,707.8368534946887,1505.3402168373564,999.901135918944,712.5830531516708,1000.7447248861475,967.3110894038657,1146.4914355646047,785.8480021784324
2020-04-29,747.3119457797435,1558.7209957492387,1026.1380856080402,753.5649632090837,1024.8085115472213,992.6339721596127,1182.6172684292226,800.6703871981684
2020-04-30,716.5462288593463,1558.080325083793,1011.5741592036361,728.6833735492198,1010.6709442524943,983.3919289987527,1180.305222554147,785.2993262748041
2020-05-01,687.024688090271,1514.1653961514055,987.3382441940968,691.8831978484194,986.0058478246641,957.3579204884559,1149.6700343765938,763.8893608081256
2020-05-04,684.5363357876271,1531.8169931167583,990.4512705089088,695.2286188516032,988.4122700819931,959.9985847346733,1157.7624270724787,762.7913509726374
2020-05-05,686.346128486601,1549.183434785051,999.901135918944,698.7831915135374,998.0377722917881,968.8683319847372,1171.057271186964,766.0853206583538
2020-05-06,678.2022747993257,1558.7209957492387,994.7869832139245,695.6470478612064,994.7288249257595,962.300531817497,1171.635282655733,754.8314227383929
2020-05-07,687.8166176661724,1578.7920785592148,1006.0154849764657,709.6556840817823,1006.4599076899834,973.9125809988685,1187.2414762459339,761.4189433645868
2020-05-08,716.9986651753061,1600.429095116572,1022.8032112300792,735.3742993503226,1022.4020270167183,990.0267739804372,1202.8476698361349,778.7116860071134
2020-05-11,703.8779645773387,1614.735155122568,1024.4705108530843,726.5922759353922,1025.108979611078,990.2306127524195,1209.206144192273,772.672901105296
2020-05-12,677.7499333536356,1580.9271971395763,1001.9021705985009,704.010432779696,1003.4521133927241,970.4934081425758,1184.6401925033538,758.1252727826123
2020-05-13,651.7347503156808,1561.1402564416335,986.3377727096434,679.5468112583925,990.517663816901,953.3295976037846,1168.7452253118884,740.00927700165
2020-05-14,654.2231026183246,1578.8633392394515,998.2332860320369,694.8102317393675,1004.0534854326544,964.7383714149757,1180.305222554147,750.9887173283001
2020-05-15,663.0457056498092,1589.1124938209782,1005.7934534920159,691.6741299844041,1007.663087682061,969.1731323596473,1188.1084934490873,751.5375726941734
2020-05-18,710.3252057973324,1618.7210250190283,1036.9221575590807,756.7015677324575,1033.5316131946643,998.6936965817624,1217.0090668875337,782.0054164098362
2020-05-19,695.8472436866207,1614.6640070184455,1024.8039707776852,736.4198062598689,1021.4998132738882,988.4362906932445,1209.784039594482,768.5557381018924
2020-05-20,717.5642342878231,1646.905918677942,1041.146441823945,758.5832623033295,1038.0430555478579,1005.227579960519,1233.1936201461835,780.6329489810373
2020-05-21,718.2427464563583,1628.970292176669,1034.9204809049713,758.7924139620799,1029.0192990170367,998.2877092432037,1221.9223965051895,775.1432587280865
2020-05-22,721.1836299452314,1634.5930187724048,1036.9221575590807,755.6560608229112,1030.8242869612616,1000.1835563071086,1226.2572503878364,775.9668109702639
2020-05-26,750.9313414371518,1630.1799225228667,1053.5980885299416,806.0468627083598,1042.5549338132685,1012.5061678412279,1231.4595857398767,795.7295523110909
2020-05-27,780.2268063536517,1639.0767002454947,1065.6051220031368,841.801824781187,1054.2864524897095,1027.571306667376,1241.8636761111575,813.8456079128015
2020-05-28,757.1525068045701,1636.9416942412477,1062.491912267024,812.5288882349175,1054.5871073730877,1025.67512156239,1242.152913978662,810.0027230404637
2020-05-29,748.103875355645,1660.9273862674477,1068.3842298400962,795.3833961067626,1063.3103335668784,1030.2460003824372,1249.9560688070424,810.2774199167678
2020-06-01,756.3607669692079,1665.909554773852,1071.9419610983598,816.9197323529125,1060.302165630576,1034.4096523799612,1256.8922064322694,812.4732003047508
2020-06-02,764.9568672319037,1677.0841975895428,1080.2800182944404,835.5289509133794,1070.5292889729965,1042.9747119354756,1266.4290474672769,820.7075861323062
2020-06-03,791.0852779366854,1684.6281481488152,1096.4003661456004,882.1561960676137,1082.2601849176988,1056.8549040915477,1277.4117296401264,836.9021394770997
2020-06-04,801.7175313617394,1672.81339754825,1090.1744052266267,905.7836299275912,1078.6509563073353,1054.079023412838,1267.0074071357258,840.4705667561266
2020-06-05,836.7813932837541,1705.9810225941387,1117.523346550978,961.8201858835369,1102.1128727430878,1081.0944778623093,1296.1972184416763,865.1741429840312
2020-06-08,854.5394000973369,1719.2190730054976,1127.640406942166,1017.020218999216,1107.8279310005762,1094.1624699805434,1305.4452858754194,882.4665865228161
2020-06-09,833.7272346929192,1731.6746068476223,1116.4117217583243,972.9017044184293,1099.7062636662372,1086.0035104439482,1306.601424879517,864.8996255699722
2020-06-10,803.4142861344254,1752.4578461555088,1109.7412393171996,919.3744655990771,1095.7956328944092,1079.9435606610778,1313.5376785713042,847.6070623896907
2020-06-11,737.8106882743193,1665.624962357362,1043.9260999248065,824.8654005170471,1034.4340760301898,1017.6857459682122,1244.175838052793,792.1612446735605
2020-06-12,756.473710025226,1678.863350497063,1055.1546933979978,863.1291769580567,1043.4575834683158,1029.87336643056,1257.181096100094,805.3365252089419
2020-06-15,773.216415213017,1699.2905115559945,1064.472678892858,873.3745078316235,1049.4737325213991,1039.488043543297,1268.7414415420324,811.1008525174485
2020-06-16,792.8527584953955,1728.4720415531947,1084.3358300946481,900.1379596518295,1073.5372078166035,1059.4955683377652,1295.0410794375787,826.471733978568
2020-06-17,775.5996986920236,1733.9523593645708,1079.537437158716,874.8380666744652,1067.5212455830417,1055.0948368619377,1294.7520737031941,817.1393383155241
2020-06-18,772.5352466769316,1738.6499354544849,1078.7560624179018,875.6744219252612,1069.0253918243668,1055.5007115201358,1296.1972184416763,817.4138557295835
2020-06-19,762.432748837602,1738.3652304618806,1072.5069904150448,860.2017240934331,1064.2124227633608,1049.4688191470075,1291.8619002927894,810.8261556411444
2020-06-22,769.1300680883925,1759.2125255787003,1079.76066088162,858.8159267647422,1070.5883239418122,1056.2012453208072,1306.17882653458,809.7480062940998
2020-06-23,771.5134464376688,1774.1851487563886,1085.6749890107715,864.2754889338999,1075.725113506871,1061.0637409135966,1314.583322210288,811.6832075023833
2020-06-24,744.725734793956,1737.6097321600348,1056.4376336854687,815.7702361771367,1048.529920298433,1033.9974676215802,1284.1531075776838,789.0136563589934
2020-06-25,756.3034653263395,1754.1506531835005,1066.034694689284,833.1982841519688,1059.710196839898,1045.0822853965915,1296.9047601913983,797.3074441896347
2020-06-26,733.715375909213,1712.7262456237443,1038.5832208578634,803.8013313977867,1041.8820721697512,1020.2600414821479,1264.4459342232233,780.1669453515927
2020-06-29,764.929971510458,1731.406337967679,1054.0945182801795,826.6891091312464,1053.3648095166363,1035.2553184848414,1280.3853549071664,793.4370417730678
2020-06-30,775.1460290625585,1765.344321362477,1070.386640179408,840.1276059743635,1069.9836514236674,1048.5166701015396,1301.8313213968936,801.1778466062015
2020-07-01,764.0220630299098,1785.9496904100574,1076.0782031389072,825.0091922824379,1072.0991956859139,1055.8610633127282,1314.583322210288,802.0070818194696
2020-07-02,768.3352449692668,1798.0701977365673,1082.6619273048193,830.6788278524313,1080.2576041928278,1061.675820631346,1321.2490247507296,805.3244414177805
2020-07-06,775.5996986920236,1842.2753478911511,1098.284653167287,844.9573669146879,1095.3663216338439,1078.0652917333969,1348.2011888465606,813.0656649961523
2020-07-07,759.935526164746,1829.583854513835,1084.8935225593066,818.0798704600431,1084.7903439714803,1066.9463318091812,1335.7394704997107,802.5600648169773
2020-07-08,763.1141071142266,1853.6826855347235,1090.919737681861,827.1090045487134,1091.7404038128868,1075.1069815511826,1351.099602982725,803.9424026692498
2020-07-09,745.6338804501784,1869.2975554434547,1083.4428434923818,798.9718218416675,1088.4162617924374,1068.9861843736905,1354.2872549863935,791.77827224279
2020-07-10,762.2059614580043,1882.0595214682087,1094.4906752737722,825.639161100741,1094.1578484219885,1079.9015308866447,1361.2427757271396,805.6011721995276
2020-07-13,754.8280903278811,1843.3445958230436,1085.2286332756137,822.6994742047964,1085.6967922901326,1070.550863858349,1339.2170567702437,806.9836296932966
2020-07-14,767.2004068037163,1856.3925051776569,1100.6282271258276,833.1982841519688,1101.4096840639024,1084.423844471355,1354.2872549863935,819.1475806575114
2020-07-15,796.5989008330558,1860.1711224480262,1115.0234059336242,870.574590553786,1111.9854126335706,1094.38670389776,1363.5613213295749,829.9293732316987
2020-07-16,791.0368940991641,1847.4800793751665,1109.667137111733,865.1151121793637,1107.1508970544103,1090.7825098896735,1355.7365781210353,830.2060441926975
2020-07-17,791.1502166362607,1849.6189129672937,1114.5772336197672,856.2960514915295,1114.4029817890198,1093.9447715242306,1358.9242301247043,832.6942882192368
2020-07-20,784.9077054581712,1902.0948050738955,1119.7103704294047,846.637032379291,1121.6546928845862,1102.7853345609483,1385.007287819302,826.3355221346341
2020-07-21,802.3878846870847,1882.2733035089188,1124.2856313530833,870.3645171529498,1121.6546928845862,1105.1315650254135,1378.3419334785403,836.8411821345575
2020-07-22,803.0686737420914,1888.904712087151,1133.3243579176876,870.1546113415839,1128.9071512582389,1111.421946145323,1387.3259494882973,840.7113452681309
2020-07-23,808.630443300309,1839.565753400446,1120.8262139119738,871.2047269615593,1117.12270038402,1098.1609325697061,1359.503982591873,840.4349135901255
2020-07-24,794.896121798247,1822.0978806533333,1109.3323015273768,862.38541488952,1102.618157275758,1091.088549748548,1351.9690575836382,834.6293099652753
2020-07-27,803.9768668334486,1854.609749834485,1117.2553680307128,863.0153837078232,1113.1943840308168,1099.045022677486,1368.1984125344457,834.6293099652753
2020-07-28,798.415097275231,1831.0101938797095,1108.7742422201168,854.6163022321912,1105.6400253103088,1092.0746155824995,1355.1568256538667,833.7998952897622
2020-07-29,818.619333991733,1852.1139373844899,1120.4915617489185,879.3939026258254,1115.007031575426,1105.5055511416153,1371.965700938723,843.1995892946703
2020-07-30,813.5115186737895,1861.8110187023824,1115.3581498073297,865.9549868090328,1109.2661922239613,1101.5614004861707,1373.7048422736696,834.6293099652753
2020-07-31,808.289953902536,1895.0353821097867,1123.3927364614674,858.8159267647422,1116.2157538799768,1110.265958327873,1393.7019498949946,832.417437795993
2020-08-03,817.4840214748342,1920.6324886334712,1127.2986013483849,861.965519472053,1128.3028523791372,1117.9851264177867,1407.6125271102467,834.3528184665214
2020-08-04,822.2516320058137,1927.7621590927897,1131.4275065369059,867.2148406509041,1132.8355921577897,1122.3032631894334,1412.2497343816774,838.7761440598475
2020-08-05,841.0940060014933,1932.5380881581298,1142.4751548969957,885.2732764177148,1139.7852783601531,1129.27367028442,1420.6541139908256,843.7524526506813
2020-08-06,836.4401449238239,1958.1345192251297,1149.2820110751616,881.4937148921009,1144.9218188325162,1136.8224656693928,1436.8837010747532,843.7524526506813
2020-08-07,851.6500311648836,1935.5332882503521,1152.4065012212648,894.5122325230159,1142.2027229692546,1137.638496839485,1427.899220798756,852.8755953360874
2020-08-10,860.1631199416358,1927.2620959938777,1155.1965226256136,922.4395094186958,1146.1310393224578,1141.0391901166704,1425.2909730625763,861.4458746654824
2020-08-11,859.2551165908179,1890.7586155344454,1149.3940814898654,928.1090611939543,1136.7631612329067,1131.619900748885,1409.061618111769,859.7870453144561
2020-08-12,862.2065306796221,1938.3136931168374,1163.7889851657108,929.1587578402543,1156.706767892126,1147.3974048135472,1434.2754533385732,865.8690806173119
2020-08-13,857.2119904636405,1942.735007422706,1160.9995140252638,919.7098121288521,1151.2673307021257,1145.3232974194732,1437.4633374753619,858.9576904596913
2020-08-14,856.8714061955978,1940.452864437307,1160.4413630073536,927.2691865642852,1151.2673307021257,1145.3572142079568,1435.7245443400955,861.1693233459803
2020-08-17,858.2336483974989,1962.9829473079617,1164.0123005992648,920.7595925698873,1159.4263619407784,1148.9957757259685,1444.418393949868,858.6811391401892
2020-08-18,847.9043631785714,1981.8765965403784,1164.5702681958746,905.6411788779617,1160.9368600458367,1151.4778987050886,1454.2722127602183,855.6403308613804
2020-08-19,847.79099320634,1968.54533310653,1160.9995140252638,904.1715868141946,1157.311191317575,1146.6832366892663,1447.3165759529122,852.5990440165851
2020-08-20,840.9804462887225,1995.851345042525,1163.6775567255593,891.3628074051753,1162.1458314430831,1150.2536265892297,1460.6480971003555,847.8995260282468
2020-08-21,835.5322364432757,2009.6835721841983,1167.1365156134173,886.5332140543211,1170.304239949997,1154.3338951200503,1469.0528249091838,847.3464233892424
2020-08-24,850.6287527121038,2022.2317561682423,1179.9697703354382,918.8700212939181,1179.6716198541574,1166.0312433342524,1481.2246089891694,858.9576904596913
2020-08-25,849.9474893057488,2038.1313310695778,1183.9868802412066,918.450042081716,1185.1106834051145,1170.1113991847126,1489.918806798622,858.1283954256749
2020-08-26,842.7964529903584,2081.623311541224,1194.8113965890425,907.5310853328713,1193.8733907911303,1181.8422134659565,1518.0305918953507,855.916583077141
2020-08-27,845.7477722088929,2075.1346494756935,1195.8159033421105,920.5499381427265,1197.1975328115795,1184.4265375319687,1515.7119302263554,862.2753491617437
2020-08-28,852.2176399881981,2085.6870841086543,1207.6444678897628,937.7680803061927,1207.7737595666385,1192.077534003834,1525.276046902961,868.3571451816063
2020-08-31,839.6182989570912,2102.4424626295145,1200.50250099529,918.2401362703499,1204.1472190139427,1187.7591718714664,1525.276046902961,860.8928916679747
2020-09-01,849.2664156399331,2138.377433712651,1208.9834433845851,923.9094366614032,1213.514723464451,1198.9458526922888,1547.0117155264327,860.8928916679747
2020-09-02,859.0281869058157,2158.6251484456784,1229.2933171641344,938.1878919289246,1233.7601059241779,1216.2876982005284,1566.4290706805887,875.821637978231
2020-09-03,837.6889222832239,2049.182477888081,1188.3391008632816,926.8492911468181,1187.2261031210132,1174.4297613170802,1498.6130046080746,860.0635368132099
2020-09-04,833.2618011500174,2021.8753401909448,1177.6261963768975,934.8282258207778,1175.441403154099,1164.8407753265167,1478.3264269861252,859.5105538157022
2020-09-08,813.0572798227064,1924.696036048673,1149.5052347980654,906.4813048918361,1143.4110716347623,1133.0143202089635,1428.4792053990452,844.5817476846978
2020-09-09,822.2516320058137,1981.2355881465908,1167.9179820648817,908.3709599625404,1170.9086633754464,1155.3880198916893,1465.5748904389707,853.1520868348412
2020-09-10,811.2414628616099,1941.735781833795,1148.724043478552,894.5122325230159,1150.3613805688642,1135.3265212045847,1437.4633374753619,840.7113452681309
2020-09-11,805.6796933033922,1928.2608712783322,1149.6166632382167,898.29212922757,1153.9871738434736,1135.9043460927692,1433.40576660454,845.4111025394626
2020-09-14,819.6408970553217,1961.8423261197186,1164.6817883466763,920.9695821759884,1172.4197842122435,1150.8658189873393,1451.953667157783,856.1929549343982
2020-09-15,819.867826740324,1989.6488514590822,1171.042380500335,913.8305221316979,1178.4628975496066,1156.6803509452361,1466.1544107730194,854.811035827364
2020-09-16,825.4297860390809,1957.921074912762,1169.2570492703549,932.7284973492374,1171.5130868008957,1152.0897530621169,1449.925055822212,860.8928916679747
2020-09-17,818.8463585470049,1927.3343698591414,1158.8789803683264,929.1587578402543,1165.1673258385908,1141.9566336111318,1433.6958169379645,856.4696857161452
2020-09-18,814.1925923396052,1902.7362637721396,1148.0544640204903,914.880302572733,1153.9871738434736,1128.809990601331,1414.2778814510084,850.1109196315426
2020-09-21,785.9289839109509,1907.299423981797,1129.6419001749748,869.3149043013849,1136.461385432399,1116.2468064977354,1408.0339647895842,830.9710917430139
2020-09-22,790.5830347291596,1942.735007422706,1141.693688445531,868.4748620822455,1145.8286407902117,1127.6150153791789,1430.9782345022707,831.5274247024277
2020-09-23,769.3711334435726,1883.4147127299605,1122.3270587046293,844.3270629174444,1123.7698635077893,1101.4644953762177,1393.8028117356291,816.5049392795477
2020-09-24,772.4484878153369,1892.183829139179,1123.8964113530817,844.5374714972208,1127.093880981891,1104.4003821667104,1398.7399349980838,817.0612722389614
2020-09-25,780.5413487326755,1936.1751972530528,1139.698981800847,856.2960514915295,1144.3178935924577,1122.255374036259,1425.7503645070317,826.5200093224654
2020-09-28,802.7673657656837,1976.3873852159868,1158.4155664522075,881.0735680904286,1162.7501303221845,1140.8949592553452,1450.4374896845845,839.0386973242419
2020-09-29,798.2082800873945,1967.4740588045836,1155.0531788791473,867.0051024290083,1157.915365650329,1134.681651501956,1445.50013428901,832.6402700835002
2020-09-30,800.4880126670784,1980.9503202734159,1162.6742422109457,872.2544236078594,1168.189069326794,1143.2851350603703,1455.374961146719,840.1516025260627
2020-10-01,811.8858217330711,2012.392603794333,1169.062714402305,873.9342566619329,1171.814987147751,1150.6249083767818,1468.7351507344808,840.7078756647281
2020-10-02,819.7505670870369,1955.7821287445208,1159.760411428651,886.743119865687,1156.102219920329,1139.7006601153555,1444.9193372228012,842.9334467853765
2020-10-05,838.1015130859306,1997.4920293296802,1178.9254611601268,909.4209079930457,1178.1609972027513,1159.9107841978414,1471.6393681986447,855.7305405498532
2020-10-06,837.8734449576926,1961.8423261197186,1165.1401581770272,895.7723377490925,1166.6781975826923,1143.4217036571877,1446.371329888323,847.9410416275839
2020-10-07,849.8412346037411,1995.7804220906307,1183.4082777482724,919.4999063174862,1186.9238291351146,1163.3247737575552,1473.381759397271,861.5726348311811
2020-10-08,862.6073575688924,2006.4035545232575,1194.2797499490778,939.657819171632,1193.5716149906225,1173.6343506529433,1482.6756731222113,872.1441574750093
2020-10-09,867.1668227282603,2037.061632833229,1205.8232777955036,935.0385506058192,1203.8454432134354,1184.115539737236,1501.8445297714209,873.8131563532506
2020-10-12,872.9795241497015,2099.9473256362044,1221.1780251377056,937.3482686834607,1220.4646587595096,1203.164718066414,1534.9546052077208,879.9335965765304
2020-10-13,863.1774330192179,2099.8757272276252,1212.8845393176855,918.2401362703499,1211.3994282949002,1195.3131505530182,1528.8554235466088,871.309358932147
2020-10-14,858.2760554080323,2082.336143495819,1205.7116659340513,917.1902720345797,1206.866937608943,1187.8021030887828,1518.9802484892195,866.5800502111433
2020-10-15,869.3322366330162,2068.362520754814,1204.14258841755,925.3793639041106,1202.636471816189,1186.3342160337168,1512.8809507615474,869.084027094492
2020-10-16,864.3171095685206,2057.0254306064508,1203.9183558774926,919.4999063174862,1204.7517669857398,1185.617681621867,1507.943595365973,872.1441574750093
2020-10-19,854.8566462790457,2023.443525460608,1184.7533061460165,910.4707722288158,1185.412957391013,1167.592091686657,1483.8377315208688,859.3470637105328
2020-10-20,860.6698220518352,2027.792791053441,1190.5811511319066,922.6494990247969,1189.0387506656223,1172.2688900454903,1490.2274277816455,863.5199796513742
2020-10-21,855.8822887642293,2026.2243806315498,1192.4865316031694,913.6205325255968,1185.412957391013,1170.049988388289,1487.9038913171303,859.9035163114431
2020-10-22,869.9020274725327,2026.1534576796555,1199.0991446239357,942.807747057883,1192.0607432465208,1176.4680363565437,1489.0656015161078,871.5877048740989
2020-10-23,874.0054512456941,2030.146307295191,1205.2635676965374,948.4769636542012,1191.758220167927,1180.4624424527315,1495.4550656437643,873.2568233938368
2020-10-26,855.8822887642293,1999.702123602044,1179.4859049442955,915.300114195465,1169.3979161776924,1158.647862718362,1468.7351507344808,856.843445751674
2020-10-27,844.7124529562051,2015.3157551735198,1174.218412031924,895.9821597657233,1166.0740232499386,1154.653456622174,1472.8010783976222,845.7154705069353
2020-10-28,818.8385791848937,1936.7455078471744,1130.3967705378436,863.0153837078232,1125.5833828768325,1115.1882871920404,1417.3275303148446,820.6778552203892
2020-10-29,831.4905732156562,1970.6129060184203,1142.9490238272524,884.4332341985754,1133.741666837399,1126.5229173260816,1436.4966190971736,824.8509506234758
2020-10-30,820.8904333768788,1920.6324886334712,1132.5260167065621,887.5832458795614,1121.3526679913832,1114.778581401588,1411.2288129199724,825.1290572824344
2020-11-02,838.2153574095104,1924.9092552088123,1146.7596013484767,916.3502298154405,1135.5550616600945,1127.2738192478564,1420.8130091114572,840.4297690057695
2020-11-03,859.3021722445642,1958.2061176337086,1168.2778546567781,934.6182362146767,1154.2893232830243,1147.1767766678638,1446.371329888323,856.0087668503083
2020-11-04,851.0952298279717,2045.6183181151066,1196.633228657854,920.3397809471553,1181.4848901305052,1172.8151644327597,1496.9071743758464,857.6779451907947
2020-11-05,876.0573054376792,2098.949901265119,1217.2552854911276,947.217193607065,1203.5431692275367,1195.688376153185,1530.8883293448994,870.7532054349782
2020-11-06,867.5085454395387,2100.517636230326,1215.1260393224086,934.6182362146767,1206.5646636230445,1195.4152389595502,1532.6309526766458,867.4146692917607
2020-11-09,909.3397883064803,2057.596191505029,1243.7050038889902,1043.1776672953506,1212.003602627654,1210.436770486219,1525.0796622834516,903.5803196437938
2020-11-10,933.2755573391166,2020.7342686982452,1241.5758494309216,1045.0675737502602,1207.4712364880445,1208.6614914079535,1508.2342260321973,915.8209608073599
2020-11-11,927.1203742442398,2065.937856408941,1245.386426952146,1029.1092016339303,1217.1405167390606,1217.640087886174,1530.3071840790108,912.7606509645975
2020-11-12,907.2879341144951,2056.241000243277,1230.592398526063,1000.1322280919503,1206.262389637146,1205.827805704353,1518.3997996226908,900.7982361014866
2020-11-13,931.5658053394885,2074.2790710083973,1250.0936595016499,1037.9284299112346,1223.486402247713,1222.5219645009538,1533.7925468090634,917.7681859860566
2020-11-16,959.6053776263649,2090.4648143918207,1265.672364251959,1080.9741204988402,1233.7601059241779,1237.7819276702512,1547.152736396825,934.1818029112126
2020-11-17,964.962227402139,2083.8340812702727,1260.51666662234,1086.6436722740987,1226.2059962963654,1231.1249973379265,1539.6013299370711,929.1742080690054
2020-11-18,951.512564144161,2068.4327682500234,1245.6105677815535,1075.724631730519,1211.3994282949002,1216.3085440672044,1521.8849302196234,917.489899864853
2020-11-19,957.0978615292519,2084.617836176762,1247.291624002108,1088.533327344803,1217.4430398176542,1221.4295284067753,1530.3071840790108,918.6027452459255
2020-11-20,956.0715549521807,2070.358495258125,1237.9892293178038,1080.1341620744358,1208.6800833389432,1213.0650398927914,1518.6903142223555,914.7081752470359
2020-11-23,978.2979514662675,2070.4296433622476,1246.6192932245362,1123.8097376856094,1213.212698571248,1220.3368669518757,1520.1421908213172,926.6705302893985
2020-11-24,1002.2340999799824,2099.5193112503275,1266.680814562991,1174.204813102547,1226.5078966432206,1240.0011673685337,1538.7301343377578,946.7006105544857
2020-11-25,994.3691648854774,2112.4245866683536,1262.1978145535447,1159.0863156158862,1225.2994234313653,1238.0892070130903,1541.9250985347062,940.8584564524094
2020-11-27,992.6594128858493,2131.888546494892,1265.1119204677905,1154.256889854502,1230.4363375427715,1241.5372260416482,1548.8954757951315,940.0238971925404
2020-11-30,970.4333009825714,2136.2380372399534,1260.4045962076364,1117.5105522709882,1230.4363375427715,1236.0409034215504,1548.0240480626983,931.1217921721918
2020-12-01,981.1476646260072,2163.616323041212,1277.7764275932034,1132.6289659629138,1241.0124397514828,1249.5600677028679,1567.1927886453477,938.6329451525094
2020-12-02,985.7067503042964,2166.397178212154,1275.1986246337192,1151.3173705480278,1242.825460935135,1252.1887878308817,1565.159766780497,945.0316116762442
2020-12-03,992.2038458509911,2169.4630761040426,1276.5434696101627,1174.204813102547,1241.6164895378888,1251.8473663388381,1562.8364624491016,946.7006105544857
2020-12-04,1016.8237243980718,2178.3036783457255,1287.078730566857,1213.2610363531726,1254.9121857952523,1262.6353840445286,1573.2918542398997,957.5501800365241
2020-12-07,1014.3161134306893,2190.6381928651736,1285.2852370889975,1200.6624141397247,1251.588043774803,1260.0404680246377,1575.034709704766,951.9862522349032
2020-12-08,1021.8388514625675,2198.0533563498952,1290.3289560145633,1205.911819113311,1255.2142106884555,1263.7279328190677,1577.93881110237,956.1592279964931
2020-12-09,1022.4085474318143,2148.2870587339985,1280.8022370795513,1202.762142611265,1244.6381084797442,1252.393415365387,1556.156367655221,955.602835216331
2020-12-10,1027.1957012383416,2156.9142166633137,1276.7675187289196,1215.1509428080822,1242.220539324295,1251.983822255295,1556.4468822548854,953.099157436724
2020-12-11,1018.8753888495178,2152.137612141289,1276.9918429796276,1197.932716849881,1241.918888070135,1250.515935200229,1557.3183099873186,950.3170738944168
2020-12-14,1016.5665310970513,2167.751243712765,1269.882983629924,1173.785001479815,1240.4076426869904,1244.9170734521579,1556.4468822548854,939.4675044123784
2020-12-15,1043.311978035635,2190.9236858905765,1285.85512707015,1198.7725914795503,1256.121032646151,1261.7476881652155,1576.7773330365123,952.5428244773102
2020-12-16,1038.1687761071123,2202.973157689078,1285.85512707015,1192.8930500981908,1255.8183850212092,1263.7279328190677,1583.7477102969376,949.760740935003
2020-12-17,1047.5412946566219,2217.375019968188,1295.5282162030894,1194.7829565531003,1266.394736322616,1270.794681622205,1593.9131678208712,955.0465022569172
2020-12-18,1038.6259559365546,2210.6726884380614,1290.804200604575,1182.1842505449172,1263.3729928344128,1265.720346951844,1590.4278050908185,950.5952403741237
2020-12-21,1034.9685173010166,2206.5373174620527,1284.3928007506336,1173.6428856091256,1256.8791462646775,1261.1947656366817,1585.507511479563,945.6712749380736
2020-12-22,1041.4836381989448,2212.53762434454,1281.580952211506,1159.5128308174244,1255.3620472031903,1259.0691633179003,1589.8745157993283,938.1170510189627
2020-12-23,1051.4271809014763,2201.3950657213727,1280.7934328571196,1184.6095215622288,1251.7204365424216,1260.2004741364206,1581.4314860257023,945.6712749380736
2020-12-24,1052.3418251711696,2211.1088083041545,1287.429707225671,1183.1332259196556,1258.6996402291927,1265.103083937516,1590.1653785986728,947.9095280573665
2020-12-28,1056.3422198314913,2233.394150702717,1296.9904508119557,1184.18761507112,1265.072054109908,1275.9715554205395,1609.3805458053198,952.3859744752045
2020-12-29,1038.2829999117707,2235.3939527939083,1295.753090717699,1175.3299250104158,1266.2857582683675,1273.5372089142334,1605.8867102163874,950.1476017144148
2020-12-30,1048.798420599751,2235.466226659172,1298.7901806140376,1194.0997780780235,1270.2311374712071,1275.3544050865717,1604.1401406216014,954.6242874152459
2020-12-31,1050.3985974379334,2240.9655698338343,1307.1134723954153,1197.263364506092,1277.8168818713389,1281.834314572692,1609.671524671224,962.1783318721118
2021-01-04,1040.569088799521,2209.322900829787,1286.3049678100206,1179.9698070810573,1262.9477916033218,1264.383394475575,1586.6721233425405,949.0284153340199
2021-01-05,1062.7430220544916,2227.537265789616,1291.4789158590552,1209.2845572001295,1272.3547772460552,1273.09144540845,1596.279416779464,956.0230161525591
2021-01-06,1114.4053863544295,2196.6810535187974,1297.4403832624762,1253.151101012542,1276.906821708603,1280.7025530327298,1582.5962139552398,978.6856879098917
2021-01-07,1126.1780278558085,2249.8226081881785,1312.0627293511407,1274.6627178118447,1295.7201702623302,1299.730660134511,1616.0763095847997,984.8411830916895
2021-01-08,1116.9203023325754,2278.7512922330698,1318.473762362481,1268.5464563038947,1300.8792536236292,1307.1364641421233,1633.2529997982763,985.9600105475944
2021-01-11,1122.0635042610982,2245.823004005796,1312.3998577017549,1271.4991313837763,1302.0927086893932,1298.3251979991123,1612.8741492611318,986.519633648166
2021-01-12,1141.3798501239482,2242.250738752605,1309.5881008732779,1301.657359306126,1296.3270846147336,1298.5993493159908,1606.7601110803405,990.4368757106705
2021-01-13,1131.32160926541,2257.3935770148396,1310.0381250344487,1288.7925212193409,1298.1478276719442,1302.0963843013271,1614.9121619880623,990.4368757106705
2021-01-14,1158.1816594897307,2245.3224906024275,1302.61414789021,1316.2092367942012,1292.685473953965,1297.5365481566,1598.899619371323,993.7942553896102
2021-01-15,1137.9510488382662,2227.537265789616,1295.9781486536097,1285.4184424167609,1286.01028790196,1288.073989530417,1590.456705664257,984.281380528873
2021-01-19,1148.8092358104911,2260.0364138698724,1306.2136992050246,1298.072201565889,1296.9341235134846,1298.1879533201325,1609.089334806295,987.6389396700574
2021-01-20,1154.9815904241743,2312.6069824884476,1319.5986851994326,1300.3919750117395,1306.947649869578,1316.153033901802,1646.354360957252,992.1152066256503
2021-01-21,1141.8370299533901,2331.1066153214515,1320.6108956471282,1281.6221219441318,1308.768268380441,1317.3528543794519,1655.9614222610555,986.2400912912476
2021-01-22,1156.238621497034,2324.3923507232284,1312.624823927015,1274.4515550794524,1303.3065373942002,1312.6902537460305,1656.2527493266398,978.6856879098917
2021-01-25,1157.9530221398747,2343.606616728653,1316.2241918205289,1255.6817020118447,1311.1960503364028,1317.8673529050857,1669.64474115184,978.9656490120484
2021-01-26,1158.0673408148027,2347.0350097080013,1313.5250556706576,1235.4356370963985,1310.892530887027,1315.8104856061543,1670.518258082353,974.7686253096322
2021-01-27,1154.8671768789768,2281.6075734004708,1283.3805903029377,1197.05236936317,1279.0307105761458,1283.6515107450302,1627.4305208161893,952.9455377550278
2021-01-28,1132.0075213149778,2295.1074758532677,1297.665257777086,1226.788774589146,1293.292512852716,1294.691143695517,1635.5824556573511,964.6963666313166
2021-01-29,1115.2057119491951,2246.822004442479,1270.1082249871354,1189.671058739774,1270.2311374712071,1268.7717311117574,1602.3929906940155,947.3498451360467
2021-02-01,1134.9790479009478,2302.965063466473,1287.429707225671,1208.0190891110083,1288.1339276768076,1289.8909603420345,1637.3285609858972,955.463452872736
2021-02-02,1138.0653675131944,2340.5357654877434,1306.888506170155,1231.8504793561615,1303.6101813899236,1308.1304176013034,1661.4931545103582,968.6134292315762
2021-02-03,1142.1800808484438,2331.2495869863815,1304.4141528242433,1257.5799041455266,1294.2029466544952,1309.1591892918502,1657.7084561220815,972.250710191924
2021-02-04,1162.6391391092252,2358.8208282472383,1320.1611466179083,1285.4184424167609,1311.4995697857785,1324.0385182036812,1674.011745471605,986.2400912912476
2021-02-05,1176.4695167593077,2366.821387525373,1327.3596989836353,1291.9562752368793,1316.3545109659638,1329.24953415122,1679.5433616543478,990.4368757106705
2021-02-08,1209.0442674165213,2382.6777331988874,1336.6954763446593,1326.9649613991173,1327.5822396659069,1338.849337456383,1687.1128744974608,1000.2289938245844
2021-02-09,1217.7307790461932,2382.178120404432,1335.7954280223175,1316.4201481423881,1325.7613720623488,1337.9582611662572,1685.3658406364348,1000.7885571044077
2021-02-10,1213.6163503217524,2376.748799572751,1336.9202591486187,1326.543473881684,1325.7613720623488,1337.3751403011338,1681.8725853803026,1001.9079827677959
2021-02-11,1216.3592395578669,2389.820237335215,1344.006465967691,1323.8017101499893,1336.6857058592643,1339.53499744948,1687.6951804289492,1001.0686976688094
2021-02-12,1218.759647120545,2403.177618427539,1347.4934883145497,1337.7206860040335,1343.6649095460355,1346.1524896556612,1697.302125666193,1005.5452637281439
2021-02-16,1215.9023443392332,2396.67724844614,1343.7814997424307,1366.6138648109372,1340.630337784018,1344.9861352450532,1691.7709737496905,1008.0628797421103
2021-02-17,1209.5014472459636,2385.1782738456754,1345.918633027078,1364.7157464719903,1336.3821864098886,1345.2951047932986,1687.404085496485,1011.1406572433833
2021-02-18,1191.213779716926,2374.74899748156,1342.8819099733407,1341.7277502353795,1331.2234766876327,1339.5693649594052,1679.5433616543478,1006.6640313633005
2021-02-19,1211.4443903683907,2364.392220134936,1338.6075516933959,1380.9547471560904,1326.9753253135034,1337.20386615331,1669.0626673534712,1009.7418088645735
2021-02-22,1218.759647120545,2303.107584826946,1330.1718226547134,1408.5819551054624,1316.0511160629355,1326.9184028550499,1635.8734345232554,1016.4569271469427
2021-02-23,1211.9016650681026,2296.250573716022,1334.2206644454957,1419.9710003180849,1316.0511160629355,1328.5299573696393,1632.3795989343232,1021.2127962802023
2021-02-24,1245.3908702544704,2315.179346696043,1349.4055636632866,1466.5788050937813,1335.1684822514294,1343.169502474517,1646.0630338916676,1036.0414026577641
2021-02-25,1206.8724023334291,2234.4656501568916,1316.4493414670899,1417.439896550372,1300.8792536236292,1310.804660594923,1598.02610244081,1015.8970049426296
2021-02-26,1201.1576070302665,2243.822976762376,1310.7127485782785,1409.2151081236984,1295.7201702623302,1304.0505997919245,1601.8110329622066,1003.8664542471774
2021-03-01,1238.3046303332508,2311.3213632652205,1340.8570305246976,1444.4347056341235,1324.5476679038893,1335.6611593389314,1643.4428312998084,1024.8501370612985
2021-03-02,1216.8166091278483,2274.2509494950905,1330.8467213304941,1438.3190306893189,1311.4995697857785,1325.2387894027727,1622.1901156324711,1021.7724792015222
2021-03-03,1218.645328445617,2208.251851680069,1311.8375797045799,1449.4962428116687,1289.6512758309902,1307.684992136601,1582.5962139552398,1022.3320424813455
2021-03-04,1196.357171385988,2172.109515394727,1293.3912663397427,1432.2028529761042,1265.9824879116873,1291.5025148566237,1557.84989483209,1011.9800619838666
2021-03-05,1223.5600827648232,2204.8232335484927,1323.9852056047314,1467.2116229330773,1293.8995517514672,1315.2616195705955,1582.887308887704,1032.6841426203212
2021-03-08,1246.9911419629227,2142.3964009866622,1322.0729468346942,1477.5451896626794,1285.4032490032087,1308.7134257860666,1549.6984242571682,1045.2746155200864
2021-03-09,1259.220963293744,2226.893780721318,1338.2700565001803,1464.4700267908527,1307.251044772606,1327.3983085100376,1596.8618387775127,1043.0358838348068
2021-03-10,1285.281067404378,2220.5372830137617,1347.4934883145497,1489.3558899822053,1309.6790758212633,1335.6611593389314,1597.1528176434172,1056.4656418335585
2021-03-11,1301.9684632249632,2271.67926074418,1358.7412493136603,1503.9078512650156,1322.4237790363463,1349.2038738155745,1628.8862276116308,1057.3050465740419
2021-03-12,1314.5412405805682,2253.2507760152985,1357.278739572843,1519.9354378325183,1320.6027868864403,1351.0207319468316,1618.9877231756832,1066.8176223310375
2021-03-15,1312.026704083501,2277.321575583772,1370.8887835031617,1531.1133203127488,1330.6166868815767,1359.0773777161742,1631.5064302034903,1071.2944874941136
2021-03-16,1291.681585016569,2289.821126686517,1371.113841439072,1492.519643999744,1334.5616924453734,1357.3633967539718,1639.3675022453078,1064.0199255734178
2021-03-17,1298.7681095485977,2299.250502005037,1371.2262786963772,1518.0384926198626,1336.0787915068606,1361.991629877468,1640.822860841069,1069.0562343748206
2021-03-18,1270.0793400065081,2228.8231101650713,1351.2049266227673,1483.4507074119124,1316.3545109659638,1342.1753236546162,1602.6844338261596,1062.3413553754447
2021-03-19,1272.822608723701,2236.680022321592,1346.4810944455537,1480.075958251452,1313.6237077460169,1339.6919611915316,1607.6335119442936,1057.3050465740419
2021-03-22,1254.992026153836,2278.625206985258,1358.51619137775,1462.0287509791415,1328.9375530217158,1350.389045846371,1630.8269765612868,1057.6150376918572
2021-03-23,1211.558898783858,2268.6840606519577,1349.4055636632866,1412.3642818573337,1318.5860078779301,1339.7605835310217,1625.8674524527535,1044.0988985325253
2021-03-24,1190.4136438627,2230.422141290003,1344.1189949356462,1413.8435941103696,1312.497186030956,1332.9500698674574,1608.0711989420302,1044.380534615635
2021-03-25,1222.567644874017,2226.559879966844,1349.8812668065498,1444.4874963172215,1318.5860078779301,1340.4486098116874,1607.195708879997,1057.6150376918572
2021-03-26,1252.3614633169873,2259.9589615033597,1378.5807391676656,1475.7653894896598,1350.2494258569054,1362.0496602630794,1633.1610750827613,1074.228336274919
2021-03-29,1221.421801757187,2259.315251282833,1380.2755519857692,1447.6572835556854,1352.3804138662679,1361.361521302053,1634.6193353425228,1072.2573622591378
2021-03-30,1239.0688103552798,2247.9441631480063,1372.366242079983,1471.9611085171985,1341.1156949010538,1357.7502284312607,1625.8674524527535,1072.5385197762607
2021-03-31,1243.6524674334082,2282.3444966434868,1375.9818427586051,1469.424977065381,1349.6403942165907,1363.2535372337038,1645.4138736216225,1067.1886306121432
2021-04-01,1261.528587732705,2321.2496759215114,1390.7832997473647,1496.6877617119064,1363.9492750125962,1377.9753390016813,1670.5034015626738,1074.228336274919
2021-04-05,1267.0288813561897,2367.593209363766,1407.9578615240714,1500.0687116827626,1380.9990472827135,1397.7537846234352,1703.1784595321171,1084.364722795438
2021-04-06,1265.7688144347012,2365.9482471842744,1407.7316113497066,1503.0275037783047,1377.3457292652595,1396.9281756227083,1700.260894413554,1083.2386570289857
2021-04-07,1246.9757729792398,2371.669365303749,1407.2796612648788,1502.8161734564424,1376.7368221712925,1398.5449134338764,1707.2629578448575,1082.6753848627664
2021-04-08,1253.5074961743564,2396.4144957957888,1412.929404167827,1499.4347207171757,1385.5652900289003,1405.1830261460127,1723.8921620948436,1081.5489601718243
2021-04-09,1254.8823561221209,2410.9327617768968,1424.1149853460138,1504.5071512102809,1394.3950033499855,1415.399416383341,1739.3543170840924,1087.4626000681478
2021-04-12,1256.3720090961615,2407.7858090828436,1422.3074601386536,1504.2956532989485,1395.6130666306146,1415.9152670733001,1739.062525752268,1088.8703019177096
2021-04-13,1247.7777113685888,2435.892012037989,1422.6464227022745,1491.1928381645466,1400.7885901098118,1420.1115963753432,1755.1083794717254,1083.801689912212
2021-04-14,1261.528587732705,2406.641810611177,1419.2567970660662,1510.2134050795028,1395.9173333580766,1415.2619463436406,1737.0204506957377,1088.5887854760965
2021-04-15,1265.5392283821488,2443.1151206720256,1434.8492584139249,1504.9296442645352,1415.4023603650178,1430.4652312916517,1764.7354042238478,1094.2201910818271
2021-04-16,1269.3208522006582,2445.9763551884475,1441.6286013969916,1506.8321199297063,1419.6645854764386,1435.2460336231436,1768.5282272713239,1100.1332327706673
2021-04-19,1256.4866123818983,2423.591495505005,1435.3011167881025,1496.053267977909,1412.0531845286782,1428.195172750824,1756.8586631964313,1097.036192988434
2021-04-20,1226.9223799914807,2405.9267271342997,1426.0361400491333,1455.6883385548626,1402.615560484408,1417.73843530474,1746.3563805153958,1086.8987296944451
2021-04-21,1255.1115626935946,2426.5241032777776,1439.4817467834093,1489.0793673564538,1415.4023603650178,1431.1533702526779,1759.7758801153145,1099.007286645712
2021-04-22,1247.7777113685888,2397.2730012420525,1428.8610115006072,1473.2292580378423,1402.9195781191745,1418.082223084352,1741.6880674058868,1091.1229120166006
2021-04-23,1270.9251084604357,2427.453306523707,1441.2897305440213,1501.9708521689931,1414.4886883581983,1433.4576836230701,1764.1524018929993,1099.570319528938
2021-04-26,1277.1129269280723,2443.25876779364,1441.0635720803066,1516.9758077896256,1413.5755145367696,1436.4500232741284,1772.6124934509444,1099.570319528938
2021-04-27,1281.3529638895293,2432.6741363920414,1439.933880289538,1529.4447995479106,1411.1397616145541,1436.1406030044416,1767.653201475531,1101.8226903448356
2021-04-28,1283.7591585386563,2424.44977579904,1439.2557717409954,1545.9287322426387,1402.006279751398,1435.7278548442582,1763.8604944946148,1103.2309904018805
2021-04-29,1284.561286668545,2433.174874947638,1452.7015618965727,1558.6093895017264,1405.964238135357,1444.8775001095817,1771.1538849915028,1113.0862194052766
2021-04-30,1266.685261239518,2417.226216860547,1442.0803680605188,1541.491130662471,1392.5684066144324,1435.383729023565,1757.7339211253443,1107.7364498826557
2021-05-03,1281.0090591620487,2404.3531382111587,1448.9726985647926,1559.243212877843,1399.570775921878,1438.4797346062007,1754.2330054762522,1115.0571934210577
2021-05-04,1275.1648608110838,2361.0849590543785,1442.4196057560905,1552.0581495239956,1390.436920419679,1429.6052547809995,1730.3100625296986,1116.183857394993
2021-05-05,1274.5922238634778,2353.1463166390085,1441.5156138757848,1570.4440551154842,1392.8727978882418,1430.0525958118287,1726.8092629471666,1120.1256857850587
2021-05-06,1283.0718234350436,2370.882908570521,1452.3625993329517,1577.4182909158799,1401.0928568372738,1441.4721869376194,1739.937783681181,1129.4180015467252
2021-05-07,1292.6971712531697,2390.120590407682,1463.54863906439,1604.4689072931922,1413.5755145367696,1451.9632918936284,1752.1909304197222,1138.4285615837855
2021-05-10,1266.112339681103,2329.760204996601,1450.3288239512267,1592.0005858927877,1399.570775921878,1437.5853905856236,1717.765588725573,1138.709838742405
2021-05-11,1257.7471536547348,2326.5418790461968,1437.9001049078129,1565.7946204450438,1392.5684066144324,1424.7557174296574,1710.472314295245,1123.2230844917822
2021-05-12,1219.0155122377905,2266.324240147817,1406.1498777634597,1529.2338044049886,1361.5138957294241,1394.486054171534,1667.878208108735,1103.5121479190036
2021-05-13,1249.6110793295709,2283.8455865491355,1425.923152527926,1548.0422030507316,1380.0857489149366,1411.2374545912232,1685.0905307561295,1118.4362282108907
2021-05-14,1274.5922238634778,2334.26572623583,1445.9221272028553,1595.3820386320542,1399.570775921878,1432.9073527428259,1715.139814938834,1131.6703723626229
2021-05-17,1277.8005466424938,2320.1056774498447,1439.4817467834093,1608.6961840883182,1394.6995191701426,1429.2611289603062,1707.2629578448575,1131.6703723626229
2021-05-18,1265.195703135747,2304.442512388157,1427.61787363538,1586.9284905786228,1384.957005666672,1416.9473064942988,1694.1343210442833,1121.8149040762337
2021-05-19,1256.9449306545764,2307.0891768310703,1425.5841899643056,1567.27410028755,1386.1748198546059,1413.2323476919285,1695.0098111063162,1115.0571934210577
2021-05-20,1259.5804267454469,2351.715924533026,1441.9675639606126,1566.429114179041,1405.6597223151996,1428.4357453203002,1721.558063573369,1120.4072022266719
2021-05-21,1265.6538316678855,2338.6994239142514,1439.8207093470303,1571.501041903736,1405.964238135357,1427.2663485399612,1713.097507749184,1124.9123027829569
2021-05-24,1272.0709515772658,2378.034418795978,1453.4926579663218,1593.0567347336887,1419.3600696562814,1441.8164254386731,1738.187499956475,1130.5440673131775
2021-05-25,1257.6326452392675,2381.3243431549613,1451.5716866845032,1582.2787207292422,1416.0110183662894,1438.617091965541,1741.3963921406225,1124.3495091827242
2021-05-26,1284.4465885125385,2389.6196266998572,1454.2834789041199,1602.9899302190963,1414.4886883581983,1441.4721869376194,1744.0218177276813,1126.6019996401183
2021-05-27,1296.9372082146267,2380.680632934435,1454.961220610061,1625.3919498733192,1412.662216168993,1442.2289482381354,1738.187499956475,1131.1071001964035
2021-05-28,1293.1554895258478,2388.190135202787,1456.6561251388155,1621.3761709895252,1418.750913469619,1444.808990450452,1742.5634414013598,1132.5154002534484
2021-06-01,1315.2717416568712,2380.251267635189,1453.7186330087357,1651.8087428745148,1408.0955997837627,1443.5361530992564,1734.6867003739433,1136.7387450851272
2021-06-02,1311.2608163966183,2384.8995353871196,1460.2717258174378,1659.205639318635,1414.7932041783556,1445.8064370008049,1736.7286593639135,1138.709838742405
2021-06-03,1300.1458156044516,2360.083256790957,1456.0910958221305,1643.9888506077298,1415.7068761851754,1440.440260196981,1724.183721293548,1138.9915944670115
2021-06-04,1304.8436964872385,2400.132884845105,1471.0057237533977,1650.7520912652033,1431.5383360819674,1453.6143972147217,1748.1065481735418,1143.2151785816836
2021-06-07,1317.5635227608007,2407.285295679475,1471.7967281124966,1648.6387880465804,1435.8006857397359,1452.2040898238254,1750.7319737606008,1139.8361437918506
2021-06-08,1332.6895436834902,2408.429744455598,1470.440786147363,1653.7108833607454,1433.9738399114874,1452.513735454233,1752.4823735518667,1138.1465665761857
2021-06-09,1322.8347995533509,2409.0014059630894,1467.6160981171895,1632.3656829053043,1434.8872628256117,1450.3466667628206,1753.0659562155151,1134.4863742692298
2021-06-10,1302.0825921593516,2434.1047536502524,1476.0922715526676,1622.644320510169,1446.4564976109832,1457.0884454065344,1769.403833399917,1134.20473818612
2021-06-11,1315.1746893710197,2440.4695819902536,1479.0385679051792,1629.6185563105648,1447.3699205251073,1459.4963120281438,1772.6124934509444,1136.457348285011
2021-06-14,1308.743433791462,2463.856143937118,1482.0980352001984,1614.6137682794024,1452.2409281841472,1462.7641551604056,1788.3665558385774,1130.8258230377837
2021-06-15,1311.040243019683,2447.7638387284123,1478.2451790691719,1617.995053429199,1447.0652801586023,1460.0810104183136,1779.614208682568,1131.951888804236
2021-06-16,1310.5808811740385,2438.8243946585335,1466.346547584667,1616.0927453534982,1437.9317982954462,1451.9285863426219,1773.196308247713,1123.504600933395
2021-06-17,1287.4976163844751,2469.791606977873,1468.8397933245467,1572.5575259235773,1445.5429501505112,1451.4472158429487,1791.5756801558448,1109.7069453324502
2021-06-18,1253.848934274826,2450.410503171325,1449.802496528981,1537.2643566357553,1429.1025831597522,1431.866749614436,1777.5722496925978,1089.1519380008192
2021-06-21,1281.9851793664754,2465.6395747369743,1470.199770558295,1583.9871277879765,1453.3197486480337,1452.3651100588518,1793.52884822742,1109.8718113148313
2021-06-22,1289.1053828442296,2488.6240148042093,1479.378355864653,1585.470462188296,1461.564841412956,1460.1299136947316,1810.4793247154687,1111.287050578682
2021-06-23,1291.2874939164437,2489.840737445596,1474.8458321040284,1593.10231906957,1458.2057018687992,1458.3699591454817,1810.771464246973,1108.7395241905535
2021-06-24,1308.51375286864,2505.2352958989986,1484.2513095593038,1610.273201002453,1470.115446368817,1466.9974436206633,1819.2466444577174,1116.665294777505
2021-06-25,1309.891933275842,2502.156114025644,1498.1894024858539,1623.4172431465124,1480.8041384758606,1472.208121527121,1819.5390161223415,1124.5907064399669
2021-06-28,1296.4550775042667,2532.586563432869,1504.8755674481852,1594.3741555585573,1480.4986262849213,1475.1761222203304,1837.074003806519,1117.797222977293
2021-06-29,1293.4695101183886,2541.7509345787553,1507.2550919816554,1591.1944805413543,1481.4145401259998,1475.9699553594216,1842.9188836346848,1113.834457325314
2021-06-30,1297.4891634434493,2537.7416488505582,1505.6684060202906,1602.0060124398312,1484.1634025663648,1477.2120309722252,1840.2888153852261,1119.2124622411436
2021-07-01,1305.6427887684986,2538.7438014184363,1514.7342789373924,1618.5412275124258,1491.7975954957565,1485.3909349326132,1847.8873448683375,1127.1382328280952
2021-07-02,1291.8615539180946,2567.8859297756953,1528.2190461193602,1613.8770449686122,1500.959598472539,1496.7446080475638,1870.6827011845521,1129.4026874351543
2021-07-06,1273.027528506144,2578.9834579532153,1524.4792692201909,1575.7192688674738,1493.3252809967992,1494.018194047074,1880.911414983682,1118.0804143998591
2021-07-07,1264.5292394914575,2584.4256124619055,1532.071902250387,1554.7318719308084,1501.2649861171303,1499.2982830555443,1889.6790829256108,1120.0619168673454
2021-07-08,1249.714487923489,2568.8164839349947,1519.4934197149832,1537.9846561784707,1485.9956038875648,1487.0818164209315,1877.1120922088464,1109.8718113148313
2021-07-09,1281.5258175208312,2584.85520291338,1532.8651076650935,1581.2306161829085,1506.1509393378954,1502.9562255955466,1889.3860148616266,1127.1382328280952
2021-07-12,1287.6124094107513,2594.9512539797065,1537.5109857895263,1592.2541487611284,1510.4259927231305,1508.3398678552342,1895.815754085601,1131.1012377630677
2021-07-13,1263.4955330333535,2594.9512539797065,1534.6778603795226,1565.1192348803295,1507.3726144626085,1503.197924968627,1894.938871224848,1123.4584193156888
2021-07-14,1248.6809712059244,2599.6051505373425,1536.1515588196803,1542.2250049522688,1513.4802428080868,1505.4408275425958,1900.4918436546295,1123.1752278931228
2021-07-15,1243.0534565508397,2581.3466557407796,1530.3722287678152,1525.0537878404455,1511.6477923941911,1500.2987719756281,1889.3860148616266,1122.326491115901
2021-07-16,1225.023361803901,2560.4390198267924,1521.7599567272468,1486.4713400219407,1500.3485740906606,1488.5313365772506,1875.9430698165893,1112.1361462803936
2021-07-19,1201.4803556876147,2539.460235808683,1502.3824134189558,1441.9533759390456,1476.8339745498254,1466.5488631058697,1855.485642218329,1090.0576241304457
2021-07-20,1237.6560022996553,2568.9594555999242,1521.9863903229123,1492.8310252352871,1497.6003343820344,1487.5648771260107,1878.2811146011036,1108.1735002699113
2021-07-21,1258.3276648347219,2588.7926650807694,1533.3184334096763,1539.0448271666553,1512.5642044206604,1499.6090554895563,1890.5553854535638,1120.0619168673454
2021-07-22,1234.7848484589747,2605.9055853400682,1536.7180555067705,1522.7217803632736,1511.037266197704,1502.7488937323915,1905.4603048882825,1115.5328880117306
2021-07-23,1244.891188544225,2636.335809595065,1558.4755819017835,1522.5096120940607,1524.1686858224346,1518.2095406235799,1932.0542875799727,1121.7599886292721
2021-07-26,1255.9160625802247,2638.4119382916283,1559.26869560584,1545.6166806492147,1525.3902364008,1521.9362181834326,1934.1006570992226,1126.5720892659563
2021-07-27,1244.087257879213,2609.341858647405,1553.0365900732943,1528.4457987163316,1519.5877466072172,1514.9999532376505,1916.5656694150455,1127.4214242506614
2021-07-28,1254.652580329029,2619.3660861529243,1553.4894572646253,1540.7406650151283,1515.6179563202259,1514.3786337303475,1918.6114586014955,1124.5907064399669
2021-07-29,1270.2712625620095,2624.0211084717016,1560.7413852288441,1555.792210508463,1526.9170500774087,1520.6594370196226,1922.4106653097713,1132.5164770269184
2021-07-30,1266.2517989774883,2610.344461519739,1556.5483742957424,1542.8608394020273,1523.557910533252,1513.2745915590465,1910.4286500553753,1128.2706395938699
2021-08-02,1258.2128718084455,2610.5599322021612,1554.0553119771632,1534.1693143009793,1518.977344957078,1510.0994843634028,1908.3821644695654,1125.1569696436025
2021-08-03,1269.8118058460957,2626.383405650353,1565.6143389234949,1553.459700262881,1534.5516166458435,1522.3851367393077,1922.118061512027,1135.3470751961163
2021-08-04,1247.4175838249985,2630.178121305041,1563.2348143900247,1528.8691297179369,1526.9170500774087,1514.8963999864334,1923.2875481705241,1123.1752278931228
2021-08-05,1264.8736185702858,2646.8612259606375,1573.4337723919577,1561.5155585036405,1534.2462290012522,1524.4900058717735,1934.1006570992226,1130.5348549179355
2021-08-06,1280.3773180364508,2635.2618334663794,1573.5467599131646,1577.4152743054171,1541.5754079250958,1527.0093133698292,1929.13254406525,1138.460625504887
2021-08-09,1269.5821249232736,2640.130750401981,1571.9599822411496,1567.2397444461687,1540.6593695376696,1525.767125076665,1928.8398242009455,1137.0450273165466
2021-08-10,1281.8705760807384,2626.59820087609,1572.4135831176834,1585.0466284182805,1546.7668733368002,1527.665000387057,1920.6567835217054,1144.6878457639252
2021-08-11,1290.8280372005302,2622.08772628784,1574.3395067746198,1601.7940117600883,1550.4317741645914,1531.4608636882017,1919.7801327940726,1151.7640420831783
2021-08-12,1284.2820834649658,2631.5387162202705,1575.8129300828266,1594.5863238277702,1553.1797647805222,1536.0504474480772,1930.302030723747,1151.7640420831783
2021-08-13,1274.864975888721,2640.775136079192,1582.0452190366732,1578.686775615464,1555.0124642871133,1538.8457091487776,1937.8998638074986,1151.1982574455296
2021-08-16,1268.5487030759787,2641.9207106164567,1591.4506964919483,1557.06371181851,1560.5091927970614,1542.4692841788549,1946.0826723536188,1152.0473531472417
2021-08-17,1250.1739446394029,2618.651002676047,1578.0791002524886,1522.9337810430166,1552.2639754857914,1532.3584754392311,1928.8398242009455,1146.6692285899148
2021-08-18,1240.0678891649613,2593.446561638406,1559.26869560584,1510.4260761171263,1531.803127844522,1515.5867925546677,1909.2589312637583,1133.648524868203
2021-08-19,1229.0428253884224,2605.9771837486473,1565.954218593619,1488.5911792298996,1533.940841356661,1517.933361060214,1920.6567835217054,1129.1196156540848
2021-08-20,1247.6471698775508,2632.970459239623,1581.3656431177255,1503.007057862946,1543.4079828853392,1530.0116815729637,1940.5301641900771,1134.7808119924807
2021-08-23,1263.4955330333535,2672.350709719225,1591.2241711856325,1539.892997475097,1554.7067030034789,1543.4705618614614,1962.1564981140345,1141.857367236224
2021-08-24,1272.338485737678,2680.5136037539182,1592.2439936173055,1561.7278943623237,1555.0124642871133,1545.9204582575042,1963.0325685088674,1145.8200132467066
2021-08-25,1277.0468023501264,2683.591659866131,1594.8507771422942,1575.9312695472167,1558.982130027757,1549.1644131533587,1963.9095674361802,1150.0662096042452
2021-08-26,1262.9215679019724,2666.5514637765527,1584.0852307426205,1560.0318889243806,1552.2639754857914,1540.0192751024517,1954.557620431243,1142.4236304398596
2021-08-27,1300.015463853953,2692.4705379866145,1600.0630602431672,1595.010157597786,1563.2575570520353,1553.7885897838803,1971.5084451189716,1152.0473531472417
2021-08-30,1292.3210106340084,2722.686867624787,1606.636145973641,1587.590301396255,1562.0362555663653,1560.621752199887,1994.011429770562,1147.801396072696
2021-08-31,1290.483468381162,2720.4666415021525,1600.6298320622084,1584.8347953280079,1553.1797647805222,1558.3094385239053,1989.6280600658376,1147.2354917935504
2021-09-01,1296.4550775042667,2724.977566394859,1601.5366669726745,1575.9312695472167,1549.5154866844698,1559.1376391729216,1994.3034532355061,1145.5370611071337
2021-09-02,1301.9678940033452,2723.688569888209,1602.329230412829,1587.1663000367691,1552.8746262286263,1563.9342167548712,1994.8886608309947,1152.8965684904497
2021-09-03,1293.928777093763,2732.0660339964106,1602.2162428916222,1582.0787864913502,1551.6530756502611,1563.5547093010089,2000.4408207948563,1148.6508506988978
2021-09-07,1282.1000672630212,2735.9321229074494,1589.6379437775195,1579.3231128336329,1542.7970830498089,1557.964523940689,2000.4408207948563,1140.1588169083107
2021-09-08,1271.3044946687653,2726.4093094142113,1587.258052401448,1560.2437220146533,1540.9646326359132,1556.0665359499367,1996.0572189570119,1139.875745127241
2021-09-09,1268.0893412303346,2717.029467585903,1581.2517384900152,1565.9675727782412,1535.4676550332697,1549.4058871657182,1984.951738363689,1136.1960512563314
2021-09-10,1255.2270198117583,2696.4089007629173,1573.093159036631,1556.6402132274347,1526.9170500774087,1537.189645891826,1968.5861212714487,1128.2706395938699
2021-09-13,1264.7588255440098,2694.547116987634,1571.5067482072172,1572.5390910818603,1531.4982383853214,1541.1237679951944,1966.2476122206945,1135.3470751961163
2021-09-14,1248.5657986985696,2686.8860872696796,1564.367991185506,1556.8522139071777,1520.8092971855826,1532.806943273664,1962.1564981140345,1125.4399217831751
2021-09-15,1262.0025595998752,2706.8627187199104,1574.2267026747136,1580.3829486428772,1533.3299415211306,1545.6100238645736,1977.0613014821931,1135.3470751961163
2021-09-16,1257.2939583766179,2708.7240521907374,1571.846811298642,1581.6549527213347,1533.3299415211306,1543.1597894274496,1977.0613014821931,1131.6667831177233
2021-09-17,1256.604820737882,2676.6468393861946,1555.075317830137,1566.8155754972129,1521.4203215674606,1528.1277786272624,1953.9738056344743,1124.3075150174006
2021-09-20,1235.129607018882,2621.3393202811835,1530.1457951721495,1523.569447903305,1491.4925814902085,1502.6473687276618,1918.1160865234422,1107.6433687982633
2021-09-21,1232.8327029203915,2624.563950493978,1528.898988880909,1522.7217803632736,1491.7975954957565,1501.2280469079328,1920.7516099012205,1103.0934026807352
2021-09-22,1252.8148483356433,2649.0787502565327,1538.984317387083,1559.1840537948792,1505.2347764041215,1515.8719865468663,1937.4352493678434,1115.0370936496208
2021-09-23,1274.1756485094459,2673.52172645828,1554.8491593664226,1596.7063306251991,1529.66553887873,1534.2902675381065,1956.1690885501964,1131.8152582150637
2021-09-24,1272.4569787044707,2676.029922280828,1554.5987892910207,1603.0660158385456,1533.940841356661,1536.8173499810302,1959.6812626556075,1133.8056141533018
2021-09-27,1295.8757996377853,2654.669955540315,1544.9378059639253,1619.3888950524572,1529.66553887873,1532.4209003588983,1941.8256991327276,1138.9245952288886
2021-09-28,1277.4176502341872,2579.548815198316,1511.9747054689537,1582.2909547605632,1501.2649861171303,1501.5396081044673,1888.8457250248557,1125.274696876304
2021-09-29,1281.339776922048,2575.3197808953605,1514.0204032352217,1567.8754113064572,1503.4024505365737,1504.0671412688325,1889.1389091554,1128.1183359686368
2021-09-30,1259.6516743179538,2565.858208808203,1497.3113647195912,1549.6443583853895,1482.6365888897558,1485.6839038696803,1873.9177083446984,1109.065068702933
2021-10-01,1284.4547473557284,2581.770842538776,1512.5431280797009,1584.1989608782492,1499.7379233478257,1503.3396768620232,1893.529126787164,1124.990189397275
2021-10-04,1279.9553350770486,2527.5809790947283,1487.7640108882551,1563.8477335702826,1481.109775213147,1483.9527954926957,1855.4769372263295,1119.8714476046816
2021-10-05,1283.4164871246815,2561.7012232182833,1505.2680890315987,1579.11111215389,1497.6003343820344,1499.3930472386494,1880.0647094285277,1127.5495602935716
2021-10-06,1274.302869541046,2578.115946417822,1509.8148279430247,1576.1431026374896,1501.2649861171303,1505.6247218907854,1891.7728076013384,1128.9714994812346
2021-10-07,1293.6835374467184,2601.7704395162873,1524.3638055114247,1593.5263204290559,1515.922970325774,1518.6418951664746,1909.3359994595942,1138.0714317162908
2021-10-08,1285.2622830909872,2588.795366907508,1522.886163513303,1592.2541487611284,1516.2289807021039,1515.8719865468663,1902.8959303117804,1138.640207391356
2021-10-11,1277.9944614736578,2568.940092508296,1513.792869111752,1583.3504553908672,1505.2347764041215,1504.897820885778,1890.8946480084255,1129.540155514803
2021-10-12,1281.455234040212,2559.9806098901045,1510.4964214962795,1588.4384717046967,1501.5698755763303,1501.1934540372865,1885.6256904509487,1126.9807846185063
2021-10-13,1280.9939747891744,2580.481620879897,1521.7495934237593,1587.590301396255,1500.0431864460693,1506.594111031396,1897.919460485488,1126.9807846185063
2021-10-14,1298.1830445956678,2628.0045016936515,1549.2568273305808,1618.3288916537426,1523.557910533252,1531.935924087692,1933.0450317360794,1144.0433370214816
2021-10-15,1292.0689403275492,2644.5633223192617,1557.8952369064934,1625.9609161244869,1539.1324313147131,1543.602735924223,1947.972700216557,1152.290225385437
2021-10-18,1294.260443556459,2671.155826843977,1566.5336464824059,1636.9842811132364,1545.5456963974782,1548.172713301387,1965.2429400773885,1148.59330313901
2021-10-19,1296.3372486293617,2691.370219047225,1579.946145671913,1647.1594757935445,1559.5929053169396,1560.1167188245274,1979.5850527626976,1157.4088475365338
2021-10-20,1306.1431345706314,2687.8578442867447,1585.1747532685447,1650.9751528499762,1566.9223333334787,1566.244502184365,1978.7071253029046,1167.6465704047137
2021-10-21,1307.5274815453608,2704.2723423340562,1593.4723660678299,1651.611322478675,1567.533233169009,1570.3298413314042,1991.8790549303567,1165.3713480629563
2021-10-22,1308.3350172806197,2681.5499794604875,1592.9035766144812,1652.2473245179037,1578.5268147352529,1568.7022862056365,1983.0976911343487,1168.4996142758148
2021-10-25,1319.2945257008305,2709.003015801521,1601.5421696116944,1666.2385314335838,1580.664528247392,1577.1148892335154,1998.9038674074188,1171.343373009644
2021-10-26,1307.0659376835147,2717.5329079682388,1597.2235150876402,1662.4226867876819,1579.7482407672703,1578.5344364139655,2003.2946653719828,1171.0589851721115
2021-10-27,1281.455234040212,2723.8412230989525,1585.5159168877733,1638.2557824232833,1557.7605794493918,1571.5413805665366,2010.027454384101,1154.565208444201
2021-10-28,1306.2585916887951,2754.0899746579908,1600.4060580754024,1666.6635383298906,1567.8384962672528,1586.7050020276831,2033.1513951316579,1163.3808724832215
2021-10-29,1304.2972437340559,2767.6371590787176,1612.795800092426,1666.026698343311,1572.4191863897745,1589.9245052853287,2044.2740535758599,1159.9682184328303
2021-11-01,1334.5225321633934,2777.0987311658755,1609.6128902620624,1697.6132913197705,1570.8922481668178,1592.6595956735703,2042.8102221212184,1166.5088994130867
2021-11-02,1333.1379954481245,2788.711182489371,1618.8197224487221,1698.8852953982278,1576.6947379604003,1599.0986021888612,2052.4699776432594,1169.921433821981
2021-11-03,1362.2096613985204,2818.3153232189698,1626.5490960585605,1710.5449976051464,1586.466644401931,1608.861792016619,2067.983434052025,1175.6090709311363
2021-11-04,1358.7486990914274,2854.4418988483353,1644.8492226467713,1716.6925145492798,1588.9097455586616,1616.4434900668318,2092.863461852288,1170.4900898555497
2021-11-05,1387.935632419448,2857.166015657762,1645.8719798192549,1748.066771667056,1598.987413283827,1622.051929645538,2092.863461852288,1179.5902613735993
2021-11-08,1388.0511844078815,2853.294297941017,1647.9178610068234,1752.7304514424593,1600.8197391513747,1623.4366585946216,2093.449133714016,1181.2965883987947
2021-11-09,1386.0899313234117,2833.6544942242263,1649.1686108560282,1742.1309202237253,1597.1550874162792,1618.0704817907974,2083.2039384633667,1179.5902613735993
2021-11-10,1370.7464677426851,2792.008987176342,1633.2551622320134,1700.369132566958,1594.4068477076528,1605.053533875829,2056.567823610399,1176.4623540852308
2021-11-11,1381.3598894192137,2799.750396239778,1635.7562950878216,1715.2081746121394,1594.7123598985918,1605.5727649766002,2061.2506450399073,1175.0404148975676
2021-11-12,1378.2451087260724,2829.2108898477622,1653.1466520247557,1724.7482052005694,1604.4845154328182,1617.6896221726104,2084.9607219154327,1177.5996661523677
2021-11-15,1379.1679118389557,2828.565603561638,1653.8287958419126,1724.5357017524161,1606.0114536557744,1618.2437841851086,2083.7898424582154,1179.0213660570373
2021-11-16,1382.6287792757792,2848.707721899623,1660.5352288579668,1732.3795593134328,1613.951407868801,1624.6483105101142,2101.9373133794797,1177.3153979563317
2021-11-17,1367.6317819198136,2850.213089697608,1647.2360840322679,1714.360507072108,1603.5681034063489,1620.7016808867406,2100.4739461910785,1171.9117897602193
2021-11-18,1365.3244420916615,2879.7449565619436,1649.2819652198364,1713.3005036733937,1600.8197391513747,1626.206454533869,2120.085480700104,1167.3618236426912
2021-11-19,1349.28899476411,2895.801012261903,1653.0327473970453,1699.3091291682433,1592.8799094846963,1623.2982871120373,2129.7443076896648,1156.2716551108936
2021-11-22,1358.0565256040627,2862.1835330639988,1640.415929809804,1694.0091121746711,1591.3529712617399,1618.7283097348732,2108.0837341305096,1163.6649013962642
2021-11-23,1359.3256052011675,2849.1377626555536,1642.8029746166014,1700.369132566958,1601.1253758886614,1620.8749832810515,2101.059385919687,1172.4808047182778
2021-11-24,1355.0571071588156,2858.312941108395,1649.1686108560282,1702.9129731344024,1605.095166175653,1625.2021344815312,2109.2548457208463,1172.7650729143138
2021-11-26,1304.1818814861617,2804.1228525121187,1614.8416812799946,1630.4130979885576,1569.9759606866962,1588.9552288250784,2066.8125545948083,1145.7497836881741
2021-11-29,1301.0671007930205,2864.979473434232,1634.9604300642552,1663.4828577758665,1581.2751789902268,1608.4462268474256,2105.449719618011,1148.8776909765427
2021-11-30,1272.572246082095,2822.90234956482,1603.0207287163196,1622.1447362996446,1552.5691140376873,1577.1498201452428,2074.715990931023,1121.8621624674097
2021-12-01,1253.65274255719,2774.8771541298715,1580.6282894890699,1585.8946311372522,1540.9646326359132,1559.631967914042,2043.6883817141313,1113.0467377113825
2021-12-02,1288.607978020456,2794.8760756506986,1602.452489526873,1626.1725816252895,1563.2575570520353,1583.5198662799628,2063.007428491973,1137.502536399729
2021-12-03,1273.4952389355178,2746.276742033748,1587.7896073307625,1596.7063306251991,1551.9587123875478,1569.7409737678995,2034.3215781895149,1135.5121804614907
2021-12-06,1303.9511569903734,2768.282445364842,1599.9517235136661,1626.808583664518,1569.9759606866962,1588.3318810712883,2053.641089233596,1151.4373011558325
2021-12-07,1322.0634093908286,2851.646633934786,1637.6879048050787,1674.506055175146,1599.598437665705,1621.1865444775863,2108.669870258478,1166.5088994130867
2021-12-08,1327.3698830534186,2864.405560404459,1639.73451967785,1684.2580864433191,1599.598437665705,1625.479328168141,2121.2568244235613,1165.940004096525
2021-12-09,1305.9123152045736,2822.257738735381,1626.4355582734515,1658.6070097312502,1596.5443121270966,1614.5047117856104,2099.3028346007413,1162.5277089706237
2021-12-10,1306.0275825821977,2852.9367562025786,1639.620981892741,1663.4828577758665,1619.753274930645,1629.7024753959615,2122.4270074814185,1171.0589851721115
2021-12-13,1284.3604463076965,2811.7208396061683,1627.5036205071983,1621.5089018498861,1606.9272429505054,1615.2663183416246,2098.1317230104046,1165.0870798669205
2021-12-14,1277.0451895555423,2782.6192386499915,1614.281512627777,1609.8497024113778,1596.5443121270966,1604.1535558372314,2073.544182941326,1163.94952851679
2021-12-15,1293.649763630723,2846.055653803232,1646.6535379813697,1629.3524242319627,1621.2800886072537,1629.218062526557,2118.0369059162144,1173.3339682308758
2021-12-16,1271.5877772939393,2772.8699220151484,1626.021943240462,1600.5218400921608,1614.8674462562271,1614.8510912135123,2073.544182941326,1181.011961278269
2021-12-17,1274.722765354516,2759.036569112334,1607.4420991687439,1600.734175950844,1590.7421959725573,1597.6641812008368,2058.6166305274087,1165.0870798669205
2021-12-20,1257.0732901294125,2732.271823133018,1585.5564529952194,1571.3755173905918,1566.598388283078,1580.6757013028441,2034.6604925446966,1153.211345268131
2021-12-21,1293.7657899705046,2793.4215922562944,1615.42074232618,1636.8051279696435,1593.2544203522682,1608.7468580490004,2073.9525050993843,1170.6669199875957
2021-12-22,1308.860978055558,2827.441193333828,1628.9854811952355,1651.038501669694,1604.5912516528078,1624.8323175386643,2103.274168017488,1178.1070657396524
2021-12-23,1315.9439923876093,2848.757480542063,1640.0421171990577,1668.457918786813,1612.557609691549,1634.941999474684,2117.6418153459954,1184.6889033947557
2021-12-27,1335.5677179241245,2895.8395132929313,1667.398853928687,1695.6493103190535,1634.9240164528217,1658.0800100420738,2154.5878905900895,1196.7073702990463
2021-12-28,1331.6196916526496,2882.4184141200167,1663.1814479625975,1687.789364168902,1630.6346402375996,1656.7251413884994,2144.9123500158894,1200.1412008943441
2021-12-29,1337.4254675444065,2881.98792305963,1667.6273968693101,1687.789364168902,1634.3112484220756,1658.8443209267373,2145.7907417419224,1203.0029058526707
2021-12-30,1331.2714228927653,2873.374724568465,1663.1814479625975,1680.9912649016367,1630.328131675879,1654.2582302580347,2135.8220170371783,1201.858295654238
2021-12-31,1329.6459156925862,2855.4327938048013,1659.1922180945296,1678.654900098241,1630.328131675879,1650.0892822835713,2124.9730435414413,1201.858295654238
2022-01-03,1344.2764291968947,2882.9211790456675,1654.7466360304181,1701.5975633831756,1636.4563101687297,1659.6434500427679,2141.392515517519,1207.009101367933
2022-01-04,1354.9591061702674,2845.527671828019,1652.8089734102393,1718.3799729242453,1645.9544637379884,1659.0873724641426,2123.8000748861446,1219.3138703737027
2022-01-05,1320.2403822892384,2758.1098425409155,1613.0272777738596,1668.8825905041795,1618.991300375339,1627.2293668456743,2056.35820740305,1210.7292340647098
2022-01-06,1328.8330672222269,2756.1719573124883,1614.5093218831976,1683.3284676523833,1623.8941918993935,1625.7007450763472,2049.614508134293,1212.4458502586172
2022-01-07,1313.9700266870066,2726.315420935037,1599.349184540996,1672.7063118551785,1621.4427461373664,1619.2735699988991,2029.6756659260845,1214.4490078369965
2022-01-10,1308.6284510246464,2728.109884194077,1592.1676903562307,1662.934840208468,1621.1363621219932,1617.2583944333198,2032.3145552341027,1210.4430516047275
2022-01-11,1318.1502953785846,2769.0916424731217,1606.9862972366022,1695.0123027430038,1634.6180060764918,1631.9888725890487,2053.426830363848,1219.0275682722236
2022-01-12,1312.9250306668146,2780.0718663397306,1609.2660405825131,1698.410849608226,1638.6011228226885,1636.401210141999,2063.689435598496,1220.172298112153
2022-01-13,1311.763913436571,2710.5252700166247,1586.2406144466836,1677.805221484568,1623.2812993222997,1613.8539827042407,2012.962313420103,1217.882958073791
2022-01-14,1317.80212148897,2727.3918737382332,1583.3911645409207,1689.2762179480949,1620.5235940912473,1614.514402296606,2016.1880352554497,1216.1661025968904
2022-01-18,1283.5475029670677,2659.4954180958675,1555.1219068405048,1646.1522630779282,1585.9010794369683,1585.9214228013893,1968.9788905104676,1200.9996286327944
2022-01-19,1261.0210317900787,2630.285293765681,1540.8733733625866,1613.2252895191891,1563.5342990366528,1569.4542022506548,1946.6943431247857,1190.9843193068832
2022-01-20,1234.3143867917813,2596.1215952620764,1520.811852024132,1582.6345131743758,1544.5376182590924,1552.0832852094295,1921.4766777015013,1179.5382173225573
2022-01-21,1216.897059116511,2524.1343487848926,1495.735225483015,1539.5103907147388,1515.1241300515453,1521.6149664759025,1873.3887930308067,1164.3713844339713
2022-01-24,1245.8100071057834,2535.6900617468727,1505.7656193096407,1556.9299754213282,1523.0899899048957,1528.0767344239966,1883.9448145291192,1166.3750205783374
2022-01-25,1231.991962590755,2476.90866891241,1484.1080575234878,1546.5206582512174,1511.4470236816785,1509.4203598312095,1845.5329346988642,1162.368466138585
2022-01-26,1212.6008589554217,2473.0335739122415,1480.5747212982121,1545.0339720614945,1511.4470236816785,1505.6336236392578,1848.7584244010907,1154.3561947495568
2022-01-27,1188.1002323372904,2448.1283601859263,1474.0774802755611,1512.3186640035583,1499.191413974063,1498.1988607790202,1833.8042927449346,1152.353156812674
2022-01-28,1207.8398893433175,2524.9241828015442,1513.858717358689,1534.4121514432302,1541.7800375743877,1535.4073806312151,1896.260056877257,1170.3809768106066
2022-01-31,1233.733780741525,2605.667599434823,1543.8374615812622,1580.2978131920397,1562.0021298670922,1563.061958084934,1945.814558600033,1180.396525419511
2022-02-01,1241.8617910937687,2623.394734972749,1552.614537660474,1609.613568847933,1582.8369901905428,1573.623262905479,1960.1824380616606,1189.8397091084507
2022-02-02,1236.1723261526024,2644.710571876528,1573.8162058038351,1613.2252895191891,1596.6248936140667,1588.9093679183916,1982.4676818467026,1197.5657980374965
2022-02-03,1218.8708350765746,2537.4842998536847,1525.7134194416858,1571.1628463529682,1568.4365678289685,1551.562025862171,1909.4550837501477,1186.691821690142
2022-02-04,1218.8708350765746,2569.494417294213,1520.470596694253,1584.9713807461821,1570.5813804829272,1558.8578538380227,1933.4993162518952,1183.5439342718332
2022-02-07,1220.1484529979477,2548.8240918287865,1514.2008897950716,1595.1678592891994,1567.5172912365017,1553.854958516162,1917.6654000709864,1184.6889033947557
2022-02-08,1241.6297384142056,2577.4605282814277,1520.811852024132,1615.773822591798,1580.6923020829317,1566.639897569045,1936.138205559913,1192.9877161682562
2022-02-09,1255.7960516891176,2632.079531872493,1549.9925301675305,1660.3856367779786,1603.671975060341,1589.5695621500358,1971.3245956879416,1205.8643715280039
2022-02-10,1238.8429242432435,2572.508530173607,1516.0245560768897,1637.4426383141035,1574.8707566981493,1561.0119642879881,1928.2209573030589,1189.8397091084507
2022-02-11,1235.3593828119738,2490.9043565717825,1484.5641345875802,1602.178294415148,1550.0527796285016,1530.2307321936016,1872.8025408362782,1177.5348204611844
2022-02-14,1232.8048110611144,2493.9907433164403,1476.471311670483,1584.9713807461821,1537.797294467234,1525.227949552101,1873.0959570999423,1170.0949139921208
2022-02-15,1259.511550929681,2556.001269408263,1502.8020813548674,1630.0075314707888,1562.0021298670922,1549.8249454260845,1910.921352602549,1182.6858654578728
2022-02-16,1263.4597669416955,2555.3559831221387,1505.7656193096407,1642.328374137459,1564.4534510827716,1551.562025862171,1912.6809216520542,1185.261029031727
2022-02-17,1239.539461763012,2479.348868762031,1472.367718621453,1593.2563337926401,1531.0564724899848,1518.4184500117808,1858.1412451109863,1168.950064510695
2022-02-18,1232.6888795916022,2451.0710998089694,1463.1345654781487,1577.9609456202336,1521.864329297056,1508.5867505248932,1839.6684396220594,1164.3713844339713
2022-02-22,1215.387483385844,2426.4538557825676,1444.2126406806985,1551.8317361498196,1507.7701664045069,1492.3969490214895,1815.624323186872,1154.9287989525149
2022-02-23,1197.62169721015,2364.299457416903,1420.7316877446783,1516.1425529440276,1479.5819651657566,1465.9239378270338,1773.400469326742,1140.33445062539
2022-02-24,1217.8258390563824,2443.750500260107,1447.6325308315156,1570.738342225072,1496.7398436656879,1487.9848368292603,1827.0598970768172,1140.0482681654078
2022-02-25,1245.1130901049362,2481.6456466422655,1483.3105417082156,1608.7638902342599,1528.605275820653,1520.8158373598721,1858.4347774412106,1171.8118891105182
2022-02-28,1250.6866235765901,2489.038294904163,1480.4608166705018,1605.3650081900973,1521.25156126631,1516.9247591541807,1860.193998291036,1164.3713844339713
2022-03-01,1227.463235398754,2450.9276778395833,1460.8549138428882,1565.6401029535632,1485.709894565912,1493.8215668181579,1831.751539564885,1147.2022314574822
2022-03-02,1260.6729527707337,2492.0530832402424,1488.5534561662985,1601.3286158014748,1515.4301404278751,1521.3021657954034,1863.4196040598226,1168.950064510695
2022-03-03,1251.4994720469494,2456.4538141294056,1482.5122004970901,1570.5258387769186,1507.4639069354819,1513.7282426900588,1842.6006291271817,1170.6669199875957
2022-03-04,1234.662845292205,2420.85567077971,1468.8339238429255,1538.2358727942292,1486.9355551737517,1501.4299701137882,1819.1428809530828,1167.2332090337943
2022-03-07,1207.0270408729584,2331.571554672759,1425.4050790642102,1459.210063680647,1429.6393779183934,1457.1691245445884,1752.288542396677,1140.906695903858
2022-03-08,1210.5104874339586,2320.7343024710794,1414.9183330415408,1471.9565836015045,1423.8180816263064,1446.1212659277915,1741.146268703836,1131.4636318564148
2022-03-09,1237.2173221727949,2404.275910996874,1452.76190750449,1528.6762342377913,1471.3092231116423,1484.8927750592388,1806.2411542772966,1149.4918107788374
2022-03-10,1236.2884473626539,2377.5769094682028,1443.301036816415,1514.6558667543047,1461.8111940887313,1478.1876175326584,1792.7531754069817,1147.7745963774469
2022-03-11,1221.0773278080887,2328.2701475501353,1422.2134567220653,1482.5779014513582,1441.2824686879585,1459.3925334162059,1760.7919267814998,1138.903657966975
2022-03-14,1207.6077417934846,2283.556716240309,1408.3070956805293,1447.7390672171198,1445.5722185422237,1448.7269992622817,1734.9884734299271,1138.6177147899862
2022-03-15,1220.2645742079992,2355.184169456772,1438.741366703293,1491.5000296633361,1470.083811596498,1480.5848922003895,1787.475048591265,1153.7840691125855
2022-03-16,1250.8028396569111,2442.5304003352967,1469.8597991775205,1556.2928002558085,1507.4639069354819,1513.4157800506407,1842.8938132577262,1169.522309789163
2022-03-17,1266.2463913721183,2472.100543078432,1490.2636763736582,1584.5465414393454,1525.234553466159,1532.3497990514793,1867.5244140205618,1182.9719282763585
2022-03-18,1272.632678443862,2522.6994536343454,1512.7188456857339,1614.924311567595,1540.5543769665478,1549.1335387346064,1903.0044525453745,1186.119576411674
2022-03-21,1265.5494743712711,2515.685736572568,1509.4132270052282,1604.8540278956025,1536.3427176722982,1548.6804510053962,1900.5075126402287,1188.8212010474854
2022-03-22,1270.890955163362,2565.1257886097515,1524.6874523964407,1627.8476383794634,1556.0195460547172,1566.8022699683966,1932.5251696138675,1196.2946071356102
2022-03-23,1248.2481730357822,2528.2609388240007,1502.9159859825775,1594.4219185575507,1525.8890445233887,1546.6244851493482,1904.9136313907118,1182.785407183084
2022-03-24,1258.8198517936648,2584.4560080127176,1526.8312805585617,1629.3380115375294,1544.9513612261935,1569.9383897593384,1939.5750524678886,1195.1449719943184
2022-03-25,1266.1466827187162,2582.3001754273587,1531.632699945955,1625.292736906989,1552.9448703687362,1577.6054995227425,1941.3375231813936,1206.929539772662
2022-03-28,1262.192489879714,2622.255014393419,1542.492800026119,1633.8089634222574,1556.6346804660698,1588.8272239356522,1967.4804712209482,1207.2171579306041
2022-03-29,1292.197679283464,2667.3831761076563,1570.6153206860067,1674.8985497142432,1580.6158306254363,1608.4822845627568,1997.7360056807618,1219.2892242253934
2022-03-30,1267.8910623667668,2637.9199806729325,1559.7547620525906,1641.4733326607409,1563.398543517646,1598.5501868747438,1976.2927087219146,1216.4149569099186
2022-03-31,1254.6329421832115,2605.2240495451983,1539.0635553889683,1617.2021876459075,1534.4980617163271,1573.9464301791359,1944.8623485418443,1200.0316092834144
2022-04-01,1267.8910623667668,2600.26529687053,1541.1208086971778,1617.4153614519416,1536.0350881934485,1578.4073329674225,1946.0372903286611,1205.205027239976
2022-04-04,1262.774044632667,2653.801318243781,1554.4964402052522,1646.3701293891263,1544.3362268148412,1591.9289762166688,1979.5235374859008,1204.3428906151296
2022-04-05,1234.280707846056,2594.8758279832473,1533.918863037389,1601.4479395042233,1524.6593984324222,1571.8207151799938,1944.56893227818,1196.5821056520558
2022-04-06,1220.673939421538,2538.5380122818287,1519.7435146584342,1562.061229818457,1508.3642524830962,1556.10315706707,1903.7386896038947,1198.0191196682963
2022-04-07,1219.2782080144505,2544.5734429119207,1527.2886415717592,1562.4867394831742,1519.4324373116197,1563.9445833480286,1914.0198654881424,1203.4806343487865
2022-04-08,1212.3003099411712,2509.0027681340703,1521.0013262277143,1548.8612127913668,1522.5069884512532,1559.7626771321181,1894.3384589100003,1208.9416704632902
2022-04-11,1204.508424954296,2449.6461113564646,1495.051155742201,1525.6547636804123,1499.7557334755486,1533.1028419001018,1845.8715008543659,1198.0191196682963
2022-04-12,1211.6025391078967,2439.298114946742,1488.6493855065441,1520.971308347531,1491.4542212151127,1527.4225122514538,1837.0594954865196,1195.7199690272093
2022-04-13,1231.37312382183,2488.8820392577677,1505.797076062704,1550.7772632036201,1508.0567475505936,1544.9167016069684,1865.8459754964922,1204.6301498485818
2022-04-14,1222.8836577422203,2431.9689596132066,1488.9923833387795,1522.461513916127,1490.5320800566487,1525.6795724366261,1827.0719679990566,1200.0316092834144
2022-04-18,1218.4643159711252,2433.83704765088,1484.9908642435673,1526.9321306219144,1495.1439067660983,1526.3070893637514,1829.4219676392502,1198.0191196682963
2022-04-19,1242.0729723140091,2488.235176906046,1515.514278018452,1566.532181703185,1515.4356204671747,1550.9457769710864,1864.9649142395795,1213.2530714365018
2022-04-20,1250.7953449056085,2451.9453659112096,1514.82791551138,1558.0156200089762,1523.7367590885674,1549.795535852017,1848.5153810244637,1222.1636111823645
2022-04-21,1231.0242858403276,2401.212264627268,1489.1067465197414,1508.6229810077557,1500.3703697015103,1526.6205661264132,1814.4412567408556,1208.9416704632902
2022-04-22,1200.6704481956147,2338.3342270000526,1449.5526767174813,1465.1904939230383,1459.1716833416583,1484.7314167831312,1760.6866544115856,1177.324131785587
2022-04-25,1203.8105592507525,2368.371785769006,1461.5558583433626,1483.7131525221712,1468.0880809207513,1493.3392948756014,1779.779835663679,1179.0488836012664
2022-04-26,1168.8045681932242,2278.9780205269035,1424.5168614157612,1427.081151178774,1430.2713260866872,1450.0911077054097,1713.394057809968,1155.1917709621473
2022-04-27,1164.2689154715385,2276.2475994550864,1423.1448700868198,1428.7845305534038,1441.032130529056,1454.168221186139,1717.506412097107,1158.353297511074
2022-04-28,1187.41223314179,2357.0905333732453,1463.3849355535506,1480.5195675789455,1475.466953837332,1490.8997650727165,1777.4296038903653,1175.8867588448566
2022-04-29,1156.244029102404,2251.024470782502,1411.5990494741357,1431.5519354740318,1425.3517453520392,1435.80244924285,1699.294292101926,1141.1078132597236
2022-05-02,1164.7339695333617,2288.607331024097,1424.0594086919136,1459.8683551194058,1432.1161065890062,1444.4455962881286,1720.737821193893,1141.1078132597236
2022-05-03,1177.178007933052,2291.050683004913,1427.8318345826005,1477.7519950688475,1443.798803097144,1451.0668069462033,1726.612414061417,1147.1438464071177
2022-05-04,1207.0667915159415,2368.5158831950766,1472.9875909070356,1530.7643990358913,1488.3800437145226,1495.255987806182,1784.7732512077305,1179.0488836012664
2022-05-05,1163.9198877494969,2249.227530848951,1413.9996674571819,1460.5068710006867,1436.4201792732583,1442.1106338597046,1698.7073435080372,1150.5927518309934
2022-05-06,1151.4759442200761,2222.280186412536,1398.337964568324,1433.042308632098,1424.122348353768,1433.5026430868743,1684.3136972700913,1147.718723798512
2022-05-09,1119.0285094647325,2135.3293228467933,1357.0691807368382,1349.7978535811021,1382.3084030362159,1387.6056786845154,1618.2220320794045,1118.113076528444
2022-05-10,1112.1668274717738,2161.2709122796787,1359.0127128386382,1359.1655183994803,1380.1563666940897,1390.811998339993,1632.9089785144547,1114.3767922296197
2022-05-11,1093.2102296714359,2097.170973509827,1335.6917949874444,1317.6495007006915,1359.864528446666,1368.7170698689224,1586.49779136943,1108.0527819997933
2022-05-12,1107.1657412071863,2092.2131214440724,1341.5218410289422,1323.8237481653143,1360.1720333791684,1367.2882828989186,1581.2106113620341,1110.3521719238736
2022-05-13,1133.4495494136543,2169.749920042815,1374.3312344739602,1388.3329573742885,1387.8426199968253,1399.977531536134,1632.9089785144547,1127.5983740242038
2022-05-16,1130.0770061978749,2144.599065235494,1369.6440865568788,1367.2559000710914,1383.53817367353,1394.296863846405,1617.6342710195959,1129.0353880404446
2022-05-17,1163.8035767989063,2200.147046920261,1395.137262871796,1413.4557920764369,1413.9761801373609,1422.978072063823,1657.2893397739442,1146.8561086076793
2022-05-18,1127.7509769266017,2092.1410727310367,1330.8903756000511,1351.9268264151842,1362.6315746537969,1365.615430268266,1579.4481406485288,1109.777414173976
2022-05-19,1122.052404439549,2080.9307432871706,1319.0010986018801,1360.6558077628113,1353.1004163023945,1357.2518431971655,1570.929435477787,1101.441991102501
2022-05-20,1117.6328729279148,2074.463470683322,1325.8605966933358,1361.5076650395963,1354.3301869397087,1357.843978491122,1568.5793197710332,1102.8790051187418
2022-05-23,1129.3791404943313,2108.9561165923797,1347.5807051430143,1369.3846215209683,1391.2245515226134,1383.2495686314103,1600.0100281507835,1122.7119760181013
2022-05-24,1116.7026699339988,2064.115699425828,1335.1201625039357,1321.4819367041387,1380.1563666940897,1372.690292057353,1570.3420226176584,1125.8736222085247
2022-05-25,1139.8461773447898,2093.003630917409,1349.9812314154099,1355.3333337802385,1394.606732141097,1384.817853887602,1588.260146016375,1133.9216664050507
2022-05-26,1163.8035767989063,2150.9947394307633,1384.3911591299925,1412.1782575454645,1425.6594993772371,1412.488319272139,1628.5028597639719,1150.0181137225925
2022-05-27,1190.9013719189695,2221.2023826959708,1421.5446109492061,1462.8487662565976,1457.9422863433872,1447.163671941948,1683.4327520797387,1169.5633468225133
2022-05-31,1177.8756838960564,2215.3101488830366,1409.1982480697889,1451.1394575665138,1448.4110034456369,1439.0435871296943,1676.970282085846,1159.7907900933012
2022-06-01,1174.6194516308674,2198.925596082081,1392.6220982864875,1428.7845305534038,1431.1934672451512,1427.403818579662,1664.9268676212134,1150.0181137225925
2022-06-02,1197.5302422702075,2259.14458589383,1425.545763201817,1485.4160291283906,1455.7896272695225,1454.5866033643426,1708.107109935692,1164.6769488164107
2022-06-03,1186.365624327014,2200.362967907139,1403.482290077302,1451.3516258357267,1437.0353136846109,1430.7147056096003,1666.6893383347187,1154.0420161793588
2022-06-06,1193.9251720235166,2207.6923483929027,1406.568903724819,1460.7190392699,1440.7247501429013,1435.0707029823448,1674.3264019157482,1156.0542665114838
2022-06-07,1206.833885003951,2226.7350484004114,1421.087249936009,1476.9001377920624,1454.2524762460534,1448.8362992118798,1689.307228880703,1166.976578023484
2022-06-08,1186.714557178786,2210.7107391646337,1405.3114589981399,1455.184229428644,1437.3428186171134,1433.084486269391,1674.032753518964,1153.1798795545126
2022-06-09,1164.6921317444462,2151.4977295086424,1372.182729068672,1413.242618270403,1398.9110539180444,1399.0014942542593,1630.2654465440369,1128.4607499320437
2022-06-10,1135.2976222664317,2075.6133231129234,1330.65688028431,1351.5009815715266,1350.6407504814183,1358.4365645065202,1570.6356710144426,1103.741141743588
2022-06-13,1085.1406594052962,1979.1051977630225,1276.7424817213796,1262.9339687432232,1298.9888891580474,1306.8591577751533,1503.0751835070346,1066.0875699184905
2022-06-14,1081.7580599409337,1982.6977267167547,1273.300947857084,1263.9984132628965,1295.6067085395641,1302.9210918591707,1505.131302617324,1058.0396453634612
2022-06-15,1092.1395238081686,2032.209602314745,1290.6225218062707,1293.5917808760973,1309.442064121566,1321.4959985513813,1539.2054269009323,1065.8004303265352
2022-06-16,1038.483081310462,1950.2170411192137,1245.4259542424384,1216.7343281220828,1265.1689511684285,1277.7599054206128,1482.5135281379,1035.9071648985248
2022-06-17,1044.898588425258,1973.930974405933,1245.9998794922055,1238.450068896031,1267.0134825780522,1280.5141514701238,1493.3817686825957,1032.745399066605
2022-06-21,1061.2287976806117,2023.7323957694346,1272.6129345583063,1259.968640658345,1297.6315830606754,1312.7492982548854,1533.169037248777,1056.2299480851618
2022-06-22,1059.0124384410537,2020.7797494483489,1270.433247531906,1256.3430100610663,1287.436094490574,1310.3693763626577,1532.8742281863927,1053.0488003307848
2022-06-23,1067.060947507331,2050.875397492187,1288.7871165612103,1275.323690682126,1290.5254666455849,1323.214486728,1557.906767446487,1057.676294138141
2022-06-24,1099.6044858458301,2121.145858229072,1331.3451687150393,1334.8244047808582,1332.5440416124293,1365.2847134104616,1611.5057245188054,1086.5981902548651
2022-06-27,1108.7029241863215,2105.594143520361,1325.609676354032,1324.3744471642353,1330.9994178080976,1360.0695282895877,1600.6093958665913,1086.8873637522636
2022-06-28,1092.2559296290287,2041.4437706513845,1291.884276933515,1289.3990275118226,1311.8438158908561,1332.2793963622948,1553.1949293769803,1074.4511087416777
2022-06-29,1082.4578230498705,2043.3152359724813,1289.4755884132398,1267.0064766626635,1307.8273207234722,1331.1945098522638,1557.0233848583744,1069.8230167268384
2022-06-30,1077.9088884904338,2017.9718760100188,1281.675047338745,1249.94503065379,1297.6315830606754,1320.3795615404351,1539.6478726276284,1064.906588705077
2022-07-01,1088.056686883521,2031.2918818324554,1288.4431099118212,1260.181730669644,1306.5914473151201,1334.344489327536,1550.5444334129627,1078.2107231323484
2022-07-05,1088.8733301646664,2066.0670937879486,1297.1611243322204,1280.0154416937798,1301.9568286240387,1336.8648109488352,1572.6316676466554,1068.3775081643357
2022-07-06,1076.6257680934207,2079.3148257451217,1304.2731018440354,1272.9776894841964,1307.5181966884495,1341.379236908317,1583.2337675692854,1068.6668013032308
2022-07-07,1095.6387188339306,2123.8103096980158,1326.8715231919268,1313.0715429392712,1326.0557996283414,1361.4696944480468,1614.7454904079113,1079.6570691853276
2022-07-08,1093.4223595943727,2126.4745360147313,1325.2654862833424,1308.5929657336515,1325.437925197339,1360.349989706649,1616.5123716506962,1077.3434419231462
2022-07-11,1078.6085567291009,2081.0433194012885,1309.8939558921295,1275.750038294194,1313.6975637302105,1344.8095651202902,1588.5349916304403,1070.9803089239156
2022-07-12,1076.9757445181585,2060.8834140372733,1297.1611243322204,1266.7929676776891,1302.8838270900637,1332.9095049377097,1566.1529483343636,1066.063641619161
2022-07-13,1074.1763126013334,2056.6350166426896,1291.5400868628253,1264.0206188676918,1298.2494574916777,1325.9094629079352,1561.1460690693527,1059.7009871859173
2022-07-14,1064.2614207202362,2063.9797074799735,1291.0814419005237,1256.3430100610663,1295.1597116976232,1322.689508928848,1564.3858349584586,1051.8918670581975
2022-07-15,1086.4237798023094,2101.4184702954976,1313.2207597328618,1291.318262124009,1319.8766816792759,1347.959657275923,1593.5414066292112,1072.1374814794963
2022-07-18,1086.3071842409097,2083.6350467005122,1303.5848134133062,1294.5173775197495,1311.5346918558334,1336.8295419960266,1579.110967291747,1064.906588705077
2022-07-19,1124.683157016937,2147.7133708564534,1341.4400351288475,1348.8999092000251,1348.6100222819643,1372.9496822470176,1627.4085842363504,1090.0689900726272
2022-07-20,1141.013366272291,2181.768545986048,1355.2053451901752,1383.2353884606605,1356.3341376744045,1381.6994249132447,1648.907709210555,1089.2008713729483
2022-07-21,1143.579417325778,2213.088571847033,1366.3323232628009,1398.3775998573478,1364.9848778938267,1395.769708837329,1676.5903962349864,1094.4070710995916
2022-07-22,1133.5481196238204,2174.2811086360625,1349.9284977914701,1370.6529386310822,1352.317517960673,1382.8196930564447,1648.907709210555,1091.225444779228
2022-07-25,1140.0801274297464,2161.8975109308594,1347.8637242099335,1366.1746128096677,1355.716014150707,1384.4996445498032,1642.7227543616073,1097.8775119928637
2022-07-26,1134.0145967396884,2119.418490334046,1329.395125157066,1335.6775189786695,1342.7396547288786,1368.1196385980265,1611.5057245188054,1092.382497693312
2022-07-27,1159.6763405880629,2208.9842718785203,1363.235162890496,1395.178400666872,1371.7819948202418,1403.6448265460506,1675.707129713434,1107.1326192490726
2022-07-28,1175.4233822958795,2230.5838005898763,1384.9156523392314,1427.1682977032533,1387.847975489777,1421.2497806958484,1699.5614773230316,1118.990646906358
2022-07-29,1184.9880131414297,2271.2627291219433,1399.7135326126283,1446.3619845408768,1405.4588290563393,1441.9700087699125,1736.0798472935483,1127.3781140288747
2022-08-01,1188.6042780799396,2269.8951544876386,1396.15726872477,1449.1342495561394,1400.2063359342555,1437.6998738318005,1729.6004315818966,1124.7749543448049
2022-08-02,1178.2229090829746,2263.1268533546386,1384.342185642716,1449.9874475486856,1388.465974467127,1428.2148918138957,1718.9985637923867,1116.966193141575
2022-08-03,1189.537611792754,2324.757772789655,1402.237042867117,1474.2996519837063,1404.8408300789895,1450.5800277892304,1759.0505801819133,1125.9321269003856
2022-08-04,1179.2725537463796,2335.6294732822544,1405.5638467078488,1480.2711999841795,1402.369083262285,1449.5998213340206,1766.1185694192934,1120.1475801789454
2022-08-05,1185.338179306707,2316.549848309315,1403.1549747662732,1477.9251149915149,1405.149455928621,1447.1499249379779,1756.400084217896,1121.883099729323
2022-08-08,1193.0368068185162,2309.0619606548735,1402.3518646013306,1480.4847089691539,1402.9868331469393,1445.469860764259,1750.8047474937168,1123.3289672163157
2022-08-09,1176.4730269592844,2282.9262900012486,1388.8157394551781,1445.7219603543647,1395.8808412781966,1439.7300358853145,1736.0798472935483,1123.3289672163157
2022-08-10,1201.7846995126515,2346.6454963531532,1423.6882556900268,1499.4652220007433,1423.9960583571876,1469.9700642086498,1784.0831194420077,1140.1037818198524
2022-08-11,1209.9502784916765,2333.3252653784884,1418.9850584091375,1502.6638346280738,1428.012678070919,1469.9700642086498,1776.4259763460993,1145.0203294831103
2022-08-12,1231.5292802856734,2378.7571574486155,1442.9598731971864,1538.0656018925545,1449.3307782234945,1494.855071083842,1811.7659225329994,1161.2169167333468
2022-08-15,1236.7782625648556,2397.9804295431695,1448.3512671981546,1540.411686885219,1451.4937746442195,1501.0148556660358,1821.778984663661,1164.3983037707171
2022-08-16,1242.260530837107,2392.364232362053,1450.8748691632934,1539.558824071613,1452.7295235062238,1503.9550243102244,1820.8956020755486,1169.314851433975
2022-08-17,1225.3470591639464,2365.0766829087734,1438.4861359634235,1509.701586837657,1443.4607843094518,1493.280137686386,1807.0539683969328,1161.7955030111373
2022-08-18,1235.9617141539802,2370.764703650697,1445.3688368494127,1517.5923694503165,1454.5832713455782,1497.6201344479525,1810.5879630156228,1165.8445301821996
2022-08-19,1213.5659742085686,2324.5423021072334,1422.885328946385,1473.020106379092,1435.736544370664,1477.4950840375761,1777.603935863476,1156.0107170067035
2022-08-22,1186.6212048334503,2263.3432246459734,1394.2073168774468,1423.969517486453,1407.621327291673,1446.7298525543679,1732.8398492713225,1136.6332212850837
2022-08-23,1185.8047512928447,2261.4710838681917,1389.8482179565967,1430.7935931215918,1408.8569516073298,1443.229887879661,1729.0113937899284,1134.0301812425105
2022-08-24,1189.071134676886,2268.023013709857,1394.0926785645338,1446.788499742415,1411.946697401384,1447.8498953368473,1733.4291191964107,1138.3686211939646
2022-08-25,1211.5831855728884,2308.12555253764,1418.526230025535,1483.46998020098,1432.647047669305,1468.2901127152913,1761.701076145931,1151.3833428408443
2022-08-26,1173.2071179265913,2213.519963516333,1365.873311457898,1416.2919086798274,1386.9212261164475,1418.5896227472801,1691.3155285682749,1120.1475801789454
2022-08-29,1162.2424865118194,2191.704513818099,1352.6815598037356,1402.4291590930193,1377.3432383383051,1409.2097715056384,1673.645671541385,1116.3877265052815
2022-08-30,1144.6292517297222,2167.2968865161847,1338.9161580317573,1388.9935950656297,1360.6593832377678,1393.7396594641757,1655.0920837267022,1103.3731244998985
2022-08-31,1133.7814056168893,2154.6971426718746,1327.7890882484817,1375.1314320419672,1352.317517960673,1383.1346346637918,1643.0176794905517,1095.564004372179
2022-09-01,1120.250533408091,2155.633550789108,1330.5422419713975,1367.6671646308457,1353.5533913690253,1387.4747441057186,1647.1405958346497,1099.3238580458428
2022-09-02,1111.9689280892844,2125.178334636777,1317.1209385594586,1358.710177809076,1341.194906378199,1372.8444387903944,1625.6418190601255,1090.6473370674241
2022-09-06,1097.62169721015,2109.9143644757514,1315.8592751428644,1351.8855994055266,1337.1782866644676,1367.6646353026892,1619.1629836812738,1086.5981902548651
2022-09-07,1116.6350274317385,2152.537257346408,1339.260348102447,1391.5531052485335,1355.0981397197047,1392.2347005705344,1650.0852044616913,1104.8189919868912
2022-09-08,1121.6506288475823,2163.697152691149,1349.4696694078675,1414.3721712992306,1364.0580039741494,1401.3348791576377,1660.9817652470256,1111.47129848352
2022-09-09,1143.2296306415792,2211.0005100823732,1372.9857475229642,1444.8687623618182,1387.847975489777,1423.1048374692848,1693.6715636695883,1125.3534209810985
2022-09-12,1157.1101946643064,2237.279377553156,1381.3595718726738,1461.2903517736497,1400.8243349116053,1438.3999569110301,1714.8754153151683,1135.1871145150976
2022-09-13,1112.7853816298903,2114.5946038440916,1318.6121537338295,1386.6480128413755,1343.0490278565967,1375.8548072991182,1625.6418190601255,1095.2748308747803
2022-09-14,1113.2519536160278,2131.3704712177214,1320.1033689082003,1396.4577786820162,1348.6100222819643,1381.1046979709986,1633.298962156034,1098.1670444147521
2022-09-15,1103.6871330299382,2095.874997284101,1301.52013154242,1386.0080724495983,1330.3814188307476,1365.4245497377308,1608.2660746962597,1090.358043928529
2022-09-16,1095.9886952586685,2083.0588821484566,1291.6548168863883,1368.9470454144002,1321.4215545763032,1355.0078138195927,1595.8972095974045,1081.6814033086139
2022-09-19,1108.4694484527133,2099.280649888398,1300.373198149389,1383.2728447072395,1330.331475745315,1365.5159335100236,1609.0056508165399,1089.0133931477008
2022-09-20,1094.822170423055,2082.5471111336765,1282.0191456987843,1356.5851433275425,1317.6027144627392,1349.841870016218,1593.358253597541,1075.3387290053101
2022-09-21,1082.1078466251324,2045.256948788788,1261.6005947985939,1327.1220765273854,1296.801855292214,1326.2955058227012,1565.3115818409688,1058.1729259907272
2022-09-22,1059.2456295638528,2020.0840290631,1248.982218130297,1288.2648657725656,1287.48803031757,1315.1547985889263,1549.9595740171542,1050.3176242453014
2022-09-23,1036.3834125025733,1987.1937915623978,1230.7429874139052,1260.5098708522025,1262.650997656723,1293.1198160695942,1525.4551376050313,1031.1150443917809
2022-09-26,1020.4970063686412,1978.971007034994,1217.139913493012,1244.4971997475432,1249.6113686902563,1280.3271020718425,1516.0077838877794,1017.149771054032
2022-09-27,1021.3176342011117,1979.7646686395256,1215.4105257597332,1253.6775833330262,1244.9543316565866,1277.0589208984998,1516.0077838877794,1012.2035522996052
2022-09-28,1049.104472089641,2019.1467203369539,1244.3461530454492,1290.3999556223082,1269.481119365282,1302.1866412700158,1544.6454665678398,1032.569884991022
2022-09-29,1028.235005042355,1960.9396908367207,1218.7536540962242,1252.3966132179157,1249.6113686902563,1274.9851515455068,1505.0841795939666,1016.2765077699974
2022-09-30,1022.2557114274086,1927.6880840097,1198.2337629274186,1225.2821452524752,1233.7780405982485,1255.2698069255828,1479.1041890046433,1003.4751667323898
2022-10-03,1048.0493249505962,1972.9123857253937,1231.549949426162,1261.3639067920997,1270.4122278607813,1288.410340406242,1514.2364921157146,1030.5331081520844
2022-10-04,1087.912578943923,2034.9422749088444,1267.1718333848594,1326.0544478077788,1307.978769082291,1328.3337808621648,1562.3590806878476,1061.6644237874095
2022-10-05,1080.994923491871,2033.8608687566273,1267.4023022491397,1323.2789985925835,1309.8412351659852,1325.2409303296204,1561.4732607019753,1058.1729259907272
2022-10-06,1075.250149183499,2017.8482674367174,1256.56577180611,1317.941273968227,1302.0796313228834,1311.570210963551,1548.7785967692178,1044.7894692511782
2022-10-07,1048.6357180873015,1940.9599072552942,1221.2899121311088,1270.5442065828474,1271.6543285865191,1274.9851515455068,1493.2751035139615,1024.714343962603
2022-10-10,1048.7526931297796,1921.557864291521,1214.1425343082665,1241.935008133117,1257.6833420318578,1265.2503571685725,1477.6280544946428,1019.1860693269831
2022-10-11,1051.4496651553832,1895.1585403786316,1207.110161640938,1218.6635343077432,1244.0230986147394,1257.2376567397898,1460.5048709653233,1016.5673562483489
2022-10-12,1044.5319148330616,1894.5096516568558,1202.383944986816,1219.5174864529051,1241.8502630325454,1253.0906814356065,1459.0286203887626,1012.2035522996052
2022-10-13,1071.263890193355,1938.9405169202462,1227.6301445203942,1239.373067902896,1278.4845748414261,1286.1609023713695,1494.7512380239623,1040.1342186165998
2022-10-14,1046.6423988516904,1880.6612135547493,1196.8501243458852,1200.7295337225207,1247.1276654241715,1256.8511631035822,1450.762011786327,1022.3867186453136
2022-10-17,1075.601738402821,1942.7633766034637,1228.3221930877867,1238.0922653772557,1272.5859352674092,1289.1485094472905,1499.7703042777723,1041.8800273356892
2022-10-18,1088.1468136396884,1958.1264137449132,1242.3863881585407,1258.1612720174858,1285.9356846396802,1304.2954542150962,1514.5317654443388,1055.5543325535898
2022-10-19,1071.967353242808,1950.9857108264112,1232.2418145722538,1243.0026368527233,1282.5207483317483,1295.0525096113531,1503.0179626929578,1048.571815526212
2022-10-20,1056.2565519779978,1941.0321811205579,1222.558270425177,1237.2378942584185,1274.138031852604,1284.1930525571624,1491.7989690039608,1039.5522823769033
2022-10-21,1081.4641518455587,1986.5446776883937,1253.568484332015,1273.5334161672222,1303.632101547121,1315.4008924960626,1529.5884999395294,1063.7010809848505
2022-10-24,1090.8435959247527,2008.3995290265689,1268.9010376968374,1282.713799752705,1318.2235780060864,1331.4968312592448,1548.1878179788494,1075.9207848865033
2022-10-25,1116.5202344054624,2049.9450684851163,1296.2226492473903,1321.5710943022598,1336.8516015944174,1352.7589391865222,1579.1873390882229,1089.0133931477008
2022-10-26,1121.2098615747896,2004.6493935130716,1290.68901202776,1317.941273968227,1337.78308372896,1342.5670005874026,1545.2358971585281,1095.7051813382236
2022-10-27,1124.8446262158811,1968.1519921638019,1279.5066407223349,1310.2554532775641,1325.9854309418836,1335.3975999759314,1521.912554060902,1098.6145036122161
2022-10-28,1148.293426154405,2028.3793126079956,1309.825998300235,1342.707562072626,1359.5151759413322,1367.1679402740003,1561.1782195064711,1123.0541506985148
2022-10-31,1148.0590017181005,2004.7932657869144,1297.6060126969728,1331.8191066073489,1348.9596238799936,1357.2921827661924,1545.8262116826563,1117.8167245412467
2022-11-01,1152.631369234141,1984.308916062011,1297.144891547112,1337.797023007688,1353.306042322468,1351.3529136493214,1529.2933426774653,1119.2719240649778
2022-11-02,1113.8235469906676,1916.2922291297675,1260.9466061510884,1292.535045472051,1321.949381997909,1317.4391675355262,1478.2186011518909,1099.7786153746024
2022-11-03,1107.492189805051,1878.8576316304654,1249.418485693918,1279.511332567561,1306.4262988580533,1303.8736916260802,1451.6478317721994,1095.9957905335818
2022-11-04,1124.8446262158811,1909.07947749823,1269.708091419744,1304.27745308249,1330.0212307931629,1322.6402676113487,1472.9044937025767,1110.8343271553656
2022-11-07,1135.8654208302855,1930.06839336661,1284.3488713491251,1313.6714294476822,1348.9596238799936,1335.2921311585874,1488.5514266553355,1119.562533260336
2022-11-08,1137.5069611060355,1944.1338782167359,1291.9571869005276,1331.3920886374003,1357.9628302634424,1342.4966880425065,1496.522877995707,1125.9633533310107
2022-11-09,1111.126859575873,1899.2700452184476,1265.2118850766503,1295.7373450677246,1329.7108612946631,1314.8385048172545,1461.6856160801399,1105.8881084009388
2022-11-10,1176.5493975263525,2039.4146987705226,1346.8312457085146,1410.8145820268337,1398.633440108993,1387.094560569694,1569.7398693044108,1148.65755062271
2022-11-11,1182.9979194949867,2076.9930559675527,1366.083053715203,1451.1659367027978,1411.3626995769596,1400.5192987089872,1595.720092026854,1152.439896897744
2022-11-14,1171.3906368736073,2058.8165165820674,1354.9008658310786,1429.3886905933036,1402.048750055968,1388.6053788420766,1579.482496350287,1145.166052826028
2022-11-15,1186.5151398719822,2087.308180151953,1370.1179554871353,1458.8522601618713,1416.640475607629,1400.4489861640911,1596.9011853413506,1151.8579606580474
2022-11-16,1166.9354341405842,2058.8165165820674,1350.7508671929818,1418.7135765235307,1399.8754162883831,1389.7654231525012,1581.2541363220319,1146.039196468566
2022-11-17,1162.2455223604481,2054.272719464039,1348.3300728668632,1406.3308933423743,1401.427761966273,1385.5129790309734,1574.4635461630369,1142.8385471502352
2022-11-18,1170.2182300812754,2054.3449933293023,1353.4023138046814,1406.3308933423743,1406.70566254329,1391.8038108723251,1576.2350700682216,1152.148809136399
2022-11-21,1166.4664903977057,2033.2117548826232,1346.0241919856078,1390.3184736219202,1402.9798585514673,1386.742885164853,1560.883062244407,1154.4763148121915
2022-11-22,1180.6529161697838,2062.4952788392143,1368.0429103127617,1415.297935532353,1425.022942994078,1405.4039923327775,1583.6157426182249,1168.7324366282921
2022-11-23,1182.0600320092287,2083.195774703224,1376.8043038707672,1429.8160437421925,1430.611213069595,1414.2607813413942,1599.2630237706637,1172.5150221863191
2022-11-25,1184.6392700301972,2069.4921094838733,1374.2681375465327,1426.614079325459,1429.6798554814,1413.9440368482808,1593.358253597541,1175.715551863153
2022-11-28,1161.77638887703,2039.1258284616958,1355.5924558452195,1397.3640187418657,1403.9112161396622,1391.3821609636695,1566.1971696937212,1158.8405973269219
2022-11-29,1165.9973569142874,2023.6909677594392,1354.7855855436135,1399.7122823976422,1402.9798585514673,1388.9923231997257,1555.5687226619727,1162.0408877207624
2022-11-30,1194.018714109391,2115.942365082312,1397.6703110339192,1457.784715237,1444.8924445764083,1432.746219827439,1623.1767974589777,1184.4437579681237
2022-12-01,1192.6117880104853,2118.5388205783283,1397.324286750223,1461.6275417875963,1443.0293557609755,1431.6920950557997,1625.8336770837952,1182.9892762933725
2022-12-02,1197.4188645736388,2110.09966475959,1396.8630738897118,1455.0090984323347,1440.2355320890863,1430.0398629311023,1621.1100002251692,1183.2802444132208
2022-12-05,1164.0042274192156,2074.685245628135,1373.922204973487,1419.5682828213085,1413.8462782966967,1404.3148239690508,1589.5202806582274,1163.786696439852
2022-12-06,1152.866173151524,2031.6967055388236,1351.5575540732873,1391.3856833678512,1390.2507236298486,1384.0716845409645,1559.1116544057822,1152.148809136399
2022-12-07,1148.0590017181005,2023.4016471461562,1349.8284414719596,1385.1939228035974,1388.3882575461541,1381.7173410905498,1552.6165697085314,1150.9852955814958
2022-12-08,1153.4520919368808,2047.3486129890996,1361.241465062965,1405.263432212238,1398.633440108993,1392.5416418722923,1570.330299895099,1156.803940129481
2022-12-09,1141.1415360065876,2034.2933861870683,1348.5603583098425,1394.1612163777816,1389.6302337255443,1382.1392163599264,1559.4068116678463,1148.65755062271
2022-12-12,1153.4520919368808,2059.8263243257056,1371.0401977868569,1417.2193488076512,1409.8104784454174,1402.0657239752597,1579.7777696789112,1165.2414173975965
2022-12-13,1157.36112652753,2081.970271124936,1382.9740461610886,1437.5020320223257,1420.9867695037556,1412.679312483035,1598.9678665085994,1169.896668032175
2022-12-14,1148.5307915690687,2066.5345098137664,1377.4182149640785,1424.9055046772546,1412.9146716158064,1403.6469674728985,1588.0443782813468,1163.786696439852
2022-12-15,1120.8622569067927,1997.1475464204793,1341.7674421505267,1379.002665007754,1379.6954206612054,1369.3116841308079,1538.7406963947174,1141.9656427906905
2022-12-16,1110.6191138927074,1978.1059721741115,1326.1411395726964,1360.0012032923958,1369.4501135520188,1353.1450947816486,1517.188877202276,1130.618364682596
2022-12-19,1102.7309355821383,1950.3066517060515,1311.903703083468,1335.87577732186,1359.3058135308272,1341.6710790417796,1504.4593933015203,1120.8996466268754
2022-12-20,1106.3806897258344,1948.7882250788286,1313.9872773483223,1334.5925447489024,1363.9877598340395,1343.5068674735858,1503.8673377789921,1123.8270347668617
2022-12-21,1123.5703287539454,1977.0578885516734,1337.4843713588007,1363.4658642035931,1383.3397713416239,1363.5958601686307,1526.0700582398786,1141.0987205059782
2022-12-22,1109.6772418556245,1928.6886605119805,1316.881206919495,1327.9623701307298,1363.0515449382838,1344.1424973866608,1499.4266311936308,1128.5109993606359
2022-12-23,1116.9770347538258,1933.025993036717,1324.6364429327266,1330.7428470300297,1372.7273015993806,1351.8743983573006,1506.827499325073,1135.5367069683036
2022-12-27,1116.3882698603795,1905.69724072567,1320.4693861136686,1315.5572299605728,1372.4154375447083,1346.5432651455644,1495.5782122639177,1135.5367069683036
2022-12-28,1095.1956746746662,1880.5362540680785,1302.8755232436517,1293.742024836089,1354.9361049213305,1329.808541419216,1476.9279410047604,1122.948746539968
2022-12-29,1119.3318097168028,1926.3749962146283,1325.678184209829,1336.303465649689,1375.8488067121016,1353.745455741915,1502.3870248728317,1142.562175292978
2022-12-30,1114.2691526472126,1925.2179389137239,1319.0805200250663,1333.095384217295,1373.3516524404638,1350.1796857367285,1500.019034915839,1138.4642147497866
2023-01-03,1112.6207817120478,1912.20391496946,1315.3762351475748,1329.459530662337,1362.1149564034852,1344.4955249558263,1481.9604709795299,1144.318991029759
2023-01-04,1126.0426479810183,1921.313799276113,1326.0252173106785,1367.1018015532864,1371.7912112499728,1354.875527076471,1485.8090059758028,1158.370645528088
2023-01-05,1116.2706307260137,1891.2366137149904,1310.6308509675334,1347.8527263957774,1363.3637826319994,1339.4116124548307,1468.638815489686,1146.07544784205
2023-01-06,1142.526167592126,1943.4377075270304,1344.3136049356472,1384.6397882205383,1400.8189794186537,1370.1270392187375,1500.9068280332312,1172.421941101927
2023-01-09,1142.408338717221,1956.0178631274837,1343.2718636585453,1403.460923666013,1398.009711999648,1369.3503334944287,1500.9068280332312,1172.421941101927
2023-01-10,1157.1255636479896,1972.5744322308117,1352.9949350959141,1422.9234240137612,1406.437016071274,1378.9534045300434,1510.379948526802,1181.4969879056803
2023-01-11,1170.1944176435934,2006.7003051600725,1372.440894549352,1446.8783276984168,1418.609677911313,1396.3941833947235,1531.102704281208,1194.670114894122
2023-01-12,1186.677937254701,2017.5456628419684,1378.9229116040476,1460.5661976731208,1423.9159750556084,1401.4782085760796,1536.1354663890972,1199.6464833057041
2023-01-13,1193.9775404123632,2031.4276486260817,1381.9323048839865,1467.196204701823,1426.7251179282662,1406.915374006962,1542.6483092700273,1204.037804798677
2023-01-17,1189.73911624549,2035.5486098594836,1379.0386504447645,1474.4680794012095,1424.228088202976,1404.3378107625745,1544.1282739765077,1197.8901461349094
2023-01-18,1171.0186505463103,2009.086693627145,1359.824260383411,1457.9995649377354,1403.3157600512484,1382.1661469660644,1522.8134626995736,1176.8132625948997
2023-01-19,1161.0108806712262,1989.3484983866153,1348.133445232555,1429.5537662214037,1394.8880823405796,1372.1045795439397,1515.1167409067073,1165.3962334942591
2023-01-20,1178.4359877086079,2043.7905323262873,1375.2189935691574,1476.178665123056,1417.0493612671694,1397.6651051797921,1544.1282739765077,1185.3025446310642
2023-01-23,1191.3873923103852,2089.1956312812545,1393.5073811941259,1519.5960691554596,1430.782713390395,1414.4350978589491,1563.9627723472813,1199.3537205634061
2023-01-24,1187.266607277878,2084.929897165097,1392.5813787577408,1511.2551412259706,1430.4704756966796,1412.9171807238608,1562.778777368785,1198.4756716195056
2023-01-25,1190.2098625234923,2080.3025685703924,1390.960576434453,1513.8214387824155,1428.5979213588205,1413.446553057069,1560.4104392121124,1199.9396049724921
2023-01-26,1198.6871852085867,2120.863517334864,1405.8922625466819,1537.989348683635,1444.8283032073361,1428.9808929039655,1581.1328467668382,1210.477867280252
2023-01-27,1203.514089658097,2141.9751411676325,1409.2491474807223,1546.5447911349193,1439.210266554716,1432.2642859259638,1586.461346469592,1212.2343240925431
2023-01-30,1190.2098625234923,2098.667335218683,1390.2662351008023,1513.607762207971,1422.3552847724218,1414.2940220477153,1561.8905199851529,1200.8176539163926
2023-01-31,1220.233172148745,2130.1177242198164,1413.4162960104309,1548.4697237890907,1439.5220060630409,1435.088844520371,1584.093356512599,1217.7964572717144
2023-02-01,1239.1888212463869,2175.667370905311,1430.4314646768635,1594.8807785268282,1450.1343512589362,1450.3408073840792,1602.1514561826684,1230.091654957752
2023-02-02,1267.7991330754758,2253.751289418667,1460.7575171322371,1644.072812932276,1467.9257970296817,1471.453050432011,1621.0978132363698,1252.0470660076494
2023-02-03,1264.3846572005114,2213.6971583199547,1443.9738261472382,1611.563304743687,1460.1223456137486,1455.8130164070492,1610.1443798366386,1234.1898547839373
2023-02-06,1243.4272454132597,2194.971472649802,1431.2415448512309,1589.5340040710835,1452.3193923832062,1446.916000509766,1601.2634309321559,1226.5788609746667
2023-02-07,1252.1398463670853,2240.4481700133483,1448.7196688805311,1621.4016445889886,1473.5439582286494,1465.8395402370863,1627.3148024558755,1237.7030076915125
2023-02-08,1233.184197269444,2200.6104102059703,1428.5790929614918,1596.1640110997857,1453.8802072127405,1449.8110970097898,1607.4801880185419,1225.993215848574
2023-02-09,1217.2895374220525,2181.161760730952,1414.2265596060988,1586.3258388439544,1445.4527785947673,1437.2422788881738,1596.8229564799149,1212.8199692186358
2023-02-10,1220.1152484035708,2166.846582059713,1416.4256892903695,1566.863003317266,1452.6316300769215,1440.5963224961495,1600.671143276508,1215.4547142578208
2023-02-13,1235.8920793760572,2201.550420758855,1437.0289454403253,1593.8115577072554,1469.174125072805,1457.5077290276215,1616.6572227175684,1230.6773000838448
2023-02-14,1231.8889334779158,2217.8178944011283,1435.0612934374883,1608.5689836804727,1467.301197095903,1456.836942842098,1619.6176163967693,1228.3353177869578
2023-02-15,1243.5451691584342,2234.8090073049516,1435.7557264817897,1624.1821214882884,1465.428642758044,1461.5679404542889,1623.4661513930425,1232.4335176131426
2023-02-16,1235.30350422315,2192.874855100469,1415.962733927502,1586.3258388439544,1448.2617969210773,1441.443791486796,1598.8950927754834,1217.7964572717144
2023-02-17,1237.4227163065866,2177.402168823869,1410.2908887578242,1567.2906916450952,1438.5859157136329,1437.842752528801,1592.0863962331293,1216.6257652270126
2023-02-21,1200.4529106673078,2125.8526655603437,1379.9646528811497,1516.1740597644161,1418.297564763945,1408.998270469148,1562.482459441121,1190.8645581687385
2023-02-22,1205.0447265886264,2127.442015139461,1376.839245628543,1519.5960691554596,1413.3037544060605,1407.0565624985563,1561.2985805291846,1188.229693488057
2023-02-23,1212.4624432320024,2146.0236033835426,1390.2662351008023,1533.2844418985742,1421.4188207839707,1414.5411300780954,1573.1400391794277,1191.742607112639
2023-02-24,1203.1609825144606,2110.090208366004,1374.0614217406883,1503.3415664453703,1409.8701361459719,1399.4305810667022,1553.00945501411,1181.4969879056803
2023-02-27,1205.8689594913435,2125.201075011829,1376.2606431356094,1509.9712382951325,1413.6158675534284,1404.1967349513409,1561.0024947346405,1183.546087818773
2023-02-28,1205.5156626071675,2122.4539926751227,1374.5241936822551,1512.5378710305176,1410.1822492933395,1399.006902911559,1553.3055408086543,1181.4969879056803
2023-03-01,1208.341468458956,2105.3908310582638,1370.4731508358645,1507.618784902602,1412.9913921659972,1393.6402753862935,1547.977041105901,1176.2273781858137
2023-03-02,1211.991222602652,2122.8153620014414,1383.7844014674072,1520.2377692366736,1423.2916242145252,1404.4794499756104,1558.9302423725119,1185.3025446310642
2023-03-03,1226.1197775102437,2166.701584024729,1405.3138434750485,1551.6778890162198,1445.4527785947673,1427.0040286609258,1584.3893262405832,1204.330567540975
2023-03-06,1198.3337934541412,2169.1597960526087,1406.7028012743012,1538.6310487648489,1447.9496837737095,1427.992573462806,1590.605967260409,1201.6957028602935
2023-03-07,1186.4421846346213,2142.553557241971,1387.0255475607305,1517.0292688306042,1426.4128802345506,1406.1030612887637,1568.1073931380986,1181.4969879056803
2023-03-08,1188.443757583692,2153.2541420411108,1391.771023451422,1528.5791999345731,1427.6615819167173,1408.3979095088814,1570.7718170893154,1183.2533250764748
2023-03-09,1161.364177555402,2115.9468681268763,1368.8528070658288,1477.0345445471246,1409.2461589439317,1382.4133676768047,1545.608238682988,1158.0780024272867
2023-03-10,1132.2830245780408,2086.2312770443004,1346.2814403597845,1433.6176432831314,1391.1426000258184,1362.4656761537144,1523.9979219443098,1140.806077405177
2023-03-13,1104.8500527953051,2101.7035130164445,1345.818484996917,1410.5186190225445,1391.1426000258184,1360.524080863483,1529.0304519190795,1132.3169150105093
2023-03-14,1127.3380066428165,2150.0004671908737,1369.778626080913,1434.900875856089,1415.176557836615,1383.0133905959901,1555.3775610376629,1151.0516966121356
2023-03-15,1109.324134711988,2161.279242912123,1363.1808701855005,1413.2990959218444,1401.4427075279984,1374.3635954094473,1549.1611521509572,1141.6843656320711
2023-03-16,1126.9848046289103,2218.251987897167,1387.1411029801468,1443.6699948818175,1422.3552847724218,1398.4774178979908,1577.8764833596533,1159.8341003150879
2023-03-17,1094.9601117951258,2207.7684498460467,1377.1865538613438,1418.432361392615,1410.1822492933395,1382.125131314875,1565.7387067817458,1141.0987205059782
2023-03-20,1110.9723159066134,2215.6032970841998,1389.108846693634,1427.0893630628116,1425.544667644646,1395.4152164234781,1580.561451091989,1151.30318303809
2023-03-21,1129.5750476011578,2247.2477673060725,1404.5033964580796,1457.516572084756,1439.966138338984,1413.7377191083692,1603.4335274043594,1165.4188457371256
2023-03-22,1099.3166494477127,2216.68943143321,1381.237780129035,1425.8034490583316,1420.528189851478,1389.6385450666792,1581.155363679477,1142.1869795594896
2023-03-23,1090.2067318045938,2242.9757289275244,1390.5841959254976,1436.3030969528547,1428.9931069201127,1393.3953082827616,1589.769823762214,1141.8927811192318
2023-03-24,1101.7858379558872,2251.230935375794,1396.5056774853747,1431.5889727469355,1436.204091359977,1402.5388688086227,1596.8989800767108,1151.009104239329
2023-03-27,1113.601076208339,2235.8066568282647,1396.0408879095007,1428.8031329845908,1436.8309331280145,1405.161278836454,1594.5226333273984,1156.8907998560474
2023-03-28,1114.4282500894153,2223.9310025499617,1392.2097672026023,1424.946564097442,1438.0848657567851,1402.0070175074857,1589.769823762214,1157.1845197303185
2023-03-29,1121.9900746723893,2264.4818194641625,1411.0187044788456,1459.659538639596,1458.4637619012599,1422.3849226466227,1610.5627997854162,1175.1233264547452
2023-03-30,1121.6357342152473,2285.915861287765,1419.3782219671036,1473.1588704603782,1467.5552716452366,1430.7135788059963,1620.3650850431293,1181.2987419457345
2023-03-31,1142.548936456842,2323.9323647209426,1440.5090894884095,1499.086637387669,1483.5444072182331,1450.8787434246783,1644.4253347301558,1197.4730758775943
2023-04-03,1143.612432179616,2318.2839707711883,1447.0108243329266,1489.4442096329758,1496.3985866729554,1456.4072926278536,1655.4160254956448,1198.0611138336199
2023-04-04,1120.9269584306942,2310.4637584278703,1433.8912489605743,1470.1588513551787,1484.7984643933512,1448.3275473846268,1646.801797546028,1190.7091438645925
2023-04-05,1112.301638124946,2287.653811337518,1432.381875077438,1442.5171469166387,1484.4849812361585,1444.5351771746548,1642.0492201139634,1187.7685951599751
2023-04-06,1112.655978582088,2303.0774144283628,1435.7488481830148,1443.5885463993234,1483.2310486073882,1450.1700966380574,1649.7721729493883,1191.885459059637
2023-04-10,1126.8346249920546,2301.774233331333,1440.8574982490145,1460.7307705328105,1485.1120720968916,1451.6586041990788,1648.584231707852,1195.1203258460089
2023-04-11,1134.6326765464564,2287.001770484547,1443.5279289653324,1466.9446529071242,1486.6794878828548,1452.0483655657383,1646.504667152444,1197.4730758775943
2023-04-12,1125.2984855858856,2266.7990861971666,1436.2131792056373,1444.0169050850332,1481.9768668859222,1446.1298296351827,1639.9697716251153,1192.4737362986557
2023-04-13,1134.8690932584236,2311.18874860279,1453.048503286772,1464.1591483237198,1501.7282985306208,1465.3384506743412,1665.8125715405258,1204.236648966106
2023-04-14,1125.7711292692807,2306.84286029338,1451.3070097476498,1457.087710630636,1498.279485616111,1461.759046345545,1661.3568923689254,1202.4721761735395
2023-04-17,1132.6237985866228,2308.798307395609,1453.2807146534085,1464.5876745988996,1497.3390361445333,1467.004204442288,1660.7629797814375,1211.8826977338942
2023-04-18,1126.5981134098176,2308.9430802783645,1455.6029200304222,1468.4447462544592,1498.9067010231918,1467.9609733825325,1662.2481674831176,1212.7648144886807
2023-04-19,1130.0245429387585,2307.8567207771266,1452.003368715608,1466.7306411537395,1497.3390361445333,1467.7129639092693,1661.9511531560936,1213.3528524447065
2023-04-20,1124.9440502584741,2290.260623836033,1451.8874464535902,1451.9457305074172,1495.1444049514896,1459.7035312109385,1653.3365770067967,1204.8246869221316
2023-04-21,1122.6989453272124,2292.6503895865294,1449.6815301811955,1450.2312902277574,1495.7713712658747,1460.8374336777483,1653.9307217274047,1207.177436953717
2023-04-24,1123.2896076260517,2287.871533542222,1451.8874464535902,1450.6591461450566,1498.9067010231918,1462.3615482326593,1656.010054149693,1207.4716353939746
2023-04-25,1093.7514645597878,2244.7134538250493,1427.0410136448022,1404.80423706402,1474.7661315387534,1439.1480418237948,1631.6527901356424,1187.7685951599751
2023-04-26,1083.5902894586798,2258.3270581531056,1416.2433685175129,1394.3048405537022,1467.2419130343917,1433.052372366674,1626.602966243434,1181.2987419457345
2023-04-27,1100.4860203914157,2319.7323750554297,1449.6815301811955,1416.8038945111432,1492.9498983047934,1461.581687458259,1654.5248664480127,1207.765594551239
2023-04-28,1110.647385233063,2335.7357451339817,1465.1234026412117,1440.5888624730642,1508.3120675634045,1474.056755520014,1667.8916718296941,1218.3523116651415
2023-05-01,1110.293044775921,2333.0564336179746,1468.026044724166,1439.5172954009092,1509.879732442063,1472.5682479589925,1668.7829469438861,1215.7054828347952
2023-05-02,1089.6159746354847,2312.7087512956105,1447.8237475374544,1416.1610213036383,1488.2474018542086,1456.0178693022754,1650.6634480635803,1201.2959806199917
2023-05-03,1089.9703150926266,2297.5740185135924,1438.4192788993325,1407.3754785098347,1479.7824847855738,1446.0236847356764,1641.1580610663314,1191.885459059637
2023-05-04,1076.855354145973,2289.464260404763,1422.0485609727712,1390.2330867868775,1468.1824870523174,1435.7814906958138,1630.1676024339622,1182.181217625011
2023-05-05,1102.8491439381219,2338.124835427793,1445.9660566043638,1416.5893799893481,1493.576740072831,1462.3615482326593,1664.3272677722857,1200.413624582212
2023-05-08,1098.0048782292654,2343.918002260303,1446.0822539983321,1420.4464516449075,1490.441783954557,1462.7511969189584,1666.1095858675499,1200.413624582212
2023-05-09,1091.506359628526,2329.0737158527095,1440.2770615430738,1408.4470455819896,1484.1716226253136,1456.3366420418763,1658.386516965565,1195.4142850032733
2023-05-10,1095.4055277111315,2354.418201576313,1447.2432191208636,1412.9469904450539,1488.2474018542086,1463.1411836463387,1669.3773237976143,1198.0611138336199
2023-05-11,1087.9620063544107,2362.0936410368754,1445.7338452377273,1405.4469426820551,1483.8577658290778,1460.5893115241247,1670.2682507121265,1193.3558530534424
2023-05-12,1084.7717089266282,2353.6213878405865,1447.0108243329266,1399.0187133754162,1484.7984643933512,1458.6757736436355,1668.7829469438861,1190.4153043488247
2023-05-15,1096.8233638910472,2366.365679415424,1453.2807146534085,1423.660650092962,1494.517189544409,1463.707965859203,1671.1594097597585,1197.1788774373365
2023-05-16,1082.2903770239386,2369.0452160836594,1441.3218292716367,1408.6615601037847,1481.0364174143444,1453.9267471737794,1665.8125715405258,1185.1217663296286
2023-05-17,1108.284261686357,2397.7208290240137,1459.4342241586212,1440.803041815919,1496.0852280621104,1471.5757593444978,1683.0407953066397,1201.5900594187528
2023-05-18,1118.3274181720208,2442.2543637034796,1474.8760966186376,1472.5158296634033,1509.5662492848705,1485.7520754877287,1700.5666137325775,1211.8826977338942
2023-05-19,1109.9383248377007,2436.7514180931657,1471.2768204357742,1461.3734761508454,1509.5662492848705,1483.5900774125344,1700.8636280596015,1208.6478309475224
2023-05-22,1118.4456265280044,2444.933900371715,1473.1345113688649,1474.872975561098,1502.3551402986584,1484.1924666192883,1700.5666137325775,1208.6478309475224
2023-05-23,1117.027885218358,2413.9414710028136,1455.3705252424852,1457.3025603313713,1486.993095586395,1467.5358303827043,1681.8528540651037,1196.002681883789
2023-05-24,1103.321787621517,2401.5587739065227,1445.0372111378183,1436.3030969528547,1478.2145708142198,1456.903649615461,1671.4563080202224,1185.7098042856542
2023-05-25,1099.5410176354344,2459.9952335273283,1469.0709958740294,1457.3025603313713,1488.2474018542086,1469.5203568902518,1697.5958901295373,1186.0040027259117
2023-05-26,1111.710880955837,2522.849179866122,1489.389307033409,1493.7294723847747,1511.1336650708333,1488.5516190421245,1718.9830108733472,1201.5900594187528
2023-05-30,1106.5119901790297,2534.2902903439303,1489.621426689395,1498.015070315514,1506.1174363703608,1489.1186266157097,1720.4681985750276,1201.2959806199917
2023-05-31,1092.0970219273654,2519.880547736832,1475.6888364018646,1475.5156811791328,1496.0852280621104,1480.861297124476,1710.6657972507546,1195.4142850032733
2023-06-01,1101.431307758206,2548.9904793254527,1488.8085951955177,1498.015070315514,1510.1929665065602,1494.9307922860378,1728.7854121976204,1204.5308474063638
2023-06-02,1146.8025398668592,2568.1072544160515,1510.2879631880787,1532.5133627464027,1533.3930865194209,1516.5491955129328,1749.8755186144067,1225.410083193911
2023-06-05,1123.171683880877,2569.91725317884,1502.9732134283836,1526.728341826209,1526.495709783097,1513.643169017949,1748.0930844525826,1222.7633740050612
2023-06-06,1155.1912537201006,2569.483159682801,1506.456475638579,1551.1558478166946,1527.749766958215,1516.9389568795923,1747.2020414715105,1229.2331075778052
2023-06-07,1183.5438030265514,2525.890761317361,1497.5481616187444,1553.9415199895693,1525.5553848578668,1511.6939114632096,1732.9439609756369,1231.2916591691328
2023-06-08,1176.0733385132498,2557.2456857737225,1503.952866595212,1558.8701587172836,1529.317307290526,1520.8376973497918,1748.0930844525826,1235.1144442700338
2023-06-09,1166.349894836306,2567.0213452192697,1506.0490052191615,1559.941223021028,1529.9442736049111,1523.5663649574897,1752.251749297159,1235.7026018675558
2023-06-12,1169.3143061520523,2610.395796227777,1523.4002017084044,1589.5113794926128,1544.9930842526774,1537.3878506457881,1770.9653928980729,1244.231006673124
2023-06-13,1178.6819863178098,2630.4546082413144,1532.949022910146,1616.2963665597333,1551.2633701282684,1547.5240124665042,1782.2532140571461,1253.6414085919823
2023-06-14,1164.4524894433107,2649.571158179685,1540.1690355680498,1615.2247994875784,1553.4577522286168,1549.3666744002953,1784.6293286733383,1254.8174845040332
2023-06-15,1175.1246358167525,2681.1431293840656,1558.3347143428762,1628.938645830156,1574.4634901411291,1568.5754081198145,1804.5313777820284,1272.4623320711953
2023-06-16,1169.6699747929692,2664.271122008979,1554.608877462557,1615.6534933522285,1571.0146772266194,1563.2323307898746,1797.1050910739477,1268.638948762811
2023-06-20,1165.1641113359537,2660.457043262663,1547.7380989611108,1606.5088063238882,1559.7165798402182,1555.1219364886163,1793.1126335432823,1258.7404095376287
2023-06-21,1163.7409624209374,2624.201005102062,1543.312876661373,1588.263005529447,1555.6253568642069,1547.1539701629167,1782.385878135219,1253.4221057286263
2023-06-22,1151.408586328625,2655.16326407238,1547.5049704879714,1582.4672588831636,1560.9752452302018,1552.7386341855763,1796.092178204882,1251.6491383897978
2023-06-23,1132.9102119306954,2628.842067982689,1537.7236627876425,1568.2997478448833,1549.960366238499,1540.9999322791034,1781.4923977563867,1243.3756896135867
2023-06-26,1140.143595640142,2593.6007909147474,1529.4553973964632,1566.3679440224355,1544.9250819468264,1534.703917141173,1766.2962673226439,1244.2621134622527
2023-06-27,1159.9464362457556,2638.1955670002935,1550.1832883202176,1605.8647599900921,1560.0310593681925,1551.529348557652,1785.6638299225626,1258.149739468677
2023-06-28,1161.3693954202324,2643.3443481555923,1546.5731902806153,1613.807495338499,1560.0310593681925,1552.311913660702,1787.7495460056505,1257.2630763370178
2023-06-29,1180.5792019702656,2638.0503438130813,1553.4443356246627,1618.3153169066604,1569.4725443492416,1558.4300065095447,1794.0064621217941,1264.059072271121
2023-06-30,1181.646397633556,2678.730172954062,1570.5619450875145,1639.7811817806114,1587.7258079773057,1576.8207934928441,1817.8430515477128,1276.4693650769343
2023-07-03,1189.1170518873964,2685.038262932547,1568.4661733061662,1650.9434784401174,1585.8374362532873,1578.6347219347308,1819.0347069191687,1280.015060471598
2023-07-05,1171.4486026083632,2684.965538762827,1567.068686416433,1635.7027244349804,1582.061190990641,1576.2872519863013,1815.7574515311849,1277.0602744288794
2023-07-06,1155.3218900814081,2664.517213394441,1554.7249831458753,1614.880403126415,1567.8987766995454,1563.9437945855059,1801.7534407351377,1266.1274344651736
2023-07-07,1166.7054686069534,2655.6714326515084,1547.5049704879714,1625.8283528535962,1561.919431092211,1559.9951367156448,1794.9002907003062,1265.831919968453
2023-07-10,1182.0021611447428,2656.5409705569555,1557.5199569253418,1655.6659821195442,1572.6197060095917,1563.9437945855059,1794.0064621217941,1272.3327603303253
2023-07-11,1192.9116729328482,2669.665544245283,1568.000466623789,1673.0533896478644,1584.2641667889814,1573.903949683261,1800.2636103710581,1285.6291180603146
2023-07-12,1205.955196566455,2703.3838916414375,1582.4399416756949,1689.7965832529183,1593.7052781309878,1586.5673066272616,1814.565680093169,1295.3800196786333
2023-07-13,1212.7143237979224,2749.2841003462954,1597.461962778499,1709.9743554592774,1605.9790716053694,1599.1596749442035,1833.0389498483357,1303.3578343166268
2023-07-14,1202.5164339024602,2748.703657901903,1598.2772704599354,1687.4355827974102,1603.4616162790546,1598.163918599257,1837.2102659479515,1297.4483818726862
2023-07-17,1212.121574353151,2774.3730382908516,1607.244187585331,1705.466701480586,1611.3293336104075,1603.7126375869454,1848.5329070750229,1298.3346860798554
2023-07-18,1228.841131195147,2797.068833201488,1616.094265342206,1721.7808660420496,1621.0854226657789,1615.629149102146,1860.4513178545421,1308.3808629119017
2023-07-19,1235.6001635563448,2796.4165671962887,1616.4436829199644,1724.3568837877633,1622.029608527788,1619.2220750741915,1860.749028580926,1314.2907939218292
2023-07-20,1226.3511660979193,2731.9534578822922,1604.6821588577036,1686.3623398305535,1618.2529896260987,1608.479580234107,1843.4675302637752,1311.0404933823895
2023-07-21,1221.845018030095,2723.7597179923305,1606.0798291687374,1686.5768543523488,1621.7147553607706,1608.479580234107,1844.957360627855,1310.7449788856686
2023-07-24,1228.841131195147,2728.1110099552184,1613.1828190368199,1689.5822363205932,1629.8974504054886,1615.6648687763961,1853.3001088936467,1315.1769784875019
2023-07-25,1228.4855574244996,2746.6011863946364,1623.1978054741903,1692.3726009986322,1639.0242067658683,1620.0758541650212,1862.5370339376298,1316.0631630531743
2023-07-26,1237.4975689493401,2737.464283820595,1622.6152594232922,1696.0221968901428,1639.0242067658683,1620.3248777615283,1861.04708750699,1316.3589168328886
2023-07-27,1224.3351728678617,2730.9384716374047,1615.3957970292902,1695.1633008556112,1627.6943500608004,1609.582270241083,1849.4269677866548,1307.4947979877256
2023-07-28,1236.0746097748633,2780.6813534215653,1629.4860379247384,1718.775484073805,1642.8007011212098,1625.3405059641154,1869.9858375583497,1317.5409748197721
2023-07-31,1246.98383695216,2782.131558923633,1629.9519280284164,1730.3674801347822,1647.836234505578,1628.435159382426,1873.8593268650213,1320.495641220994
2023-08-01,1240.8177437762731,2775.6780206057065,1629.9519280284164,1718.775484073805,1644.0594910575412,1623.7754884383753,1867.6021786157578,1317.2454603230512
2023-08-02,1230.5011711734787,2714.7684889099583,1604.565686331784,1666.1844000347246,1622.3443371484577,1601.1873580297884,1839.2963302307194,1301.8806207575128
2023-08-03,1225.8765301388617,2710.4176472515273,1601.5379509217792,1652.0167214069738,1620.7705694987617,1596.5986757127962,1837.2102659479515,1295.9708093890818
2023-08-04,1225.7581320423387,2697.7285179726073,1592.571767481586,1645.79177812763,1611.9589153980946,1589.3774421355363,1821.1206551353766,1295.0847444649057
2023-08-07,1232.7545298182001,2720.569310918228,1610.3882120999547,1663.6083822890107,1629.2679931641492,1603.2503100681818,1833.9328944934077,1309.5629208987853
2023-08-08,1224.3351728678617,2697.437846445955,1603.9840573873892,1654.3778894519523,1618.882571413786,1596.278212767789,1828.569458756096,1301.8806207575128
2023-08-09,1215.560337017146,2667.780344638264,1593.9690709500187,1633.3410536215918,1610.7001254617633,1585.6068192351236,1815.7574515311849,1292.4252336359148
2023-08-10,1210.935885723068,2672.7111784366307,1592.1055105353068,1632.2681458336756,1611.6440622310772,1586.175967735556,1816.9491069026408,1293.0161429878597
2023-08-11,1209.8685003192384,2655.6714326515084,1585.8172780847588,1616.1686633834772,1610.3852722947458,1585.2513126980286,1815.1615658121768,1292.7205088496423
2023-08-14,1204.532332262248,2685.4732570374986,1602.9352543902119,1629.4776135661666,1624.5471884004505,1594.0016187660576,1830.655406972304,1295.3800196786333
2023-08-15,1190.7772816062673,2656.976414966364,1588.7281741262427,1602.4305165677274,1607.8675678757356,1575.4333602151114,1813.075733662529,1278.8331221262113
2023-08-16,1176.9033585024158,2628.842067982689,1579.179811477753,1577.959437315002,1596.8525643376852,1563.872693278087,1799.3698978591058,1269.082459790886
2023-08-17,1164.5711721506425,2600.1270534023934,1568.8161411478266,1561.430423052803,1589.614304247672,1551.9561817628864,1788.0473727985946,1256.9675618402969
2023-08-18,1170.4999947821352,2596.864372463027,1570.4456559828957,1562.0741342076587,1592.4464881946565,1552.7030271916865,1787.1535442200827,1258.4451343239011
2023-08-21,1164.92674592129,2638.7032852749653,1585.5845164542204,1573.4514481573706,1607.8675678757356,1562.8056102650007,1807.7126461248974,1259.6270726692878
2023-08-22,1162.6736718873776,2634.933111213155,1578.5976322694562,1562.5038336091297,1601.8880977220535,1558.5722091243824,1804.4348104041135,1255.490108998189
2023-08-23,1175.0061428499598,2676.4822531073546,1595.3661909971506,1587.4037743159752,1619.1974245808035,1575.9315200884857,1826.1860319466243,1267.3097317350505
2023-08-24,1163.266516202419,2619.2701713036954,1573.8231758132601,1559.0690874183547,1598.7409360617037,1554.09057314978,1798.7737800069779,1252.8310767351845
2023-08-25,1166.1125294216426,2639.5737237893254,1583.255432778432,1568.085065733618,1609.7558150534064,1565.0464845924819,1812.4799640100812,1260.808891373178
2023-08-28,1175.5989871650013,2659.4413815610906,1593.7357590555785,1585.4723056724679,1622.029608527788,1574.9710326963473,1822.9084283589605,1269.082459790886
2023-08-29,1191.3699361807696,2717.523676726881,1617.7245138624776,1619.388559873517,1644.0594910575412,1597.736972713662,1854.1940535387184,1283.2653610110376
2023-08-30,1196.587516400698,2732.6788983616684,1622.4989703186734,1626.0430349648616,1651.6122306755287,1604.317618441989,1865.218635739726,1285.6291180603146
2023-08-31,1195.0459693891587,2740.8721879471736,1622.8485713177326,1632.05329613294,1651.2978756939021,1601.9701484935595,1862.238975011566,1284.4469404319345
2023-09-01,1207.2597576444093,2737.972227247495,1626.5751418832544,1640.854592336938,1653.8154555665647,1604.957980930201,1864.3246910946539,1287.1065709024224
2023-09-05,1172.3974001751305,2741.4526303915654,1617.3752797060197,1625.3989886310655,1646.5770709302037,1598.0214906236981,1862.238975011566,1277.3557889256
2023-09-06,1168.484191292617,2717.3059545221768,1606.6620083770342,1617.8856175051894,1637.765416829537,1587.2786577425325,1843.4675302637752,1274.400883241385
2023-09-07,1160.1836119198801,2697.8732908553634,1600.4896981885038,1590.6241735744254,1629.8974504054886,1582.405457515504,1835.1247819979837,1272.3327603303253
2023-09-08,1155.677558722325,2701.6432397649455,1600.3735925051856,1588.6923697519776,1633.0446120658385,1584.7885344578233,1837.8063838000796,1274.105488386161
2023-09-11,1155.4403830482006,2733.476162401852,1605.7296779057763,1591.2682199082212,1636.5063778005103,1595.2112424350632,1850.3204481654868,1282.674332017596
2023-09-12,1155.4403830482006,2703.1663945889613,1595.8322645221292,1583.3258197387547,1630.2119299334631,1586.4604856455926,1836.6144962955036,1278.5378469124837
2023-09-13,1148.6814455572728,2713.4630562906464,1598.6266880376938,1572.5928873017795,1632.4150302781513,1588.3102464420895,1841.0841034543034,1278.2420931327695
2023-09-14,1168.484191292617,2735.651132926611,1608.9910920528228,1593.4148734314044,1642.8007011212098,1602.0054174463678,1853.8962267457746,1290.6521466555894
2023-09-15,1157.4561865377188,2688.8088872988133,1584.5364471422456,1573.0220839348399,1622.3443371484577,1582.7040604705917,1830.0592891201761,1276.7646402906619
2023-09-18,1150.2228976985423,2691.611582235894,1588.9614860206832,1564.7383040146728,1629.071459027459,1583.6319832385711,1833.6156845849448,1275.9038197222785
2023-09-19,1147.8513306978373,2685.8753789171283,1586.9816365013523,1560.219086362541,1625.912963649467,1580.3479141344103,1829.7307046888336,1272.935394548942
2023-09-20,1138.6021434988725,2647.1708102744615,1571.72685376801,1542.144897185536,1608.5423599876426,1565.819133823816,1810.0078623487739,1263.1387898789037
2023-09-21,1121.8824917866064,2598.662663309947,1541.9152063503388,1509.223454079312,1584.2230664942365,1539.9388213251189,1779.8262622876766,1243.843128940991
2023-09-22,1118.0876810006157,2599.0256087018633,1544.0118952381904,1500.4013767810152,1585.170615107634,1536.4763792104284,1778.3321374608768,1238.796291687883
2023-09-25,1123.3053560908136,2611.3704802238103,1549.1352190082428,1504.489721905385,1593.3823294513693,1542.9372457156392,1786.998131096251,1242.0619063388936
2023-09-26,1106.968885397663,2572.1575178497874,1528.6781496349136,1480.390188507988,1572.5370072347105,1520.2695629726027,1762.1954036249444,1223.3596672243555
2023-09-27,1117.9311450556936,2578.1848429996626,1532.302095982716,1485.7694753209423,1579.4855725199443,1520.8765720741333,1765.1836532785437,1221.5786839052514
2023-09-28,1131.7536484733948,2599.751499485696,1543.2903158413915,1505.7806635939696,1588.9608095612239,1529.6936975958856,1775.9413984581254,1228.4063848359667
2023-09-29,1124.0082499186487,2601.6398512239107,1540.6015429950075,1508.362714560609,1580.4329965869942,1525.981330441805,1771.4587918446064,1224.8439396317722
2023-10-02,1107.6839226200132,2623.3524063538407,1544.3427872645823,1498.2496955737274,1582.0123688223377,1525.3742086599138,1779.8262622876766,1218.0161190595604
2023-10-03,1090.525211299808,2577.3132787241616,1524.937730761192,1464.4675129488005,1564.0099415385673,1504.9556259106687,1756.5175435766096,1201.0952221886162
2023-10-04,1092.6698486155108,2612.3868173820674,1536.8609406999851,1478.6688770600517,1570.010709117708,1515.914692403462,1771.1600365191825,1208.813773703373
2023-10-05,1091.2401536518887,2604.689763307594,1537.562527175012,1472.64420319754,1568.1157364372607,1515.3434029761813,1772.0566506951343,1206.4386507119148
2023-10-06,1098.0321059966548,2648.332595772159,1559.3057467085735,1492.2246865322757,1586.7499873429774,1533.3349634425472,1793.5726053205376,1219.7973416616576
2023-10-09,1107.3263565737034,2661.8388024873466,1571.3460711478385,1495.022257557531,1597.4882488964104,1543.1514510807792,1806.1232306523427,1226.625042592373
2023-10-10,1119.3610297598548,2676.5801943266365,1577.541675841553,1511.5904877557457,1604.1207155511497,1551.183419851192,1812.3987174180854,1235.8278665145463
2023-10-11,1120.7910093342857,2695.6782817822914,1588.764308122473,1520.8425996344538,1606.3312886767008,1557.5374653747338,1821.0647110534596,1239.9840924666057
2023-10-12,1099.700399688446,2686.3110484787644,1583.970959272309,1499.1100999134903,1604.436440542601,1548.042004083311,1815.0879796131408,1228.4063848359667
2023-10-13,1086.9504046691352,2652.544068201312,1575.3206273118535,1475.225918985239,1598.7513979549117,1540.3316250615094,1806.1232306523427,1222.172225370123
2023-10-16,1106.3731001042624,2682.5347953067917,1592.7386808651872,1498.2496955737274,1613.2799785082823,1556.5378778975332,1823.753973248515,1236.4215276209145
2023-10-17,1119.2419675714443,2673.7482295998852,1590.166747387324,1507.7171599215815,1612.648154886336,1556.466438549033,1819.8694576186438,1239.0933615240601
2023-10-18,1097.9127591974354,2638.674465789751,1569.8262422505647,1471.9984809690425,1598.7513979549117,1535.726378731537,1797.1582495584248,1220.9850227988836
2023-10-19,1080.873584416989,2613.9847227458577,1553.9280175945048,1446.3926534139148,1586.1181637210314,1522.2330182527533,1779.5273908956926,1212.9696407309425
2023-10-20,1068.2430310671673,2574.9892574243104,1536.8609406999851,1417.7749079012067,1570.3263095628117,1503.5278530639087,1755.6210454672178,1199.0172886748317
2023-10-23,1058.591214443809,2582.7594859729597,1536.0427899883884,1413.9015800670425,1567.1679387311679,1500.9216690079768,1755.0235348163699,1195.4548434706371
2023-10-24,1064.9063488133152,2607.8844482740337,1547.2650554267072,1420.356958867846,1576.3272016883004,1512.2378195629103,1766.6777781053434,1204.9542586630014
2023-10-25,1052.0374813461333,2544.054467025837,1522.8332464680623,1383.3472544319873,1551.692183203443,1490.5338919424642,1737.093688695094,1191.5955677132586
2023-10-26,1054.7780936957756,2495.546770365779,1497.7002178769922,1373.4492527353113,1526.7413151807862,1472.6852101730985,1709.9004543541557,1182.9867638219428
2023-10-27,1043.9347064856163,2507.528921648038,1492.3229473161748,1365.272730076042,1513.7919823164113,1466.010025622387,1703.923722913837,1176.4558934444117
2023-10-30,1050.6075017717023,2535.776069898059,1511.026600765839,1375.1705641832477,1529.5840855673264,1483.5371176431415,1721.2555941180253,1192.7832488504846
2023-10-31,1059.1869048669398,2547.9032192153018,1517.8064940128077,1382.2712462388733,1537.1638517427677,1492.8544312847555,1728.4274629265997,1203.4701058970816
2023-11-01,1063.8339352851942,2592.1271695809432,1533.470764799875,1382.4865149132843,1547.2706633132977,1508.7751520874995,1749.644430093459,1214.1569629436785
2023-11-02,1092.1935049915992,2639.183084673336,1564.56626961152,1424.0149342328643,1575.695502612702,1537.6899466920484,1782.814511941276,1236.1245774262338
2023-11-03,1122.6974274028978,2670.189698632617,1578.0094001582377,1464.2523280691246,1586.4338887124827,1551.7188769238621,1795.0663819476572,1252.4516935493134
2023-11-06,1111.3775068282876,2681.0825634346706,1583.5036017982256,1450.6961834179604,1590.2238340733772,1555.2885907416633,1803.4337363241675,1250.6709495132027
2023-11-07,1103.2750165785797,2706.426148549361,1590.517448914187,1457.7972844472615,1593.066355367222,1559.7150133396642,1811.8010907006776,1251.858152084442
2023-11-08,1092.9084473436799,2708.168826795907,1595.42708686897,1456.5058399902664,1593.066355367222,1560.8571414727842,1815.9845937890927,1250.9677800663867
2023-11-09,1078.1327823268073,2687.3273856370215,1585.1404534853211,1437.1405415352067,1582.328093813789,1548.6847328590918,1800.146499212024,1242.358617250581
2023-11-10,1089.4528926419569,2747.744734561846,1610.857770629646,1465.758454637385,1609.48990860104,1572.8514024366677,1830.9259581236495,1259.5767035991992
2023-11-13,1089.4528926419569,2739.1752156029593,1608.1689977832618,1457.5817643886453,1608.5423599876426,1571.352302921768,1831.2249455821934,1256.3112085896853
2023-11-14,1148.6739508059707,2798.140107503435,1636.6924774063934,1521.7030039742167,1633.1772539261524,1601.8375237093564,1859.9125368830514,1286.5907964103721
2023-11-15,1150.3420547572223,2800.246181446353,1635.1728319304202,1541.2838224878924,1631.9139803213036,1605.2286391559069,1860.510047533899,1291.3406834687994
2023-11-16,1133.421752424647,2802.643152068153,1634.237383297051,1534.1835594059423,1630.9663071615582,1607.192207116418,1864.3947952968902,1291.9342249336707
2023-11-17,1146.0523057744688,2803.296543834493,1635.1728319304202,1545.5873524919382,1635.072475699295,1609.191269390459,1864.3947952968902,1294.9028893900006
2023-11-20,1150.4614015564418,2837.426244351634,1648.4989396873161,1560.0044042512757,1648.0215594709744,1621.5781087300124,1880.5317612659426,1303.5121718473033
2023-11-21,1136.75815006769,2820.9421742657983,1645.4596487353697,1542.7906194140335,1645.1790381771298,1618.044001906101,1879.037520372583,1299.3559458952438
2023-11-22,1142.8351600603753,2832.4882056819642,1650.2526307429323,1549.2454954464265,1648.9689835380243,1624.2911137676133,1884.11763763695,1306.183646825959
2023-11-24,1148.3163847596607,2828.4946806097437,1650.2526307429323,1552.9033032219745,1649.2850821685188,1625.2905885644534,1881.7268986341983,1309.7459723886568
2023-11-27,1145.3374582926576,2826.025661274908,1645.3422591029469,1550.1060673756594,1642.6522418747363,1622.3634908420725,1879.336159631447,1307.0743777685043
2023-11-28,1139.3796053586523,2833.432944431642,1644.173681996438,1553.764210330148,1641.0732432784362,1623.9697493797228,1879.9337863488547,1308.5584108929277
2023-11-29,1142.954222248786,2830.6728032656974,1643.3558064167923,1572.2691044454448,1635.7040502285456,1622.8275085662426,1876.0492707189835,1309.4490221939761
2023-11-30,1146.767342996819,2823.5564167878456,1649.0835033725216,1575.0661727022898,1640.4415442028376,1629.2172737640344,1879.336159631447,1318.0579457267886
2023-12-01,1180.2503816156598,2831.6170917109193,1658.9027792820873,1618.531339733687,1648.3372844624257,1638.8556137524577,1886.2093891811573,1329.9324839106116
2023-12-04,1195.621547315124,2805.33011875992,1650.4863094799741,1617.8856175051894,1638.2305974382436,1630.2523555547643,1872.7621496734002,1326.3701583479137
2023-12-05,1177.5097692660172,2812.373555915824,1649.668067057727,1600.6720002574175,1636.335749304144,1629.9312165275946,1879.037520372583,1320.1361185235664
2023-12-06,1175.0075659040047,2796.1072080346926,1644.875268471465,1600.2414629085956,1628.1240349604088,1623.3631909996336,1868.2798912595613,1317.4644042619173
2023-12-07,1188.2339994174965,2835.1751723737316,1657.3829503848133,1618.9617094930386,1640.4415442028376,1635.7498049784663,1886.2093891811573,1325.479666688362
2023-12-08,1195.7407992440737,2847.810940574559,1665.9168098193493,1634.0238131229928,1648.0215594709744,1642.7821862716785,1893.6802454482759,1331.713586871212
2023-12-11,1202.1753752830693,2872.1377382265373,1680.2955724207366,1652.313522358614,1665.708137216946,1649.1720641498307,1895.7719969924833,1340.6194605987052
2023-12-12,1200.507081591278,2895.0114033974796,1693.3878180192903,1652.5287072382898,1677.7100460142708,1656.7040701611024,1905.6332440626732,1346.8533807815556
2023-12-13,1240.7821674251545,2931.828070606388,1712.9100807338025,1701.5878431939068,1696.0283228358405,1679.5503512753896,1928.3442199897722,1367.6336730513751
2023-12-14,1275.933594606056,2929.286552254061,1711.7409533633918,1761.190870664167,1698.8708441296853,1684.9407543567015,1927.1486183552768,1377.4301580799167
2023-12-15,1265.0902073958964,2943.4466010400456,1710.221124466118,1752.3687933658703,1695.7124732980415,1682.1662258423166,1927.1486183552768,1374.1646630704029
2023-12-18,1263.3027566454252,2961.9863109696753,1722.1449763794635,1751.9163017964586,1709.8821112773044,1691.6286717881394,1943.1870438148942,1376.8794482708454
2023-12-19,1288.9215242616483,2977.1210437516934,1729.9772493389726,1774.771986146384,1718.758404932434,1701.9150365292826,1952.4802611404746,1387.02349184715
2023-12-20,1266.4973232353418,2932.8815578823037,1707.4525633539465,1733.3726945135566,1694.0322185210507,1678.3311497757493,1927.2990406170284,1364.6471820120446
2023-12-21,1287.5237057086285,2967.0072056593363,1722.5784009129245,1771.537509372441,1709.8821112773044,1694.245222437229,1947.3837784911486,1376.8794482708454
2023-12-22,1294.3334936640888,2971.4454063823227,1720.1161533728564,1774.771986146384,1711.46733719099,1697.6500848877495,1948.5836745883641,1382.5480623820335
2023-12-26,1309.1477708807092,2989.6359052059584,1727.8546980477279,1788.3561182390638,1718.758404932434,1704.8183586956166,1954.279524953498,1390.0068722075675
2023-12-27,1315.4796972879437,2995.7219950874032,1731.1379393295529,1791.5900922445962,1718.4411853848098,1707.900842635003,1957.5767437898007,1392.3937200656976
2023-12-28,1311.178848483641,2994.265935627402,1730.633163910135,1794.1775060742802,1716.539113562543,1708.5461630590735,1956.9776082071128,1394.1835568555534
2023-12-29,1293.2583288981482,2981.307299131284,1726.4093381985222,1776.7121694423392,1714.3201958316954,1703.599720597778,1950.3820098689075,1391.2001764951356
2024-01-02,1287.046128771212,2930.8572141982345,1713.8554341174074,1748.8973450811318,1702.2744467199755,1694.0658353034555,1919.2046747896236,1400.1506765008787
2024-01-03,1252.7583056549322,2899.8445211287917,1702.825944466083,1698.4420212496746,1691.1793598803458,1680.2310533326288,1903.0164074010538,1389.1118341711428
2024-01-04,1250.1298299640155,2884.9205308324026,1696.842007953331,1695.8547750094604,1685.4733935062407,1674.818790261397,1892.224306519714,1388.5151820273586
2024-01-05,1247.1431241349017,2888.3419440926755,1698.367156068324,1705.3420149147926,1686.7413998723023,1677.112849718992,1894.0231060664976,1391.4984427462796
2024-01-08,1267.3335097920349,2948.0381304304606,1723.4760647583576,1741.3509588296356,1710.1993308249284,1701.0551726989909,1933.59437476453,1400.4490623935192
2024-01-09,1253.116725533669,2953.861692813782,1722.1855124869094,1735.3133805779223,1710.516301279857,1698.4745670848724,1938.99030913864,1391.7970679219134
2024-01-10,1257.65636280668,2973.882003796292,1732.5108477649976,1738.9788974690973,1719.0753753873626,1708.079891727695,1957.8768919139445,1392.9902525679852
2024-01-11,1249.412990206542,2980.070312789356,1736.7346734766104,1732.2944238625953,1723.1962403941295,1707.3274122808748,1963.8726582701022,1387.6200243494375
2024-01-12,1246.784893996704,2981.5988712668495,1740.9586826095237,1715.0451100576809,1727.634075855825,1708.510330704463,1966.2708255326934,1387.3215188153004
2024-01-16,1234.4794610609722,2981.307299131284,1733.449414560478,1706.204430328197,1722.8791453928532,1702.2378657618583,1964.771941976934,1377.7746059487667
2024-01-17,1222.7712364726854,2964.4906792043435,1726.5270946735463,1686.5830551627444,1714.3201958316954,1692.7755324963962,1955.1785765272095,1368.8241059430238
2024-01-18,1234.240387981455,3006.5693791393533,1744.1263684719327,1705.7732226214948,1731.7550654089396,1707.8289525650614,1983.0579963708308,1373.0012691569964
2024-01-19,1246.5456311766475,3066.192391002962,1769.469873005511,1734.8821728712198,1758.0658550022702,1729.1193432628017,2014.2357957163547,1383.4433397014514
2024-01-22,1271.515011797118,3070.1962730776813,1775.6887722044094,1750.406655849325,1762.8206609188942,1732.7751448759564,2018.732446383633,1387.6200243494375
2024-01-23,1265.0637385906641,3082.9365119124104,1771.699358915041,1750.8380311454976,1767.5758404745613,1737.828520999281,2025.3271161893583,1390.3051384587113
2024-01-24,1255.2670550655507,3100.044703974916,1774.8672281987506,1748.8973450811318,1770.1117286603378,1739.7284245561605,2037.0189650437699,1384.0399918452356
2024-01-25,1264.5856873018993,3103.8299632360186,1780.0298041271444,1762.6971648218976,1781.8405073171293,1749.190532460902,2042.1154476930958,1396.5705243551802
2024-01-26,1266.3777866955832,3085.339336492144,1775.8059784155316,1753.856820271354,1776.134540943024,1746.9685884339697,2037.0189650437699,1397.4656820331015
2024-01-29,1281.3115055816922,3116.9344983760334,1791.9974937313477,1780.3778539229845,1790.0826109697061,1760.8034830851566,2058.6033989395696,1403.7309482880737
2024-01-30,1274.8599477644295,3096.186045087409,1791.9974937313477,1767.0095770678613,1793.8865055215444,1759.441402888516,2049.3101816139892,1408.2058991872036
2024-01-31,1242.483950322132,3035.5439942388048,1765.8328120347117,1733.156839276,1765.0397031960897,1730.7321372613558,2006.4416940796536,1395.0788341749715
2024-02-01,1256.222873032272,3071.2884865368537,1786.9523074353767,1753.2099249165656,1783.1085136831912,1753.3841574342953,2037.9184808837215,1407.9077525775565
2024-02-02,1250.727228052,3123.1953063865894,1810.4184949566938,1764.2064755900908,1793.2524400653394,1771.8427779945623,2079.887916844345,1405.2227581097793
2024-02-05,1231.0147988133624,3119.1184749899217,1809.3627219500913,1756.4440665115683,1795.4713577961872,1765.3910385985448,2082.58600009796,1392.9902525679852
2024-02-06,1237.944028438312,3112.8576669793656,1812.5302243911995,1759.4625204584845,1798.6414359845162,1770.5166428328923,2080.188064968489,1402.2390188248717
2024-02-07,1234.3599245212133,3144.8893990338042,1833.767292845588,1771.1061340762685,1813.5402928296364,1785.283291384313,2108.0674848121103,1404.9242525756422
2024-02-08,1251.2051844704956,3150.713186569354,1838.108875032225,1784.474578520862,1815.7590860141363,1786.0720539071858,2110.7655680657253,1404.9242525756422
2024-02-09,1266.3777866955832,3181.7261047910256,1849.6070061067371,1793.9619860156643,1825.2693205791231,1796.3943636833,2133.848885517284,1404.626105965995
2024-02-12,1288.9572903533065,3169.277438091862,1849.4899833169156,1812.28990565048,1825.9031369426325,1795.606051881869,2120.6586173733535,1414.1731384740253
2024-02-13,1242.6032971213513,3119.84616699158,1826.492804061388,1759.8942309335973,1807.51748054695,1770.8750790593579,2091.279617574613,1394.7803286408343
2024-02-14,1265.8999251473572,3153.843703150746,1845.0310114978558,1790.2964691244892,1819.246134657394,1786.9682008135296,2116.161734572955,1403.43268203693
2024-02-15,1297.439925773501,3163.235478047151,1855.7081488306112,1813.152488653355,1827.8050842185517,1799.2975731692738,2119.159733817594,1421.0351765142784
2024-02-16,1282.8644370255893,3134.5519847788087,1841.6285463706015,1792.6685304850273,1815.1251451042792,1790.3372309094398,2105.0697177005914,1417.7531709782272
2024-02-20,1270.2007739516598,3110.892088026866,1827.9009293865595,1774.771986146384,1801.8113896264974,1780.480629062902,2083.7851997958155,1418.0516765123643
2024-02-21,1266.3777866955832,3098.442971023246,1830.8340194054233,1770.0280310147778,1808.4682673653883,1782.093535741816,2079.887916844345,1424.0186765161927
2024-02-22,1269.483934194186,3189.1520755827028,1878.001173712903,1795.2559443147115,1853.1649624470965,1818.9748318273791,2147.638753510143,1433.8642145583601
2024-02-23,1273.3069214502627,3179.760300686298,1880.3478658335548,1788.3561182390638,1854.432844266811,1820.2291895994674,2143.1418707097446,1438.637670991627
2024-02-26,1273.6654361992692,3178.0862938693635,1878.588121875017,1781.6716446325618,1851.2628906248297,1813.5625687561474,2138.0456201935385,1430.8804752734527
2024-02-27,1284.4175582100258,3185.730212017973,1878.470732242594,1801.939915152803,1849.9948842587678,1816.9315988520575,2141.3435354292014,1434.4608667021444
2024-02-28,1276.0548388106683,3168.7672431426795,1874.3639293208028,1793.5306107194917,1848.4100319841248,1814.5303803717122,2134.448253233092,1435.0576384874253
2024-02-29,1282.5060171468526,3195.9226282379846,1880.582278255799,1818.3274839021935,1852.847991992168,1821.05355911623,2150.636520621662,1435.6542906312095
2024-03-01,1289.0770166336044,3244.0428379132486,1905.2219952587427,1841.614208369351,1877.256585216884,1838.1499867994958,2177.6168888915713,1441.621290635038
2024-03-04,1282.5060171468526,3232.4679870118684,1903.814053354872,1835.576797707108,1875.98870339717,1836.1787565744764,2168.6235875570146,1445.7980949245207
2024-03-05,1276.8910253673616,3174.4462577954737,1883.1637496412968,1816.81783795506,1858.5538338199256,1817.827633078041,2133.5487373931405,1442.516209029966
2024-03-06,1281.4308523809118,3194.3936194560347,1896.8917334679402,1828.8924916900762,1871.8679629367505,1827.0390271808692,2143.4415545676484,1450.5716709992842
2024-03-07,1291.466229504464,3242.8781254365845,1919.0671852965083,1854.7671327553285,1896.9106216176715,1845.1752692300022,2175.518405486884,1456.5385513616159
2024-03-08,1290.3912544790624,3196.068076577425,1896.1873956734034,1847.0048912662758,1875.3548870336604,1834.100141965986,2151.8354881863975,1456.8370568957532
2024-03-11,1284.5369050092452,3184.201428388251,1890.9077969551881,1843.985766961479,1876.9398638546509,1832.5230676416822,2139.544503749298,1462.8040568995816
2024-03-12,1281.072432502175,3229.847440227431,1918.480420555695,1849.807657565106,1899.1295393485193,1852.2361586543982,2180.61488813621,1465.4890513673588
2024-03-13,1282.1475972681155,3205.0223806943673,1915.6645367479532,1844.2016221990352,1896.9106216176715,1849.3329491684246,2171.3219029437496,1467.577632974345
2024-03-14,1262.5547994395065,3196.941442070752,1912.6136902540652,1812.0742180023938,1895.9599593455812,1845.6770348749096,2174.3192057890287,1458.328747075962
2024-03-15,1267.214068122546,3158.940023836866,1894.6622475584102,1799.9993966779075,1875.3548870336604,1833.003536698472,2148.5380372169748,1455.643632966688
2024-03-18,1263.1521026572216,3189.068318953798,1905.3395683124663,1809.4306617002085,1886.0110725439506,1843.8972485822276,2168.8332037643636,1459.1228076892155
2024-03-19,1271.873147065046,3197.013941088244,1916.486080753612,1814.6219131276519,1897.4627355770815,1854.1440625168668,2181.443139108326,1466.9206815162502
2024-03-20,1292.900003889681,3234.9196696251292,1935.2587006123244,1854.4229039836353,1912.4132791565023,1871.2936753302465,2206.66184913065,1476.8182636094596
2024-03-21,1307.9507926885383,3250.227994775117,1945.5484521580845,1878.4332797829113,1923.8648176432855,1877.4773481488476,2208.7635823990167,1485.216019900688
2024-03-22,1291.4140508561568,3253.945708367749,1935.4353353248607,1861.1286614528465,1921.6380534925318,1873.918451645646,2213.5673451840385,1476.8182636094596
2024-03-25,1288.658069522831,3242.1364739967753,1927.9090090948534,1856.5859812748934,1916.8666829116619,1868.7410144455096,2204.8604961195465,1473.818851288491
2024-03-26,1286.7405516326698,3231.63942681196,1920.5002559185698,1850.7456558295494,1909.2322408895748,1865.2896150061395,2195.553582939887,1473.818851288491
2024-03-27,1317.6568751061359,3242.6466689459576,1930.4961665406715,1889.8975726676322,1918.1391729462418,1880.9646926231887,2202.4586147270356,1496.6130688713884
2024-03-28,1324.3674287595427,3236.669777895207,1932.7306048253192,1897.9009754042343,1921.9562694109375,1880.6055803145607,2196.1541113212947,1502.6115345888352
2024-04-01,1310.8265003021618,3243.5213853526543,1927.0858142974887,1885.571418085116,1921.0021198411112,1877.3337933696848,2199.756817343501,1493.3139546013163
2024-04-02,1287.9390477491554,3215.5295597294526,1915.0907949194868,1851.6109202639468,1910.5048554705022,1865.3975627914126,2184.4450846160044,1483.7164333817004
2024-04-03,1296.2070866194024,3222.7459137966416,1915.6784767668034,1859.6143230005487,1911.7770964123863,1867.446542465115,2192.5509410328486,1481.0169622928288
2024-04-04,1285.302697825858,3173.468196516017,1888.6313551926892,1831.2777926187564,1884.4206156836608,1844.652432357698,2159.22614246056,1468.1203268031409
2024-04-05,1289.616733597642,3210.8639552559484,1911.4451131475562,1841.6607982420535,1906.369418541053,1863.9233656361635,2192.5509410328486,1476.5180830943693
2024-04-08,1298.963352563537,3211.8118461368213,1910.269199189021,1862.2101163037405,1905.4150198785312,1864.9658843306804,2191.650496660417,1478.017669613357
2024-04-09,1304.9549793135377,3223.694029829743,1910.5045287177686,1879.514567044335,1908.9141495175168,1867.1231498307372,2191.650496660417,1481.6168447570226
2024-04-10,1266.1298906809882,3195.55563010596,1891.9239509608478,1826.3027316078098,1897.4627355770815,1848.427337111806,2177.2396725715917,1461.522098262997
2024-04-11,1271.5222219376114,3246.5832305044346,1908.7400158054136,1837.9835500879676,1916.5485915396039,1862.377391091333,2211.4656119156716,1457.9229231193315
2024-04-12,1252.3492250522027,3194.826587190932,1883.338733562127,1793.856237059998,1891.1006590432262,1836.670719028028,2180.541998336534,1436.628531338415
2024-04-15,1240.725719614713,3142.268627097138,1860.0546833923659,1768.9804292368544,1868.5155488953703,1813.6608260304254,2141.512992606792,1428.8305378698838
2024-04-16,1234.0151659613061,3142.560199232704,1861.8188294621198,1756.650704328266,1868.833764813776,1810.352981370218,2142.1135209882,1421.9322484561462
2024-04-17,1223.829609200898,3104.216549611899,1848.7652857580056,1745.618959866009,1851.02002524679,1799.6388819809567,2121.3977292273935,1420.7324835277586
2024-04-18,1226.3459482330886,3086.502698055439,1844.766701403604,1737.6157247188771,1844.976413724036,1795.9358672967903,2110.589611160775,1423.4318349751338
2024-04-19,1236.8911581857387,3022.6452482353975,1817.601639933165,1729.1796059703413,1823.6635445180648,1780.2601135975785,2062.853524233421,1434.8290035873306
2024-04-22,1247.556094418687,3053.0432757217563,1833.124584608073,1748.6476367706045,1842.431682747572,1796.6548806765688,2083.2691678700835,1445.9262309674307
2024-04-23,1269.7248098088269,3098.6037297142066,1854.1747467570885,1777.6329059913571,1865.3347597211382,1817.9751316698182,2116.593734309252,1456.4235758833374
2024-04-24,1266.7288066932872,3109.1010020512495,1852.8810763235292,1786.7180987577933,1863.1077464776893,1817.112112789435,2115.993670194084,1455.8235737776467
2024-04-25,1256.5434396734186,3094.084249036827,1847.2364692169992,1782.8243250082705,1862.471688279921,1810.209088549974,2106.6862927481848,1452.2243986339813
2024-04-26,1266.0098797898813,3141.831381469904,1870.403313175638,1798.6149400649779,1888.8738948924727,1827.3589267240743,2147.2169676311255,1448.9251647224125
2024-04-29,1275.1171410654501,3154.587831265066,1869.4625453245499,1811.3772133960297,1888.5555544277192,1833.8303851831636,2151.7203501588833,1455.5236325455498
2024-04-30,1250.9113712453902,3095.1050892396484,1845.8252257297165,1773.306918998311,1855.4735535482973,1804.7803741461223,2111.1896752759426,1438.427939448003
2024-05-01,1255.1052063855282,3072.7256332096836,1836.7702663800037,1753.4061721861142,1838.2962458181228,1798.9199812815386,2102.7834386018344,1435.4288860515244
2024-05-02,1274.1583821203697,3111.9437740849557,1850.646821460182,1771.1436741175828,1853.8828475953121,1815.7459760998195,2128.3029931476626,1443.2268795200555
2024-05-03,1283.7447382576695,3174.4888115666104,1872.0497027703677,1788.232269620621,1875.5139327196894,1838.2529766489108,2169.1333518885076,1450.7248121149937
2024-05-06,1297.2855718447809,3209.2601959342237,1897.3335953812316,1813.1077422648243,1896.8264282866178,1857.2360116065279,2198.5557605806857,1458.522805583525
2024-05-07,1301.5996076165645,3209.770390883406,1903.4483112813546,1798.3989172379513,1900.325682471951,1859.285442001672,2197.654619808894,1463.621567246178
2024-05-08,1297.2855718447809,3207.8755097305725,1903.4483112813546,1796.235672357223,1901.2799565881253,1859.4648291354454,2196.1541113212947,1465.121034123669
2024-05-09,1312.8636496023512,3214.8727906796885,1909.681150499103,1802.075997802567,1904.778961680763,1870.1790412050668,2202.158466602892,1478.017669613357
2024-05-10,1305.9136433883486,3222.455017117761,1916.1491358242986,1802.9412622369641,1912.4132791565023,1872.5880346302806,2203.959819613995,1482.2164879382228
2024-05-13,1309.8678362273508,3229.889768846339,1914.9732218657632,1808.3488716703744,1915.2761015050244,1872.8395371947165,2203.959819613995,1481.6168447570226
2024-05-14,1322.9294800824612,3250.66546555458,1923.439765682957,1827.8172376495777,1922.9105435271115,1881.4323161188918,2218.3708758359403,1485.515961132785
2024-05-15,1328.681369661057,3301.4742179872087,1954.603594929098,1851.178204252013,1950.5852401742427,1904.730332798064,2254.6980841821473,1496.3131276392915
2024-05-16,1323.0492063627592,3294.767383412517,1947.0774521203914,1837.3348112490075,1946.7681437095468,1900.8113098629908,2243.8897339824084,1498.1126553903757
2024-05-17,1322.8096589318936,3293.163849243021,1946.7243661166199,1836.2530212191732,1946.4498032447934,1903.5438086029426,2244.1901142396723,1502.3115933567385
2024-05-20,1320.7724147614344,3316.125999239661,1953.31029133814,1847.933839699331,1953.447937976417,1905.7370191379705,2258.3007902043537,1493.9137174240134
2024-05-21,1320.0534878580286,3322.614211000735,1955.073887143992,1843.3914947003182,1954.7205525573445,1910.4107751270724,2266.406878754318,1495.7133648165943
2024-05-22,1310.8265003021618,3321.957667103199,1949.0765608762915,1840.3626502062523,1954.4023366389388,1904.910170653279,2260.1019110823368,1491.2144856181349
2024-05-23,1291.893430328697,3307.0140885629535,1944.37272162085,1807.916658426851,1951.8576056624747,1890.995949028363,2255.598992820819,1469.9197349127287
2024-05-24,1303.996220368457,3338.286832456009,1958.2492767010285,1828.6819993155646,1963.6273600676636,1903.5079762483322,2277.8152930692245,1475.9184399131693
2024-05-28,1299.2028999944027,3350.8976087595024,1963.0708724314943,1826.3027316078098,1971.2619266360982,1904.8378298618957,2292.2263492911698,1464.2213300688752
2024-05-29,1283.3853696762365,3327.2795903220117,1947.4299878602612,1797.3169596186467,1956.3110094176343,1891.4991795179558,2282.91943611151,1448.625462773309
2024-05-30,1299.0830788438352,3291.6328140910173,1936.72900575842,1790.8278953343427,1942.3147399543873,1878.9517706648176,2247.4926721377346,1457.6231015287312
2024-05-31,1313.9422296979994,3285.51002439637,1949.0765608762915,1799.263678903938,1955.0385193830548,1896.065663803947,2251.996286798613,1481.0169622928288
2024-06-03,1309.2687304745127,3303.1507014786534,1950.840890367346,1793.639879054031,1956.9471921617503,1897.6116383487774,2264.605293610095,1474.7186749847815
2024-06-04,1289.616733597642,3312.189887985641,1955.5449130440884,1783.0406830142374,1963.6273600676636,1899.732282731701,2271.2104094062197,1472.919266875194
2024-06-05,1303.8763043476201,3378.9626088568807,1980.3577797548555,1817.6502548533072,1993.5285717728534,1922.3109479900133,2315.3435581782473,1477.41790679066
2024-06-06,1294.76932768286,3377.796545466847,1979.53440153619,1812.6751938423606,1992.8923890287372,1922.2755663568446,2314.7430297968394,1477.1178459170665
2024-06-07,1281.3482203760468,3374.8078747892437,1977.4177197265665,1800.1292785172757,1991.6200235405051,1919.9383503212123,2314.1429656816717,1474.7186749847815
2024-06-10,1275.596330797451,3388.4392661433303,1985.4148884353694,1812.8913842588574,1998.9362496441865,1925.8705205753774,2323.1494986040675,1476.8182636094596
2024-06-11,1270.617349305692,3411.6932134277636,1994.5468847313598,1805.5368879506857,2004.9799857132884,1930.5086695705897,2345.0663471276894,1467.8205052125406
2024-06-12,1290.58156423998,3456.378725861289,2007.9808442130443,1840.3626502062523,2018.0222301530569,1946.3639230839353,2379.2920543386495,1466.320918693553
2024-06-13,1277.9536672577085,3475.1129673161145,2013.4016773327683,1835.387924374246,2036.7899947435214,1950.2829460190085,2391.9015254163714,1463.3216260140814
2024-06-14,1258.951436857669,3493.118391008141,2016.5829363714258,1816.78499041891,2049.514023264884,1951.4696955748507,2400.0076139663356,1457.9229231193315
2024-06-17,1270.857845439254,3535.9085719843756,2032.6093725166475,1831.493815445783,2069.23618651787,1967.0015564538182,2424.0257314920846,1465.7209165878628
2024-06-18,1271.2185422044624,3537.002586661374,2040.8578284073556,1839.2813629448285,2078.4609608539,1971.9984797165773,2430.3302348978254,1470.519737018419
2024-06-20,1266.2876599394158,3509.7389033442873,2031.7845269275767,1824.3560123225186,2065.101123227464,1966.6421061041092,2412.316472653674,1476.8182636094596
2024-06-21,1268.0917129870759,3500.334970227558,2027.4242357682724,1826.086541191313,2053.967551566391,1964.0049349490646,2404.2106162368295,1475.9184399131693
2024-06-24,1276.751091719628,3460.4848270476273,2020.1181985203586,1816.700357736483,2043.599566304708,1957.6211418103744,2378.772076149877,1488.2271570883279
2024-06-25,1265.806572802022,3500.0578078345998,2029.3098067390636,1821.0357297398575,2039.771260668718,1965.1594579218292,2407.9393705431894,1475.8580209573618
2024-06-26,1266.4080503116013,3507.2856446654287,2024.9495155797595,1817.567465655052,2035.624365475279,1967.6120586465217,2421.169565583758,1471.6344368426896
2024-06-27,1272.4214972236216,3516.3392409150233,2023.7712171443156,1826.4549028467084,2035.624365475279,1970.7136982471782,2427.1834383232745,1470.1258772114534
2024-06-28,1282.7641591505696,3498.086600076394,2012.2231954760236,1830.5734140757056,2027.010989160171,1962.9588104830145,2409.442664628228,1470.427613066
2024-07-01,1272.78219398883,3518.6031465699352,2008.334480480718,1815.616724222477,2025.7348872815076,1966.9990774858893,2426.882593799771,1463.4887651848987
2024-07-02,1279.5170344312671,3555.547024787797,2020.4716513667317,1835.1253116745172,2040.4094361543973,1980.2358647840183,2447.9314965877593,1469.2206696478138
2024-07-03,1278.9157466622266,3585.1901168528807,2029.3098067390636,1847.9145669102636,2050.9369652875007,1989.0729347295633,2468.9797029763877,1467.4107330865208
2024-07-05,1269.1741827637798,3622.572366459118,2043.4504884921935,1846.397379436973,2060.507231192085,2000.543119337178,2494.2376434959897,1467.7123492995709
2024-07-08,1277.4725801203144,3631.1875913203367,2041.3290377287528,1860.4867937821625,2059.869304799101,2002.8517145612661,2499.349679064355,1468.6175568632104
2024-07-09,1269.294383395426,3634.327113990858,2042.0359434214988,1858.5358847601174,2055.4031973164747,2004.7992819105991,2502.0556548440495,1469.2206696478138
2024-07-10,1282.8844546524856,3672.2204591551904,2058.180319463045,1884.981167971239,2064.973836860102,2024.637560803731,2528.817353714931,1481.8916612748233
2024-07-11,1325.6994073454255,3591.6882353119977,2039.2079538079133,1891.701002955943,2049.022937015853,2007.1795418439083,2475.895412887056,1495.1658853279325
2024-07-12,1338.4477895701523,3612.7886015333543,2054.1738479927153,1916.6287635148337,2063.378522692251,2019.8400817788984,2491.832512239799,1504.2167645493632
2024-07-15,1356.728341828966,3622.498966832712,2061.9510945620264,1920.3137207845466,2072.948788596835,2025.3949981864096,2499.9513681113626,1508.1386128094887
2024-07-16,1405.075464555993,3623.8865800153308,2074.9132944584117,1958.030736579184,2089.85657803056,2037.4058231632735,2500.2519805017464,1530.1620998709786
2024-07-17,1398.581120247118,3517.5077809795675,2041.2114646750292,1897.1200084733237,2065.9308509959255,2008.8390981920325,2428.9878090649377,1538.910764671876
2024-07-18,1377.053443269002,3500.860925832717,2027.6601155609221,1882.3800118050024,2053.4890444984794,1993.4012127336468,2413.652630892322,1523.2228930653873
2024-07-19,1367.552375504117,3469.8308960417,2012.4588918473726,1868.723816240157,2033.3911249144444,1980.1637493533556,2397.415151282315,1514.1723727684468
2024-07-22,1387.5164955681353,3521.523596122384,2039.6795299719117,1904.2728946489017,2056.3599623596024,2000.5791770525093,2434.4002248905667,1519.3012840882552
2024-07-23,1398.3405292432863,3509.1111789319657,2032.6093725166475,1895.6024858210928,2050.298540709126,1997.4417050972427,2434.0993803670626,1512.9657882747504
2024-07-24,1372.6035532710796,3383.238474823309,1985.237886880232,1833.3912634268493,2009.1461855906227,1952.174623909578,2342.989684236281,1508.1386128094887
2024-07-25,1390.0421318867516,3345.9289493867923,1970.2718092741295,1818.0010196143364,2008.5080101049434,1942.0027424146117,2318.3329684974465,1511.155732071961
2024-07-26,1416.0196988627902,3380.244850796684,1995.7253665881042,1850.0820015277457,2037.2194305504345,1963.7525309417454,2340.283940589706,1531.670300577725
2024-07-29,1406.9997182352993,3387.0347665435947,1995.4896702167553,1852.4664645090752,2036.5813796111029,1964.9066031930683,2344.192830197176,1530.4633571595386
2024-07-30,1414.9374188266256,3340.526421670272,1987.3587873797708,1839.460851267362,2028.2869664924865,1954.9519694329733,2314.1234664995927,1537.704060536683
2024-07-31,1423.2357213128907,3439.384911130727,2024.2426098870135,1884.5476140119545,2060.8264434812722,1986.7287325115856,2376.6675572840704,1539.815972235516
2024-08-01,1383.3071965740448,3356.077686074526,2001.617592450526,1811.2811846296322,2030.5200825069735,1958.5949254850411,2330.6615584999836,1530.7653322970787
2024-08-02,1336.1626493850983,3276.421754703627,1974.0429512157118,1737.1478149182112,2007.8702082583072,1922.129081888311,2282.55104085009,1509.6472920822214
2024-08-05,1294.9111587359864,3178.7311298510313,1916.5374387177972,1694.228821970041,1960.975145593124,1866.1493661560705,2206.4756783684197,1472.841021336386
2024-08-06,1309.8243856438512,3209.1043905922843,1937.1594955510704,1715.6883184441263,1974.693053969233,1883.3545303871326,2232.035159810886,1484.6069250412525
2024-08-07,1297.1962989210404,3174.350117794017,1921.2511827234744,1682.956754207585,1963.5272248041026,1870.766105882805,2209.1818862812343,1478.2714292277476
2024-08-08,1326.421180356921,3271.457148071025,1970.7437522807293,1743.0007095738167,2007.8702082583072,1914.0131662493925,2275.6344024069417,1499.6913249386478
2024-08-09,1323.8954491680352,3288.5416991495663,1982.7631666917189,1747.9863287213827,2018.0786496485707,1922.4529252441305,2292.4738031970764,1502.1050921335238
2024-08-12,1307.7796467220899,3295.6236373364986,1986.0625490480022,1741.483186921586,2013.6122930732488,1923.4636680770116,2301.7953407632954,1495.7694766785223
2024-08-13,1330.1493922136174,3377.396900261728,2015.6401508860304,1784.6193758230738,2038.8146201719376,1955.095749572857,2354.7168173249306,1509.3454365861783
2024-08-14,1323.775248536389,3378.492265852096,2020.5895912630565,1779.8506174498848,2045.1946313798633,1961.2636471410005,2359.227163846288,1515.9826682542296
2024-08-15,1354.924288781306,3463.843647988451,2056.6483847599275,1837.726635430224,2083.4763177299387,1994.8804805051145,2410.044121542116,1531.670300577725
2024-08-16,1358.8929967715649,3468.297384215185,2057.8270500379726,1835.992419593086,2082.5190545014193,1999.3527640098027,2412.1488725410427,1537.402444323633
2024-08-19,1370.3184130860254,3513.856937598722,2072.9103338551977,1860.920347741447,2094.3225609668384,2018.4694378748663,2443.120073409778,1546.452844979077
2024-08-20,1354.563497145828,3506.482976971768,2072.438757691199,1844.879521605802,2096.236838331181,2015.187058976112,2440.714477887347,1541.9277642928519
2024-08-21,1370.1981175841097,3522.8375845263677,2087.4044684547002,1869.1575377889117,2106.7642429179364,2022.112619287655,2449.7354030631823,1548.2631404648598
2024-08-22,1359.8551710463526,3466.9833958112004,2071.2602758344547,1839.2441580824548,2093.6846345738545,2006.241815884573,2415.7573818912488,1547.96152425181
2024-08-23,1400.505468796694,3504.5844933832827,2090.2326414895865,1882.3800118050024,2104.8504637389847,2027.5589118277308,2443.4206858001617,1563.347660003752
2024-08-26,1400.0242867890304,3470.561064717869,2087.1685886620508,1856.3682825531653,2100.703070360155,2022.7256004482877,2427.1834383232745,1566.9677724093308
2024-08-27,1391.3650977970176,3480.92842421922,2094.7105057026142,1860.7036545565397,2108.3591834467443,2025.5031713324036,2433.497923453175,1568.777948253617
2024-08-28,1387.0355981712808,3441.4288430586525,2078.6840695573924,1830.5734140757056,2093.3660450164057,2013.744525002138,2409.442664628228,1566.9677724093308
2024-08-29,1394.251430880842,3436.3917374085586,2078.9201327713427,1838.5935757593227,2104.2122882533054,2013.9243628573531,2402.827567107944,1573.001532368289
2024-08-30,1401.1066616954645,3477.3509804647797,2094.9463854952637,1858.969438719402,2125.905272912496,2033.1498859505732,2428.085507627546,1585.974259849845
2024-09-03,1361.0578414547028,3371.775299427134,2049.813556833411,1780.5008645940766,2089.85657803056,1991.3094145229886,2352.9124465832674,1573.001532368289
2024-09-04,1357.690516103754,3363.0137256175617,2047.1033236948497,1778.7668163464089,2093.3660450164057,1987.233540526224,2346.898573843751,1572.0965640876427
2024-09-05,1351.9176601955655,3366.153923744768,2035.2018491801848,1772.047148951175,2081.562289458291,1982.400229146781,2349.0040212420377,1559.7274279566764
2024-09-06,1328.706320541975,3275.9831581630233,2011.0447136192793,1729.994761153163,2052.850993559148,1949.036475872149,2297.585142366082,1545.2463801268775
2024-09-09,1325.4588163415938,3318.111391588245,2033.4342181057184,1755.7894620411525,2079.3291734438044,1970.858379829945,2323.4447719326918,1562.1408362270624
2024-09-10,1321.009021213941,3348.7764496172917,2038.5014149577687,1765.5438395619078,2089.85657803056,1979.4423696860083,2344.49344258756,1558.8221007515401
2024-09-11,1323.4144569009109,3421.4965665973837,2059.7122541661624,1806.7294546202909,2100.703070360155,1999.749624239168,2391.7018909331823,1554.9004917744078
2024-09-12,1340.3720432494586,3455.0822993311067,2074.6777815083633,1818.4345735736208,2115.0587805829005,2016.5939859561959,2419.365426975215,1560.9341320918695
2024-09-13,1375.2493902213419,3470.561064717869,2083.63387677702,1850.0820015277457,2128.7763153199667,2027.125993883034,2431.3934045873684,1570.8897403109531
2024-09-16,1380.9018557573447,3455.2284231272315,2087.6399814047486,1855.067620675312,2130.3710067560787,2030.1201364198587,2423.8762377628123,1583.5607319379624
2024-09-17,1391.60549906031,3457.0535070893116,2087.4044684547002,1867.8568759110583,2131.009431334454,2030.949463872479,2425.078687324348,1582.6555243743228
2024-09-18,1393.4096469782396,3442.086287565102,2078.3309835536206,1860.7036545565397,2118.886837126195,2024.9262478871024,2416.3581424057766,1578.1304436880976
2024-09-19,1420.5900741031676,3529.116404715183,2109.0868838270926,1909.2590165648785,2147.2791698288465,2059.4805818498307,2476.1962574105596,1589.5944918969205
2024-09-20,1406.5185362276354,3522.3998885946776,2102.252239321877,1905.3570309313181,2143.7697028430007,2055.9198824608625,2471.3855306319383,1586.5776119174413
2024-09-23,1406.3984304662588,3531.7365011951647,2109.675849623514,1914.7158973025134,2149.783796881347,2061.0576561741345,2475.6013002240315,1594.037977082432
2024-09-24,1406.7591272314673,3548.772194240178,2110.383122158861,1924.4865310018733,2146.905032600318,2066.955120877293,2487.648544885144,1592.8250515894133
2024-09-25,1388.5788528476737,3552.0621185991613,2107.227175259695,1914.4983661702554,2137.6273260665107,2062.396073495089,2491.26262543023,1583.7269139768068
2024-09-26,1397.518193745962,3578.749187059736,2116.801216890277,1947.9376607392505,2154.5825676587137,2070.572836528629,2497.5868601511697,1592.521880036907
2024-09-27,1408.027447866415,3558.861941044114,2112.073166023148,1944.8977553401546,2148.184621776717,2067.570130284413,2484.3350767304423,1597.980762604471
2024-09-30,1412.8594753104867,3568.5130913074468,2119.2834573521172,1937.2977404582098,2152.023389305915,2075.855066463947,2497.8881689409136,1603.1364736195285
2024-10-01,1394.6190531757347,3518.794751116164,2105.5725317064353,1907.5499391482633,2136.028150961881,2057.258750503259,2461.7475956231765,1598.5872253509804
2024-10-02,1388.216543287881,3523.7665626200696,2109.118065448205,1915.1497864407381,2136.667571911037,2058.127065360581,2465.3619083013823,1596.7678371114523
2024-10-03,1377.8278692801528,3521.1347582242197,2108.1727120646,1911.893020267265,2129.3101209662627,2054.364668126478,2467.169064640485,1588.8823857088712
2024-10-04,1398.6054070361483,3563.029283636533,2118.219613808286,1936.2120958705618,2141.146507667478,2073.0333248785505,2494.8764738421955,1599.4973382159826
2024-10-07,1385.3174027176537,3524.8632791238065,2099.071530547121,1931.8695175199707,2115.23414184048,2054.292101974374,2468.6749121898442,1587.3661690218494
2024-10-08,1383.7471100144107,3577.5058964554173,2120.2291775783233,1942.2917390792836,2134.748312692786,2073.7209004377746,2506.0197921340764,1590.7022525143857
2024-10-09,1387.6126940215602,3605.6555537906124,2134.0578596990294,1963.3542160985774,2156.502325062356,2088.0840406185657,2523.4873451468975,1601.9235481265098
2024-10-10,1378.1901788399455,3601.5609353679138,2130.630082432284,1952.9318269497946,2152.343224326841,2084.4298165304567,2521.3795764174106,1595.8579635294432
2024-10-11,1403.678784446209,3607.1904165304963,2144.459314816892,1970.7368674377346,2160.3410925915537,2096.911870774557,2526.800116902239,1614.3580085146464
2024-10-14,1413.221879740549,3637.460332398989,2165.262041631316,1991.1479241865459,2178.895509288386,2114.061370907576,2551.1945222154877,1624.0628481567553
2024-10-15,1415.0338070205896,3588.838933863672,2138.667787248533,1954.4516958546074,2160.9807626334054,2097.6355040491126,2521.6804209409142,1619.5137195297036
2024-10-16,1434.1199976092691,3589.2775304042752,2150.1327190676257,1967.697297217579,2164.820028347994,2106.7526973706376,2526.498808112495,1632.5548819473424
2024-10-17,1431.7041261926381,3591.7636613084564,2146.587001904555,1964.4400282756953,2164.180109213447,2106.9336620294566,2530.413965314205,1629.521850365816
2024-10-18,1427.2346929191676,3615.3062537494884,2156.160860113837,1972.6911282491828,2177.615920111987,2115.038309632334,2544.26790204818,1633.1612250523551
2024-10-21,1402.1083968726964,3622.2524251427944,2150.8421926585806,1959.0118053374565,2168.658795877192,2111.5645994816027,2554.5075261039497,1617.9973832011854
2024-10-22,1393.8942443156106,3626.200694617139,2143.8686982287645,1944.680559386837,2153.6230625959356,2110.4429791740777,2555.109911550317,1615.2676428136617
2024-10-23,1385.0759578813952,3570.633124688516,2125.78409166883,1921.4469607817177,2139.2269993565315,2091.159313014886,2516.56072497959,1613.7513064851435
2024-10-24,1388.9414470182749,3599.5870257829697,2124.247754854497,1933.6067499675714,2134.748312692786,2095.682077321038,2531.318123816556,1608.5957151115824
2024-10-25,1382.7806665774885,3621.5213558577125,2124.7204315462996,1941.4234580344234,2132.509467546304,2094.9579933250407,2544.26790204818,1596.7678371114523
2024-10-28,1403.678784446209,3622.1058510422126,2128.6208855048476,1952.9318269497946,2134.748312692786,2101.4344097199883,2547.882214726386,1605.2595119775494
2024-10-29,1397.2764642988946,3656.908756721779,2134.0578596990294,1967.4801012642615,2138.587080221984,2104.8353283578945,2566.855615288566,1594.3415075594282
2024-10-30,1398.9676217256713,3629.2715458580487,2123.06578799304,1930.349648615158,2132.8290534745347,2098.467986551824,2555.712296996685,1592.8250515894133
2024-10-31,1376.136711853376,3537.658455102225,2085.2424815838135,1880.407986509718,2100.83782950838,2057.331091294642,2480.7219247178364,1583.7269139768068
2024-11-01,1380.6064297376552,3563.833077091335,2093.1615128185354,1889.0934783898406,2107.8761927103146,2066.0142398678663,2498.4900901210412,1584.3333767233162
2024-11-04,1389.1829867248034,3553.451532999605,2090.797762516922,1888.0074986232526,2107.5561085966933,2061.564041713819,2490.6597757176223,1581.6038756187859
2024-11-05,1417.8122726078225,3598.7823317192547,2112.073166023148,1919.7098959235873,2130.5894610499668,2086.491867125967,2524.9929605631364,1597.0710086639585
2024-11-06,1502.7334970794188,3696.5368998046692,2154.269969925326,1973.7771080157709,2173.137482540937,2138.3741869126043,2590.647867288567,1636.1942566338817
2024-11-07,1492.2240532184264,3754.736048976914,2174.600020047948,1999.616220113351,2184.9743674275433,2154.908452277783,2630.7029014086534,1631.6448887238369
2024-11-08,1500.921569799378,3759.1231401440905,2179.8003807642776,2000.9192282437866,2193.611656641412,2164.2424426127377,2637.930830365705,1641.9565500369454
2024-11-11,1525.2021922621911,3756.930157441073,2177.791367258142,2006.9988714525084,2192.3318183723177,2166.304943929689,2634.618522876603,1647.7188434400089
2024-11-12,1501.7671485127662,3750.1298846916634,2175.663680170479,1978.5542458624677,2187.213710759416,2159.57544744526,2635.2209083229704,1635.2841437688796
2024-11-13,1489.0833729416709,3745.304872440568,2170.3444624513213,1970.30314588898,2186.573542532173,2160.624501600681,2634.618522876603,1638.9236380969153
2024-11-14,1469.8764124997272,3719.2756987908992,2157.6975637707715,1953.36621885643,2174.416822624641,2146.7316892442427,2617.452046520406,1628.6120964253034
2024-11-15,1455.9844640446424,3630.660509954036,2122.3563144020845,1915.8013743006911,2144.665938361141,2119.2349769754587,2564.747614425959,1623.1529745747464
2024-11-18,1456.7092729047663,3655.885664996675,2127.3207953257647,1932.5212729693937,2154.9024026796396,2127.9183509094037,2573.7824675889933,1630.4317239478248
2024-11-19,1459.9709127753256,3681.036519803996,2132.284909406844,1951.6289864088292,2149.783796881347,2135.696676188533,2599.381643794977,1623.4562657687493
2024-11-20,1461.9037996491697,3678.916261270698,2138.0768038178044,1947.286575647708,2148.8245409112646,2136.4200841023676,2597.2731786661307,1627.0956404552885
2024-11-21,1485.5802882348535,3692.150258941949,2152.142282837663,1989.193830964568,2173.7771525827893,2147.889141906378,2599.0807992714736,1645.5956854404913
2024-11-22,1510.5855298172514,3698.0726631534662,2160.061130651084,2013.2958782040173,2186.253707511247,2154.5462975994237,2599.0807992714736,1658.0301458286274
2024-11-25,1538.7315465466747,3703.921667738579,2171.8811661082555,2049.7750781721084,2199.6897675024825,2161.854971136362,2601.18880013408,1669.2515610822484
2024-11-26,1523.8731546546676,3723.808463449744,2181.3370844212127,2030.667029553733,2205.7681274562487,2173.143064281554,2624.6795112112172,1669.8582631117508
2024-11-27,1524.7189231085952,3694.48959059332,2177.791367258142,2011.1245890287219,2197.770259191536,2166.558024019171,2607.51326698814,1671.6777709927755
2024-11-29,1528.4637372624804,3726.952939469287,2190.0833457219137,2021.3299498136569,2209.6068949854466,2180.01724234875,2631.004442331517,1676.2271389028206
2024-12-02,1532.087686692832,3767.5312249553326,2198.2393572770893,2058.6772632371385,2220.803860737505,2183.92432116562,2651.483922576176,1665.005604007703
2024-12-03,1520.7325692481813,3779.084236090574,2198.7124008114924,2048.2552092672954,2212.805743380097,2184.9373176057093,2664.132624151176,1655.9073467535998
2024-12-04,1526.0477709755794,3825.8042240584386,2208.5225056560253,2063.0203443561395,2215.6852549392124,2198.5047090812823,2698.7673499195544,1651.0546876495516
2024-12-05,1504.0624398166726,3815.2018056308098,2199.184894081994,2037.6152889862547,2207.367800746269,2194.8865427085047,2696.9601935804512,1646.8088502165033
2024-12-06,1504.1832096699368,3849.3465913472423,2203.912944949123,2062.1520633112796,2216.324924981064,2199.0476030577393,2713.222975700537,1642.2597215894514
2024-12-09,1502.3710926493566,3819.3702739843693,2193.393366513635,2058.4604024627606,2209.6068949854466,2187.7232268364955,2697.562579026819,1632.8578142168556
2024-12-10,1497.056080662498,3806.3555745834205,2188.428702168654,2020.6785295431746,2198.4101783260835,2180.921840282125,2690.936803383015,1627.7021032017979
2024-12-11,1505.9952318202475,3874.498346763476,2199.8941842516488,2043.478071420599,2210.5666491409197,2197.7815265281683,2735.2083034945554,1621.3332274107283
2024-12-12,1493.915305515473,3849.4929402955954,2183.582894826501,2029.3638538338273,2195.530666766968,2186.456924946204,2717.138365035367,1615.5710536491613
2024-12-13,1483.7683609548124,3878.9586124048296,2174.3635899913966,2027.6267889756964,2217.604763250159,2186.0231055586237,2722.559601919555,1611.0218053806132
2024-12-16,1489.0833729416709,3934.8179796212466,2173.772423139367,2035.4436646320187,2232.64024743872,2195.357321254299,2752.0737031941285,1602.2269589620096
2024-12-17,1468.0881079168291,3917.4898138317544,2165.805702366474,2018.507240367879,2222.40328493483,2186.3122433634367,2742.135387928103,1593.4315143359227
2024-12-18,1408.3453581400115,3776.159283493561,2109.256915372805,1936.2120958705618,2160.0212575706278,2121.1525713489227,2650.8815371298087,1555.521670425005
2024-12-19,1403.2243558545867,3759.3426635666206,2106.76770490154,1918.4068877931518,2151.383719264063,2120.5010535050296,2655.3988476447657,1549.4562054694347
2024-12-20,1412.2468979793582,3792.1705339001014,2127.1582840533797,1952.280406679312,2172.1774792927686,2145.9701953685894,2684.612104395835,1569.1694152306497
2024-12-23,1409.808257698011,3829.117113944702,2143.281016381448,1971.3043253836709,2179.2997867330614,2158.821165112673,2713.6097094784363,1571.5813878030758
2024-12-24,1421.634785512551,3881.039469298186,2159.2856253918912,1993.2630708893403,2196.944765998897,2182.8166732227855,2749.5181496761866,1584.4054009042982
2024-12-26,1431.2669639900919,3878.402936705543,2160.5895674182875,1991.3062962358397,2198.2275933803367,2182.9618055269943,2745.897337270621,1587.459130464745
2024-12-27,1411.8810782195885,3826.8462285707146,2140.0801312636195,1965.868560919275,2179.9412004237815,2159.982899628504,2705.1612245764904,1577.6881290749893
2024-12-30,1401.7613614263173,3775.949441616845,2117.0816680589874,1935.8655208462867,2155.2386778184637,2135.3338454280115,2675.58978642128,1560.2837609160902
2024-12-31,1404.8095431901647,3743.874030030129,2111.153858464237,1927.3861640144517,2150.4262069428487,2127.5656613813194,2652.3553503086096,1561.5051809553709
2025-01-02,1401.7613614263173,3736.550953806756,2105.5820696140695,1926.951436928876,2144.972571469209,2122.33796874044,2651.1484902177945,1553.5664890867813
2025-01-03,1417.123799060974,3797.7002726255755,2125.6171782852293,1971.5215213369886,2161.334225168214,2148.8744189778067,2696.7127396745445,1566.0852967300543
2025-01-06,1417.0018907644742,3841.3469326780205,2133.9155247697167,2001.090169503342,2167.4295234252686,2161.2537087332125,2726.5854866194986,1566.3906218295006
2025-01-07,1406.516259341164,3772.8009128571944,2117.792425599047,1977.6092088402775,2154.5972641277435,2136.8225783497533,2674.986472442433,1562.7266009946516
2025-01-08,1406.882173971203,3773.460158581469,2121.9419656838922,1962.3904090557305,2157.16366616871,2139.9442750545627,2678.305976058254,1564.2532264918816
2025-01-10,1378.717752409468,3714.288126631017,2090.6447891521707,1935.2134302179234,2121.873707637039,2107.272829914292,2641.1909079028096,1539.5206970217882
2025-01-13,1384.3262930106227,3702.351456098862,2094.200961329379,1926.7340733860883,2128.2900863784967,2110.5401096447513,2632.44041781176,1549.5969038694932
2025-01-14,1403.2243558545867,3698.836154359414,2094.082471169152,1942.8228301101967,2134.385633728247,2113.444107893248,2626.1034157692206,1556.619859722738
2025-01-15,1426.8776012242058,3783.932664173406,2127.395264373833,1975.4349030545193,2161.654807467226,2151.8874918151805,2688.8671044852067,1576.7721537766513
2025-01-16,1431.0230525268223,3757.4225653642247,2127.632244694287,1985.0014127792333,2169.99617455893,2147.7491928987483,2677.400656890303,1577.6881290749893
2025-01-17,1438.582315612516,3820.8414186436626,2142.0955645152785,2010.0039182418125,2185.074502691104,2169.3126081097635,2712.403081520741,1588.069780663637
2025-01-21,1462.6013807419044,3843.2508199199833,2159.2856253918912,2041.0944463866201,2205.606715389613,2189.1691412212817,2740.1638813400486,1599.3674075506226
2025-01-22,1449.9213051113254,3892.3898434280145,2178.0164251940528,2061.3139483710474,2220.685043521787,2201.4756394638625,2773.6574406905684,1597.5353373124499
2025-01-23,1454.7983010632108,3900.665538729054,2188.567552093254,2070.01083633514,2235.1217088705457,2213.4914223765845,2787.236763943598,1607.6115441601553
2025-01-24,1451.7502141696336,3878.6226852803015,2182.52180260218,2054.574170239395,2226.7805908715372,2207.0294290677693,2776.675171250406,1604.8633789821477
2025-01-27,1448.092490923287,3765.6978103608076,2164.146106438097,1968.6952925123371,2226.4597594798297,2175.810433773189,2675.891791610384,1621.3516522012121
2025-01-28,1447.238943107248,3821.3538651151275,2177.8981184551267,1979.1312564082023,2230.6300693866383,2194.505457729597,2729.6027529130965,1615.5503556702413
2025-01-29,1442.605858618632,3814.177362992336,2171.2590010564145,1975.4349030545193,2230.9511498710417,2184.6680115443282,2710.8944483739424,1612.8023101337305
2025-01-30,1456.2614852320194,3830.4347047843385,2191.531273469329,2004.3514605925095,2258.8622354861313,2196.393529848633,2735.3359767105485,1614.9395858298526
2025-01-31,1444.0690427874404,3824.8689417023465,2173.7485783702814,1985.2189439114914,2238.0089423032196,2184.7042946203806,2721.7568855906384,1606.0846793799317
2025-02-03,1424.9268787396675,3794.2585956647613,2163.078961310853,1954.1284157666832,2235.442789354949,2170.0019865547542,2699.126459856175,1597.2301318545005
2025-02-04,1440.8989527270933,3840.834035902099,2173.274434308074,1976.7397546691263,2234.8011265715336,2184.5591623161718,2728.6972016120253,1601.1992385058022
2025-02-05,1453.822939820942,3858.263520194297,2182.7585995013324,1988.9149620862343,2254.691427393932,2193.4167400873116,2740.1638813400486,1607.3060994192124
2025-02-06,1448.5801241092868,3878.402936705543,2185.6036472958795,1996.7417255212954,2255.333090177347,2201.0400171905158,2762.1912252287843,1605.4741488225363
2025-02-07,1428.3407853930144,3829.4827611633573,2168.4139532618683,1985.4361398648089,2243.462826869554,2180.8927687491387,2736.5430689344835,1591.1232709410904
2025-02-10,1429.9258778583226,3875.8393534348493,2184.2998886907835,2013.4827404632374,2257.8992431256174,2195.7037006822006,2759.4754998580506,1596.6193620141119
2025-02-11,1427.3653292804754,3866.6121648172852,2186.3149550998414,1989.5672203040679,2263.674457269051,2197.373398262762,2751.0270149561047,1605.1688237230903
2025-02-12,1409.4424379382413,3868.8812489734464,2179.557714383504,1987.1755509755214,2258.8622354861313,2190.295043382502,2744.6900129135656,1599.6726130085722
2025-02-13,1428.7066051527838,3924.5388797933642,2202.6750345909645,2012.3957551598287,2281.640018833899,2213.41885622448,2779.692437544004,1612.1916599348385
2025-02-14,1427.6091458734754,3941.016420464581,2194.4949948454027,2030.8760136230128,2272.0150770826685,2213.3097816356026,2786.0296717196634,1609.4433751153344
2025-02-18,1436.5095899612074,3949.950911185439,2200.067150538172,2068.2715928138978,2276.8275479582835,2219.807832659749,2786.934758754494,1617.0768615259747
2025-02-19,1431.0230525268223,3951.0492037547738,2207.5358824797718,2068.0540616816397,2284.84808365828,2225.0350745791866,2787.839845789326,1624.0996977377229
2025-02-20,1414.8070670761265,3934.2789651868497,2201.489582724795,2045.660086321984,2276.186134267564,2215.7786083321944,2767.320902914269,1624.0996977377229
2025-02-21,1377.2545682406594,3852.624357485901,2164.738924081832,1976.3050275835508,2249.8792056110124,2177.8799212724857,2703.350354107468,1607.9169889010977
2025-02-24,1372.1338505660433,3807.1476601223544,2157.8630097839673,1943.4750883280303,2245.387566127105,2167.96900749223,2674.684931519569,1608.832844557939
2025-02-25,1373.4749366978126,3759.1798785056067,2155.610412790554,1912.1671966404344,2248.2747995597783,2157.1875252474433,2646.01881253231,1610.3595896966658
2025-02-26,1370.6706663972352,3768.2607181748167,2152.172180509671,1943.2577247852425,2249.237542827597,2158.2766936111702,2664.7271170714644,1599.978057749515
2025-02-27,1351.4065940529624,3663.6110882519056,2121.349331461458,1872.5978144322019,2222.6100318720332,2123.826476301461,2595.928663635163,1592.6497767968237
2025-02-28,1362.9894950150417,3721.4648539060368,2152.5280178329526,1888.6865711563103,2255.0122587856395,2156.9698267911303,2643.0013141055924,1613.4130799741192
2025-03-03,1331.2890687629201,3640.030219932074,2123.2460911315893,1821.2876167134968,2231.91389313886,2119.1797635988573,2577.5221321519925,1597.8407820533926
2025-03-04,1311.0497300466477,3629.045267868672,2101.4325295292247,1801.2854782718575,2204.6442212144902,2094.0955378464596,2552.7792950256426,1574.0242278816372
2025-03-05,1324.7054515303048,3676.3538037611456,2123.8387253540236,1834.7673405662715,2226.4597594798297,2116.6020876741095,2588.0830284458248,1585.6270602265722
2025-03-06,1307.7578265600707,3575.2194755776814,2089.1033165414187,1771.282270609399,2187.9617361237774,2079.030173659591,2513.8533564011755,1575.85629811981
2025-03-07,1314.4637315702641,3601.5100509643325,2096.3348847412644,1790.4144521114765,2193.73645208182,2090.68267509035,2523.509397793296,1588.6805505040256
2025-03-10,1283.6168531341816,3461.9285031350764,2049.5074266826086,1720.841862240785,2152.3511952930944,2034.9964916969786,2428.7612471398297,1563.6426959344863
2025-03-11,1276.545223234488,3453.653258138493,2024.2559996419616,1717.1460116555124,2128.610668677509,2018.0797891885672,2424.2348834331933,1540.7422367025656
2025-03-12,1270.9365877630635,3492.612924255751,2028.5236630444322,1744.7575499894251,2130.215074728743,2028.7887052812496,2461.6514925115016,1532.8035448339758
2025-03-13,1249.5999795080218,3429.779466769726,1993.5514573326745,1710.1885348021322,2093.9623729292534,2001.7438412577112,2415.4843933421434,1519.9789335252701
2025-03-14,1280.2030413511045,3512.6787159883634,2031.7247315835614,1768.8902661019124,2129.8942433370353,2043.0916741495816,2477.644071679922,1545.322352477249
2025-03-17,1293.8585730942223,3535.4537644833395,2052.115494156702,1798.459081857736,2154.276432736036,2058.846416781441,2485.1879338132762,1561.8107453378102
2025-03-18,1285.8235356062353,3475.1836651157805,2031.334227634455,1770.4124812593075,2130.8564884194625,2036.5936231254354,2442.9431879723475,1556.925184822184
2025-03-19,1303.1896333358948,3521.6863811833978,2050.5826423470808,1798.459081857736,2146.8973107267598,2058.7738506293367,2480.9633431626235,1565.1693214317163
2025-03-20,1296.9524823280406,3509.7494854990146,2042.8593216401644,1786.718769115674,2138.877024119459,2052.820496467414,2474.6265732532042,1562.4213955367022
2025-03-21,1288.6364391013508,3521.3202836602863,2038.938507917243,1785.414252680007,2131.1773198111705,2053.49748007276,2482.1706675196783,1558.146485219968
2025-03-24,1320.9226892685597,3598.5932038475357,2074.227665636542,1837.0581210337857,2164.3539759148534,2090.272743939177,2542.2125954038106,1575.9188706225568
2025-03-25,1312.9733196340665,3619.128437976021,2077.435887606397,1833.5730980019648,2166.9283489220734,2095.2973865705967,2553.3932871280094,1575.3059472352286
2025-03-26,1306.0025368310105,3552.5344879740005,2059.8507372481613,1787.8320659658968,2154.378311648465,2070.2832480023744,2498.3974690061664,1574.6932631308935
2025-03-27,1300.1322491558917,3532.2919517422224,2056.4048012726503,1762.5651043194175,2155.3440440286286,2064.78512249651,2482.6841459810908,1574.6932631308935
2025-03-28,1272.004257777702,3439.2943999349764,2015.2934846277817,1710.9428550072885,2114.7984787161813,2023.20404125859,2421.040035302805,1551.4054047328261
2025-03-31,1278.8527528031793,3439.1478258343946,2030.502412035959,1704.6264078772415,2134.749059970872,2036.7849543774123,2428.5945755596786,1564.8876853486065
2025-04-01,1281.665561428025,3466.871044849311,2035.2548579360757,1714.6459119397778,2129.9226399043137,2042.5381882192457,2446.1206261187367,1564.2750012442716
2025-04-02,1300.6214951364757,3492.1738774106907,2046.780502205687,1746.2288179478937,2137.967337595766,2055.4637523619213,2466.366580444688,1571.322603245826
2025-04-03,1209.5107445323893,3305.2252541096186,1955.8838756077091,1588.3126120126121,2060.7378910280486,1954.1688409281212,2332.502142008365,1505.7487739139424
2025-04-04,1157.2899738252927,3099.941584254384,1847.520772233023,1483.5433843889068,1939.1014441834022,1839.766161208862,2189.270203648065,1419.6445833987373
2025-04-07,1141.3916140373847,3107.4224921897508,1836.8267601406071,1506.631682923404,1929.7696845346877,1836.4893036477674,2201.055370016711,1405.8556616270478
2025-04-08,1107.5154330211153,3051.462256775084,1811.0430444854433,1465.4646702962077,1906.2792469853089,1807.7247119636456,2170.535203800112,1382.2615209975613
2025-04-09,1205.3525806136402,3417.731796189051,1968.240968633215,1672.6072664783185,2063.633842705062,1997.5706114295522,2417.111646513256,1485.5249342450334
2025-04-10,1152.2760800743024,3272.3681139864675,1909.4254612059822,1571.5407606081621,2005.390116836306,1910.039155298439,2323.1346420843884,1442.6261595653855
2025-04-11,1166.8293691791162,3332.655324923372,1942.1004985482662,1593.1046653221522,2036.6036734073436,1944.1195556652813,2365.741283459378,1466.5269413507813
2025-04-14,1179.6704396572907,3355.2446228300532,1958.7355265690799,1613.7971047913495,2055.910972776099,1962.9802197514925,2379.9441162726944,1483.3801211346224
2025-04-15,1176.8576310324447,3358.9850767977364,1953.8638568235338,1617.4999941343685,2053.0150210990855,1957.482094245628,2381.1528334284694,1476.0257583356624
2025-04-16,1165.239343459786,3257.6996714691263,1913.1089277658489,1579.1642380159283,2016.652718513609,1913.9714745160406,2313.1631317822043,1453.6571055563425
2025-04-17,1177.7136454754946,3257.1131499145717,1918.099454514223,1581.9958297036246,2027.2717892122812,1916.702170370226,2314.0693794826357,1456.721483209991
2025-04-21,1154.2326845155592,3176.510453423941,1875.6807108382454,1540.3932520435021,1985.4390373962242,1871.0794699651062,2248.7993494701445,1428.5307162792835
2025-04-22,1182.1163849494008,3259.9003093479046,1922.1389418186718,1585.4808527354455,2038.2125631270947,1919.7607660732056,2309.8387533708633,1461.9305543325536
2025-04-23,1197.1587302942592,3333.8288183369377,1944.714802346582,1629.6974909510066,2056.5547528474253,1949.5081558608267,2364.5327984367227,1475.1065527169148
2025-04-24,1221.495800567514,3427.633315730182,1982.1428358528847,1706.3686680089465,2089.6989023543556,1990.5431880721978,2428.292106104335,1495.3303923858236
2025-04-25,1221.0064597166604,3465.8439003840986,1992.9553381055275,1717.4773360380038,2098.7090833332763,2004.9257092749797,2463.949146133138,1495.3303923858236
2025-04-28,1225.2868165427185,3464.744031749166,1994.7378263053474,1721.1800577915528,2102.5705182977576,2005.689907479283,2460.9274693102607,1499.6202578896389
2025-04-29,1233.2360913069424,3487.6269281614664,2006.7383483223691,1724.4473821016456,2118.016258155684,2018.3249816528203,2477.547272168887,1507.2807832785215
2025-04-30,1224.5530898772474,3487.1867555552653,2012.4418336664112,1724.4473821016456,2128.635328854356,2019.1259136546173,2477.849277357991,1508.5065104116816
2025-05-01,1232.1355013087355,3532.731899196195,2012.916894835122,1738.8233744407958,2131.531529624065,2033.4349672624114,2507.160262152575,1511.8770506552526
2025-05-02,1260.0191068723077,3585.1714292179377,2047.018216211343,1786.9604331316339,2162.744837102407,2063.619782209146,2552.4868072944582,1526.8918192015988
2025-05-05,1250.969242109877,3563.9021988254035,2040.1265276816216,1779.1192570021394,2155.6656226984223,2051.786316119568,2540.0976305476042,1517.3927629337243
2025-05-06,1243.1422551232317,3530.751910501089,2020.2838279548553,1763.218535663542,2143.4379113726945,2034.6368159865488,2517.7362470992066,1507.2807832785215
2025-05-07,1244.8543788796012,3544.612957127976,2031.4529012159824,1780.862019902255,2164.0321481523642,2043.1935371953925,2525.593024678304,1515.554112413236
2025-05-08,1267.6014234335257,3581.2112266754957,2037.3939171443799,1809.8310329444028,2170.1463774542713,2057.4300246510825,2544.3280245262567,1523.521159316531
2025-05-09,1267.23456010079,3578.864014696136,2030.8587996231427,1812.227059599173,2163.388741720081,2054.8084033857745,2539.7953932253804,1523.2147574436153
2025-05-12,1314.9301138158626,3724.6674192004643,2095.258935391589,1910.8978739934996,2222.2757494747725,2122.714771865652,2638.0030237660208,1563.9685993713558
2025-05-13,1321.0448821758685,3781.4348253533567,2098.942218530155,1956.2033409966411,2229.355711156843,2136.7331101435875,2683.0273315856803,1557.5336814741363
2025-05-14,1307.592372809801,3804.096847429758,2099.7738507073504,1960.9953943061812,2226.137682624645,2139.463805997773,2702.3665739449607,1548.9538308250094
2025-05-15,1316.6423324425016,3808.2779243080986,2114.1511459383323,1953.5897832096132,2250.2717756990023,2149.91333190079,2703.273053778512,1563.3556759840274
2025-05-16,1326.7928820734087,3824.8522804374575,2128.528074326713,1973.1930587122895,2267.0045775141907,2163.531204177827,2720.496867015346,1575.6123491081444
2025-05-19,1318.2321684212925,3828.52001023542,2134.825661263595,1967.5298753368968,2276.015007585807,2165.897717107166,2721.1013416597934,1577.7574015015487
2025-05-20,1316.030798684339,3815.7588322434653,2126.389565382311,1955.1143446195904,2271.1883384265525,2158.6156361352846,2708.107922401612,1574.3869808994743
2025-05-21,1279.708767246229,3762.732105210484,2092.6448150145743,1903.2743965857333,2239.330877237841,2122.2410636304867,2666.709533916158,1545.583410222935
2025-05-22,1278.485794600174,3769.7732908441058,2089.0802054575356,1904.363392962784,2236.1128487056426,2123.0789547904983,2674.868548817479,1540.9870232047076
2025-05-23,1271.7594924820055,3734.862086942758,2067.5738745337776,1890.6411671466988,2220.023204230042,2108.5873589988396,2654.0183519802,1532.7136940699932
2025-05-27,1304.0457426492144,3822.725942793997,2109.9924347884544,1945.9659706229065,2263.464721219503,2152.4258785772213,2716.2664730366937,1558.1466048614648
2025-05-28,1288.3918635461937,3805.783687923701,2095.8530369844293,1930.719015807374,2252.846148706222,2139.9733465875483,2706.29473060139,1546.8090177145987
2025-05-29,1294.384154388082,3813.2650461635244,2101.7936860702252,1931.3724471514986,2256.385755908214,2148.420767846794,2716.568710358917,1553.856619716153
2025-05-30,1288.6364391013508,3807.25032953843,2103.8135214331,1914.6007633365186,2262.1779083549363,2146.0179718414033,2710.2228872578185,1552.9374140974055
2025-06-02,1284.2337944977141,3837.321210837162,2113.200656758309,1933.332741183872,2268.935793181822,2158.1063209062295,2731.375321417321,1558.4531263758772
2025-06-03,1304.9017570922645,3867.31734159612,2126.389565382311,1970.7971996469896,2282.4508155575077,2170.4128191488103,2749.80831607617,1566.1135321232632
2025-06-04,1301.4775095795253,3878.098981197425,2134.3502332522826,1974.0641887781421,2287.277484716762,2169.8300363247677,2755.2476593437177,1561.8236666194482
2025-06-05,1301.11055137652,3848.908895415552,2128.765788332369,1960.9953943061812,2279.2330361180047,2159.3440019849772,2734.397462506439,1558.4531263758772
2025-06-06,1316.7644304795408,3886.533183667142,2143.4994711505346,1992.7965018044358,2297.253148983151,2181.5181447494165,2762.8017353343516,1574.6932631308935
2025-06-09,1330.82866334431,3892.254301786617,2135.657476862091,2010.2217845530104,2284.059705277259,2183.484191677857,2764.3129219454704,1576.2252724954726
2025-06-10,1338.9003207563817,3917.997306954198,2152.4108116218304,2028.3006662351797,2289.8518577239815,2195.864157515425,2778.5148262263074,1585.724328763347
2025-06-11,1330.82866334431,3904.7957312038134,2145.5193065134094,2021.1125862708695,2282.7726433199973,2189.601383083816,2773.6801897363266,1580.5151379992878
2025-06-12,1325.6921972049322,3913.963029328667,2152.886056211842,2018.7165596160994,2287.9208911490455,2198.30368731831,2785.16288664963,1585.724328763347
2025-06-13,1300.010056248583,3864.8244561250917,2118.30967366691,1980.5990049877976,2248.0189813615766,2173.7262978270383,2750.110553398394,1569.79047423975
2025-06-16,1313.1191352385183,3918.5836033565242,2137.5764305096022,2030.4784913998112,2267.648482131865,2194.4076511767603,2783.954169493855,1580.2088557678687
2025-06-17,1299.2490069454527,3880.372568398151,2117.0952412352362,2009.5683532088863,2248.984464649045,2175.656287040147,2760.9887756672492,1566.4198143546826
2025-06-18,1304.6497816560745,3879.711971760507,2102.686580961841,2017.4098645173206,2229.677289826637,2175.328387191353,2757.967098844372,1567.6455414878426
2025-06-20,1302.8085394627115,3863.871161590741,2091.493112667726,2016.7560979942557,2227.424744581907,2170.219459650346,2740.4408161521937,1570.096876112666
2025-06-23,1320.238200273037,3903.600623176337,2114.8327394915873,2030.4161481169147,2255.456640154278,2191.655771414818,2774.4863880620437,1582.1990920646103
2025-06-24,1333.4946127917378,3963.294332839612,2138.7673850147917,2076.894071053243,2275.1337176293923,2215.8674004561976,2815.340888647367,1594.2085858566522
2025-06-25,1320.238200273037,3973.4266334146846,2135.9094977291984,2079.9490595046523,2256.746691223885,2217.1091380279204,2825.630421323934,1590.2053813788061
2025-06-26,1339.8774845337743,4010.5790025958927,2147.817208568086,2110.934341462205,2266.746268389035,2234.455378070216,2851.9584955266787,1599.1356619716153
2025-06-27,1343.9279706964712,4024.3105866915444,2162.3449092656097,2119.226165676939,2284.165569672815,2245.556872538568,2868.603600895384,1604.678652511323
2025-06-30,1341.4731075990135,4050.375559545503,2176.991650387262,2128.172594362089,2298.6819446841096,2256.2930572784694,2884.6426066878016,1611.7614291128918
2025-07-01,1361.9712524108907,4016.233925960266,2184.2551338934227,2130.7913474226916,2312.8749973767426,2255.563113903731,2854.6825776897326,1628.0820845951523
2025-07-02,1380.5057723815569,4044.2077394052085,2190.3283965795963,2165.9224576928764,2313.8427224984694,2265.788405889532,2876.471752997361,1630.5457422941304
2025-07-03,1387.9931238028555,4084.003846050363,2202.5934121121704,2189.0526535949116,2326.1008231330393,2283.64598940737,2907.3396546277013,1638.5519119668297
2025-07-07,1364.4263052488875,4053.239495888664,2186.2797382101144,2160.9036558302196,2315.1332717534674,2266.6278745745894,2885.550247186953,1626.8503753871598
2025-07-08,1374.9821406717383,4055.514884307216,2188.7803208020205,2183.161045771701,2310.6169720927132,2265.3865877243084,2879.195370894174,1628.3900418075245
2025-07-09,1386.3974058673466,4084.2240449295773,2202.2362908397845,2195.8168997892058,2316.10124596789,2278.9713319753846,2905.2212077746954,1632.701203497743
2025-07-10,1400.1448669017552,4078.350273599359,2202.116883573054,2225.2749389052588,2316.42357191577,2285.3986197331933,2907.9448256715095,1641.3236465196767
2025-07-11,1384.801782802107,4069.1721681675504,2189.3758897652656,2210.2185333172893,2296.423670307385,2277.3647353966535,2900.378910891756,1633.9330323472323
2025-07-14,1388.4840774482934,4083.930896728414,2189.8518680404804,2208.0365184159045,2304.1654712812,2281.7101408155195,2910.9711451567864,1632.0852890729986
2025-07-15,1360.252962086994,4087.674727979521,2174.609741376883,2192.325508357519,2282.8755186032076,2271.959683868488,2912.7868904213287,1616.0724711616137
2025-07-16,1369.336031443802,4091.8598575979704,2183.6599317727787,2195.5986982990676,2290.2947445364475,2279.555466963752,2921.260445700233,1623.1550084801893
2025-07-17,1385.4155934467412,4124.975247326908,2196.7585971168555,2225.711341885536,2308.3589468086834,2293.505520943279,2942.1419805087107,1631.1615370773784
2025-07-18,1373.1410882189148,4121.009866283217,2191.4001272393566,2235.9669795115174,2302.2302701304416,2291.8259074910015,2943.654559918549,1628.0820845951523
2025-07-21,1369.9497472181665,4142.376362438349,2196.0439877294816,2228.9843642376136,2304.488046321776,2296.1715382705884,2952.431048919038,1628.3900418075245
2025-07-22,1384.9246398013038,4120.936016352356,2200.9262959104667,2229.420767217891,2312.8749973767426,2296.500339562266,2934.575833595837,1641.6314840905522
2025-07-23,1401.1268690628997,4139.732624974403,2217.8355387757674,2256.4785899424196,2338.036348727034,2316.037536532381,2962.115178418677,1652.7173455284708
2025-07-24,1378.6646250584636,4148.544182578644,2216.6447676918788,2244.258803726251,2338.036348727034,2316.8044390653345,2967.8651158007674,1650.5617646833616
2025-07-25,1385.906452221909,4158.529683900906,2225.4565103969153,2262.806433156437,2352.229152326971,2326.5914044491387,2982.693779505571,1655.4888407983246
2025-07-28,1384.5562585442538,4171.52592081914,2224.1465154675975,2277.862671154936,2344.810424579122,2326.0072694607716,2993.285781637481,1648.7141410506247
2025-07-29,1379.032721704705,4165.064051868769,2215.215915759733,2262.5882316662987,2338.036348727034,2319.8722745578675,2979.970161608757,1647.1745942717566
2025-07-30,1369.336031443802,4170.645125302281,2206.2847657879656,2274.589481213388,2322.5524976867073,2316.950472812426,2988.4439490207815,1638.5519119668297
2025-07-31,1353.6247558276436,4148.544182578644,2192.471674477816,2243.1677962755584,2302.5528451710175,2308.2592112532525,2982.693779505571,1626.8503753871598
2025-08-01,1331.2851790818645,4066.822929818137,2171.156835391947,2201.271937042669,2284.165569672815,2270.425653441861,2928.2209573030586,1604.9864900821985
2025-08-04,1353.7475179565704,4141.861664444602,2208.3091866833565,2232.0393526890234,2313.8427224984694,2304.936042064029,2983.9041215931848,1621.6154617013212
2025-08-05,1360.252962086994,4113.741051746849,2189.613970613523,2216.7647456109157,2290.6175686697184,2293.2499618858683,2962.720581595604,1618.228052006723
2025-08-06,1360.1301999580674,4165.504899931655,2207.594760717284,2202.3631120828322,2308.6817709419547,2310.8157032702434,2996.312101122758,1623.770803263437
2025-08-07,1357.4298126027563,4179.6021312459625,2192.471674477816,2201.926709102555,2301.5846218638994,2308.8800800391136,2985.719866857727,1628.0820845951523
2025-08-08,1361.1121072489425,4218.590391696206,2210.6907288511343,2211.5277422581207,2321.5847725649805,2326.8834719433225,3005.996230622398,1641.6314840905522
2025-08-11,1360.252962086994,4206.108402467263,2206.5228466362228,2206.727309475073,2314.8109458055874,2322.282282106325,3001.456635327922,1637.0124848294581
2025-08-12,1403.9499236768681,4258.973695352599,2229.5051687663968,2272.4074663120027,2335.1329242691572,2347.005254623247,3035.048619121316,1654.2571315903322
2025-08-13,1433.6540897150192,4261.103185127255,2247.0096137523424,2287.9001072907786,2353.197375634089,2355.0395896812283,3030.2063222383763,1669.0382402937246
2025-08-14,1413.4011845501868,4257.799751634577,2245.9376996712813,2273.4988089416356,2339.6489748372164,2355.2584149411455,3034.1402822228047,1667.8065310857323
2025-08-15,1404.6864015801593,4239.076092334479,2239.9840276731384,2249.495639489576,2324.487947930161,2349.7440634633817,3025.3642574885566,1664.7270786035062
2025-08-18,1406.773073161106,4237.386550013796,2239.8651706703104,2266.952429058539,2326.1008231330393,2349.2329453485604,3028.0878753853704,1662.5716173998935
2025-08-19,1408.491458355272,4179.896630360495,2233.315562866321,2240.985613784703,2334.1651991474305,2336.4876697825416,2990.5623958737874,1665.9587878114985
2025-08-20,1401.8631572256518,4155.079000850963,2228.552478530766,2223.747360884819,2335.7780743503085,2330.2796580060917,2977.246543711943,1664.4191213911338
2025-08-21,1400.7585826761194,4135.8419944704865,2221.526709030262,2214.364529219392,2325.778248092464,2320.9312445850046,2964.5360947270265,1659.4920452761708
2025-08-22,1454.5206157839461,4199.646983821349,2254.9877066458766,2288.1186439598578,2345.455325567578,2356.5731693864136,3012.351339048296,1683.511272143248
2025-08-25,1440.7731547495378,4187.531992724431,2243.556340924805,2277.6443020753272,2326.1008231330393,2346.201843653521,3007.2068048431324,1671.5017783512062
2025-08-26,1445.682975814722,4204.346361129089,2251.296536391382,2292.26463986196,2334.1651991474305,2356.0253174740983,3024.4563848562852,1675.19702561668
2025-08-27,1457.7120516549642,4210.807779775003,2254.7498092189194,2302.9565128787476,2339.6489748372164,2361.39363520477,3028.9957480176417,1680.7401357978842
2025-08-28,1454.888807300457,4237.1672517434945,2258.7984675884013,2321.504309898404,2342.552150202397,2369.7560954722667,3045.034753810059,1682.2796825767525
2025-08-29,1448.8743168154706,4188.120090344583,2249.986541462064,2288.336677860526,2335.1329242691572,2355.623724669596,3010.838063239097,1682.5876397891248
2025-09-02,1437.9500052652998,4153.022460398256,2234.030172253695,2265.861086428906,2316.42357191577,2338.167959316981,2984.811994225456,1674.2731539795634
2025-09-03,1436.2316200711336,4185.696551759852,2246.652309058655,2261.497224215606,2319.649571414222,2350.8397672880124,3014.166852179718,1672.7334875591987
2025-09-04,1457.7120516549642,4223.5833675095655,2266.4194392095496,2289.2094838210805,2334.8101001358864,2370.4867149291676,3042.3113680463653,1684.7431009927373
2025-09-05,1462.253491463099,4229.677337718998,2253.201733441344,2296.846871154869,2331.907173863401,2363.6211005693626,3039.8902196048957,1676.4287348246726
2025-09-08,1460.044152623495,4250.309837610082,2259.0367318579597,2302.5199423090007,2335.1329242691572,2369.4277449020306,3055.627220208209,1675.505102470549
2025-09-09,1447.2786937502315,4262.351429080594,2262.4900046854973,2299.6833229372,2329.3268226314913,2374.9053625823003,3069.8502486029647,1675.19702561668
2025-09-10,1443.7191612329718,4263.7469225912,2257.369615656255,2318.012918466717,2324.1656219822808,2381.7707515813845,3099.2053386903467,1666.8826594486154
2025-09-11,1474.1595205636054,4288.564101796275,2281.1852207553306,2354.6716067573416,2352.229152326971,2401.563958330352,3113.731532939806,1687.514596262591
2025-09-12,1454.029567268239,4307.507059366676,2272.1352137807353,2345.070573601776,2338.358674674914,2400.760096639184,3118.2706639680414,1683.2034345723725
2025-09-15,1455.379855816164,4344.3662803467205,2279.6371449777553,2366.454654814292,2339.971549877792,2413.541880641976,3149.1385655983822,1683.2034345723725
2025-09-16,1453.581020633335,4340.694948113106,2277.4764420559727,2362.5268604023286,2340.616699958943,2410.218711452753,3141.270413496405,1682.2796825767525
2025-09-17,1453.2113111925098,4332.031090370589,2283.4449711794696,2364.4908414030456,2350.294200268908,2407.2241181944864,3125.5338771593315,1688.1305106873356
2025-09-18,1486.2303393224934,4371.093200751693,2292.159133752555,2416.4241367717777,2358.358576283299,2418.4716464099306,3147.6259861885437,1691.8258775943061
2025-09-19,1469.3514004274855,4400.682706586457,2300.395850680021,2413.369148320368,2367.0681023788416,2430.450244803717,3169.1122277745885,1696.4448768554003
2025-09-22,1473.1706877430458,4426.734620611178,2313.1685763728237,2429.6983959341455,2380.948045553325,2441.9485995014343,3191.2029440050806,1698.4867982786939
2025-09-23,1470.2137711786017,4397.330640212481,2302.305633262499,2416.8012130796205,2370.918328172029,2428.6561481052627,3159.687855236215,1700.0337628303541
2025-09-24,1458.016395480001,4381.89375314017,2294.3077308684933,2400.6249746520925,2360.8883616980374,2420.9287543490395,3146.0514272356677,1696.6305604581983
2025-09-25,1445.3261687305694,4363.002130277808,2283.5645618675003,2372.863276152923,2342.446534899537,2409.760102385883,3127.8698327457655,1690.752454086379
2025-09-26,1459.6180902424978,4380.937756779081,2299.0827375885915,2392.099698305436,2353.1233951035474,2423.5657001433633,3141.8091944678963,1702.818179381846
2025-09-29,1460.9733120444448,4401.226674369875,2308.154938540566,2397.127549999481,2359.594076052608,2430.3770025694503,3153.324157884878,1706.2213817540019
2025-09-30,1464.0534650891639,4413.282225278539,2321.763148257878,2400.187901313935,2371.2418995833864,2439.5318311313526,3166.9608180185446,1711.7902148569854
2025-10-01,1468.3656034555547,4434.452838995105,2337.7587696245887,2432.7585796591297,2385.8011185382943,2447.8447120402684,3180.2938480312673,1716.7402621393048
2025-10-02,1472.8010731724905,4452.683414915367,2343.9661132815454,2451.7766327320332,2393.242513721427,2450.663974657736,3186.0514458063185,1716.4308692289728
2025-10-03,1479.454230312759,4433.938591305814,2345.279226372975,2447.6232628932444,2392.595370898712,2450.6276915816843,3176.657482706663,1723.237154331788
2025-10-06,1475.6347532566592,4467.238155557449,2349.3377894926925,2472.543146747038,2394.213227955499,2459.4163089722524,3191.506109859785,1726.6403567039438
2025-10-07,1456.7843152880594,4443.7156016647305,2337.4007312456993,2438.0049680222533,2383.8599391628454,2450.297988847123,3174.2330844015137,1724.165333062784
2025-10-08,1470.0906295685963,4494.657193912019,2347.9054525558336,2478.663849375947,2389.683726381887,2464.909251181538,3200.5969071047357,1728.4965945244394
2025-10-09,1453.2113111925098,4489.217516077839,2336.9234690213807,2467.078389304306,2378.683294766519,2457.768471381611,3202.4147415673583,1716.4308692289728
2025-10-10,1407.8716708836503,4333.377500695439,2280.1026682388315,2349.0364108234644,2336.2994253618335,2391.3402438695966,3103.0213750498215,1678.996002059748
2025-10-13,1436.332087686693,4425.3377761872025,2302.425040529229,2420.298637732233,2361.5352554280566,2428.033251072914,3168.4757187595824,1693.227477727539
2025-10-14,1458.139631960276,4395.860846466557,2304.215782687578,2420.298637732233,2378.3599724478568,2425.0670532654713,3143.3245594751747,1704.983690471177
2025-10-15,1470.4601492688823,4426.8814198639875,2312.3330923483145,2452.869483666898,2377.7125805324467,2435.833210981242,3158.47565608364,1710.862036125989
2025-10-16,1451.240096729727,4410.488986735044,2295.382029426463,2431.2286553861077,2362.8295410734863,2419.2448590430668,3142.718227765768,1696.6305604581983
2025-10-17,1448.775841475574,4439.451668766399,2309.3488277865663,2428.3866731512617,2378.0361519438043,2432.9769892055597,3158.778821938344,1708.6964053951615
2025-10-20,1471.692229460824,4495.392090784981,2335.013319596301,2461.613296682633,2401.654872231327,2458.2811670214783,3186.354379527902,1727.8778087037754
2025-10-21,1475.8812262172094,4494.215895544677,2341.220663253258,2472.543146747038,2417.184805420307,2458.2444332239847,3179.990914309684,1732.2091898069273
2025-10-22,1465.0391671908249,4450.91912205491,2325.941118644326,2438.223504691332,2390.3306201119062,2445.4642267462386,3161.8090876866613,1723.855940152452
2025-10-23,1479.5773719227643,4488.335819952067,2340.7430341863374,2479.3196269726536,2410.714124471246,2459.9657384096136,3185.4453462300303,1730.662225255267
2025-10-24,1492.5139767624762,4536.263074167733,2349.9346424050423,2504.8954560126244,2412.008410116676,2480.069942953314,3219.081667449342,1740.252926909574
2025-10-27,1492.6372132427512,4617.050845789974,2377.6286909065866,2529.815507455888,2426.5676290715837,2509.3289760589164,3269.6876161391015,1752.6280451153727
2025-10-28,1484.0127467694301,4652.555100660496,2377.032021415537,2513.2021956902017,2412.978875258052,2515.99379401647,3294.2329079803417,1746.131033281393
2025-10-29,1464.7926942302747,4673.505515497847,2367.362967551213,2529.596970786809,2399.066300940468,2517.2024035622317,3314.838900775394,1735.6121528960896
2025-10-30,1448.8990779558492,4602.054356476093,2348.0246764012636,2500.7422537633056,2398.4191581177533,2489.5177404522833,3263.626852509347,1727.2591425246078
2025-10-31,1451.3633332100019,4624.254366180154,2343.2498531024653,2516.0438427461077,2396.1544073309474,2497.683911531945,3274.536180616281,1731.8996772550986
2025-11-03,1454.320249774446,4646.38097625781,2339.907550161828,2517.355565528991,2387.4187265023857,2502.371414525017,3290.899476377321,1728.8059874347714
2025-11-04,1436.5784657769732,4552.068310285438,2322.001962791339,2440.62807840908,2370.2711853493142,2472.7094364505865,3231.2027304426106,1720.452737780296
2025-11-05,1460.6036974738895,4581.69248956335,2331.1933875887426,2481.505664021323,2385.154224808275,2481.278552499076,3243.020627581175,1726.6403567039438
2025-11-06,1440.7675574036284,4496.347636841614,2307.080639982597,2448.7159462386385,2367.6828631511507,2454.6557891056345,3195.1424751843892,1715.5026904979766
2025-11-07,1453.2113111925098,4482.160794940469,2306.364563224818,2458.990186295807,2376.4182948870175,2457.0725574757166,3188.7785456999313,1723.855940152452
2025-11-10,1467.5032327044382,4581.324590822413,2338.594253649098,2498.774920973185,2388.713012147815,2495.413627630396,3262.415117623012,1735.6121528960896
2025-11-11,1473.4170658333262,4569.122240660939,2345.876079285324,2475.6036656509627,2401.654872231327,2501.1260711817613,3251.506021649199,1751.3905931155412
2025-11-12,1472.3082221216598,4565.5202553136205,2351.725201142091,2492.4353464962574,2407.155088039011,2502.5176736328294,3243.9298930121668,1759.4343302181878
2025-11-13,1440.8906990136338,4472.310835259605,2326.6573788234055,2420.7358786598606,2382.565653517416,2460.9909043286275,3173.0211173820585,1741.4904985509022
2025-11-14,1439.6588085622316,4475.691270814338,2320.3308113210196,2415.7081945552864,2376.4182948870175,2460.5884100812414,3176.0511509972553,1737.7779032684143
2025-11-17,1408.2413803244756,4437.466726722271,2295.7404346479534,2363.0262770233835,2348.9172158485976,2437.66404147719,3151.8092571438383,1718.9058928701324
2025-11-18,1407.1323468722694,4383.437396816956,2280.8191118392124,2348.1617613787384,2337.917033325925,2417.193851122877,3124.536633275865,1712.4088810361527
2025-11-19,1405.5308418503118,4409.606840304816,2288.936238078647,2364.3379998062665,2349.2407872599547,2426.531897950806,3144.2335927730464,1706.530655022837
2025-11-20,1380.5200029220043,4305.223565467907,2260.406522131293,2284.7686980409794,2317.857100377942,2389.546147171143,3089.082245460811,1685.1836209833957
2025-11-21,1424.0116652483562,4337.567583662909,2291.6816881069353,2325.646618832163,2356.35861103173,2413.3487465042326,3109.0819065464552,1709.0057983054935
2025-11-24,1442.6156302564061,4448.493331947897,2311.9746871268235,2372.207498556217,2362.8295410734863,2448.869877959282,3214.2331029721627,1734.374820537755
2025-11-25,1479.8238448833142,4475.912820606923,2339.549328361638,2408.7130100711215,2394.5370484595514,2471.9035465129314,3209.0818369065196,1735.3028796272545
2025-11-26,1488.0785070455406,4515.460359192104,2355.664540416379,2449.3720590142857,2406.5079452162963,2488.968536375643,3231.2027304426106,1747.3687245642175
2025-11-28,1489.1875404977466,4552.068310285438,2364.497926834894,2474.29194286808,2417.508376831664,2502.5544074303234,3243.626959290583,1759.7438427700165
2025-12-01,1481.1790666852612,4536.77777216148,2359.6036962693665,2468.8271854253476,2403.5958025140803,2491.129069606152,3227.566597251126,1752.0093789362052
2025-12-02,1481.7951542163669,4572.282927640915,2368.6757138000407,2493.5283650205915,2411.0374467899082,2495.743330364957,3236.9605603507816,1752.9374380257048
2025-12-03,1502.370428557469,4583.4567824238065,2376.9124307275065,2541.4011351169993,2423.3321640507056,2504.385463286992,3243.324025568999,1762.2188664111764
2025-12-04,1501.1383483655277,4579.192849525475,2378.8223967312856,2548.614688680773,2418.479091065736,2506.2165191436607,3256.657287714842,1757.5782120391889
2025-12-05,1498.5509515013694,4597.864723813079,2384.5521113213217,2567.4140374951276,2424.3026291920823,2510.976813649558,3267.263449967072,1757.5782120391889
2025-12-08,1492.3907402822013,4589.043259510796,2370.108417579501,2572.6604258582506,2410.0669816485315,2503.4333142415244,3256.354121860139,1752.6280451153727
2025-12-09,1499.2903703830195,4594.703586528647,2368.4370826878812,2583.1528674055576,2408.7726960031023,2501.2725556502946,3255.1419227075635,1750.1531411157096
2025-12-10,1528.859630897729,4613.521809764605,2379.5388403316656,2635.6160806789117,2439.5092400624003,2517.8615836706326,3268.4754169865273,1767.4783066038278
2025-12-11,1545.7388544035457,4598.600070990497,2399.473617551364,2645.015671291354,2467.3338905121777,2523.720511690531,3265.1422175166254,1778.6159728097948
2025-12-12,1529.229340338554,4510.682178604482,2381.5680301808743,2583.5901083331855,2456.980601719524,2496.5852780179434,3211.808936800133,1771.190782244819
2025-12-15,1524.3011144410575,4488.041320837535,2383.7166272968125,2575.0648319865286,2455.0391732513804,2492.8134156335664,3203.020841143646,1771.5001751551508
2025-12-16,1513.0619284659192,4496.9357344617665,2373.071955534275,2575.283368655607,2444.038741636012,2486.0023385682,3207.566471899241,1758.1968782183562
2025-12-17,1508.606061641009,4413.575823784158,2351.1600801147556,2523.038859640802,2421.0674132638997,2458.647378192812,3146.354593090372,1755.1030687565324
2025-12-18,1511.7004452261754,4477.529413605656,2368.0430937340625,2555.3913364958585,2435.6266322188076,2477.21327045619,3184.5360807990396,1759.7438427700165
2025-12-19,1514.7949236816119,4535.895625731252,2380.854888163906,2597.7986787916534,2448.244920890962,2499.665508350122,3225.44536480068,1766.550008231335
2025-12-22,1526.1825816287517,4557.638576411994,2393.187769577725,2627.5977624794664,2463.6916571196703,2515.237934158837,3249.451179271069,1776.0071899753825
2025-12-23,1519.2508853767918,4578.983457953215,2396.6603016418317,2616.6503155206956,2465.638814719809,2526.7338098886257,3275.5512987499865,1776.6293257579528
2025-12-24,1524.2020698795432,4592.379565228795,2406.598617975526,2624.7512553289266,2477.321013042556,2535.622036717797,3284.048763740249,1784.7176891388492
2025-12-26,1524.0782641776502,4592.08551641872,2407.07734757025,2618.8398719482375,2476.996694353112,2535.3649001353406,3283.441967764602,1784.7176891388492
2025-12-29,1516.6516297289272,4569.856687229444,2400.7313374099945,2600.0103570292554,2467.261155445113,2526.3297381161938,3266.7499715056592,1781.2957030517196
2025-12-30,1506.2543225266609,4559.2574209330105,2395.9418404071444,2588.8438706329953,2457.850433411949,2523.2445498481575,3261.8944430348806,1779.4291760625122
2025-12-31,1487.5637409624212,4521.572341579797,2378.220591443818,2561.0374257452954,2435.459241927482,2504.550201973912,3238.221971724793,1767.2966908119158
2026-01-02,1502.2933938985134,4512.813469596963,2385.0456980413996,2606.140612257963,2447.141689342924,2509.141025217752,3239.7396580632717,1771.962948464186
2026-01-05,1521.107591424107,4548.658604941033,2408.873225525018,2649.054577522029,2474.4004011886955,2525.8524241094956,3252.1826896939633,1789.6950146824045
2026-01-06,1543.759006746225,4588.625827279647,2429.587910115125,2710.5791858570574,2507.1762671454394,2540.874068316525,3269.7848799163758,1802.1386874657826
2026-01-07,1531.38118779475,4593.042413388723,2417.853532405362,2667.665220592992,2480.2416248964164,2532.683783639736,3277.9791790519357,1784.406621247564
2026-01-08,1553.0422523719942,4566.912596693031,2423.6010388615623,2655.8421186526743,2481.5398960249727,2532.4266470572793,3250.36160536766,1800.8942962591454
2026-01-09,1564.8012325545433,4612.400101363533,2443.4774881076505,2693.2822766426198,2510.0968789993,2549.1745543857955,3275.247668629043,1811.1602545205344
2026-01-12,1566.2866163664496,4616.227238939087,2445.39314017175,2692.187414634114,2519.1830332503255,2553.177862230456,3286.476644042199,1809.6047954226121
2026-01-13,1566.0390049626637,4609.382160896259,2437.011703838063,2695.0337541951835,2508.149721399161,2548.072765821703,3280.710457341709,1805.5606735529122
2026-01-14,1574.9509283530238,4560.140918276608,2425.9957873629874,2679.926401408288,2503.6067688199964,2535.5483437620883,3242.167538365221,1810.8491866292493
2026-01-15,1597.4787277137877,4576.554966019463,2436.5327908220384,2700.945305165342,2517.2361247428817,2542.453396248037,3253.0931157905543,1814.2711727163787
2026-01-16,1592.032415273734,4572.727378139452,2434.377590539276,2688.6844595289863,2514.639831578465,2540.323061354118,3255.824394080327,1809.9158633138973
2026-01-20,1569.7523221870254,4475.570138915547,2389.1167338095624,2624.5325510703774,2479.917057114277,2488.610212829538,3176.917471801049,1780.6735672691493
2026-01-21,1610.598906525272,4536.072595382646,2418.332628842688,2689.1220356355543,2506.2028128917177,2517.331535255262,3206.9626936541536,1804.9385377703422
2026-01-22,1614.4360294515266,4569.047039816708,2426.2355190029516,2697.8800937562532,2498.7389993659967,2530.48020651155,3232.456017157423,1809.9158633138973
2026-01-23,1585.4720412571826,4583.473443688696,2426.8340227070066,2672.701116581604,2493.222094347719,2531.3981007274533,3245.8092427515858,1802.1386874657826
2026-01-26,1586.0910697666477,4603.6412293807,2439.406452339488,2671.825294010587,2508.4742891813003,2544.2531269645115,3266.7499715056592,1809.293727531327
2026-01-27,1580.1497242595613,4645.374545797596,2444.31572345167,2685.181169244919,2524.6999382686026,2554.38985218703,3297.7060837215954,1805.5606735529122
2026-01-28,1572.7229949405687,4660.75739633513,2445.8722366090756,2704.667467297429,2524.0508027043247,2554.1327156045736,3301.6511860957826,1802.1386874657826
2026-01-29,1582.6252690758024,4632.861485561157,2451.499968955945,2712.7685746951297,2546.442243281487,2549.0643529933145,3283.138337643658,1806.4938772267676
2026-01-30,1572.3516727051592,4577.216913570476,2423.7208129708943,2652.5578678060965,2511.3949010351607,2541.4618090764257,3254.913967983736,1809.6047954226121
2026-02-02,1588.6905151550513,4608.646363414384,2439.406452339488,2684.0863072364123,2551.9588992070694,2554.0959818070796,3266.4463413847157,1825.159266760338
2026-02-03,1587.3288421747682,4537.839139765385,2411.1483833384127,2659.7831526327805,2544.8196534634876,2532.500114652267,3212.729112487764,1824.8481988690528
2026-02-04,1600.9443386640937,4458.567092943628,2414.141818965194,2634.1660965831525,2535.7330010270716,2520.2330545358295,3155.9765109138543,1841.3358738806342
2026-02-05,1589.6804864188466,4394.384748458242,2385.644385166756,2580.7429308247647,2528.269436594046,2488.757148019513,3107.115042620801,1824.225943444986
2026-02-06,1633.498122991715,4487.273101434794,2438.3286687768064,2693.0632372051305,2591.549194032561,2536.5034224969268,3185.4151689244322,1849.4242372615306
2026-02-09,1633.745734395501,4521.646191510657,2442.9985750916258,2720.212731369833,2588.9531499608397,2548.73374881587,3219.7091232726684,1846.0021315329043
2026-02-10,1634.735800529566,4500.668758405917,2438.089120558144,2726.1244499294617,2580.840449963536,2542.0125906781113,3202.713961159022,1845.6911832831158
2026-02-11,1631.6413220741297,4512.740069970558,2440.124913574176,2733.1308629081263,2604.8539821733075,2541.4250752789317,3195.733718240998,1849.4242372615306
2026-02-12,1601.6869831349122,4420.955863521275,2403.6051823487446,2657.812468053257,2554.87951106093,2502.1629558582576,3139.5883769089755,1824.8481988690528
2026-02-13,1620.8725977661845,4430.376683055122,2415.698515543901,2685.181169244919,2576.2969991989803,2503.9257274165175,3126.234919181694,1835.1141571304418
2026-02-17,1619.1396974207619,4425.813297693237,2421.5656126881318,2691.7495033486057,2585.383402542701,2507.965769058672,3136.553468498259,1834.80296959766
2026-02-18,1623.719464817835,4458.862042362617,2436.5327908220384,2721.307593378339,2594.7943736685606,2520.6001671500467,3156.8871691435656,1841.6470614134157
2026-02-19,1620.6249863623987,4441.785146459836,2431.0248325845005,2699.631738898287,2587.979695707118,2513.9524766072755,3152.3350386606103,1834.80296959766
2026-02-20,1629.2896778300512,4481.08997094298,2447.309159078451,2723.2781103683915,2609.3974329378634,2532.1330020380497,3183.290918743426,1843.5134687611267
2026-02-23,1596.6121826708068,4426.622945105973,2421.8049774854935,2644.0188491228873,2577.5950212348407,2506.276465095399,3144.444137512875,1827.9589974234007
2026-02-24,1611.3415509960903,4474.171493273746,2442.280113856938,2693.500980901169,2604.205095701725,2524.4932736022256,3166.902320472307,1841.9580096632044
2026-02-25,1617.2832759842554,4539.016685919059,2460.0011793989634,2735.9770348797265,2618.15901940675,2545.79572109853,3211.515288403349,1846.0021315329043
2026-02-26,1626.3187204656992,4484.255160967519,2452.218246769332,2735.1012123087094,2616.860997370889,2531.65523730991,3171.7583132093264,1849.4242372615306
2026-02-27,1605.4003952295434,4469.9026070263935,2452.9367080040192,2695.252626043203,2626.5965362788875,2519.498378585954,3143.23008129534,1850.9796963594529
2026-03-02,1616.2928303691117,4475.790788099219,2448.2671685318014,2687.1516862349717,2616.860997370889,2520.9307713274907,3148.086306165479,1848.8021014789604
2026-03-03,1599.211438318671,4427.874341190508,2422.164116392187,2629.130368184011,2572.727500873537,2498.710654976004,3117.4335919373666,1833.2476301412344
2026-03-04,1607.999840617947,4495.369125257701,2435.9339202753813,2677.517973132726,2586.032538106979,2516.3399480836506,3152.3350386606103,1839.158159358645
2026-03-05,1580.1497242595613,4481.82621872931,2414.8600967785806,2668.32217131599,2549.3626060426527,2502.309665687512,3149.2998981167734,1820.8039573578565
2026-03-06,1544.6254569189362,4414.404834288523,2378.6996878811437,2589.7196932040124,2510.421446781439,2469.51156782214,3099.2243736061855,1801.5165516832124
2026-03-09,1551.804574834143,4473.36184586101,2403.2458600207506,2635.698702287697,2532.812638265906,2491.1443941351677,3148.692870008006,1803.6941465637049
2026-03-10,1544.6254569189362,4473.435695791871,2398.0970406899064,2616.4314436726763,2530.8654806657673,2487.1410862905072,3150.2105563464847,1794.672579508953
2026-03-11,1541.2833670597142,4472.84624725835,2388.9971431215317,2616.4314436726763,2515.937853614326,2484.019389585698,3152.3350386606103,1790.0062022151862
2026-03-12,1512.5668953988868,4396.077442910119,2349.4837928480183,2547.2436392254554,2470.830902863252,2446.299638938321,3098.313715376475,1766.0524192467753
2026-03-13,1510.7102842218408,4370.02147614529,2336.671814996874,2548.338501233961,2464.989679155531,2432.453250890372,3067.964863402426,1764.1857726160713
2026-03-16,1521.8502358949256,4419.04206958127,2358.583690416393,2584.2458859298918,2488.35432489372,2457.2079992689296,3106.811644632978,1777.5626490733048
2026-03-17,1535.1649936294612,4440.608050610618,2362.423615345723,2618.401793073259,2502.30849769144,2463.6717954635114,3112.881461454412,1783.4734175737087
2026-03-18,1515.3292330402792,4378.707398806176,2328.825418597214,2590.37647633754,2464.340792683948,2429.294595027348,3073.7315143691562,1756.4084771264602
2026-03-19,1522.0237536181148,4364.869542858796,2330.3854167593327,2602.4186177153465,2465.963133409253,2423.3078874787443,3060.9848526175215,1754.2308822459677
2026-03-20,1492.7660470689357,4284.1993006996945,2302.5470156941683,2531.479503305032,2441.6247843246465,2388.5680816427803,3001.804835007903,1737.121071451816
2026-03-23,1523.5115091867626,4333.377500695439,2327.265603856396,2583.1243771956315,2469.1505235399136,2413.6480255414826,3039.4558985373983,1753.9201732791726
2026-03-24,1534.4211158451376,4303.751069895245,2319.4659798884045,2593.874738937503,2483.4830681419844,2405.545856906534,3011.8023442195254,1758.291873566695
2026-03-25,1550.6616726956722,4332.0509037666725,2329.3054321410427,2614.7168358035465,2491.3010914806,2418.951214023837,3030.0354722620655,1767.0347955757532
2026-03-26,1533.1813511613543,4228.653795689438,2281.6681690399705,2543.633762038371,2441.4618777018386,2375.751817449703,2943.1243678724977,1757.6673449541918
2026-03-27,1509.3784953764973,4146.0400394962035,2247.470184638301,2489.8826236868945,2414.099294202075,2335.24074891424,2881.1318253811105,1735.809681007056
2026-03-30,1498.4688887181223,4114.350313676456,2237.7508733375953,2443.1521434190463,2392.9259169055413,2327.4331267414045,2858.6443936485593,1737.3708828968174
2026-03-31,1541.1157312932432,4253.637137238951,2301.58698860651,2543.8531366548004,2449.2799010404538,2395.0866404925214,2975.336320267566,1766.7226509109983
2026-04-01,1548.678125097835,4306.183164264648,2313.1063965518997,2570.8383931387534,2471.10490482822,2413.1324002122446,3014.5373366392187,1768.9083814132628
2026-04-02,1555.0007542186438,4311.120752629862,2317.7862076169545,2564.476026493884,2467.8475196501445,2415.3053282823985,3016.3607422967207,1771.0941119155273
2026-04-06,1563.4310212499918,4337.062342062748,2328.2254475227533,2580.052797386677,2488.0434572098293,2426.7221023991788,3029.4277477539376,1779.212624953579
2026-04-07,1568.5138856870174,4337.725640527131,2320.5459645066944,2584.6599995106385,2476.968297785834,2427.789861494428,3043.71043436053,1772.9675781115404
2026-04-08,1609.549261861867,4466.695088382944,2387.981906222375,2682.7284973492374,2561.3362428190467,2489.624786794673,3135.7874292023002,1808.8766572740117
2026-04-09,1620.9547554197013,4496.910967716661,2402.8612255532653,2679.2181683074236,2579.252234937505,2503.9874762540226,3160.402128846417,1816.0583773933085
2026-04-10,1614.0121490867314,4503.396252498767,2393.5017868444556,2682.0702059104783,2565.5710677339707,2502.3303988738276,3174.6845833198895,1802.0070818194697
2026-04-13,1634.0958056905085,4549.972593345018,2414.8604636211826,2744.8165414829186,2580.8810520728903,2526.7842906900896,3213.5819695705977,1816.0583773933085
2026-04-14,1641.7821949375327,4632.586349538252,2439.0992216608815,2787.8173180925237,2593.2594644793503,2557.5728470079025,3280.4365402601243,1819.805429426831
2026-04-15,1639.6747467675327,4697.440097968238,2452.29821845642,2814.802574576476,2586.7444450305043,2577.7545756395652,3323.588230200844,1823.8647457666052
2026-04-16,1645.0056969596924,4720.0647447747515,2451.6984308032597,2842.2265802932884,2577.6234178021195,2584.0890147803957,3330.2736640564844,1828.5485907188827
2026-04-17,1678.4783947191413,4781.822650066493,2482.896559832624,2894.003347096898,2622.250616021804,2615.3195034717382,3376.4642086709614,1847.5958759097539
2026-04-20,1687.9003406791383,4766.641085621002,2478.9366773726624,2912.8709048256046,2621.273425377651,2610.0895572236504,3359.75039189874,1849.4693421057668
2026-04-21,1674.6353898361685,4748.511828203446,2465.3776245639274,2903.217751344822,2594.888281614736,2593.0015805674157,3336.959097912125,1838.5405699529474
2026-04-22,1681.3298155437346,4827.957242240945,2485.896415204929,2937.0041237065025,2610.19801686096,2619.2601610360102,3396.520510237883,1841.3508290677155
2026-04-23,1680.7101229423824,4800.762905810155,2470.5372657515104,2908.4834124970125,2614.1070285302676,2609.09549108411,3360.661978660931,1847.2836116035023
2026-04-24,1689.7601774453524,4892.589440878346,2488.656172094669,2955.4332673812905,2629.7428261148034,2629.314178873987,3413.8418193851116,1845.722409713741
2026-04-27,1692.9832999864336,4895.168784805017,2486.136330266193,2945.341029488708,2614.7584059288047,2633.843929362485,3432.0751795607716,1840.4140361489603
2026-04-28,1683.4372637137346,4845.939250101234,2470.7773642340753,2885.446899108793,2596.19103641181,2621.0276651694076,3398.0400536413213,1841.6630933739668
2026-04-29,1670.2962134429274,4875.565230596972,2468.977267589392,2887.20223121917,2606.289254284348,2620.6226919540927,3388.9232574869316,1846.9714669387474
2026-04-30,1699.6781051750784,4921.036074002584,2486.8562588712857,2952.142145366436,2641.1440478771106,2646.6969273530563,3415.3613627885497,1869.7658041631412
2026-05-01,1703.8930015150781,4968.276163617674,2485.7764576742966,2968.596414724947,2632.023020648726,2654.0258833548683,3434.5060775932816,1869.7658041631412
2026-05-04,1688.1483315640028,4958.916585489907,2473.0572910012866,2971.009703095143,2624.2049973101102,2644.303145776498,3430.251773903269,1857.9002390915668
2026-05-05,1712.1992731039938,5023.253834708319,2489.85611424359,3021.2510151732154,2660.3627947926425,2665.5163504273573,3456.6898792048883,1872.576063277909
2026-05-06,1722.365001978045,5127.60874036447,2520.334314667862,3090.3592146221145,2692.937393851483,2702.5654275695715,3533.5726006778755,1881.006960263709
2026-05-07,1706.3725308826445,5121.491804627756,2513.374943678197,3044.9448144633734,2668.8321955297947,2694.2791392257122,3528.7105724797366,1870.3903327756445
2026-05-08,1715.1747842412892,5241.543873332058,2525.014125732917,3108.1300668581434,2685.4454328511792,2716.523369174327,3572.469754795464,1876.6352599761865
2026-05-11,1702.777327143997,5256.72543777755,2526.6940814256677,3122.1710478464584,2703.3611758769416,2722.7104224037403,3583.105862220172,1878.508845813696
2026-05-12,1683.4372637137346,5212.138992324448,2524.5341121890883,3077.1957320995175,2690.3313860719445,2718.5856451305576,3571.558168033273,1880.3824316512057
2026-05-13,1677.1147294631955,5267.1909636504115,2531.4938500213543,3074.7824437293216,2683.816615715794,2733.795690900193,3611.063278792109,1879.1333744261995
2026-05-14,1687.7764401069758,5304.628375552566,2548.2926732636583,3098.038164144501,2709.876195325788,2755.3771349688736,3655.1265554950205,1883.1926907659736
2026-05-15,1660.3782857132014,5224.593963286002,2525.254040794181,3031.123375680958,2690.0058219190237,2722.231756232717,3597.0846865727003,1869.7658041631412
2026-05-18,1666.2050279345508,5202.116115732298,2530.893695525593,2975.1783235757157,2691.6343899617136,2720.316640827182,3572.7738491826476,1881.006960263709
2026-05-19,1650.832439181042,5170.058491171612,2514.574702405818,2934.371293130407,2673.3925845976396,2702.19718815175,3536.9153176056957,1876.9476439239347
2026-05-20,1684.30532668103,5255.694240572229,2546.6129009922083,3020.373181528557,2711.179199215557,2729.891992494136,3587.05630365612,1888.813208995509
2026-05-21,1689.3882859883252,5265.716666859922,2552.7325692674494,3071.4916568934073,2726.4891835544768,2735.3056077296924,3594.349462019887,1891.9357324165285
2026-05-22,1703.3970197453493,5288.0468145519035,2572.411473772726,3114.931182735871,2757.109152232316,2746.059595966539,3594.349462019887,1907.2360852153738
2026-05-26,1730.5473729947983,5381.937094944105,2589.3302545456613,3201.810569599739,2789.0323738926195,2764.2897007558936,3639.32455761811,1906.6115566028707
2026-05-27,1730.9192644518253,5375.820159207392,2582.7309395691927,3209.4891839431857,2785.449175468928,2763.8108092241496,3638.109108601855,1907.5483495216254
2026-05-28,1732.1590291356085,5421.143302751281,2590.410422585251,3245.0308884152437,2783.1689809350055,2779.0575887912787,3671.2324156259947,1910.046224688645
2026-05-29,1719.017789124262,5441.11520600472,2585.730611520197,3291.761201093622,2780.562973155467,2785.9813462170555,3692.200536088227,1906.2992922966191
2026-06-01,1716.538449497235,5473.76317970784,2591.4902237822407,3301.8534389862043,2769.813377884392,2793.567889522766,3725.6277053664303,1896.9317220335608
2026-06-02,1731.7871376785815,5498.967170441025,2589.2104804363294,3360.870070900401,2804.6681714771553,2797.3613865363423,3719.8540904061006,1905.9870279903673
2026-06-03,1716.4143591845332,5484.5966043216395,2587.410567212947,3338.49184895094,2812.4859457230755,2777.73179167069,3683.387834321021,1899.1174525358254
2026-06-04,1738.8534548431746,5458.0655663552325,2607.809400323317,3331.2519838403528,2829.098933951764,2788.2279672429177,3682.780109812894,1916.603655478432
2026-06-05,1706.8683229118342,5196.073029926446,2557.5323378631365,3142.3551884526833,2767.207370104854,2716.265556509708,3541.7775779369545,1895.0581361960512
2026-06-08,1718.0260153253435,5277.213389938104,2565.811791953656,3200.4943219011616,2783.1689809350055,2722.415650580907,3565.1765964316965,1890.686675191522
2026-06-09,1734.2666670461479,5216.4871321561395,2569.291477448489,3179.432347650278,2787.077743511618,2714.4241340598815,3542.0812080578976,1894.7459915312963
2026-06-10,1721.993110521018,5112.279926361713,2547.81284314113,3064.909748042639,2742.776358537549,2671.6297107010623,3461.8557696570906,1880.0700477034575
2026-06-11,1764.0202604947865,5284.951421718117,2590.6503376465157,3214.974052122336,2815.743579993846,2717.0389945035645,3537.8269043678865,1900.0542454545803
2026-06-12,1781.1285957018076,5316.051699004343,2602.7697166663656,3263.0209476782325,2844.409167383379,2731.7334149439625,3552.413453228542,1913.168867751161
2026-06-15,1783.031124089364,5483.048907904746,2634.937043848421,3383.906249109681,2889.3619297559844,2779.904719740844,3654.2149687328297,1920.975116482961
2026-06-16,1773.4562472546916,5378.841251805861,2617.627208862477,3332.5682315389304,2888.3847391118315,2763.3321430531264,3613.4944089577384,1923.1609666267223
2026-06-17,1749.2083550349075,5324.674128736866,2577.8387266379727,3310.19034476841,2875.3547002141386,2728.824008038166,3573.381341557655,1896.619577368806
2026-06-18,1780.7929446877868,5458.139416286093,2595.148561623917,3401.4572239608697,2910.861120298134,2757.1955706251765,3632.6391237624694,1900.6787740670834
2026-06-22,1781.414534694532,5444.438903197938,2594.427349069719,3443.435034444664,2923.725014367978,2748.5187321521353,3606.7161218541028,1904.6932248456146
2026-06-23,1775.3215864965453,5265.158739638354,2560.5288916520285,3305.0476942873106,2838.184340924703,2708.6048695268473,3520.0016342171643,1899.3615211889876
2026-06-24,1795.8389899731612,5242.803825201267,2562.692712735922,3316.9093418057632,2840.7963269289316,2707.3493849511547,3513.003517048901,1900.6159622813432
2026-06-25,1818.8435124389155,5285.299957367426,2563.4139252901196,3390.496537433957,2890.096255022098,2711.2632245896493,3515.1333384247864,1899.0478211847762
2026-06-26,1833.0192178705229,5212.555073642228,2568.3424556388704,3305.7066560839503,2835.5723549204745,2691.6570672389626,3490.1839028216477,1900.9296622855545
2026-06-29,1832.3974381232383,5342.109016682542,2611.9774659595287,3364.5761444433533,2899.2382060368986,2736.0017469963077,3572.3346533196313,1906.8886463091078
2026-06-30,1844.2104943594882,5433.0034215258365,2637.7017531132783,3417.7345188389,2941.6818576884857,2757.3064480998205,3620.4077975372065,1906.575065946393
2026-07-01,1834.6356175248156,5350.150553666215,2630.9701913790336,3345.4655819829254,2905.1150500000654,2753.577178891678,3603.673553050426,1913.1613303368722
2026-07-02,1821.4547217407555,5257.411701769212,2625.681054753184,3247.7156717270864,2868.874553742652,2749.95878715818,3565.9449570588554,1933.2338235125212
