Date,IJR,QQQ,QUAL,SPHB,SPHQ,SPY,SPYG,SPYV
2000-01-03,,79.83966827392578,,,,91.13276672363281,,
2000-01-04,,74.36254119873047,,,,87.5689468383789,,
2000-01-05,,72.46663665771484,,,,87.72557067871094,,
2000-01-06,,67.4897689819336,,,,86.31562805175781,,
2000-01-07,,75.83712768554688,,,,91.32853698730469,,
2000-01-10,,77.94375610351562,,,,91.64190673828125,,
2000-01-11,,74.15190887451172,,,,90.54530334472656,,
2000-01-12,,72.519287109375,,,,89.64459228515625,,
2000-01-13,,76.89046478271484,,,,90.85858917236328,,
2000-01-14,,78.68108367919922,,,,92.09226989746094,,
2000-01-18,,79.10235595703125,,,,91.36772918701172,,
2000-01-19,,80.89298248291016,,,,92.11180877685547,,
2000-01-20,,80.10298156738281,,,,90.70195770263672,,
2000-01-21,,81.1036376953125,,,,90.50614166259766,,
2000-01-24,,77.20643615722656,,,,87.94097900390625,,
2000-01-25,,78.36505126953125,,,,88.93959045410156,,
2000-01-26,,75.20516967773438,,,,88.23468017578125,,
2000-01-27,,76.3111343383789,,,,87.88219451904297,,
2000-01-28,,72.46663665771484,,,,85.1407699584961,,
2000-01-31,,75.57384490966797,,,,87.4513931274414,,
2000-02-01,,77.60140991210938,,,,88.31302642822266,,
2000-02-02,,78.25969696044922,,,,88.39134979248047,,
2000-02-03,,81.31429290771484,,,,89.72286987304688,,
2000-02-04,,81.86724853515625,,,,89.35086822509766,,
2000-02-07,,82.99957275390625,,,,89.21371459960938,,
2000-02-08,,86.4754409790039,,,,90.42779541015625,,
2000-02-09,,83.42085266113281,,,,88.5284194946289,,
2000-02-10,,86.15946197509766,,,,88.7046127319336,,
2000-02-11,,84.158203125,,,,86.90315246582031,,
2000-02-14,,84.05284881591797,,,,87.41229248046875,,
2000-02-15,,84.65848541259766,,,,88.40116119384766,,
2000-02-16,,84.26351165771484,,,,87.09895324707031,,
2000-02-17,,86.05412292480469,,,,86.6485824584961,,
2000-02-18,,82.94688415527344,,,,84.78829193115234,,
2000-02-22,,83.21022033691406,,,,84.57291412353516,,
2000-02-23,,87.8447036743164,,,,85.57157135009766,,
2000-02-24,,89.74063873291016,,,,83.84838104248047,,
2000-02-25,,87.68671417236328,,,,83.54490661621094,,
2000-02-28,,87.63407897949219,,,,85.29744720458984,,
2000-02-29,,89.95130157470703,,,,86.1198959350586,,
2000-03-01,,90.68860626220703,,,,86.7464828491211,,
2000-03-02,,88.588623046875,,,,86.80523681640625,,
2000-03-03,,93.58516693115234,,,,88.43047332763672,,
2000-03-06,,94.32244873046875,,,,87.5689468383789,,
2000-03-07,,92.90052032470703,,,,85.87509155273438,,
2000-03-08,,93.74314880371094,,,,85.76738739013672,,
2000-03-09,,96.90303039550781,,,,88.27388000488281,,
2000-03-10,,96.48170471191406,,,,87.80389404296875,,
2000-03-13,,93.95381927490234,,,,86.84437561035156,,
2000-03-14,,90.47794342041016,,,,85.61074829101562,,
2000-03-15,,86.68608093261719,,,,87.60802459716797,,
2000-03-16,,91.63655090332031,,,,91.70060729980469,,
2000-03-17,,93.37448120117188,,,,92.30668640136719,,
2000-03-20,,90.74124908447266,,,,91.83551025390625,,
2000-03-21,,94.16447448730469,,,,93.72016143798828,,
2000-03-22,,96.06039428710938,,,,94.28938293457031,,
2000-03-23,,97.74568176269531,,,,95.89923858642578,,
2000-03-24,,99.06231689453125,,,,96.46854400634766,,
2000-03-27,,99.22029876708984,,,,95.44770050048828,,
2000-03-28,,96.69239044189453,,,,94.89797973632812,,
2000-03-29,,92.68985748291016,,,,94.99615478515625,,
2000-03-30,,90.3726577758789,,,,93.40604400634766,,
2000-03-31,,92.26851654052734,,,,94.46614837646484,,
2000-04-03,,86.73873901367188,,,,95.01578521728516,,
2000-04-04,,85.89611053466797,,,,94.30908203125,,
2000-04-05,,84.36885833740234,,,,93.72016143798828,,
2000-04-06,,86.37010192871094,,,,94.53480529785156,,
2000-04-07,,89.84596252441406,,,,95.13359069824219,,
2000-04-10,,84.36885833740234,,,,94.76057434082031,,
2000-04-11,,82.3675765991211,,,,94.48575592041016,,
2000-04-12,,77.52242279052734,,,,91.89439392089844,,
2000-04-13,,74.15190887451172,,,,90.6184310913086,,
2000-04-14,,67.72677612304688,,,,85.43571472167969,,
2000-04-17,,75.52117919921875,,,,88.41967010498047,,
2000-04-18,,77.52242279052734,,,,90.75582122802734,,
2000-04-19,,75.15251159667969,,,,89.91165161132812,,
2000-04-20,,73.51992797851562,,,,90.34354400634766,,
2000-04-24,,71.413330078125,,,,89.36199188232422,,
2000-04-25,,76.232177734375,,,,93.07230377197266,,
2000-04-26,,73.62525939941406,,,,92.02201843261719,,
2000-04-27,,76.89046478271484,,,,91.71775817871094,,
2000-04-28,,79.83966827392578,,,,91.14842224121094,,
2000-05-01,,80.57697296142578,,,,92.38525390625,,
2000-05-02,,75.9425048828125,,,,90.53983306884766,,
2000-05-03,,75.09986114501953,,,,88.41967010498047,,
2000-05-04,,75.25782012939453,,,,89.08716583251953,,
2000-05-05,,77.04843139648438,,,,90.1668472290039,,
2000-05-08,,74.04658508300781,,,,89.48956298828125,,
2000-05-09,,72.46663665771484,,,,88.7730712890625,,
2000-05-10,,67.20014190673828,,,,86.77067565917969,,
2000-05-11,,71.30799102783203,,,,88.75341796875,,
2000-05-12,,71.30799102783203,,,,89.7153549194336,,
2000-05-15,,74.41521453857422,,,,91.26618957519531,,
2000-05-16,,76.52180480957031,,,,92.14960479736328,,
2000-05-17,,74.94184875488281,,,,91.18771362304688,,
2000-05-18,,72.25597381591797,,,,90.0687026977539,,
2000-05-19,,68.83274841308594,,,,88.65522766113281,,
2000-05-22,,68.78009033203125,,,,87.9877700805664,,
2000-05-23,,63.03966522216797,,,,86.69210815429688,,
2000-05-24,,66.9894790649414,,,,88.10554504394531,,
2000-05-25,,65.51487731933594,,,,86.59397888183594,,
2000-05-26,11.550355911254883,65.51487731933594,,,,86.69210815429688,,
2000-05-30,11.780460357666016,72.09796905517578,,,,89.51905059814453,,
2000-05-31,12.010555267333984,70.04405212402344,,,,89.7153549194336,,
2000-06-01,12.289702415466309,73.62525939941406,,,,91.28583526611328,,
2000-06-02,12.640509605407715,78.89166259765625,,,,92.87600708007812,,
2000-06-05,12.683897018432617,79.08920288085938,,,,92.42450714111328,,
2000-06-06,12.56695556640625,76.89046478271484,,,,92.01220703125,,
2000-06-07,12.56506633758545,78.94438934326172,,,,92.65019226074219,,
2000-06-08,12.561299324035645,78.57569885253906,,,,92.28702545166016,,
2000-06-09,12.62919807434082,78.9970703125,,,,92.09073638916016,,
2000-06-12,12.516024589538574,76.46914672851562,,,,91.01101684570312,,
2000-06-13,12.508474349975586,79.41836547851562,,,,92.71892547607422,,
2000-06-14,12.615984916687012,77.62776947021484,,,,92.87600708007812,,
2000-06-15,12.553752899169922,78.9970703125,,,,93.07230377197266,,
2000-06-16,12.523575782775879,79.41836547851562,,,,92.30754852294922,,
2000-06-19,12.682007789611816,82.57827758789062,,,,93.48822784423828,,
2000-06-20,12.685779571533203,82.26226806640625,,,,93.15363311767578,,
2000-06-21,12.694745063781738,83.31558990478516,,,,93.11431884765625,,
2000-06-22,12.63059139251709,80.260986328125,,,,91.69754028320312,,
2000-06-23,12.426814079284668,77.10113525390625,,,,90.91046142578125,,
2000-06-26,12.413605690002441,79.20768737792969,,,,92.08123016357422,,
2000-06-27,12.521156311035156,78.25969696044922,,,,91.40240478515625,,
2000-06-28,12.868327140808105,79.20768737792969,,,,91.65816497802734,,
2000-06-29,12.740030288696289,77.2196273803711,,,,90.79239654541016,,
2000-06-30,12.717389106750488,78.73373413085938,,,,91.48108673095703,,
2000-07-03,12.847588539123535,80.260986328125,,,,92.74046325683594,,
2000-07-05,12.777766227722168,77.15379333496094,,,,91.06782531738281,,
2000-07-06,12.83814811706543,79.20768737792969,,,,91.77623748779297,,
2000-07-07,13.024949073791504,80.84033966064453,,,,93.2520980834961,,
2000-07-10,13.121174812316895,79.61585998535156,,,,93.09468841552734,,
2000-07-11,13.10230827331543,80.05032348632812,,,,93.29145050048828,,
2000-07-12,13.255149841308594,81.94625091552734,,,,93.90143585205078,,
2000-07-13,13.274007797241211,82.99957275390625,,,,94.31463623046875,,
2000-07-14,13.275896072387695,84.79014587402344,,,,95.23949432373047,,
2000-07-17,13.362682342529297,85.7381362915039,,,,95.08208465576172,,
2000-07-18,13.260804176330566,83.84220886230469,,,,94.30487060546875,,
2000-07-19,12.987208366394043,81.94625091552734,,,,93.54728698730469,,
2000-07-20,13.041924476623535,84.5794906616211,,,,94.8459701538086,,
2000-07-21,12.800411224365234,81.735595703125,,,,92.99630737304688,,
2000-07-24,12.664558410644531,80.05032348632812,,,,92.4649887084961,,
2000-07-25,12.679655075073242,80.68228149414062,,,,92.76008605957031,,
2000-07-26,12.598514556884766,80.57697296142578,,,,91.85491943359375,,
2000-07-27,12.496628761291504,77.41710662841797,,,,91.54015350341797,,
2000-07-28,12.19095516204834,73.20392608642578,,,,89.4739761352539,,
2000-07-31,12.35888385772705,75.36317443847656,,,,90.04464721679688,,
2000-08-01,12.389076232910156,74.36254119873047,,,,90.59557342529297,,
2000-08-02,12.51360034942627,73.0459213256836,,,,91.04813385009766,,
2000-08-03,12.423038482666016,76.205810546875,,,,91.67784881591797,,
2000-08-04,12.472100257873535,75.9425048828125,,,,92.16983032226562,,
2000-08-07,12.651350021362305,77.73310089111328,,,,93.2717514038086,,
2000-08-08,12.653239250183105,79.3130111694336,,,,93.6259536743164,,
2000-08-09,12.617388725280762,77.20643615722656,,,,92.83887481689453,,
2000-08-10,12.611720085144043,75.6791763305664,,,,92.3862533569336,,
2000-08-11,12.679655075073242,76.73246002197266,,,,92.81920623779297,,
2000-08-14,12.849464416503906,78.36505126953125,,,,93.99984741210938,,
2000-08-15,12.76833724975586,78.36505126953125,,,,93.9211196899414,,
2000-08-16,12.800411224365234,79.155029296875,,,,93.58655548095703,,
2000-08-17,12.807958602905273,80.68228149414062,,,,94.57047271728516,,
2000-08-18,12.94758129119873,80.260986328125,,,,94.2556381225586,,
2000-08-21,12.951356887817383,80.47167205810547,,,,94.7672348022461,,
2000-08-22,12.983440399169922,80.47167205810547,,,,94.60983276367188,,
2000-08-23,13.00230598449707,81.78825378417969,,,,94.98368835449219,,
2000-08-24,13.117395401000977,83.05221557617188,,,,95.27885437011719,,
2000-08-25,13.223065376281738,82.6045913696289,,,,95.23949432373047,,
2000-08-28,13.202310562133789,82.99957275390625,,,,95.56421661376953,,
2000-08-29,13.328726768493652,83.42085266113281,,,,95.58387756347656,,
2000-08-30,13.366462707519531,83.31558990478516,,,,94.66883087158203,,
2000-08-31,13.509864807128906,85.63275909423828,,,,95.9282455444336,,
2000-09-01,13.558923721313477,86.4754409790039,,,,96.02662658691406,,
2000-09-05,13.443832397460938,83.84220886230469,,,,95.2591552734375,,
2000-09-06,13.400428771972656,80.89298248291016,,,,94.1769027709961,,
2000-09-07,13.619303703308105,82.68360137939453,,,,94.98368835449219,,
2000-09-08,13.479677200317383,80.15562438964844,,,,94.3343276977539,,
2000-09-11,13.389106750488281,78.20704650878906,,,,94.19658660888672,,
2000-09-12,13.43816089630127,76.99577331542969,,,,93.50787353515625,,
2000-09-13,13.377787590026855,78.786376953125,,,,93.75386810302734,,
2000-09-14,13.553268432617188,78.36505126953125,,,,94.22610473632812,,
2000-09-15,13.407974243164062,76.94313049316406,,,,92.16464233398438,,
2000-09-18,13.094756126403809,75.73184967041016,,,,91.31635284423828,,
2000-09-19,13.130608558654785,78.52305603027344,,,,92.14494323730469,,
2000-09-20,13.15787410736084,79.73434448242188,,,,91.46434020996094,,
2000-09-21,12.935050010681152,73.94121551513672,,,,90.07360076904297,,
2000-09-22,13.097452163696289,78.3124008178711,,,,91.7109146118164,,
2000-09-25,12.978484153747559,76.232177734375,,,,91.05996704101562,,
2000-09-26,12.87839412689209,75.36317443847656,,,,89.89604949951172,,
2000-09-27,12.855748176574707,75.46847534179688,,,,90.36946105957031,,
2000-09-28,13.233409881591797,77.15379333496094,,,,91.53337860107422,,
2000-09-29,13.12955093383789,74.78386688232422,,,,90.66537475585938,,
2000-10-02,12.991703033447266,73.09858703613281,,,,90.80347442626953,18.304737091064453,8.80405330657959
2000-10-03,12.780207633972168,70.78135681152344,,,,89.95518493652344,18.091060638427734,8.854016304016113
2000-10-04,12.904836654663086,72.1506576538086,,,,90.704833984375,18.091060638427734,8.87275505065918
2000-10-05,12.800980567932129,72.36132049560547,,,,91.02046966552734,17.87738609313965,8.87275505065918
2000-10-06,12.495070457458496,69.93871307373047,,,,89.04776000976562,17.87738609313965,8.759299278259277
2000-10-09,12.47807788848877,69.62274932861328,,,,88.37702941894531,17.87738609313965,8.727031707763672
2000-10-10,12.321341514587402,65.98888397216797,,,,86.91725158691406,17.87738609313965,8.727031707763672
2000-10-11,12.236370086669922,64.93555450439453,,,,86.18737030029297,17.87738609313965,8.53966236114502
2000-10-12,12.021100044250488,63.30302810668945,,,,84.03712463378906,16.108642578125,8.53966236114502
2000-10-13,12.391212463378906,68.46412658691406,,,,86.83834838867188,16.108642578125,8.518843650817871
2000-10-16,12.474299430847168,69.0960693359375,,,,87.23284912109375,16.903987884521484,8.496986389160156
2000-10-17,12.202381134033203,65.93619537353516,,,,85.06291198730469,16.903987884521484,8.496986389160156
2000-10-18,12.066421508789062,65.72554779052734,,,,84.74732971191406,16.903987884521484,8.496986389160156
2000-10-19,12.483744621276855,71.67665100097656,,,,87.94305419921875,16.903987884521484,8.496986389160156
2000-10-20,12.651796340942383,72.72994232177734,,,,88.31787109375,16.903987884521484,8.496986389160156
2000-10-23,12.742441177368164,72.62460327148438,,,,88.71240234375,16.903987884521484,8.592751502990723
2000-10-24,12.753775596618652,69.51741027832031,,,,88.12062072753906,16.903987884521484,8.592751502990723
2000-10-25,12.383660316467285,65.62022399902344,,,,86.04923248291016,16.702184677124023,8.592751502990723
2000-10-26,12.549838066101074,67.30548095703125,,,,86.2860107421875,16.262968063354492,8.642714500427246
2000-10-27,12.563055038452148,67.1738052368164,,,,87.92334747314453,16.262968063354492,8.642714500427246
2000-10-30,12.629148483276367,64.68538665771484,,,,88.71240234375,16.262968063354492,8.642714500427246
2000-10-31,13.199419021606445,68.84593200683594,,,,90.24127197265625,16.262968063354492,8.642714500427246
2000-11-01,13.067233085632324,68.2534408569336,,,,89.93548583984375,16.262968063354492,8.642714500427246
2000-11-02,13.299500465393066,69.0960693359375,,,,90.08345031738281,16.262968063354492,8.642714500427246
2000-11-03,13.354265213012695,69.99137878417969,,,,90.13275909423828,16.262968063354492,8.931046485900879
2000-11-06,13.233409881591797,69.46471405029297,,,,90.76399230957031,16.262968063354492,8.981010437011719
2000-11-07,13.303272247314453,69.2013931274414,,,,90.74430084228516,16.262968063354492,9.008075714111328
2000-11-08,13.027585983276367,63.790130615234375,,,,88.73213195800781,16.262968063354492,9.008075714111328
2000-11-09,12.98037338256836,63.776954650878906,,,,88.39678192138672,16.34605598449707,9.032014846801758
2000-11-10,12.689574241638184,60.45905303955078,,,,86.24652862548828,16.34605598449707,9.032014846801758
2000-11-13,12.629148483276367,60.55123519897461,,,,85.57584381103516,15.099624633789062,8.89773178100586
2000-11-14,12.891621589660645,63.90860366821289,,,,87.82472229003906,15.906841278076172,8.926883697509766
2000-11-15,13.048355102539062,65.19891357421875,,,,88.10087585449219,16.441020965576172,8.879002571105957
2000-11-16,12.772658348083496,61.40705490112305,,,,86.72000122070312,16.2985782623291,8.879002571105957
2000-11-17,12.87462043762207,61.367530822753906,,,,86.25639343261719,16.2985782623291,8.78323745727539
2000-11-20,12.546058654785156,58.865970611572266,,,,85.0234603881836,15.277701377868652,8.78323745727539
2000-11-21,12.432757377624512,58.77381896972656,,,,85.45748901367188,15.277701377868652,8.743682861328125
2000-11-22,12.264695167541504,56.140567779541016,,,,83.41571807861328,15.158976554870605,8.743682861328125
2000-11-24,12.561156272888184,59.35309600830078,,,,85.12210083007812,15.158976554870605,8.743682861328125
2000-11-27,12.634800910949707,58.615814208984375,,,,85.87171936035156,15.62193775177002,8.743682861328125
2000-11-28,12.200493812561035,55.15311813354492,,,,84.39219665527344,15.075891494750977,8.82904052734375
2000-11-29,12.047540664672852,53.03335189819336,,,,84.234375,15.075891494750977,8.89773178100586
2000-11-30,11.873807907104492,53.072845458984375,,,,83.50450134277344,14.624799728393555,8.776992797851562
2000-12-01,12.175944328308105,53.928646087646484,,,,83.46499633789062,14.506093978881836,8.78115463256836
2000-12-04,12.136290550231934,54.77129364013672,,,,84.17523193359375,14.743508338928223,8.87275505065918
2000-12-05,12.608369827270508,59.563777923583984,,,,86.93701934814453,15.51511001586914,8.968520164489746
2000-12-06,12.421424865722656,57.29917526245117,,,,85.54624938964844,15.51511001586914,8.968520164489746
2000-12-07,12.445975303649902,56.03523254394531,,,,84.3724594116211,15.17084789276123,8.928964614868164
2000-12-08,12.629148483276367,57.29917526245117,,,,84.5697250366211,15.17084789276123,8.968520164489746
2000-12-11,13.123893737792969,62.67100524902344,,,,87.50904846191406,15.930584907531738,9.014320373535156
2000-12-12,12.946383476257324,60.38007354736328,,,,87.13424682617188,15.859355926513672,8.999749183654785
2000-12-13,12.735944747924805,57.91798400878906,,,,85.94075775146484,15.42012882232666,9.064281463623047
2000-12-14,12.541121482849121,55.0872917175293,,,,84.84591674804688,15.277701377868652,8.981010437011719
2000-12-15,12.501015663146973,53.82332229614258,,,,82.92951202392578,14.48667049407959,8.864700317382812
2000-12-18,12.632803916931152,53.928646087646484,,,,84.03762817382812,14.46292495727539,8.966095924377441
2000-12-19,12.48000431060791,49.82080841064453,,,,82.32601165771484,14.094825744628906,8.983866691589355
2000-12-20,12.134297370910645,46.9637336730957,,,,79.9416275024414,13.311114311218262,8.835428237915039
2000-12-21,12.216419219970703,47.240230560302734,,,,80.49565887451172,13.512979507446289,8.820792198181152
2000-12-22,12.636628150939941,50.979427337646484,,,,82.9097671508789,13.655464172363281,8.85633659362793
2000-12-26,12.808524131774902,51.29542922973633,,,,83.8001937866211,13.726713180541992,8.85633659362793
2000-12-27,13.03390884399414,51.87472915649414,,,,84.41362762451172,14.071067810058594,9.126042366027832
2000-12-28,13.564889907836914,51.76939392089844,,,,84.67082977294922,13.987945556640625,9.17830753326416
2000-12-29,13.213443756103516,49.188819885253906,,,,83.0680923461914,13.892953872680664,9.135448455810547
2001-01-02,12.753135681152344,45.02830123901367,,,,81.56420135498047,12.848010063171387,9.057048797607422
2001-01-03,13.23254680633545,52.61203384399414,,,,85.48213958740234,14.4510498046875,9.151128768920898
2001-01-04,13.064468383789062,51.66404724121094,,,,84.56199645996094,14.48667049407959,9.027778625488281
2001-01-05,12.739765167236328,47.714195251464844,,,,81.80165100097656,14.011700630187988,8.952508926391602
2001-01-08,12.777962684631348,48.24085235595703,,,,82.43488311767578,13.311114311218262,8.927422523498535
2001-01-09,12.743592262268066,48.24085235595703,,,,82.21720123291016,13.619845390319824,8.948331832885742
2001-01-10,13.098848342895508,50.716094970703125,,,,83.66168975830078,13.904837608337402,8.929511070251465
2001-01-11,13.289852142333984,52.19072723388672,,,,83.74081420898438,14.546039581298828,8.965056419372559
2001-01-12,13.3624267578125,52.86219024658203,,,,83.58255004882812,14.367924690246582,8.858427047729492
2001-01-16,13.461752891540527,52.2302131652832,,,,84.11680603027344,14.26105785369873,8.858427047729492
2001-01-17,13.530509948730469,53.82332229614258,,,,84.50263977050781,14.641036033630371,8.902334213256836
2001-01-18,13.545787811279297,56.08789825439453,,,,85.34362030029297,15.092268943786621,8.939964294433594
2001-01-19,13.339507102966309,55.877235412597656,,,,84.85883331298828,15.258503913879395,8.939964294433594
2001-01-22,13.450292587280273,55.929908752441406,,,,85.42278289794922,15.258503913879395,8.866792678833008
2001-01-23,13.7062349319458,57.101688385009766,,,,86.09552001953125,15.211008071899414,8.866792678833008
2001-01-24,13.7062349319458,56.561885833740234,,,,86.3527603149414,15.246623039245605,8.866792678833008
2001-01-25,13.660394668579102,54.349952697753906,,,,86.13511657714844,15.199132919311523,8.973418235778809
2001-01-26,13.679490089416504,55.232086181640625,,,,86.03616333007812,14.783527374267578,8.990142822265625
2001-01-29,13.877971649169922,56.45652770996094,,,,86.4952621459961,15.045230865478516,9.008543014526367
2001-01-30,13.910987854003906,56.24589157104492,,,,87.25503540039062,15.140230178833008,9.02392864227295
2001-01-31,13.84130573272705,54.181434631347656,,,,86.76118469238281,14.876152992248535,9.064740180969238
2001-02-01,13.925650596618652,54.89768981933594,,,,87.3373794555664,14.845752716064453,9.072097778320312
2001-02-02,13.739853858947754,51.86420822143555,,,,85.35546112060547,14.845752716064453,9.072097778320312
2001-02-05,13.788743019104004,51.82206344604492,,,,85.98235321044922,14.22068977355957,9.072097778320312
2001-02-06,13.9281005859375,51.90632247924805,,,,85.7291030883789,14.543670654296875,9.137662887573242
2001-02-07,14.001437187194824,51.063690185546875,,,,85.28582763671875,14.247284889221191,9.139007568359375
2001-02-08,13.794853210449219,49.538509368896484,,,,84.29168701171875,13.916701316833496,9.139007568359375
2001-02-09,13.69094467163086,47.52462387084961,,,,83.48123168945312,13.411333084106445,9.075444221496582
2001-02-12,14.02589225769043,48.09763717651367,,,,84.43732452392578,13.5120267868042,9.075444221496582
2001-02-13,13.891426086425781,46.55558776855469,,,,83.74714660644531,13.489232063293457,9.128968238830566
2001-02-14,14.044228553771973,48.40938186645508,,,,83.62052154541016,13.352437019348145,9.128968238830566
2001-02-15,14.057674407958984,49.209903717041016,,,,84.43099212646484,13.848304748535156,8.981779098510742
2001-02-16,13.782629013061523,46.45447540283203,,,,82.56941223144531,13.390430450439453,8.971744537353516
2001-02-20,13.580933570861816,44.65122604370117,,,,81.29666900634766,13.109248161315918,8.902838706970215
2001-02-21,13.352337837219238,43.39571762084961,,,,79.54270935058594,12.890767097473145,8.837939262390137
2001-02-22,13.184877395629883,42.974395751953125,,,,79.66297912597656,12.890767097473145,8.740925788879395
2001-02-23,13.21054458618164,43.12605285644531,,,,79.12483215332031,12.016812324523926,8.706140518188477
2001-02-26,13.507593154907227,43.94342041015625,,,,80.80909729003906,12.016812324523926,8.847972869873047
2001-02-27,13.194650650024414,41.28913879394531,,,,80.06193542480469,12.368293762207031,8.85934829711914
2001-02-28,13.018631935119629,39.98301696777344,,,,78.48524475097656,12.368293762207031,8.805155754089355
2001-03-01,13.080963134765625,41.1205940246582,,,,78.89682006835938,11.712828636169434,8.740925788879395
2001-03-02,13.14330768585205,39.35105895996094,,,,78.26992797851562,12.144104957580566,8.740925788879395
2001-03-05,13.146976470947266,40.06729507446289,,,,78.9854965209961,12.05101203918457,8.740925788879395
2001-03-06,13.299782752990723,41.62617874145508,,,,79.83401489257812,12.415787696838379,8.740925788879395
2001-03-07,13.379236221313477,41.643028259277344,,,,80.40383911132812,12.254297256469727,8.785754203796387
2001-03-08,13.30589771270752,40.8677978515625,,,,80.4925537109375,12.254297256469727,8.858006477355957
2001-03-09,13.058968544006348,38.002838134765625,,,,78.11168670654297,12.254297256469727,8.811176300048828
2001-03-12,12.695508003234863,35.643455505371094,,,,74.76838684082031,10.831276893615723,8.704130172729492
2001-03-13,12.827672004699707,37.45515060424805,,,,75.99675750732422,10.831276893615723,8.495389938354492
2001-03-14,12.51315975189209,36.86528015136719,,,,74.49610900878906,10.831276893615723,8.495389938354492
2001-03-15,12.472769737243652,35.517086029052734,,,,74.51510620117188,11.18276309967041,8.495389938354492
2001-03-16,12.187629699707031,34.716575622558594,,,,73.0205307006836,10.753896713256836,8.4950532913208
2001-03-19,12.500920295715332,36.45240020751953,,,,74.50619506835938,10.725384712219238,8.266512870788574
2001-03-20,12.262282371520996,34.000308990478516,,,,72.50625610351562,11.208234786987305,8.24769401550293
2001-03-21,12.07259750366211,34.000308990478516,,,,71.27452850341797,11.208234786987305,8.133420944213867
2001-03-22,11.931863784790039,36.06477355957031,,,,70.55072021484375,10.617023468017578,7.807411193847656
2001-03-23,12.2806396484375,36.06477355957031,,,,72.68399810791016,10.883160591125488,7.807411193847656
2001-03-26,12.378541946411133,35.2305793762207,,,,73.61097717285156,10.900273323059082,8.195265769958496
2001-03-27,12.568232536315918,36.4439697265625,,,,75.11570739746094,11.158807754516602,8.264497756958008
2001-03-28,12.21944522857666,33.4526252746582,,,,73.03960418701172,10.696863174438477,8.308191299438477
2001-03-29,12.133788108825684,32.820640563964844,,,,73.31893920898438,10.643637657165527,8.301468849182129
2001-03-30,12.421380996704102,32.989166259765625,,,,74.08716583251953,10.62272834777832,8.434561729431152
2001-04-02,12.07259750366211,31.514549255371094,,,,72.50625610351562,10.29956340789795,8.459430694580078
2001-04-03,11.690780639648438,29.205732345581055,,,,70.08721923828125,10.29956340789795,8.306844711303711
2001-04-04,11.685890197753906,28.69172477722168,,,,70.37931060791016,9.541065216064453,8.160311698913574
2001-04-05,12.285531997680664,31.4387149810791,,,,73.04590606689453,10.314766883850098,8.348522186279297
2001-04-06,11.96490478515625,30.2927303314209,,,,71.93482208251953,10.314766883850098,8.257774353027344
2001-04-09,12.21944522857666,31.219623565673828,,,,72.73480224609375,10.314766883850098,8.35188102722168
2001-04-10,12.503378868103027,33.53687286376953,,,,74.06179809570312,10.660748481750488,8.536735534667969
2001-04-11,12.396900177001953,34.54803466796875,,,,74.11255645751953,10.947796821594238,8.536735534667969
2001-04-12,12.57435131072998,36.06477355957031,,,,75.45853424072266,10.759602546691895,8.41237735748291
2001-04-16,12.34061050415039,33.916072845458984,,,,74.6649398803711,10.987713813781738,8.41237735748291
2001-04-17,12.604942321777344,34.758705139160156,,,,75.71891021728516,10.963004112243652,8.52328872680664
2001-04-18,12.87907600402832,38.38203048706055,,,,78.72833251953125,11.852669715881348,8.8056058883667
2001-04-19,13.0332670211792,40.69927215576172,,,,79.77593994140625,12.303204536437988,8.788804054260254
2001-04-20,12.82521915435791,40.78355026245117,,,,79.04576873779297,12.345020294189453,8.708136558532715
2001-04-23,12.690608978271484,38.044979095458984,,,,77.61087036132812,11.8906888961792,8.681253433227539
2001-04-24,12.689390182495117,37.328731536865234,,,,77.19183349609375,11.8906888961792,8.620752334594727
2001-04-25,13.021032333374023,38.002838134765625,,,,78.20136260986328,11.776626586914062,8.707463264465332
2001-04-26,13.197253227233887,37.033809661865234,,,,78.5505599975586,11.776626586914062,8.801568984985352
2001-04-27,13.379600524902344,38.044979095458984,,,,79.85845184326172,11.865972518920898,8.801568984985352
2001-04-30,13.396730422973633,38.88760757446289,,,,80.41719055175781,12.120705604553223,8.842577934265137
2001-05-01,13.520334243774414,40.488624572753906,,,,80.66474151611328,12.120705604553223,8.876184463500977
2001-05-02,13.484838485717773,41.272254943847656,,,,80.51874542236328,12.375442504882812,8.909796714782715
2001-05-03,13.330648422241211,39.4353141784668,,,,79.49655151367188,12.0598726272583,8.798882484436035
2001-05-04,13.497085571289062,40.61500930786133,,,,80.84890747070312,12.130209922790527,8.798882484436035
2001-05-07,13.394281387329102,39.772377014160156,,,,80.15049743652344,12.464786529541016,8.957520484924316
2001-05-08,13.509325981140137,40.61500930786133,,,,80.11241912841797,12.394450187683105,8.892989158630371
2001-05-09,13.45547866821289,39.22465133666992,,,,79.77593994140625,12.261378288269043,8.85265827178955
2001-05-10,13.486064910888672,38.56741714477539,,,,80.01084899902344,12.324113845825195,8.909796714782715
2001-05-11,13.390610694885254,38.38203048706055,,,,79.45845031738281,12.088390350341797,8.798882484436035
2001-05-14,13.419981956481934,37.76689147949219,,,,79.61719512939453,11.93820858001709,8.798882484436035
2001-05-15,13.547256469726562,38.044979095458984,,,,79.98542022705078,12.13781452178955,8.896346092224121
2001-05-16,13.798133850097656,39.73024368286133,,,,81.87114715576172,12.426770210266113,9.131610870361328
2001-05-17,13.962118148803711,40.362213134765625,,,,81.99806213378906,12.660584449768066,9.114808082580566
2001-05-18,14.041662216186523,40.480186462402344,,,,82.37268829345703,12.502809524536133,9.080528259277344
2001-05-21,14.302325248718262,43.016510009765625,,,,83.5853271484375,12.896308898925781,9.16186237335205
2001-05-22,14.416138648986816,42.8901252746582,,,,83.47744750976562,12.993260383605957,9.14841365814209
2001-05-23,14.029425621032715,40.994197845458984,,,,82.06159210205078,12.763242721557617,9.084562301635742
2001-05-24,14.03921890258789,42.047489166259766,,,,82.30284881591797,12.729026794433594,9.064396858215332
2001-05-25,14.012290000915527,41.28068542480469,,,,81.33143615722656,12.447676658630371,9.064396858215332
2001-05-29,13.82260513305664,38.86233139038086,,,,80.683837890625,12.095995903015137,9.047591209411621
2001-05-30,13.574177742004395,37.43826675415039,,,,79.5536880493164,11.791837692260742,9.007261276245117
2001-05-31,13.669636726379395,37.69106674194336,,,,79.96637725830078,11.947717666625977,8.993817329406738
2001-06-01,13.765091896057129,38.80333709716797,,,,80.46161651611328,11.90399169921875,8.993817329406738
2001-06-04,13.935189247131348,38.61797332763672,,,,80.84890747070312,11.947717666625977,9.081199645996094
2001-06-05,14.153021812438965,40.320068359375,,,,81.77584075927734,12.200551986694336,9.081199645996094
2001-06-06,14.004948616027832,40.00831604003906,,,,81.09651184082031,12.280391693115234,9.082539558410645
2001-06-07,14.12732982635498,41.03632736206055,,,,81.38860321044922,12.314614295959473,9.082539558410645
2001-06-08,14.00861930847168,39.89875793457031,,,,80.63304901123047,12.314614295959473,8.993817329406738
2001-06-11,13.933655738830566,38.80333709716797,,,,80.06161499023438,11.936311721801758,8.966928482055664
2001-06-12,13.92508316040039,38.59269714355469,,,,79.92195892333984,12.056074142456055,8.966928482055664
2001-06-13,13.858924865722656,37.53938674926758,,,,79.23625183105469,11.79943561553955,8.936680793762207
2001-06-14,13.56249713897705,35.60133743286133,,,,77.45851135253906,11.561820030212402,8.787452697753906
2001-06-15,13.492680549621582,35.89626693725586,,,,77.58332061767578,11.330083847045898,8.801828384399414
2001-06-18,13.382426261901855,35.41594314575195,,,,77.20763397216797,11.189404487609863,8.789682388305664
2001-06-19,13.345685005187988,35.238990783691406,,,,77.5450668334961,11.216024398803711,8.843669891357422
2001-06-20,13.462051391601562,36.03948974609375,,,,77.9526138305664,11.216024398803711,8.850419998168945
2001-06-21,13.557602882385254,36.52822494506836,,,,78.8376235961914,11.700782775878906,8.850419998168945
2001-06-22,13.2979097366333,36.4439697265625,,,,78.22003173828125,11.615240097045898,8.85379409790039
2001-06-25,13.278313636779785,36.536659240722656,,,,77.50053405761719,11.468857765197754,8.772811889648438
2001-06-26,13.400806427001953,36.66304016113281,,,,77.39230346679688,11.38901424407959,8.772811889648438
2001-06-27,13.575969696044922,36.899009704589844,,,,77.34774017333984,11.406120300292969,8.722199440002441
2001-06-28,13.780533790588379,37.3708610534668,,,,77.77433013916016,11.64184284210205,8.820052146911621
2001-06-29,13.965499877929688,38.5084114074707,,,,78.06085968017578,11.77112102508545,8.739075660705566
2001-07-02,13.903038024902344,38.29777526855469,,,,79.03499603271484,11.73880386352539,8.843669891357422
2001-07-03,13.841785430908203,38.457881927490234,,,,79.01589965820312,11.615240097045898,8.843669891357422
2001-07-05,13.736440658569336,36.61249923706055,,,,77.47505187988281,11.419425964355469,8.793054580688477
2001-07-06,13.496352195739746,35.09576416015625,,,,75.80052185058594,11.039224624633789,8.793054580688477
2001-07-09,13.512279510498047,35.39909744262695,,,,76.2143783569336,11.10576057434082,8.793054580688477
2001-07-10,13.332204818725586,34.1267204284668,,,,75.29751586914062,11.063941955566406,8.793054580688477
2001-07-11,13.394680976867676,34.54803466796875,,,,75.37390899658203,10.685640335083008,8.793054580688477
2001-07-12,13.73031997680664,36.7388801574707,,,,77.16307067871094,11.263550758361816,8.708701133728027
2001-07-13,13.805035591125488,36.35970687866211,,,,77.83159637451172,11.187507629394531,8.742443084716797
2001-07-16,13.65558910369873,35.68559265136719,,,,76.85746765136719,11.244534492492676,8.759317398071289
2001-07-17,13.828304290771484,36.4860954284668,,,,77.57696533203125,11.02212142944336,8.73232364654541
2001-07-18,13.688665390014648,35.09576416015625,,,,77.0484619140625,10.961283683776855,8.73232364654541
2001-07-19,13.811164855957031,35.92995834350586,,,,77.7233657836914,11.126670837402344,8.73232364654541
2001-07-20,13.840559959411621,35.09576416015625,,,,77.25858306884766,11.100057601928711,8.806551933288574
2001-07-23,13.700916290283203,34.219425201416016,,,,75.7368392944336,11.00691032409668,8.806551933288574
2001-07-24,13.492680549621582,33.831809997558594,,,,75.00460815429688,11.00691032409668,8.806551933288574
2001-07-25,13.535552024841309,34.1267204284668,,,,75.83234405517578,10.860533714294434,8.806551933288574
2001-07-26,13.811164855957031,34.63229751586914,,,,76.62820434570312,10.803504943847656,8.654714584350586
2001-07-27,13.867509841918945,35.348548889160156,,,,76.92110443115234,10.803504943847656,8.654714584350586
2001-07-30,13.884662628173828,35.13787078857422,,,,76.94662475585938,11.079146385192871,8.772811889648438
2001-07-31,13.872404098510742,35.18844223022461,,,,77.26493835449219,11.11146354675293,8.772811889648438
2001-08-01,13.931201934814453,36.317569732666016,,,,77.74886322021484,11.195110321044922,8.772811889648438
2001-08-02,13.9508056640625,37.00012969970703,,,,78.06718444824219,11.21221923828125,8.867291450500488
2001-08-03,13.922626495361328,36.38497543334961,,,,77.640625,11.143780708312988,8.867291450500488
2001-08-06,13.713162422180176,35.81198501586914,,,,76.5964126586914,11.075345039367676,8.867291450500488
2001-08-07,13.715617179870605,35.62663269042969,,,,76.89566040039062,11.075345039367676,8.867291450500488
2001-08-08,13.512279510498047,34.1267204284668,,,,75.46941375732422,11.075345039367676,8.774164199829102
2001-08-09,13.566173553466797,34.26996994018555,,,,75.6922836303711,11.075345039367676,8.774164199829102
2001-08-10,13.604146957397461,33.94135284423828,,,,75.95330047607422,10.689443588256836,8.762688636779785
2001-08-13,13.700916290283203,34.63229751586914,,,,75.97239685058594,10.816808700561523,8.728946685791016
2001-08-14,13.785429954528809,34.21098327636719,,,,75.94059753417969,10.757880210876465,8.728946685791016
2001-08-15,13.81728744506836,32.94704055786133,,,,75.28477478027344,10.51834487915039,8.793054580688477
2001-08-16,13.931201934814453,33.33464431762695,,,,75.5457992553711,10.51834487915039,8.7154541015625
2001-08-17,13.795236587524414,31.817882537841797,,,,74.33607482910156,10.269316673278809,8.602082252502441
2001-08-20,13.84791088104248,32.25606155395508,,,,75.02371978759766,10.343452453613281,8.602082252502441
2001-08-21,13.675189971923828,30.91629981994629,,,,73.74393463134766,10.413787841796875,8.795753479003906
2001-08-22,13.81482982635498,31.758928298950195,,,,74.50798034667969,10.1590576171875,8.672940254211426
2001-08-23,13.671520233154297,31.447145462036133,,,,74.24055480957031,10.208479881286621,8.69048023223877
2001-08-24,13.856480598449707,33.11556625366211,,,,75.78142547607422,10.543060302734375,8.7647123336792
2001-08-27,13.833211898803711,33.157691955566406,,,,75.32936096191406,10.548761367797852,8.757970809936523
2001-08-28,13.700916290283203,32.12124252319336,,,,74.22783660888672,10.351058006286621,8.757970809936523
2001-08-29,13.665396690368652,31.64936065673828,,,,73.5656509399414,10.292129516601562,8.757970809936523
2001-08-30,13.563718795776367,30.478111267089844,,,,72.15216064453125,9.740828514099121,8.469137191772461
2001-08-31,13.622520446777344,30.865720748901367,,,,72.6806411743164,9.856796264648438,8.469137191772461
2001-09-04,13.560049057006836,29.888261795043945,,,,72.2158432006836,9.984160423278809,8.63041877746582
2001-09-05,13.452254295349121,29.770296096801758,,,,72.39412689208984,9.984160423278809,8.63041877746582
2001-09-06,13.198694229125977,28.565330505371094,,,,70.52853393554688,9.429059028625488,8.384784698486328
2001-09-07,12.974527359008789,28.396791458129883,,,,69.22330474853516,9.218050003051758,8.296380043029785
2001-09-10,12.796916007995605,28.733844757080078,,,,70.07008361816406,9.065964698791504,8.272759437561035
2001-09-17,12.157495498657227,26.290212631225586,,,,66.40899658203125,8.759900093078613,8.003504753112793
2001-09-18,11.888005256652832,25.700363159179688,,,,66.2498550415039,8.55459213256836,8.070985794067383
2001-09-19,11.655274391174316,25.253767013549805,,,,64.91275787353516,8.297962188720703,7.824673652648926
2001-09-20,11.208171844482422,24.4111328125,,,,62.84978485107422,8.297962188720703,7.723449230194092
2001-09-21,10.987679481506348,23.753877639770508,,,,62.17170333862305,7.84864616394043,7.499919414520264
2001-09-24,11.379659652709961,24.950428009033203,,,,64.35742950439453,8.49350643157959,7.729076385498047
2001-09-25,11.508279800415039,25.026260375976562,,,,65.02849578857422,8.588618278503418,7.749414443969727
2001-09-26,11.328213691711426,24.15834617614746,,,,64.79845428466797,8.503016471862793,7.822638988494873
2001-09-27,11.453155517578125,23.998249053955078,,,,65.3608169555664,8.512526512145996,7.966372489929199
2001-09-28,11.698147773742676,24.419565200805664,,,,66.74771118164062,8.69324016571045,8.139257431030273
2001-10-01,11.485007286071777,24.208908081054688,,,,66.6390380859375,8.569595336914062,8.128413200378418
2001-10-02,11.635139465332031,24.28474235534668,,,,67.47627258300781,8.649486541748047,8.115531921386719
2001-10-03,12.018150329589844,26.12168312072754,,,,68.60746002197266,9.157388687133789,8.286383628845215
2001-10-04,12.052521705627441,26.374479293823242,,,,68.66495513916016,9.130753517150879,8.281636238098145
2001-10-05,12.056207656860352,26.76209259033203,,,,68.5307846069336,8.997594833374023,8.203668594360352
2001-10-08,11.935903549194336,26.84635353088379,,,,68.0833740234375,9.083200454711914,8.159603118896484
2001-10-09,11.852426528930664,26.197525024414062,,,,67.71912384033203,8.978572845458984,8.162307739257812
2001-10-10,12.167916297912598,27.38564682006836,,,,69.22740936279297,9.265813827514648,8.283672332763672
2001-10-11,12.491999626159668,29.239442825317383,,,,70.30106353759766,9.572074890136719,8.268754959106445
2001-10-12,12.359423637390137,29.113052368164062,,,,69.98149871826172,9.501692771911621,8.246379852294922
2001-10-15,12.41343879699707,28.986644744873047,,,,69.85370635986328,9.416088104248047,8.246379852294922
2001-10-16,12.536198616027832,29.45852279663086,,,,70.29467010498047,9.623435020446777,8.302651405334473
2001-10-17,12.21579360961914,27.343509674072266,,,,68.79916381835938,9.378050804138184,8.27824878692627
2001-10-18,12.12863826751709,28.085018157958984,,,,68.65217590332031,9.214449882507324,8.202988624572754
2001-10-19,12.293132781982422,28.270416259765625,,,,68.60746002197266,9.126948356628418,8.099257469177246
2001-10-22,12.445352554321289,29.028789520263672,,,,69.96231079101562,9.494085311889648,8.2728271484375
2001-10-23,12.325054168701172,29.180448532104492,,,,69.60443878173828,9.507399559020996,8.208413124084473
2001-10-24,12.370469093322754,29.812416076660156,,,,69.41911315917969,9.539734840393066,8.212481498718262
2001-10-25,12.58897590637207,31.008974075317383,,,,70.66535186767578,9.701428413391113,8.119596481323242
2001-10-26,12.657729148864746,30.343278884887695,,,,70.5055923461914,9.777519226074219,8.336556434631348
2001-10-29,12.3839750289917,28.68329429626465,,,,68.67139434814453,9.379947662353516,8.201637268066406
2001-10-30,12.202286720275879,28.127151489257812,,,,67.846923828125,9.159295082092285,8.068069458007812
2001-10-31,12.369242668151855,28.565330505371094,,,,67.61686706542969,9.311466217041016,8.068069458007812
2001-11-01,12.537424087524414,29.77874183654785,,,,69.34881591796875,9.444622039794922,8.139941215515137
2001-11-02,12.507960319519043,29.997802734375,,,,69.82176208496094,9.444622039794922,8.139941215515137
2001-11-05,12.687187194824219,30.975261688232422,,,,70.73562622070312,9.768009185791016,8.261301040649414
2001-11-06,12.770668983459473,32.18022537231445,,,,71.83491516113281,9.899259567260742,8.261301040649414
2001-11-07,12.754709243774414,32.138099670410156,,,,71.73904418945312,9.94871997833252,8.359603881835938
2001-11-08,12.662637710571289,31.809471130371094,,,,71.96270751953125,10.024808883666992,8.384014129638672
2001-11-09,12.65036392211914,31.79262351989746,,,,72.03944396972656,10.024808883666992,8.353503227233887
2001-11-12,12.705604553222656,32.0201301574707,,,,71.59849548339844,9.967742919921875,8.339268684387207
2001-11-13,12.911839485168457,33.166114807128906,,,,73.20901489257812,10.234054565429688,8.446391105651855
2001-11-14,13.026004791259766,33.40206527709961,,,,73.279296875,10.40335464477539,8.446391105651855
2001-11-15,12.944987297058105,33.26723861694336,,,,73.41349792480469,10.39954948425293,8.444355964660645
2001-11-16,12.959718704223633,33.1745491027832,,,,73.08755493164062,10.272103309631348,8.417915344238281
2001-11-19,13.073884963989258,34.118289947509766,,,,73.98869323730469,10.471837997436523,8.445708274841309
2001-11-20,13.078791618347168,32.542572021484375,,,,73.3687744140625,10.262595176696777,8.508767127990723
2001-11-21,13.012506484985352,32.37404251098633,,,,72.88307189941406,10.24356460571289,8.472152709960938
2001-11-23,13.197869300842285,33.098697662353516,,,,73.93115234375,10.24356460571289,8.472152709960938
2001-11-26,13.227333068847656,33.916072845458984,,,,74.09093475341797,10.477543830871582,8.573168754577637
2001-11-27,13.215056419372559,33.873939514160156,,,,73.77142333984375,10.414772033691406,8.569785118103027
2001-11-28,12.976902961730957,32.652130126953125,,,,72.43566131591797,10.249271392822266,8.41045093536377
2001-11-29,13.243287086486816,33.66327667236328,,,,73.41349792480469,10.270197868347168,8.40842342376709
2001-11-30,13.184364318847656,33.41049575805664,,,,72.8894271850586,10.298734664916992,8.40842342376709
2001-12-03,13.135263442993164,32.837493896484375,,,,72.454833984375,10.150355339050293,8.40842342376709
2001-12-04,13.454436302185059,34.40477752685547,,,,73.68192291259766,10.274005889892578,8.376553535461426
2001-12-05,13.819025993347168,36.106903076171875,,,,75.03041076660156,10.709619522094727,8.531816482543945
2001-12-06,13.913557052612305,36.157474517822266,,,,74.99209594726562,10.660158157348633,8.584695816040039
2001-12-07,13.87181568145752,35.163185119628906,,,,74.49359130859375,10.506077766418457,8.584695816040039
2001-12-10,13.615252494812012,34.54803466796875,,,,73.10032653808594,10.275901794433594,8.471477508544922
2001-12-11,13.65821647644043,34.74184036254883,,,,72.95330810546875,10.224544525146484,8.416556358337402
2001-12-12,13.660672187805176,35.0199089050293,,,,73.03643035888672,10.199814796447754,8.40096378326416
2001-12-13,13.466714859008789,33.503173828125,,,,71.61761474609375,10.140847206115723,8.339943885803223
2001-12-14,13.585783958435059,33.798072814941406,,,,72.30146026611328,10.167476654052734,8.273503303527832
2001-12-17,13.815531730651855,34.3795166015625,,,,73.04920959472656,10.291126251220703,8.371129035949707
2001-12-18,13.944608688354492,34.76711654663086,,,,73.48377227783203,10.361506462097168,8.446391105651855
2001-12-19,13.931085586547852,34.135135650634766,,,,74.00147247314453,10.357699394226074,8.437572479248047
2001-12-20,13.712279319763184,32.68582534790039,,,,73.27289581298828,10.199814796447754,8.437572479248047
2001-12-21,13.963046073913574,33.26723861694336,,,,73.71727752685547,10.269855499267578,8.543656349182129
2001-12-24,14.065070152282715,33.13240432739258,,,,73.57621002197266,10.197531700134277,8.553874969482422
2001-12-26,14.208901405334473,33.444175720214844,,,,73.9802017211914,10.311728477478027,8.624727249145508
2001-12-27,14.26789665222168,33.713809967041016,,,,74.42913055419922,10.252725601196289,8.605653762817383
2001-12-28,14.269129753112793,33.983482360839844,,,,74.39065551757812,10.353592872619629,8.651983261108398
2001-12-31,14.062612533569336,32.78695297241211,,,,73.30045318603516,10.294593811035156,8.623370170593262
2002-01-02,14.069985389709473,33.798072814941406,,,,74.08927917480469,10.13472843170166,8.564095497131348
2002-01-03,14.310922622680664,34.969356536865234,,,,74.92935943603516,10.458271980285645,8.564095497131348
2002-01-04,14.495317459106445,35.112586975097656,,,,75.42957305908203,10.56295394897461,8.564095497131348
2002-01-07,14.308465003967285,34.72498321533203,,,,74.89730834960938,10.401176452636719,8.659477233886719
2002-01-08,14.42646312713623,34.9609260559082,,,,74.72416687011719,10.444944381713867,8.594755172729492
2002-01-09,14.321981430053711,34.6407356262207,,,,74.11495208740234,10.530598640441895,8.619964599609375
2002-01-10,14.357640266418457,34.868247985839844,,,,74.44197845458984,10.353592872619629,8.547054290771484
2002-01-11,14.175694465637207,34.421630859375,,,,73.71089172363281,10.315531730651855,8.506183624267578
2002-01-14,13.943375587463379,33.671695709228516,,,,73.24915313720703,10.229887962341309,8.489830017089844
2002-01-15,14.067529678344727,33.99190139770508,,,,73.84556579589844,10.286983489990234,8.482336044311523
2002-01-16,13.841350555419922,32.677391052246094,,,,72.35133361816406,10.155658721923828,8.461898803710938
2002-01-17,13.976574897766113,33.41049575805664,,,,72.8964614868164,10.199435234069824,8.461898803710938
2002-01-18,13.830281257629395,32.517276763916016,,,,72.56298065185547,10.10236930847168,8.383543968200684
2002-01-22,13.671713829040527,31.514549255371094,,,,72.06275939941406,9.952010154724121,8.41284465789795
2002-01-23,13.937235832214355,32.38248062133789,,,,72.6142807006836,9.967241287231445,8.431233406066895
2002-01-24,14.025729179382324,32.812217712402344,,,,72.83873748779297,10.068110466003418,8.4298734664917
2002-01-25,14.031886100769043,32.71953582763672,,,,72.81949615478516,10.104273796081543,8.463942527770996
2002-01-28,14.133902549743652,32.9049072265625,,,,73.01829528808594,10.035755157470703,8.369916915893555
2002-01-29,13.912646293640137,32.003273010253906,,,,70.72245025634766,9.801661491394043,8.14576530456543
2002-01-30,14.081048965454102,32.247650146484375,,,,71.74210357666016,9.580886840820312,8.236382484436035
2002-01-31,14.27773666381836,32.44988250732422,,,,72.58219909667969,9.89111614227295,8.26431655883789
2002-02-01,14.153578758239746,32.138099670410156,,,,72.24232482910156,9.858756065368652,8.322907447814941
2002-02-04,13.892980575561523,31.110082626342773,,,,70.44666290283203,9.698883056640625,8.11170482635498
2002-02-05,13.83765697479248,30.596078872680664,,,,70.01062774658203,9.66843032836914,8.029950141906738
2002-02-06,13.63483715057373,30.385417938232422,,,,69.70922088623047,9.66272258758545,7.991792678833008
2002-02-07,13.502077102661133,29.6523380279541,,,,69.27313995361328,9.611333847045898,8.028580665588379
2002-02-08,13.761441230773926,30.478111267089844,,,,70.60061645507812,9.592304229736328,8.080362319946289
2002-02-11,13.921248435974121,30.865720748901367,,,,71.46636962890625,9.795947074890137,8.140995979309082
2002-02-12,13.93354606628418,30.612932205200195,,,,71.24189758300781,9.75407886505127,8.170976638793945
2002-02-13,14.047861099243164,31.1353702545166,,,,71.99864196777344,9.900628089904785,8.250691413879395
2002-02-14,13.949527740478516,31.076391220092773,,,,71.86394500732422,9.868270874023438,8.237064361572266
2002-02-15,13.885601997375488,30.149484634399414,,,,71.11361694335938,9.75407886505127,8.17574405670166
2002-02-19,13.672932624816895,29.22258758544922,,,,69.74766540527344,9.508560180664062,8.075594902038574
2002-02-20,13.835197448730469,29.618623733520508,,,,70.9212646484375,9.649401664733887,8.189375877380371
2002-02-21,13.586889266967773,28.211416244506836,,,,69.45269012451172,9.306819915771484,8.087858200073242
2002-02-22,13.767592430114746,28.354658126831055,,,,70.31204223632812,9.403886795043945,8.209814071655273
2002-02-25,13.942152976989746,29.500652313232422,,,,71.47278594970703,9.696975708007812,8.247285842895508
2002-02-26,13.982706069946289,29.391115188598633,,,,71.32527160644531,9.594206809997559,8.260231018066406
2002-02-27,14.085970878601074,28.986644744873047,,,,71.60103607177734,9.550433158874512,8.319506645202637
2002-02-28,13.982706069946289,28.464223861694336,,,,71.28036499023438,9.525690078735352,8.367197036743164
2002-03-01,14.275277137756348,30.11578941345215,,,,72.94132995605469,9.75407886505127,8.502093315124512
2002-03-04,14.554309844970703,31.303892135620117,,,,74.23033905029297,9.967241287231445,8.623370170593262
2002-03-05,14.529731750488281,31.531400680541992,,,,73.99305725097656,9.940594673156738,8.620643615722656
2002-03-06,14.742382049560547,31.68308448791504,,,,74.87166595458984,10.064306259155273,8.711260795593262
2002-03-07,14.747302055358887,31.75047492980957,,,,74.7113265991211,9.944398880004883,8.683321952819824
2002-03-08,14.854257583618164,32.5847053527832,,,,75.02556610107422,10.13472843170166,8.683321952819824
2002-03-11,14.88611888885498,32.46672821044922,,,,75.18585205078125,10.129016876220703,8.761676788330078
2002-03-12,14.857816696166992,32.0201301574707,,,,75.1410140991211,9.950109481811523,8.744643211364746
2002-03-13,14.749541282653809,31.24492645263672,,,,74.41636657714844,9.88349437713623,8.731016159057617
2002-03-14,14.809833526611328,31.059532165527344,,,,74.31370544433594,9.858756065368652,8.731016159057617
2002-03-15,14.855351448059082,31.371307373046875,,,,75.02182006835938,9.961993217468262,8.816051483154297
2002-03-18,15.010380744934082,31.548250198364258,,,,75.03467559814453,9.941041946411133,8.816051483154297
2002-03-19,15.075593948364258,31.497709274291992,,,,75.53634643554688,9.99056625366211,8.848885536193848
2002-03-20,14.88365364074707,30.385417938232422,,,,74.1150131225586,9.750558853149414,8.738058090209961
2002-03-21,15.030075073242188,31.19436264038086,,,,74.1471176147461,9.828664779663086,8.720961570739746
2002-03-22,14.97962760925293,30.90785789489746,,,,73.98635864257812,9.761996269226074,8.682649612426758
2002-03-25,14.819674491882324,29.964111328125,,,,73.06668090820312,9.809611320495605,8.629290580749512
2002-03-26,14.998079299926758,30.242176055908203,,,,73.49116516113281,9.607705116271973,8.649808883666992
2002-03-27,15.13342571258545,30.006250381469727,,,,73.68407440185547,9.613420486450195,8.692228317260742
2002-03-28,15.070676803588867,30.385417938232422,,,,73.65192413330078,9.714371681213379,8.720961570739746
2002-04-01,15.07805061340332,30.966842651367188,,,,73.68407440185547,9.706753730773926,8.640233993530273
2002-04-02,14.998079299926758,29.568069458007812,,,,73.27892303466797,9.541038513183594,8.653918266296387
2002-04-03,14.902101516723633,29.517505645751953,,,,72.764404296875,9.441990852355957,8.583455085754395
2002-04-04,14.825838088989258,29.289995193481445,,,,72.46208953857422,9.493420600891113,8.52804183959961
2002-04-05,14.939027786254883,28.961376190185547,,,,72.47496032714844,9.453414916992188,8.554725646972656
2002-04-08,15.096508979797363,29.32369613647461,,,,72.62933349609375,9.466753959655762,8.512993812561035
2002-04-09,15.114959716796875,28.304107666015625,,,,72.12124633789062,9.342941284179688,8.497945785522461
2002-04-10,15.379484176635742,28.514766693115234,,,,72.93804168701172,9.432467460632324,8.593029022216797
2002-04-11,15.170330047607422,27.806968688964844,,,,71.12442779541016,9.114365577697754,8.394644737243652
2002-04-12,15.47176456451416,28.245134353637695,,,,71.65824127197266,9.238179206848145,8.4350004196167
2002-04-15,15.404099464416504,28.472639083862305,,,,71.1115493774414,9.123894691467285,8.404217720031738
2002-04-16,15.736296653747559,29.660762786865234,,,,72.80297088623047,9.415327072143555,8.553353309631348
2002-04-17,15.663703918457031,29.50909423828125,,,,72.64862060546875,9.375324249267578,8.51367473602295
2002-04-18,15.635408401489258,28.944509506225586,,,,72.33350372314453,9.525801658630371,8.554725646972656
2002-04-19,15.647710800170898,29.03720474243164,,,,72.5971908569336,9.318181037902832,8.545144081115723
2002-04-22,15.492681503295898,28.304107666015625,,,,71.38809204101562,9.150561332702637,8.429533004760742
2002-04-23,15.54436206817627,27.815378189086914,,,,71.0793685913086,9.022939682006836,8.425420761108398
2002-04-24,15.410252571105957,27.38564682006836,,,,70.36549377441406,8.99245834350586,8.436370849609375
2002-04-25,15.502532005310059,27.318233489990234,,,,70.40412902832031,8.982937812805176,8.300236701965332
2002-04-26,15.287213325500488,26.155397415161133,,,,69.0663833618164,8.752457618713379,8.238664627075195
2002-04-29,15.262600898742676,26.22281837463379,,,,68.72553253173828,8.638175964355469,8.15109920501709
2002-04-30,15.550507545471191,26.736812591552734,,,,69.36864471435547,8.779128074645996,8.20514965057373
2002-05-01,15.596046447753906,26.593564987182617,,,,70.21756744384766,8.805795669555664,8.277656555175781
2002-05-02,15.663703918457031,25.70879554748535,,,,69.94746398925781,8.701030731201172,8.301604270935059
2002-05-03,15.637868881225586,25.059972763061523,,,,69.18856811523438,8.550552368164062,8.287920951843262
2002-05-06,15.35489273071289,24.4111328125,,,,67.83152770996094,8.483885765075684,8.287920951843262
2002-05-07,15.182639122009277,24.183626174926758,,,,67.59358215332031,8.419122695922852,8.106636047363281
2002-05-08,15.534521102905273,26.770511627197266,,,,70.10826873779297,8.901031494140625,8.289970397949219
2002-05-09,15.301977157592773,26.07954978942871,,,,69.29788970947266,8.664841651916504,8.19898796081543
2002-05-10,15.039900779724121,24.908288955688477,,,,67.99230194091797,8.426738739013672,8.19898796081543
2002-05-13,15.194950103759766,25.91946029663086,,,,69.37506103515625,8.63055419921875,8.250292778015137
2002-05-14,15.687076568603516,27.444625854492188,,,,70.88640594482422,8.838176727294922,8.250292778015137
2002-05-15,15.726455688476562,27.646854400634766,,,,70.60987091064453,8.883892059326172,8.354965209960938
2002-05-16,15.442234992980957,27.68900489807129,,,,70.97650146484375,9.009603500366211,8.349491119384766
2002-05-17,15.523446083068848,27.74796485900879,,,,71.32377624511719,9.066749572753906,8.349491119384766
2002-05-20,15.34873104095459,27.141281127929688,,,,70.55197143554688,8.99055290222168,8.335807800292969
2002-05-21,15.074363708496094,26.39975929260254,,,,69.90888977050781,8.72388744354248,8.339228630065918
2002-05-22,15.057136535644531,26.458740234375,,,,70.0632553100586,8.828651428222656,8.333070755004883
2002-05-23,15.305668830871582,26.989593505859375,,,,70.80928802490234,8.933412551879883,8.422005653381348
2002-05-24,15.071905136108398,26.323923110961914,,,,69.90245056152344,8.754364013671875,8.422005653381348
2002-05-28,15.041141510009766,26.205951690673828,,,,69.52296447753906,8.628652572631836,8.268084526062012
2002-05-29,14.884895324707031,25.514989852905273,,,,69.00847625732422,8.54293155670166,8.250292778015137
2002-05-30,14.86889362335205,25.734081268310547,,,,68.81554412841797,8.619124412536621,8.233193397521973
2002-05-31,14.887351989746094,25.312753677368164,,,,68.9570541381836,8.676270484924316,8.325547218322754
2002-06-03,14.407508850097656,24.419565200805664,,,,67.12409210205078,8.22864818572998,8.077218055725098
2002-06-04,14.370598793029785,24.73977279663086,,,,67.29132080078125,8.371503829956055,8.034804344177246
2002-06-05,14.413662910461426,24.9925594329834,,,,67.92159271240234,8.476266860961914,8.07585334777832
2002-06-06,14.199584007263184,24.335298538208008,,,,66.53888702392578,8.200078010559082,7.910295009613037
2002-06-07,14.376749038696289,23.846572875976562,,,,66.46168518066406,8.181028366088867,7.910295009613037
2002-06-10,14.2857027053833,23.804447174072266,,,,66.71892547607422,8.161974906921387,7.939029216766357
2002-06-11,14.085153579711914,23.13875961303711,,,,65.57415771484375,8.104837417602539,7.874040126800537
2002-06-12,14.09376335144043,23.475812911987305,,,,65.97286987304688,8.200078010559082,7.884296417236328
2002-06-13,13.909214973449707,23.324138641357422,,,,65.31041717529297,7.990546226501465,7.786473274230957
2002-06-14,13.981803894042969,23.273590087890625,,,,65.21401977539062,8.057215690612793,7.789891242980957
2002-06-17,14.360404014587402,24.065654754638672,,,,66.96330261230469,8.342934608459473,7.933554649353027
2002-06-18,14.376420974731445,24.453266143798828,,,,67.50997924804688,8.257216453552246,8.01701545715332
2002-06-19,14.148496627807617,23.037635803222656,,,,65.9343032836914,8.066742897033691,7.904825687408447
2002-06-20,14.088130950927734,22.296123504638672,,,,65.09178924560547,7.904835224151611,7.7885260581970215
2002-06-21,14.08073616027832,21.75684356689453,,,,64.07400512695312,7.8303399085998535,7.728470325469971
2002-06-24,14.059795379638672,22.186586380004883,,,,64.40959167480469,7.887494087219238,7.644549369812012
2002-06-25,13.761637687683105,21.453495025634766,,,,62.9639892578125,7.754134178161621,7.754610061645508
2002-06-26,13.836791038513184,21.613597869873047,,,,63.06720733642578,7.582663536071777,7.484267234802246
2002-06-27,14.085664749145508,22.085458755493164,,,,64.17084503173828,7.897023677825928,7.587455749511719
2002-06-28,14.106607437133789,21.99278450012207,,,,63.86749267578125,7.754134178161621,7.697519779205322
2002-07-01,13.718524932861328,20.93947982788086,,,,62.62189865112305,7.7446064949035645,7.697519779205322
2002-07-02,13.318120002746582,20.181106567382812,,,,61.292415618896484,7.392144203186035,7.44643497467041
2002-07-03,13.172734260559082,20.855213165283203,,,,61.64094924926758,7.544562816619873,7.41204309463501
2002-07-05,13.622424125671387,22.195016860961914,,,,64.0933837890625,7.820812225341797,7.491146087646484
2002-07-08,13.398199081420898,21.386079788208008,,,,63.2930793762207,7.6912665367126465,7.604650974273682
2002-07-09,13.286081314086914,20.779373168945312,,,,61.69896697998047,7.649345397949219,7.604650974273682
2002-07-10,12.936190605163574,20.138988494873047,,,,59.45305633544922,7.296884536743164,7.1320672035217285
2002-07-11,12.766172409057617,20.89735221862793,,,,59.93709945678711,7.4492974281311035,7.105931758880615
2002-07-12,12.681164741516113,20.89735221862793,,,,59.27876281738281,7.4492974281311035,7.147207260131836
2002-07-15,12.517305374145508,21.546173095703125,,,,59.59503173828125,7.2492547035217285,7.057779312133789
2002-07-16,12.368229866027832,21.225975036621094,,,,58.44621658325195,7.182576656341553,7.002743244171143
2002-07-17,12.40518856048584,21.613597869873047,,,,58.56242752075195,7.287358283996582,7.002743244171143
2002-07-18,12.092256546020508,20.83835792541504,,,,56.664981842041016,7.1254191398620605,6.789500713348389
2002-07-19,11.861867904663086,20.21482276916504,,,,54.67070770263672,6.896798610687256,6.583131790161133
2002-07-22,11.507048606872559,19.7176570892334,,,,53.05078125,6.763432025909424,6.38914680480957
2002-07-23,11.118964195251465,18.875028610229492,,,,51.59868240356445,6.477654457092285,6.153199672698975
2002-07-24,11.604378700256348,19.903047561645508,,,,54.677181243896484,6.820589065551758,6.562493801116943
2002-07-25,11.667211532592773,18.748640060424805,,,,54.21249771118164,6.591962814331055,6.534980297088623
2002-07-26,11.75345516204834,19.102542877197266,,,,55.245147705078125,6.83011531829834,6.631282806396484
2002-07-29,12.406425476074219,20.079999923706055,,,,57.93639373779297,7.220679759979248,6.96491003036499
2002-07-30,12.381780624389648,20.484464645385742,,,,58.69150161743164,7.296884536743164,7.006186485290527
2002-07-31,12.135381698608398,20.09684944152832,,,,58.8334846496582,7.182576656341553,7.043330192565918
2002-08-01,12.0491304397583,19.15309715270996,,,,57.29744338989258,7.163519859313965,6.9511542320251465
2002-08-02,11.611773490905762,18.748640060424805,,,,56.01314163208008,6.7824835777282715,6.817013263702393
2002-08-05,11.312393188476562,18.06610107421875,,,,54.06406021118164,6.525282382965088,6.609273433685303
2002-08-06,11.721416473388672,18.95928192138672,,,,55.88404846191406,6.828207969665527,6.8906168937683105
2002-08-07,11.854477882385254,19.212080001831055,,,,56.858604431152344,6.953951358795166,6.916757583618164
2002-08-08,12.092256546020508,19.86091423034668,,,,58.69792556762695,7.277835845947266,7.09216833114624
2002-08-09,12.073777198791504,19.658676147460938,,,,58.917388916015625,7.211151123046875,7.178160190582275
2002-08-12,12.104578971862793,19.7176570892334,,,,58.4849739074707,7.213052749633789,7.114184379577637
2002-08-13,11.827375411987305,19.043550491333008,,,,57.420101165771484,7.220679759979248,7.152706146240234
2002-08-14,12.182193756103516,20.25695037841797,,,,59.5175666809082,7.218774795532227,7.262083530426025
2002-08-15,12.251185417175293,20.669832229614258,,,,60.34368896484375,7.50645637512207,7.305418014526367
2002-08-16,12.410118103027344,20.81308937072754,,,,60.162986755371094,7.464541435241699,7.264831066131592
2002-08-19,12.640501976013184,21.31867027282715,,,,61.56990432739258,7.687446594238281,7.284781455993652
2002-08-20,12.532087326049805,21.225975036621094,,,,60.91807174682617,7.716030120849609,7.342562675476074
2002-08-21,12.766172409057617,21.697858810424805,,,,61.795780181884766,7.811286449432373,7.291661262512207
2002-08-22,12.837627410888672,22.043333053588867,,,,62.395992279052734,7.942749500274658,7.395529270172119
2002-08-23,12.551800727844238,21.1922664642334,,,,61.0535888671875,7.716030120849609,7.326056003570557
2002-08-26,12.689784049987793,21.27653694152832,,,,61.47954177856445,7.735082149505615,7.28753662109375
2002-08-27,12.403953552246094,20.53502082824707,,,,60.769630432128906,7.544562816619873,7.3659539222717285
2002-08-28,12.162484169006348,19.785079956054688,,,,59.440128326416016,7.411202907562256,7.201547145843506
2002-08-29,12.267200469970703,20.04629135131836,,,,59.465938568115234,7.411202907562256,7.22768497467041
2002-08-30,12.206836700439453,19.793500900268555,,,,59.23360824584961,7.325464725494385,7.228378772735596
2002-09-03,11.83353328704834,19.07725715637207,,,,56.974769592285156,7.011108875274658,6.9043779373168945
2002-09-04,12.145235061645508,19.15309715270996,,,,57.787960052490234,7.068261623382568,6.942213535308838
2002-09-05,11.932095527648926,18.681217193603516,,,,57.29744338989258,6.9558587074279785,6.939459800720215
2002-09-06,12.25857925415039,19.25420570373535,,,,58.08484649658203,7.201623916625977,6.939459800720215
2002-09-09,12.307859420776367,19.448013305664062,,,,58.51076889038086,7.239734172821045,7.104549407958984
2002-09-10,12.424906730651855,19.928319931030273,,,,59.18198776245117,7.363570213317871,7.066720485687256
2002-09-11,12.406425476074219,19.759794235229492,,,,58.81413269042969,7.4207282066345215,7.138259410858154
2002-09-12,12.147699356079102,19.220502853393555,,,,57.72985076904297,7.220679759979248,6.942898750305176
2002-09-13,12.259811401367188,19.372175216674805,,,,57.871822357177734,7.1254191398620605,6.942898750305176
2002-09-16,12.16638469696045,19.094112396240234,,,,58.01382064819336,7.0777907371521,6.88992977142334
2002-09-17,11.977556228637695,18.689651489257812,,,,56.6843376159668,7.106363296508789,6.839714527130127
2002-09-18,11.835627555847168,18.47899055480957,,,,56.116416931152344,6.896798610687256,6.775742530822754
2002-09-19,11.515978813171387,18.184070587158203,,,,54.66429138183594,6.877741813659668,6.569372177124023
2002-09-20,11.576455116271973,18.25990104675293,,,,54.68243408203125,6.818243026733398,6.640366554260254
2002-09-23,11.274083137512207,17.71219253540039,,,,54.235111236572266,6.694270133972168,6.532590389251709
2002-09-24,11.229656219482422,17.720613479614258,,,,53.35995101928711,6.532158851623535,6.413689136505127
2002-09-25,11.49006462097168,18.42844009399414,,,,54.68243408203125,6.741950988769531,6.589611053466797
2002-09-26,11.755407333374023,18.200918197631836,,,,55.57707595825195,6.837311744689941,6.74605655670166
2002-09-27,11.504875183105469,17.95655059814453,,,,53.64516830444336,6.694270133972168,6.671657085418701
2002-09-30,11.494998931884766,17.459407806396484,,,,53.02284240722656,6.532158851623535,6.479744911193848
2002-10-01,11.813416481018066,18.521129608154297,,,,55.570560455322266,6.764838218688965,6.689040660858154
2002-10-02,11.541898727416992,17.90599250793457,,,,53.904518127441406,6.579838275909424,6.536068916320801
2002-10-03,11.292594909667969,17.476253509521484,,,,53.35995101928711,6.532158851623535,6.525635719299316
2002-10-04,11.03342342376709,17.147628784179688,,,,52.381038665771484,6.484480381011963,6.257938385009766
2002-10-07,10.7001953125,16.98752212524414,,,,51.29839324951172,6.455870151519775,6.271146297454834
2002-10-08,10.849532127380371,17.02123260498047,,,,52.10227966308594,6.46540641784668,6.296182155609131
2002-10-09,10.453363418579102,16.903255462646484,,,,50.630680084228516,6.375769138336182,6.087582111358643
2002-10-10,10.694025993347168,17.76275634765625,,,,52.27083969116211,6.322368144989014,6.250983238220215
2002-10-11,11.027250289916992,18.723350524902344,,,,54.55923843383789,6.818243026733398,6.5534539222717285
2002-10-14,11.084024429321289,18.94243621826172,,,,54.863956451416016,6.827775955200195,6.570834636688232
2002-10-15,11.53943157196045,19.852487564086914,,,,57.502464294433594,7.1519975662231445,6.845487594604492
2002-10-16,11.287665367126465,19.195232391357422,,,,56.10865020751953,6.961278438568115,6.7599616050720215
2002-10-17,11.588797569274902,19.844058990478516,,,,57.22370910644531,7.16153621673584,6.9184980392456055
2002-10-18,11.631993293762207,20.063138961791992,,,,57.46352005004883,7.209213733673096,6.925450325012207
2002-10-21,11.892399787902832,20.467607498168945,,,,58.455406188964844,7.218749523162842,7.063817977905273
2002-10-22,11.675189018249512,20.341209411621094,,,,58.03404998779297,7.209213733673096,6.98455286026001
2002-10-23,11.860310554504395,20.728824615478516,,,,58.47484588623047,7.304574012756348,6.977602958679199
2002-10-24,11.765280723571777,20.206390380859375,,,,57.28199768066406,7.142463684082031,6.904590606689453
2002-10-25,11.887462615966797,20.81308937072754,,,,58.47484588623047,7.209213733673096,6.908067226409912
2002-10-28,11.7467679977417,20.636127471923828,,,,58.09239959716797,7.256893634796143,6.975512504577637
2002-10-29,11.736897468566895,20.155826568603516,,,,57.418182373046875,7.2473626136779785,6.867734432220459
2002-10-30,11.904746055603027,20.69511604309082,,,,57.97570037841797,7.180612087249756,7.035308361053467
2002-10-31,11.829459190368652,20.686695098876953,,,,57.385738372802734,7.216842174530029,6.985249042510986
2002-11-01,12.094805717468262,21.27653694152832,,,,58.520240783691406,7.2473626136779785,7.11318826675415
2002-11-04,12.157746315002441,21.824249267578125,,,,59.07776641845703,7.533440589904785,7.255727291107178
2002-11-05,12.109617233276367,21.99278450012207,,,,59.544517517089844,7.476221561431885,7.21053409576416
2002-11-06,12.279928207397461,22.30455780029297,,,,60.31597900390625,7.371330261230469,7.273112773895264
2002-11-07,12.046671867370605,21.520906448364258,,,,58.83789825439453,7.3675103187561035,7.151430130004883
2002-11-08,11.914616584777832,21.124858856201172,,,,58.11830139160156,7.266428470611572,7.054087162017822
2002-11-11,11.619648933410645,20.484464645385742,,,,57.21722412109375,7.094785690307617,6.928927421569824
2002-11-12,11.725790023803711,21.00688934326172,,,,57.670997619628906,7.285503387451172,6.957436561584473
2002-11-13,11.79243278503418,21.259679794311523,,,,57.72934341430664,7.304574012756348,6.942140579223633
2002-11-14,12.063953399658203,21.99278450012207,,,,58.81843948364258,7.438078880310059,7.022797107696533
2002-11-15,12.094805717468262,22.279273986816406,,,,59.252811431884766,7.5143656730651855,7.080507278442383
2002-11-18,11.965216636657715,21.95064353942871,,,,58.656375885009766,7.438078880310059,7.054087162017822
2002-11-19,11.829459190368652,21.613597869873047,,,,58.578575134277344,7.314107894897461,7.113882541656494
2002-11-20,12.140469551086426,22.532062530517578,,,,59.88163757324219,7.457147121429443,7.21053409576416
2002-11-21,12.415684700012207,23.36626434326172,,,,60.996673583984375,7.638335704803467,7.339168071746826
2002-11-22,12.428023338317871,23.35784339904785,,,,60.56232452392578,7.590654373168945,7.351685047149658
2002-11-25,12.477395057678223,23.585350036621094,,,,60.601226806640625,7.590654373168945,7.273112773895264
2002-11-26,12.360150337219238,22.793285369873047,,,,59.44727325439453,7.361790180206299,7.2313947677612305
2002-11-27,12.655117988586426,23.5179443359375,,,,61.11988830566406,7.705087184906006,7.380888938903809
2002-11-29,12.466286659240723,23.35784339904785,,,,60.92534255981445,7.718439102172852,7.380888938903809
2002-12-02,12.589703559875488,23.59378433227539,,,,61.022613525390625,7.674570560455322,7.328738212585449
2002-12-03,12.465052604675293,22.894390106201172,,,,60.20581817626953,7.512460708618164,7.259204864501953
2002-12-04,12.416924476623535,22.38881492614746,,,,59.9334831237793,7.502923488616943,7.266160011291504
2002-12-05,12.241669654846191,22.077037811279297,,,,59.27225875854492,7.428545951843262,7.175767421722412
2002-12-06,12.337937355041504,22.30455780029297,,,,59.66123580932617,7.371330261230469,7.230003356933594
2002-12-09,12.094805717468262,21.251258850097656,,,,58.02107238769531,7.266428470611572,7.08467960357666
2002-12-10,12.34164047241211,21.57145881652832,,,,58.799015045166016,7.304574012756348,7.182721138000488
2002-12-11,12.310779571533203,21.672576904296875,,,,58.85089111328125,7.342719554901123,7.19523811340332
2002-12-12,12.415684700012207,21.790538787841797,,,,58.844390869140625,7.2473626136779785,7.134742259979248
2002-12-13,12.181195259094238,21.099578857421875,,,,57.91733169555664,7.190145015716553,7.082594394683838
2002-12-16,12.378684043884277,21.7821102142334,,,,59.41488265991211,7.295038223266602,7.220269203186035
2002-12-17,12.267387390136719,21.849536895751953,,,,58.89624786376953,7.295038223266602,7.177855491638184
2002-12-18,12.118988037109375,21.386079788208008,,,,58.215545654296875,7.092879772186279,7.127095699310303
2002-12-19,11.99779987335205,21.116445541381836,,,,57.8006591796875,6.961278438568115,7.047130584716797
2002-12-20,12.153615951538086,21.335521697998047,,,,58.62541580200195,7.321221828460693,7.178544998168945
2002-12-23,12.21792221069336,21.630441665649414,,,,58.644962310791016,7.16829776763916,7.172947406768799
2002-12-24,12.161038398742676,21.360801696777344,,,,58.2084846496582,7.16829776763916,7.172947406768799
2002-12-26,12.16722297668457,21.30182647705078,,,,58.23454284667969,7.263880252838135,7.207255840301514
2002-12-27,11.999042510986328,20.914203643798828,,,,56.92506408691406,7.072722911834717,7.022418022155762
2002-12-30,12.023775100708008,20.754100799560547,,,,57.400657653808594,6.862451553344727,7.039918899536133
2002-12-31,12.050978660583496,20.53502082824707,,,,57.47882843017578,6.986698150634766,7.073526382446289
2003-01-02,12.391051292419434,21.402929306030273,,,,59.32899475097656,7.149184226989746,7.261867046356201
2003-01-03,12.316853523254395,21.63886833190918,,,,59.51138687133789,7.206532001495361,7.297573566436768
2003-01-06,12.433097839355469,22.178152084350586,,,,60.560272216796875,7.426359176635742,7.496412754058838
2003-01-07,12.341585159301758,22.45622444152832,,,,60.4104118347168,7.37856912612915,7.3927903175354
2003-01-08,12.224103927612305,21.824249267578125,,,,59.53744888305664,7.206532001495361,7.315080165863037
2003-01-09,12.346534729003906,22.49835968017578,,,,60.462554931640625,7.35945463180542,7.430599689483643
2003-01-10,12.353952407836914,22.835403442382812,,,,60.62539291381836,7.426359176635742,7.400494575500488
2003-01-13,12.341585159301758,22.700586318969727,,,,60.60587692260742,7.397682189941406,7.481009006500244
2003-01-14,12.279754638671875,22.81856346130371,,,,60.801326751708984,7.449295997619629,7.4481024742126465
2003-01-15,12.242653846740723,22.532062530517578,,,,60.19542694091797,7.34033727645874,7.4481024742126465
2003-01-16,12.295829772949219,22.279273986816406,,,,59.94788360595703,7.263880252838135,7.375988006591797
2003-01-17,12.080656051635742,21.32709503173828,,,,59.06187438964844,7.120511054992676,7.291969299316406
2003-01-21,11.917425155639648,21.09115219116211,,,,58.143314361572266,7.028757572174072,7.141442775726318
2003-01-22,11.84692668914795,21.00688934326172,,,,57.43974685668945,7.049784183502197,7.106433868408203
2003-01-23,11.943389892578125,21.495622634887695,,,,57.791534423828125,7.09375,7.061621189117432
2003-01-24,11.73316478729248,20.914203643798828,,,,56.27363204956055,6.883482456207275,6.87888765335083
2003-01-27,11.501913070678711,20.669832229614258,,,,55.504878997802734,6.772606372833252,6.748658657073975
2003-01-28,11.562506675720215,20.880502700805664,,,,55.915321350097656,6.82230806350708,6.824276924133301
2003-01-29,11.667621612548828,21.1922664642334,,,,56.33876037597656,6.8796586990356445,6.854382514953613
2003-01-30,11.480890274047852,20.644569396972656,,,,55.003257751464844,6.7401123046875,6.798373699188232
2003-01-31,11.682463645935059,20.594003677368164,,,,56.065147399902344,6.780256748199463,6.845981597900391
2003-02-03,11.550142288208008,20.636127471923828,,,,56.17588806152344,6.805105209350586,6.932799816131592
2003-02-04,11.581056594848633,20.383344650268555,,,,55.62217330932617,6.5833659172058105,6.824276924133301
2003-02-05,11.48213005065918,20.290653228759766,,,,55.276859283447266,6.732468128204346,6.843879222869873
2003-02-06,11.400505065917969,20.400190353393555,,,,55.01629638671875,6.594834804534912,6.731157302856445
2003-02-07,11.217488288879395,20.063138961791992,,,,54.34526824951172,6.504992961883545,6.7206573486328125
2003-02-10,11.308998107910156,20.240093231201172,,,,54.72966003417969,6.527929306030273,6.703153610229492
2003-02-11,11.27560806274414,20.34963607788086,,,,54.351802825927734,6.6521782875061035,6.72835636138916
2003-02-12,11.14082145690918,20.071561813354492,,,,53.48533248901367,6.520285129547119,6.554723739624023
2003-02-13,11.107429504394531,20.172685623168945,,,,53.648189544677734,6.497348308563232,6.463703155517578
2003-02-14,11.247166633605957,20.636127471923828,,,,54.820838928222656,6.53366756439209,6.698252201080322
2003-02-18,11.374542236328125,21.27653694152832,,,,55.78500747680664,6.784079074859619,6.8046722412109375
2003-02-19,11.285501480102539,21.133283615112305,,,,55.4918327331543,6.784079074859619,6.735359191894531
2003-02-20,11.203883171081543,21.049028396606445,,,,54.93812561035156,6.757316589355469,6.708754062652588
2003-02-21,11.35722827911377,21.209125518798828,,,,55.4918327331543,6.868186950683594,6.761265277862549
2003-02-24,11.148237228393555,20.8467960357666,,,,54.59281921386719,6.724823474884033,6.761265277862549
2003-02-25,11.259532928466797,20.8720760345459,,,,55.02930450439453,6.6521782875061035,6.539322376251221
2003-02-26,11.144527435302734,20.408626556396484,,,,54.22805404663086,6.656006813049316,6.592529773712158
2003-02-27,11.247166633605957,20.8720760345459,,,,54.94461441040039,6.730555057525635,6.6254377365112305
2003-02-28,11.274373054504395,21.20069694519043,,,,55.309452056884766,6.807017803192139,6.628239154815674
2003-03-03,11.228620529174805,20.770952224731445,,,,54.7817497253418,6.728645324707031,6.6863508224487305
2003-03-04,11.031991004943848,20.644569396972656,,,,53.90880584716797,6.610127925872803,6.545619487762451
2003-03-05,11.04312515258789,20.686695098876953,,,,54.36480712890625,6.703794956207275,6.569426536560059
2003-03-06,10.991182327270508,20.636127471923828,,,,53.90880584716797,6.663653373718262,6.53372049331665
2003-03-07,11.0171537399292,20.678260803222656,,,,54.280128479003906,6.656006813049316,6.556121349334717
2003-03-10,10.782552719116211,20.23166847229004,,,,52.97721481323242,6.5699849128723145,6.403494834899902
2003-03-11,10.720622062683105,20.054718017578125,,,,52.45601272583008,6.495438098907471,6.413291931152344
2003-03-12,10.695844650268555,20.41705322265625,,,,52.807823181152344,6.524109363555908,6.351683139801025
2003-03-13,10.968350410461426,21.588302612304688,,,,54.631935119628906,6.782164573669434,6.512714862823486
2003-03-14,11.006749153137207,21.672576904296875,,,,54.807830810546875,6.881567478179932,6.5813307762146
2003-03-17,11.269341468811035,22.414091110229492,,,,56.534244537353516,7.14536190032959,6.759162425994873
2003-03-18,11.39940357208252,22.692163467407227,,,,56.866455078125,7.110954761505127,6.760562419891357
2003-03-19,11.395689010620117,22.49835968017578,,,,57.30293655395508,7.208445072174072,6.850881099700928
2003-03-20,11.484871864318848,22.58262062072754,,,,57.42670440673828,7.2237372398376465,6.87398624420166
2003-03-21,11.697921752929688,22.894390106201172,,,,58.6524658203125,7.392221450805664,6.993547439575195
2003-03-24,11.400641441345215,21.942224502563477,,,,56.703277587890625,7.1222615242004395,6.831694602966309
2003-03-25,11.525753021240234,22.253995895385742,,,,57.246212005615234,7.256284236907959,6.871104717254639
2003-03-26,11.372153282165527,22.380390167236328,,,,56.9583740234375,7.183527946472168,6.833808422088623
2003-03-27,11.441523551940918,22.22028923034668,,,,57.00417709350586,7.173954010009766,6.833808422088623
2003-03-28,11.500978469848633,21.975927352905273,,,,56.716373443603516,7.128010272979736,6.8000288009643555
2003-03-31,11.331279754638672,21.27653694152832,,,,55.42779541015625,7.039933204650879,6.6951751708984375
2003-04-01,11.41426944732666,21.4450626373291,,,,56.27811050415039,7.0341901779174805,6.762727737426758
2003-04-02,11.692963600158691,22.034908294677734,,,,57.63861846923828,7.246706485748291,6.916141510009766
2003-04-03,11.653332710266113,22.31297492980957,,,,57.363887786865234,7.348182201385498,6.918955326080322
2003-04-04,11.61864948272705,21.95064353942871,,,,57.70402908325195,7.260112762451172,6.928103446960449
2003-04-07,11.652092933654785,21.984342575073242,,,,57.59284973144531,7.311805248260498,7.029439449310303
2003-04-08,11.602540969848633,21.959075927734375,,,,57.6844482421875,7.27351188659668,6.921065330505371
2003-04-09,11.500978469848633,21.453495025634766,,,,56.925689697265625,7.198843955993652,6.877435207366943
2003-04-10,11.520792007446289,21.71470832824707,,,,57.23964309692383,7.173954010009766,6.828176021575928
2003-04-11,11.462577819824219,21.495622634887695,,,,57.00417709350586,7.149067401885986,6.8506951332092285
2003-04-14,11.692963600158691,21.933792114257812,,,,58.18154525756836,7.26202917098999,6.965400695800781
2003-04-15,11.773482322692871,22.144451141357422,,,,58.72442626953125,7.271598815917969,7.030142307281494
2003-04-16,11.660765647888184,22.093900680541992,,,,57.723690032958984,7.365414142608643,6.956253528594971
2003-04-17,11.8292236328125,22.599472045898438,,,,58.58053207397461,7.348182201385498,6.9668073654174805
2003-04-21,11.922118186950684,22.68373680114746,,,,58.63942337036133,7.361584186553955,6.9668073654174805
2003-04-22,12.083138465881348,23.113483428955078,,,,59.744815826416016,7.509011745452881,7.181441307067871
2003-04-23,12.121546745300293,23.282007217407227,,,,60.294212341308594,7.556878089904785,7.255327224731445
2003-04-24,12.111631393432617,23.15560531616211,,,,59.75790023803711,7.487950325012207,7.213105201721191
2003-04-25,11.928306579589844,22.70901870727539,,,,59.0187873840332,7.409452438354492,7.122330665588379
2003-04-28,12.138882637023926,23.15560531616211,,,,60.03915786743164,7.474543571472168,7.26025915145874
2003-04-29,12.20948600769043,23.36626434326172,,,,60.248470306396484,7.5798468589782715,7.265890121459961
2003-04-30,12.302386283874512,23.130334854125977,,,,60.11767578125,7.551127910614014,7.294743061065674
2003-05-01,12.26894474029541,23.332565307617188,,,,60.11113739013672,7.518580436706543,7.298964977264404
2003-05-02,12.56993579864502,23.829727172851562,,,,60.96797561645508,7.604736328125,7.429854869842529
2003-05-05,12.560028076171875,23.804447174072266,,,,60.85024642944336,7.5875043869018555,7.374966144561768
2003-05-06,12.652935028076172,24.1077880859375,,,,61.42583084106445,7.643029689788818,7.4157795906066895
2003-05-07,12.62939453125,23.83814811706543,,,,61.0857048034668,7.595162868499756,7.387632369995117
2003-05-08,12.543922424316406,23.399978637695312,,,,60.470863342285156,7.5358147621154785,7.323588848114014
2003-05-09,12.690093040466309,23.939268112182617,,,,61.30813217163086,7.644941806793213,7.367927074432373
2003-05-12,12.812718391418457,24.30159568786621,,,,62.0602912902832,7.740673542022705,7.4910783767700195
2003-05-13,12.812718391418457,24.149932861328125,,,,61.94908142089844,7.69663667678833,7.477004528045654
2003-05-14,12.765646934509277,24.099365234375,,,,61.81828308105469,7.675576210021973,7.496708393096924
2003-05-15,12.812718391418457,24.369014739990234,,,,62.21073913574219,7.69663667678833,7.486854076385498
2003-05-16,12.597188949584961,24.183626174926758,,,,62.05375671386719,7.692808151245117,7.500929355621338
2003-05-19,12.368034362792969,23.332565307617188,,,,60.60166549682617,7.53772497177124,7.4523725509643555
2003-05-20,12.349458694458008,23.399978637695312,,,,60.47742462158203,7.447739601135254,7.290519714355469
2003-05-21,12.40272331237793,23.332565307617188,,,,60.60166549682617,7.466888427734375,7.396076679229736
2003-05-22,12.490662574768066,23.66961669921875,,,,61.203453063964844,7.543469429016113,7.480523109436035
2003-05-23,12.612055778503418,23.678043365478516,,,,61.32771682739258,7.533894062042236,7.49530029296875
2003-05-27,12.832537651062012,24.52067756652832,,,,62.40044021606445,7.646856307983398,7.617042064666748
2003-05-28,12.95764446258545,24.59651756286621,,,,62.577030181884766,7.683238983154297,7.650118827819824
2003-05-29,13.005953788757324,24.6976375579834,,,,62.413516998291016,7.673666954040527,7.588892936706543
2003-05-30,13.245015144348145,25.102100372314453,,,,63.41429138183594,7.757906436920166,7.7043046951293945
2003-06-02,13.315611839294434,24.925148010253906,,,,63.67592239379883,7.773221492767334,7.78663969039917
2003-06-03,13.315611839294434,25.16107749938965,,,,63.93754196166992,7.765554904937744,7.835895538330078
2003-06-04,13.560873031616211,25.632972717285156,,,,64.85981750488281,7.916813850402832,7.9759392738342285
2003-06-05,13.658720970153809,25.81833839416504,,,,65.18034362792969,7.899582386016846,8.004792213439941
2003-06-06,13.56954288482666,25.388595581054688,,,,64.92523193359375,7.870861530303955,8.028715133666992
2003-06-09,13.341629981994629,25.051546096801758,,,,64.26459503173828,7.801944255828857,7.8816399574279785
2003-06-10,13.531145095825195,25.43073272705078,,,,64.918701171875,7.880438327789307,7.930198669433594
2003-06-11,13.693405151367188,25.717222213745117,,,,65.60547637939453,7.999142169952393,8.055461883544922
2003-06-12,13.757818222045898,25.826772689819336,,,,65.80824279785156,7.999142169952393,8.016051292419434
2003-06-13,13.588112831115723,25.24534797668457,,,,65.12146759033203,7.916813850402832,7.988607406616211
2003-06-16,13.769186019897461,26.02057647705078,,,,66.49504852294922,8.125504493713379,8.120901107788086
2003-06-17,13.839921951293945,25.91946029663086,,,,66.49504852294922,8.152311325073242,8.172979354858398
2003-06-18,13.794002532958984,26.054275512695312,,,,66.4361801147461,8.161883354187012,8.142016410827637
2003-06-19,13.688516616821289,25.632972717285156,,,,65.42233276367188,8.031693458557129,8.001976013183594
2003-06-20,13.561931610107422,25.599254608154297,,,,65.27791595458984,8.006199836730957,8.057888984680176
2003-06-23,13.360884666442871,25.203218460083008,,,,64.60836029052734,7.9065260887146,7.922173023223877
2003-06-24,13.40307903289795,25.00940704345703,,,,64.6739730834961,7.950615406036377,7.9900312423706055
2003-06-25,13.451482772827148,24.874588012695312,,,,64.02405548095703,7.87394380569458,7.929946422576904
2003-06-26,13.645089149475098,25.464427947998047,,,,64.8577651977539,7.935282230377197,7.9695329666137695
2003-06-27,13.595443725585938,25.13580894470215,,,,64.10945129394531,7.858608245849609,7.930660247802734
2003-06-30,13.607856750488281,25.23692512512207,,,,64.08973693847656,7.858608245849609,7.927124500274658
2003-07-01,13.667421340942383,25.573974609375,,,,64.68053436279297,7.941030502319336,7.934900283813477
2003-07-02,13.923075675964355,26.09640121459961,,,,65.4945068359375,8.011947631835938,8.026077270507812
2003-07-03,13.856058120727539,25.76777458190918,,,,64.81841278076172,7.983195781707764,7.982963562011719
2003-07-07,14.071996688842773,26.871631622314453,,,,66.1050796508789,8.14036750793457,8.073436737060547
2003-07-08,14.363640785217285,27.20026206970215,,,,66.40044403076172,8.123117446899414,8.045165061950684
2003-07-09,14.418237686157227,27.132856369018555,,,,66.02627563476562,8.113536834716797,8.080504417419434
2003-07-10,14.181205749511719,26.62726402282715,,,,65.18604278564453,7.9697794914245605,7.960339546203613
2003-07-11,14.317715644836426,26.829496383666992,,,,65.80306243896484,8.019620895385742,8.036681175231934
2003-07-14,14.394665718078613,27.149696350097656,,,,66.12471771240234,8.098196983337402,8.128571510314941
2003-07-15,14.323923110961914,27.18341064453125,,,,65.98030853271484,8.082868576049805,8.033147811889648
2003-07-16,14.234566688537598,27.099143981933594,,,,65.593017578125,8.059865951538086,7.942673206329346
2003-07-17,13.90817928314209,26.273361206054688,,,,64.66085815429688,7.985116004943848,7.893192768096924
2003-07-18,14.02856731414795,26.357637405395508,,,,65.3238754272461,8.013866424560547,7.994272708892822
2003-07-21,13.832478523254395,26.02057647705078,,,,64.51642608642578,7.9065260887146,7.867043495178223
2003-07-22,13.97643756866455,26.408180236816406,,,,65.10067749023438,8.013866424560547,7.917230129241943
2003-07-23,14.052131652832031,26.62726402282715,,,,65.1466064453125,8.013866424560547,7.894610404968262
2003-07-24,14.054624557495117,26.273361206054688,,,,64.65428924560547,8.002364158630371,7.924295902252197
2003-07-25,14.107987403869629,26.795793533325195,,,,65.79649353027344,8.002364158630371,7.958930015563965
2003-07-28,14.253186225891113,26.871631622314453,,,,65.55362701416016,8.128867149353027,7.958930015563965
2003-07-29,14.28917121887207,26.66939926147461,,,,65.25163269042969,8.073281288146973,7.953273773193359
2003-07-30,14.250707626342773,26.4755916595459,,,,65.09412384033203,8.03303337097168,7.8953142166137695
2003-07-31,14.285456657409668,26.795793533325195,,,,65.24507904052734,8.126951217651367,7.872695446014404
2003-08-01,14.091853141784668,26.50929832458496,,,,64.66740417480469,7.985116004943848,7.771620750427246
2003-08-04,14.054624557495117,26.50087547302246,,,,64.66740417480469,8.031115531921387,7.814030170440674
2003-08-05,13.836206436157227,25.45600128173828,,,,63.29541778564453,7.887356281280518,7.711535930633545
2003-08-06,13.764220237731934,25.439149856567383,,,,63.66305923461914,7.908444881439209,7.76596736907959
2003-08-07,13.862261772155762,25.540271759033203,,,,64.3326416015625,7.89119291305542,7.7687907218933105
2003-08-08,13.827512741088867,25.338043212890625,,,,64.51642608642578,7.919945240020752,7.838769435882568
2003-08-11,13.949139595031738,25.616107940673828,,,,64.75931549072266,7.946782112121582,7.8458356857299805
2003-08-12,14.170035362243652,26.00371742248535,,,,65.3501205444336,7.95636510848999,7.9073357582092285
2003-08-13,14.234566688537598,26.012149810791016,,,,65.01535034179688,7.964029788970947,7.862796306610107
2003-08-14,14.310279846191406,26.03742790222168,,,,65.19257354736328,8.008115768432617,7.905919075012207
2003-08-15,14.42072868347168,26.26494026184082,,,,65.3961181640625,8.050286293029785,7.92005729675293
2003-08-18,14.635422706604004,26.939048767089844,,,,65.96066284179688,8.111623764038086,7.944793701171875
2003-08-19,14.867488861083984,27.276103973388672,,,,66.2100830078125,8.159534454345703,7.899556636810303
2003-08-20,14.869980812072754,27.20868492126465,,,,65.94097137451172,8.125035285949707,7.954689025878906
2003-08-21,14.970495223999023,27.503604888916016,,,,66.15100860595703,8.14036750793457,7.94408655166626
2003-08-22,14.703680038452148,27.335084915161133,,,,65.4945068359375,8.115452766418457,7.838769435882568
2003-08-25,14.670174598693848,27.394062042236328,,,,65.5995864868164,8.088615417480469,7.825339317321777
2003-08-26,14.766972541809082,27.419347763061523,,,,65.71776580810547,8.128867149353027,7.838769435882568
2003-08-27,14.762009620666504,27.638418197631836,,,,65.73744201660156,8.111623764038086,7.821095943450928
2003-08-28,14.965539932250977,27.882789611816406,,,,66.14446258544922,8.144205093383789,7.852904796600342
2003-08-29,14.999037742614746,28.13557243347168,,,,66.59085845947266,8.232369422912598,7.905919075012207
2003-09-02,15.26462459564209,28.540058135986328,,,,67.48363494873047,8.333964347839355,7.996389865875244
2003-09-03,15.370105743408203,28.523204803466797,,,,67.85122680664062,8.385710716247559,8.06495189666748
2003-09-04,15.425955772399902,28.784412384033203,,,,67.88404846191406,8.414461135864258,8.043749809265137
2003-09-05,15.24600601196289,28.599040985107422,,,,67.5033187866211,8.343542098999023,8.005578994750977
2003-09-08,15.450777053833008,29.070905685424805,,,,68.06132507324219,8.435548782348633,8.09322452545166
2003-09-09,15.332884788513184,28.725435256958008,,,,67.61491394042969,8.362709999084473,8.040216445922852
2003-09-10,15.028820991516113,28.034475326538086,,,,66.93219757080078,8.289871215820312,7.965997695922852
2003-09-11,15.14052963256836,28.34624671936035,,,,67.12911987304688,8.349295616149902,7.987204551696777
2003-09-12,15.188922882080078,28.49791717529297,,,,67.25384521484375,8.318624496459961,8.01335620880127
2003-09-15,15.136089324951172,28.219839096069336,,,,67.01751708984375,8.305209159851074,7.99780797958374
2003-09-16,15.339974403381348,28.986644744873047,,,,67.99566650390625,8.385710716247559,8.062834739685059
2003-09-17,15.333757400512695,28.86868667602539,,,,67.86434936523438,8.416378021240234,8.062834739685059
2003-09-18,15.465531349182129,29.306854248046875,,,,68.66522979736328,8.506464004516602,8.191474914550781
2003-09-19,15.316344261169434,29.13832664489746,,,,68.31597900390625,8.4519624710083,8.174275398254395
2003-09-22,15.194510459899902,28.582191467285156,,,,67.57792663574219,8.323375701904297,8.060545921325684
2003-09-23,15.277812957763672,29.087757110595703,,,,67.83491516113281,8.409740447998047,8.078317642211914
2003-09-24,15.00554084777832,27.992334365844727,,,,66.6290054321289,8.25045108795166,7.96743106842041
2003-09-25,14.652464866638184,27.630001068115234,,,,66.08206176757812,8.281159400939941,7.975250720977783
2003-09-26,14.402589797973633,27.45305633544922,,,,65.8646011352539,8.177521705627441,7.8906636238098145
2003-09-29,14.645009994506836,27.924928665161133,,,,66.51036834716797,8.166007041931152,7.936159133911133
2003-09-30,14.592796325683594,27.318233489990234,,,,65.8646011352539,8.137219429016113,7.876446723937988
2003-10-01,14.91851806640625,27.93336296081543,,,,67.2682113647461,8.26388168334961,7.99657678604126
2003-10-02,15.022953987121582,28.026042938232422,,,,67.51201629638672,8.309945106506348,8.074764251708984
2003-10-03,15.315102577209473,28.809696197509766,,,,68.13147735595703,8.440443992614746,8.123809814453125
2003-10-06,15.377264022827148,29.02034568786621,,,,68.44117736816406,8.444283485412598,8.167171478271484
2003-10-07,15.518990516662598,29.197307586669922,,,,68.70476531982422,8.425091743469238,8.187068939208984
2003-10-08,15.384726524353027,29.011943817138672,,,,68.5334243774414,8.41933536529541,8.135185241699219
2003-10-09,15.502828598022461,29.231019973754883,,,,68.71794128417969,8.486503601074219,8.16076946258545
2003-10-10,15.468022346496582,29.500652313232422,,,,68.9090576171875,8.501858711242676,8.149396896362305
2003-10-13,15.684346199035645,29.6944637298584,,,,69.12650299072266,8.526805877685547,8.167880058288574
2003-10-14,15.788766860961914,29.770296096801758,,,,69.370361328125,8.578621864318848,8.202709197998047
2003-10-15,15.664443016052246,29.643909454345703,,,,69.18580627441406,8.557516098022461,8.188496589660645
2003-10-16,15.798713684082031,29.879840850830078,,,,69.46257781982422,8.590139389038086,8.23967170715332
2003-10-17,15.556293487548828,29.163597106933594,,,,68.70476531982422,8.492263793945312,8.143000602722168
2003-10-20,15.589852333068848,29.52594757080078,,,,69.2187728881836,8.553672790527344,8.17712116241455
2003-10-21,15.602295875549316,29.702880859375,,,,69.10015869140625,8.597816467285156,8.204133033752441
2003-10-22,15.395909309387207,29.12989616394043,,,,68.2303237915039,8.482669830322266,8.035669326782227
2003-10-23,15.316344261169434,28.792831420898438,,,,68.10508728027344,8.450039863586426,8.084005355834961
2003-10-24,15.192026138305664,28.818130493164062,,,,68.25669860839844,8.379036903381348,8.027852058410645
2003-10-27,15.461808204650879,28.82654571533203,,,,68.28961944580078,8.459635734558105,8.119546890258789
2003-10-28,15.760173797607422,29.795574188232422,,,,69.2187728881836,8.565190315246582,8.157926559448242
2003-10-29,15.857141494750977,29.761865615844727,,,,69.3110122680664,8.5863037109375,8.197733879089355
2003-10-30,15.854659080505371,29.82084846496582,,,,69.45597076416016,8.5690279006958,8.17783260345459
2003-10-31,15.853414535522461,29.643909454345703,,,,69.39006805419922,8.60549545288086,8.233983993530273
2003-11-03,16.130653381347656,30.13262367248535,,,,69.84477233886719,8.689937591552734,8.291560173034668
2003-11-04,16.165456771850586,29.93039894104004,,,,69.69325256347656,8.634285926818848,8.227592468261719
2003-11-05,16.170427322387695,30.200057983398438,,,,69.74595642089844,8.574780464172363,8.209815979003906
2003-11-06,16.236324310302734,30.284299850463867,,,,70.1149673461914,8.636201858520508,8.22119140625
2003-11-07,16.236324310302734,30.023080825805664,,,,69.59437561035156,8.67458724975586,8.20555305480957
2003-11-10,15.993905067443848,29.6523380279541,,,,69.3110122680664,8.570944786071777,8.188496589660645
2003-11-11,15.901900291442871,29.54279136657715,,,,69.2912826538086,8.565190315246582,8.165746688842773
2003-11-12,16.217676162719727,30.174776077270508,,,,70.06881713867188,8.680342674255371,8.249622344970703
2003-11-13,16.24254035949707,30.141054153442383,,,,70.08863830566406,8.678423881530762,8.2311372756958
2003-11-14,16.012554168701172,29.52594757080078,,,,69.49552154541016,8.617008209228516,8.207683563232422
2003-11-17,15.879522323608398,29.22258758544922,,,,69.14630126953125,8.544081687927246,8.153664588928223
2003-11-18,15.726615905761719,28.548486709594727,,,,68.42799377441406,8.482669830322266,8.11669921875
2003-11-19,15.857141494750977,28.82654571533203,,,,69.00791931152344,8.557516098022461,8.18493938446045
2003-11-20,15.751466751098633,28.548486709594727,,,,68.38845825195312,8.536402702331543,8.118833541870117
2003-11-21,15.869572639465332,28.843402862548828,,,,68.67179870605469,8.442364692687988,8.095378875732422
2003-11-24,16.248748779296875,29.643909454345703,,,,69.58121490478516,8.634285926818848,8.17783260345459
2003-11-25,16.38675308227539,29.643909454345703,,,,69.84477233886719,8.66498851776123,8.238249778747559
2003-11-26,16.433990478515625,29.77874183654785,,,,70.09520721435547,8.661149024963379,8.265972137451172
2003-11-28,16.466318130493164,29.812416076660156,,,,70.14790344238281,8.680342674255371,8.2752103805542
2003-12-01,16.691335678100586,30.25059700012207,,,,70.90571594238281,8.730236053466797,8.306489944458008
2003-12-02,16.659025192260742,30.082075119018555,,,,70.72785949707031,8.709125518798828,8.37116813659668
2003-12-03,16.354427337646484,29.702880859375,,,,70.61579132080078,8.678423881530762,8.35552978515625
2003-12-04,16.383024215698242,30.023080825805664,,,,70.90571594238281,8.678423881530762,8.405291557312012
2003-12-05,16.211458206176758,29.52594757080078,,,,70.41150665283203,8.636201858520508,8.387518882751465
2003-12-08,16.328325271606445,29.6944637298584,,,,70.8860092163086,8.672662734985352,8.42305850982666
2003-12-09,16.09211540222168,29.011943817138672,,,,70.33901977539062,8.609332084655762,8.37685489654541
2003-12-10,15.945415496826172,29.121479034423828,,,,70.33243560791016,8.60166072845459,8.348422050476074
2003-12-11,16.305944442749023,29.745010375976562,,,,71.1231918334961,8.699532508850098,8.48560905456543
2003-12-12,16.435232162475586,29.6944637298584,,,,71.2615737915039,8.737916946411133,8.489871978759766
2003-12-15,16.160602569580078,29.306854248046875,,,,70.90571594238281,8.726397514343262,8.458598136901855
2003-12-16,16.179288864135742,29.365825653076172,,,,71.2747802734375,8.728318214416504,8.536789894104004
2003-12-17,16.247787475585938,29.41639518737793,,,,71.49881744384766,8.709125518798828,8.541050910949707
2003-12-18,16.43088150024414,29.964111328125,,,,72.30278015136719,8.830032348632812,8.625639915466309
2003-12-19,16.46450424194336,29.879840850830078,,,,72.10147094726562,8.820615768432617,8.645625114440918
2003-12-22,16.594043731689453,29.972524642944336,,,,72.60469055175781,8.774480819702148,8.674277305603027
2003-12-23,16.68995475769043,30.200057983398438,,,,72.6510238647461,8.857134819030762,8.727997779846191
2003-12-24,16.57784652709961,30.262422561645508,,,,72.57821655273438,8.805240631103516,8.723702430725098
2003-12-26,16.687456130981445,30.220277786254883,,,,72.6312026977539,8.866748809814453,8.710805892944336
2003-12-29,16.91413688659668,30.717622756958008,,,,73.5978012084961,8.932103157043457,8.798192977905273
2003-12-30,16.93905258178711,30.81878662109375,,,,73.61105346679688,8.947474479675293,8.839019775390625
2003-12-31,16.68995475769043,30.734479904174805,,,,73.67724609375,8.96670150756836,8.85764217376709
2004-01-02,16.77214813232422,30.650196075439453,,,,73.6441650390625,8.918643951416016,8.854063034057617
2004-01-05,16.976417541503906,31.265562057495117,,,,74.44530487060547,9.057039260864258,8.95649528503418
2004-01-06,16.936555862426758,31.476285934448242,,,,74.51811981201172,9.08971118927002,8.957210540771484
2004-01-07,17.0698299407959,31.76288414001465,,,,74.76970672607422,9.12238883972168,8.931427001953125
2004-01-08,17.11591148376465,32.015769958496094,,,,75.06765747070312,9.151224136352539,8.987293243408203
2004-01-09,16.963966369628906,31.805042266845703,,,,74.41217041015625,9.087791442871094,8.917813301086426
2004-01-12,17.150787353515625,32.31082534790039,,,,74.96170806884766,9.149298667907715,8.952198028564453
2004-01-13,17.174457550048828,31.990503311157227,,,,74.5247573852539,9.07049560546875,8.868390083312988
2004-01-14,17.281557083129883,32.100093841552734,,,,75.14713287353516,9.130078315734863,8.970105171203613
2004-01-15,17.302734375,32.18437957763672,,,,75.33251953125,9.166604042053223,8.994458198547363
2004-01-16,17.300247192382812,32.51313400268555,,,,75.63044738769531,9.180047988891602,9.051045417785645
2004-01-20,17.484588623046875,32.48784255981445,,,,75.61056518554688,9.187743186950684,9.071097373962402
2004-01-21,17.56180191040039,32.35297775268555,,,,76.20647430419922,9.243481636047363,9.150607109069824
2004-01-22,17.437253952026367,32.15910720825195,,,,76.00784301757812,9.218494415283203,9.117653846740723
2004-01-23,17.587963104248047,32.041072845458984,,,,75.76287841796875,9.214652061462402,9.077548027038574
2004-01-26,17.7436580657959,32.53000259399414,,,,76.71624755859375,9.324209213256836,9.204327583312988
2004-01-27,17.487079620361328,31.8134765625,,,,75.92835235595703,9.245406150817871,9.1441650390625
2004-01-28,17.25043487548828,31.273975372314453,,,,75.06104278564453,9.066643714904785,9.001620292663574
2004-01-29,17.14705467224121,31.39199447631836,,,,75.13388061523438,9.145454406738281,9.053910255432129
2004-01-30,17.184415817260742,31.248689651489258,,,,75.13388061523438,9.14161205291748,9.040302276611328
2004-02-02,17.14580726623535,31.164398193359375,,,,75.45829010009766,9.193510055541992,9.06393814086914
2004-02-03,17.13334846496582,31.13066291809082,,,,75.33251953125,9.189665794372559,9.053910255432129
2004-02-04,16.800800323486328,30.62488555908203,,,,74.71675872802734,9.114702224731445,9.03242015838623
2004-02-05,16.941545486450195,30.742918014526367,,,,74.9352035522461,9.105093002319336,8.995891571044922
2004-02-06,17.300247192382812,31.299264907836914,,,,75.77606964111328,9.23002815246582,9.061071395874023
2004-02-09,17.374977111816406,31.290836334228516,,,,75.79592895507812,9.218494415283203,9.061782836914062
2004-02-10,17.549352645874023,31.34140968322754,,,,76.0409927368164,9.255016326904297,9.076831817626953
2004-02-11,17.716249465942383,31.6785831451416,,,,76.84867858886719,9.314599990844727,9.220086097717285
2004-02-12,17.64151954650879,31.40041732788086,,,,76.57063293457031,9.283846855163574,9.175680160522461
2004-02-13,17.4247989654541,31.139122009277344,,,,76.2263412475586,9.231953620910645,9.157770156860352
2004-02-17,17.667680740356445,31.560577392578125,,,,76.9148941040039,9.29730224609375,9.237278938293457
2004-02-18,17.635292053222656,31.653329849243164,,,,76.57723999023438,9.285772323608398,9.159200668334961
2004-02-19,17.33761215209961,31.172836303710938,,,,76.29251861572266,9.245406150817871,9.168519973754883
2004-02-20,17.272844314575195,31.071670532226562,,,,76.060791015625,9.203120231628418,9.143445014953613
2004-02-23,17.076051712036133,30.726057052612305,,,,75.86878204345703,9.131999969482422,9.154191970825195
2004-02-24,17.125883102416992,30.650196075439453,,,,75.7363510131836,9.114702224731445,9.121957778930664
2004-02-25,17.347583770751953,30.83564567565918,,,,76.05415344238281,9.191587448120117,9.174965858459473
2004-02-26,17.449722290039062,30.9114990234375,,,,76.10054016113281,9.195432662963867,9.182127952575684
2004-02-27,17.498291015625,30.82720375061035,,,,76.15348815917969,9.185818672180176,9.20146656036377
2004-03-01,17.84079933166504,31.231836318969727,,,,76.90826416015625,9.258857727050781,9.290282249450684
2004-03-02,17.73618507385254,30.869342803955078,,,,76.45806884765625,9.187743186950684,9.239432334899902
2004-03-03,17.767316818237305,30.700775146484375,,,,76.59710693359375,9.199275016784668,9.247308731079102
2004-03-04,17.92051887512207,30.98736000061035,,,,76.79570770263672,9.216568946838379,9.275245666503906
2004-03-05,17.899343490600586,30.877761840820312,,,,77.05394744873047,9.247331619262695,9.341141700744629
2004-03-08,17.748638153076172,30.152833938598633,,,,76.11376190185547,9.15890884399414,9.278822898864746
2004-03-09,17.65647315979004,30.060110092163086,,,,75.80919647216797,9.103165626525879,9.19072151184082
2004-03-10,17.275333404541016,29.663921356201172,,,,74.53797912597656,8.972467422485352,9.056769371032715
2004-03-11,17.095983505249023,29.394161224365234,,,,73.57134246826172,8.90903091430664,8.917813301086426
2004-03-12,17.524450302124023,29.933673858642578,,,,74.53797912597656,8.930177688598633,8.971538543701172
2004-03-15,17.125883102416992,29.411012649536133,,,,73.62428283691406,8.876359939575195,8.864093780517578
2004-03-16,17.125883102416992,29.46160125732422,,,,74.01493072509766,8.870583534240723,8.95362377166748
2004-03-17,17.387441635131836,29.92522430419922,,,,74.84253692626953,8.993608474731445,9.04316234588623
2004-03-18,17.25043487548828,29.79036521911621,,,,74.86241149902344,8.941710472106934,9.041728973388672
2004-03-19,17.150787353515625,29.293010711669922,,,,73.78939819335938,8.936705589294434,8.933895111083984
2004-03-22,16.894208908081055,28.922109603881836,,,,72.85256958007812,8.76351261138916,8.773972511291504
2004-03-23,16.895462036132812,28.68607521057129,,,,72.72631072998047,8.767364501953125,8.772529602050781
2004-03-24,16.84563636779785,29.01483917236328,,,,72.78612518310547,8.798151969909668,8.719949722290039
2004-03-25,17.16573143005371,29.79036521911621,,,,73.74951934814453,8.925161361694336,8.808552742004395
2004-03-26,17.205589294433594,29.689210891723633,,,,73.76947021484375,8.89244556427002,8.885632514953613
2004-03-29,17.574220657348633,30.169696807861328,,,,74.80592346191406,9.019451141357422,8.939659118652344
2004-03-30,17.710195541381836,30.270875930786133,,,,75.05841827392578,9.030999183654785,9.004488945007324
2004-03-31,17.763830184936523,30.211843490600586,,,,75.14480590820312,9.027152061462402,9.00665283203125
2004-04-01,17.844905853271484,30.481586456298828,,,,75.59660339355469,9.021381378173828,9.045551300048828
2004-04-02,18.056974411010742,31.273975372314453,,,,76.16796112060547,9.181103706359863,9.059957504272461
2004-04-05,18.201679229736328,31.569034576416016,,,,76.58656311035156,9.261923789978027,9.131270408630371
2004-04-06,18.040754318237305,31.172836303710938,,,,76.34070587158203,9.225358963012695,9.153605461120605
2004-04-07,18.12310028076172,31.139122009277344,,,,76.16130828857422,9.163778305053711,9.12695026397705
2004-04-08,17.973400115966797,31.139122009277344,,,,75.98856353759766,9.144540786743164,9.053472518920898
2004-04-12,18.063217163085938,31.332992553710938,,,,76.28756713867188,9.209966659545898,9.108217239379883
2004-04-13,17.67526626586914,30.877761840820312,,,,75.2178726196289,9.140686988830566,8.967034339904785
2004-04-14,17.601661682128906,31.029516220092773,,,,75.33747100830078,9.129142761230469,8.943256378173828
2004-04-15,17.52057456970215,30.473155975341797,,,,75.05175018310547,9.15800952911377,8.942538261413574
2004-04-16,17.647811889648438,30.422582626342773,,,,75.62979125976562,9.132991790771484,9.01961612701416
2004-04-19,17.757585525512695,30.793474197387695,,,,75.62979125976562,9.192644119262695,8.982880592346191
2004-04-20,17.435741424560547,30.076963424682617,,,,74.36078643798828,9.042549133300781,9.00161075592041
2004-04-21,17.664033889770508,30.338293075561523,,,,74.85909271240234,9.082961082458496,8.946141242980957
2004-04-22,17.994611740112305,31.12224578857422,,,,75.90885162353516,9.209966659545898,9.08733081817627
2004-04-23,17.922256469726562,31.3667049407959,,,,75.98192596435547,9.227285385131836,9.051314353942871
2004-04-26,17.83993148803711,31.139122009277344,,,,75.87559509277344,9.179178237915039,9.017457962036133
2004-04-27,17.86112403869629,31.080108642578125,,,,75.94208526611328,9.196494102478027,9.066437721252441
2004-04-28,17.5517635345459,30.515316009521484,,,,74.95877838134766,9.084882736206055,8.935335159301758
2004-04-29,17.24613380432129,30.043264389038086,,,,74.30098724365234,9.02330207824707,8.899316787719727
2004-04-30,17.07274055480957,29.30988311767578,,,,73.72295379638672,8.99636459350586,8.907242774963379
2004-05-03,17.254865646362305,29.588054656982422,,,,74.51362609863281,9.000214576721191,8.960546493530273
2004-05-04,17.380849838256836,29.714496612548828,,,,74.45380401611328,8.977117538452148,8.996565818786621
2004-05-05,17.417041778564453,29.95052146911621,,,,74.93215942382812,9.025230407714844,9.003049850463867
2004-05-06,17.218685150146484,29.72292709350586,,,,74.28767395019531,8.975190162658691,8.930292129516602
2004-05-07,16.772096633911133,29.478466033935547,,,,73.05851745605469,8.938631057739258,8.77757740020752
2004-05-10,16.46772003173828,29.225557327270508,,,,72.30777740478516,8.82894229888916,8.642146110534668
2004-05-11,16.780832290649414,29.663921356201172,,,,72.91901397705078,8.923232078552246,8.679608345031738
2004-05-12,16.84071159362793,29.72292709350586,,,,73.38410186767578,8.90976619720459,8.707695960998535
2004-05-13,16.691011428833008,29.512176513671875,,,,73.07845306396484,8.890522003173828,8.722105979919434
2004-05-14,16.612417221069336,29.293010711669922,,,,73.11165618896484,8.89244556427002,8.789820671081543
2004-05-17,16.430301666259766,29.01483917236328,,,,72.48712921142578,8.79045581817627,8.659436225891113
2004-05-18,16.633630752563477,29.276153564453125,,,,72.85256958007812,8.848188400268555,8.737956047058105
2004-05-19,16.530086517333984,29.242448806762695,,,,72.60008239746094,8.890522003173828,8.70482349395752
2004-05-20,16.608680725097656,29.377307891845703,,,,72.83264923095703,8.8385648727417,8.729312896728516
2004-05-21,16.769603729248047,29.520618438720703,,,,72.95884704589844,8.84241008758545,8.730755805969238
2004-05-24,16.95672035217285,29.72292709350586,,,,73.26453399658203,8.865506172180176,8.757407188415527
2004-05-25,17.36464500427246,30.3129940032959,,,,74.31427001953125,8.959797859191895,8.87914752960205
2004-05-26,17.451969146728516,30.50687599182129,,,,74.57343292236328,9.019451141357422,8.889236450195312
2004-05-27,17.44074249267578,30.700775146484375,,,,74.99195861816406,9.077183723449707,8.896434783935547
2004-05-28,17.441978454589844,30.81036376953125,,,,74.98529052734375,9.082961082458496,8.910841941833496
2004-06-01,17.564239501953125,30.76821517944336,,,,74.88565826416016,9.086808204650879,8.881307601928711
2004-06-02,17.546768188476562,30.700775146484375,,,,75.16474151611328,9.140686988830566,8.946141242980957
2004-06-03,17.236156463623047,30.329862594604492,,,,74.47373962402344,9.100275039672852,8.889236450195312
2004-06-04,17.432003021240234,30.50687599182129,,,,75.06507110595703,9.106054306030273,8.953344345092773
2004-06-07,17.766328811645508,31.231836318969727,,,,76.20784759521484,9.208044052124023,9.024657249450684
2004-06-08,17.79252052307129,31.273975372314453,,,,76.31415557861328,9.23305606842041,9.066437721252441
2004-06-09,17.581693649291992,30.83564567565918,,,,75.60324096679688,9.18687629699707,9.010973930358887
2004-06-10,17.557994842529297,31.05480194091797,,,,75.97528839111328,9.183022499084473,9.04122543334961
2004-06-14,17.334697723388672,30.616472244262695,,,,75.2245101928711,9.100275039672852,8.961268424987793
2004-06-15,17.604150772094727,31.01265525817871,,,,75.75602722167969,9.171479225158691,8.999444961547852
2004-06-16,17.73887825012207,30.962078094482422,,,,75.74276733398438,9.177253723144531,9.040508270263672
2004-06-17,17.745113372802734,30.675487518310547,,,,75.62979125976562,9.117598533630371,9.049152374267578
2004-06-18,17.721420288085938,30.717622756958008,,,,75.77251434326172,9.157487869262695,9.095632553100586
2004-06-21,17.72640609741211,30.473155975341797,,,,75.48575592041016,9.099677085876465,9.089115142822266
2004-06-22,17.812484741210938,30.919937133789062,,,,75.8658676147461,9.132439613342285,9.052192687988281
2004-06-23,18.028287887573242,31.290836334228516,,,,76.51936340332031,9.215300559997559,9.173093795776367
2004-06-24,17.99211311340332,31.231836318969727,,,,76.27931213378906,9.172907829284668,9.128205299377441
2004-06-25,18.156787872314453,31.46786880493164,,,,75.91252899169922,9.140142440795898,9.107211112976074
2004-06-28,18.08965301513672,31.206541061401367,,,,75.65248107910156,9.103529930114746,9.071015357971191
2004-06-29,18.27341079711914,31.50157928466797,,,,75.96590423583984,9.140142440795898,9.090559959411621
2004-06-30,18.400911331176758,31.8134765625,,,,76.37268829345703,9.192172050476074,9.126757621765137
2004-07-01,18.177154541015625,31.22340202331543,,,,75.3124008178711,9.057278633117676,9.027579307556152
2004-07-02,18.147153854370117,31.0379695892334,,,,75.27232360839844,9.009100914001465,9.026129722595215
2004-07-06,17.91714096069336,30.372013092041016,,,,74.61223602294922,8.960925102233887,8.976897239685059
2004-07-07,17.86088752746582,30.431011199951172,,,,74.8322982788086,8.93587589263916,9.000068664550781
2004-07-08,17.563373565673828,30.093828201293945,,,,74.31214141845703,8.885769844055176,8.970392227172852
2004-07-09,17.620878219604492,30.1359806060791,,,,74.50554656982422,8.899262428283691,8.984142303466797
2004-07-12,17.577125549316406,30.009525299072266,,,,74.53887939453125,8.903112411499023,9.012375831604004
2004-07-13,17.615875244140625,29.967384338378906,,,,74.59221649169922,8.912748336791992,9.018892288208008
2004-07-14,17.519615173339844,29.663921356201172,,,,74.36547088623047,8.876136779785156,8.994279861450195
2004-07-15,17.569629669189453,29.562768936157227,,,,73.8853759765625,8.820245742797852,8.955907821655273
2004-07-16,17.464618682861328,29.225557327270508,,,,73.82536315917969,8.775925636291504,8.938533782958984
2004-07-19,17.444616317749023,29.166580200195312,,,,73.51194763183594,8.727750778198242,8.968216896057129
2004-07-20,17.72588539123535,29.86622428894043,,,,74.44550323486328,8.775925636291504,8.979073524475098
2004-07-21,17.219615936279297,28.997968673706055,,,,73.07180786132812,8.710404396057129,8.930571556091309
2004-07-22,17.1571044921875,29.394161224365234,,,,73.27189636230469,8.723894119262695,8.908124923706055
2004-07-23,16.975847244262695,28.837818145751953,,,,72.65839385986328,8.594779014587402,8.866863250732422
2004-07-26,16.80459213256836,28.71136474609375,,,,72.51836395263672,8.552387237548828,8.860350608825684
2004-07-27,17.127098083496094,29.107572555541992,,,,73.19853210449219,8.644881248474121,8.912470817565918
2004-07-28,17.0633544921875,28.981121063232422,,,,73.41859436035156,8.646815299987793,8.976178169250488
2004-07-29,17.29836082458496,29.318296432495117,,,,73.73200225830078,8.666085243225098,9.026129722595215
2004-07-30,17.387109756469727,29.411012649536133,,,,73.91204071044922,8.694985389709473,8.994279861450195
2004-08-02,17.36585807800293,29.47003936767578,,,,74.0654067993164,8.735452651977539,9.056537628173828
2004-08-03,17.143352508544922,28.854679107666016,,,,73.49191284179688,8.694985389709473,9.03337287902832
2004-08-04,17.150861740112305,28.863101959228516,,,,73.48527526855469,8.669938087463379,9.023957252502441
2004-08-05,16.793333053588867,28.323598861694336,,,,72.28497314453125,8.517696380615234,8.883513450622559
2004-08-06,16.438322067260742,27.581809997558594,,,,71.25138854980469,8.392433166503906,8.793021202087402
2004-08-09,16.39706802368164,27.649232864379883,,,,71.35136413574219,8.382801055908203,8.785056114196777
2004-08-10,16.673324584960938,27.994844436645508,,,,72.2716293334961,8.429052352905273,8.838628768920898
2004-08-11,16.657081604003906,27.750385284423828,,,,72.12492370605469,8.403999328613281,8.876997947692871
2004-08-12,16.37456512451172,27.37105369567871,,,,71.33805847167969,8.371240615844727,8.837908744812012
2004-08-13,16.36455535888672,27.4132022857666,,,,71.47809600830078,8.315353393554688,8.814741134643555
2004-08-16,16.682079315185547,27.7251033782959,,,,72.21832275390625,8.459883689880371,8.923331260681152
2004-08-17,16.744586944580078,28.036991119384766,,,,72.62506103515625,8.494572639465332,8.915365219116211
2004-08-18,17.04459571838379,28.534353256225586,,,,73.37189483642578,8.575510025024414,9.028305053710938
2004-08-19,17.009593963623047,28.382596969604492,,,,73.15853118896484,8.554309844970703,9.015992164611816
2004-08-20,17.268360137939453,28.669204711914062,,,,73.67195129394531,8.61597728729248,9.08839225769043
2004-08-23,17.150861740112305,28.736658096313477,,,,73.48527526855469,8.619831085205078,9.050742149353027
2004-08-24,17.165857315063477,28.728219985961914,,,,73.58528900146484,8.592852592468262,9.03337287902832
2004-08-25,17.264612197875977,29.124418258666992,,,,74.08544158935547,8.693059921264648,9.120245933532715
2004-08-26,17.212108612060547,28.997968673706055,,,,74.08544158935547,8.679572105407715,9.144135475158691
2004-08-27,17.357120513916016,29.132854461669922,,,,74.31881713867188,8.721962928771973,9.162958145141602
2004-08-30,17.11335563659668,28.643930435180664,,,,73.70527648925781,8.658371925354004,9.105761528015137
2004-08-31,17.213363647460938,28.67765235900879,,,,74.09207916259766,8.587068557739258,9.149201393127441
2004-09-01,17.35960578918457,28.888391494750977,,,,74.23208618164062,8.646815299987793,9.1571626663208
2004-09-02,17.62586784362793,29.318296432495117,,,,75.07234191894531,8.685348510742188,9.206390380859375
2004-09-03,17.499608993530273,28.778806686401367,,,,74.76558685302734,8.706552505493164,9.249828338623047
2004-09-07,17.737140655517578,29.023277282714844,,,,75.25904846191406,8.723894119262695,9.286749839782715
2004-09-08,17.578369140625,28.91366958618164,,,,75.07234191894531,8.733529090881348,9.291090965270996
2004-09-09,17.794628143310547,29.15813636779785,,,,75.00568389892578,8.748942375183105,9.3034029006958
2004-09-10,17.894649505615234,29.604904174804688,,,,75.39241790771484,8.766289710998535,9.289647102355957
2004-09-13,18.033395767211914,29.99266815185547,,,,75.63915252685547,8.7836332321167,9.334528923034668
2004-09-14,17.979642868041992,30.03481674194336,,,,75.79254150390625,8.831809997558594,9.356972694396973
2004-09-15,17.87088966369629,29.714496612548828,,,,75.21907043457031,8.739309310913086,9.290369987487793
2004-09-16,18.03965187072754,29.77349853515625,,,,75.4457778930664,8.77014446258545,9.34683895111084
2004-09-17,18.00714111328125,29.86622428894043,,,,75.76651000976562,8.762612342834473,9.390286445617676
2004-09-20,17.969646453857422,29.86622428894043,,,,75.31117248535156,8.743309020996094,9.329776763916016
2004-09-21,18.147153854370117,29.98423194885254,,,,75.6392822265625,8.774199485778809,9.409974098205566
2004-09-22,17.874635696411133,29.46160125732422,,,,74.69512176513672,8.675743103027344,9.296236991882324
2004-09-23,17.838388442993164,29.436304092407227,,,,74.29337310791016,8.658366203308105,9.229894638061523
2004-09-24,17.88589096069336,29.335155487060547,,,,74.63490295410156,8.639060020446777,9.212398529052734
2004-09-27,17.689617156982422,29.082271575927734,,,,74.159423828125,8.56570053100586,9.185420036315918
2004-09-28,17.87499237060547,29.141286849975586,,,,74.51433563232422,8.627480506896973,9.246665000915527
2004-09-29,18.080406188964844,29.571195602416992,,,,74.88932037353516,8.660298347473145,9.255413055419922
2004-09-30,18.06663703918457,29.621761322021484,,,,74.83573913574219,8.662227630615234,9.206561088562012
2004-10-01,18.518798828125,30.431011199951172,,,,76.10130310058594,8.808947563171387,9.350192070007324
2004-10-04,18.572664260864258,30.608028411865234,,,,76.22853088378906,8.8494873046875,9.407059669494629
2004-10-05,18.565139770507812,30.650196075439453,,,,76.26872253417969,8.82439136505127,9.407059669494629
2004-10-06,18.690397262573242,30.894638061523438,,,,76.79100036621094,8.857211112976074,9.426740646362305
2004-10-07,18.41233253479004,30.549028396606445,,,,75.96735382080078,8.793502807617188,9.37862491607666
2004-10-08,18.16182518005371,29.99266815185547,,,,75.33794403076172,8.68153190612793,9.357479095458984
2004-10-11,18.214433670043945,30.1359806060791,,,,75.64599609375,8.722073554992676,9.38372802734375
2004-10-12,18.181861877441406,30.08540153503418,,,,75.3513412475586,8.72014331817627,9.343626022338867
2004-10-13,17.972694396972656,30.017961502075195,,,,74.68843078613281,8.6467866897583,9.248122215270996
2004-10-14,17.823638916015625,29.883100509643555,,,,74.08575439453125,8.56570053100586,9.188339233398438
2004-10-15,17.980207443237305,30.03481674194336,,,,74.50096893310547,8.60045337677002,9.241559028625488
2004-10-18,18.01653480529785,30.464733123779297,,,,74.78218078613281,8.654505729675293,9.256871223449707
2004-10-19,17.851192474365234,30.245574951171875,,,,74.15275573730469,8.590795516967773,9.167925834655762
2004-10-20,17.965179443359375,30.388853073120117,,,,74.00543212890625,8.623618125915527,9.136578559875488
2004-10-21,18.20189666748047,30.852487564086914,,,,74.48753356933594,8.66801929473877,9.148972511291504
2004-10-22,17.888765335083008,30.178131103515625,,,,73.65052795410156,8.536745071411133,9.106682777404785
2004-10-25,18.055355072021484,30.03481674194336,,,,73.56346893310547,8.503927230834961,9.06804370880127
2004-10-26,18.297101974487305,30.194976806640625,,,,74.68843078613281,8.608174324035645,9.184697151184082
2004-10-27,18.55637550354004,30.962078094482422,,,,75.58568572998047,8.756823539733887,9.308635711669922
2004-10-28,18.444900512695312,31.155961990356445,,,,75.8133544921875,8.764543533325195,9.288949012756348
2004-10-29,18.44114112854004,31.105388641357422,,,,75.79998779296875,8.785780906677246,9.307906150817871
2004-11-01,18.53883934020996,31.22340202331543,,,,76.00756072998047,8.791571617126465,9.339256286621094
2004-11-02,18.50000762939453,31.32455825805664,,,,76.03433990478516,8.805086135864258,9.33634090423584
2004-11-03,18.819406509399414,31.535301208496094,,,,76.99190521240234,8.907404899597168,9.436945915222168
2004-11-04,19.057395935058594,31.712316513061523,,,,78.0431900024414,9.029026985168457,9.597341537475586
2004-11-05,19.198932647705078,31.998926162719727,,,,78.53201293945312,9.096590042114258,9.61921501159668
2004-11-08,19.109996795654297,32.032649993896484,,,,78.41814422607422,9.092729568481445,9.619943618774414
2004-11-09,19.188905715942383,31.965211868286133,,,,78.26416778564453,9.123621940612793,9.592238426208496
2004-11-10,19.259042739868164,31.85561752319336,,,,78.32443237304688,9.065704345703125,9.624320030212402
2004-11-11,19.421875,32.277099609375,,,,78.9203872680664,9.146791458129883,9.697220802307129
2004-11-12,19.60350227355957,32.58900833129883,,,,79.54309844970703,9.208564758300781,9.761380195617676
2004-11-15,19.684913635253906,32.73231506347656,,,,79.7385482788086,9.26069164276123,9.73731803894043
2004-11-16,19.51331901550293,32.53000259399414,,,,79.16767883300781,9.216289520263672,9.68847370147705
2004-11-17,19.663618087768555,32.96834182739258,,,,79.63780975341797,9.212427139282227,9.730032920837402
2004-11-18,19.65108871459961,33.12007141113281,,,,79.74526977539062,9.22594165802002,9.761380195617676
2004-11-19,19.401844024658203,32.60585021972656,,,,78.85875701904297,9.106242179870605,9.65129280090332
2004-11-22,19.659862518310547,32.917762756347656,,,,79.23484802246094,9.160301208496094,9.696494102478027
2004-11-23,19.727502822875977,32.867191314697266,,,,79.35574340820312,9.156438827514648,9.691389083862305
2004-11-24,19.921642303466797,33.153785705566406,,,,79.5438003540039,9.196983337402344,9.719094276428223
2004-11-26,19.952951431274414,33.05263900756836,,,,79.48334503173828,9.19118881225586,9.754093170166016
2004-11-29,20.024356842041016,33.0442008972168,,,,79.12065887451172,9.154507637023926,9.713262557983398
2004-11-30,20.05942153930664,32.976768493652344,,,,79.17439270019531,9.086939811706543,9.710342407226562
2004-12-01,20.3099308013916,33.651145935058594,,,,80.0743408203125,9.229802131652832,9.806581497192383
2004-12-02,20.187183380126953,33.777584075927734,,,,80.14152526855469,9.283849716186523,9.805852890014648
2004-12-03,20.189685821533203,33.82816696166992,,,,80.0877914428711,9.324394226074219,9.759194374084473
2004-12-06,20.04564094543457,33.94618606567383,,,,80.06090545654297,9.297368049621582,9.76502799987793
2004-12-07,19.67113494873047,33.364532470703125,,,,79.31543731689453,9.206632614135742,9.714719772338867
2004-12-08,19.76757049560547,33.558414459228516,,,,79.7788314819336,9.252967834472656,9.740239143371582
2004-12-09,19.735013961791992,33.7607307434082,,,,80.06090545654297,9.320531845092773,9.751173973083496
2004-12-10,19.8590145111084,33.65957260131836,,,,80.14152526855469,9.305092811584473,9.783251762390137
2004-12-13,20.01809310913086,33.9546012878418,,,,80.83997344970703,9.316672325134277,9.8875093460083
2004-12-14,20.152099609375,34.12322235107422,,,,81.12203216552734,9.376521110534668,9.927606582641602
2004-12-15,20.278615951538086,33.996761322021484,,,,81.18247985839844,9.366867065429688,9.971351623535156
2004-12-16,20.1420955657959,33.676414489746094,,,,81.13545989990234,9.349493026733398,9.966242790222168
2004-12-17,20.053157806396484,33.590476989746094,,,,80.5943374633789,9.334097862243652,9.874903678894043
2004-12-20,20.084470748901367,33.36069107055664,,,,80.61454010009766,9.295135498046875,9.863161087036133
2004-12-21,20.281118392944336,33.769203186035156,,,,81.23533630371094,9.363324165344238,9.95267105102539
2004-12-22,20.358779907226562,33.8117561340332,,,,81.43103790283203,9.406184196472168,9.981287956237793
2004-12-23,20.383825302124023,33.837276458740234,,,,81.49172973632812,9.40034008026123,10.01723861694336
2004-12-27,20.187082290649414,33.69258499145508,,,,81.32305145263672,9.410082817077637,10.0333833694458
2004-12-28,20.512269973754883,34.0159797668457,,,,81.7684097290039,9.429564476013184,10.03411865234375
2004-12-29,20.490936279296875,34.058536529541016,,,,81.88986206054688,9.433457374572754,10.02897834777832
2004-12-30,20.45703125,34.033023834228516,,,,81.7346420288086,9.456840515136719,10.037786483764648
2004-12-31,20.429405212402344,33.973445892333984,,,,81.55924224853516,9.43930435180664,10.026778221130371
2005-01-03,20.090394973754883,33.61600875854492,,,,81.17460632324219,9.361373901367188,9.93212604522705
2005-01-04,19.713733673095703,33.00326156616211,,,,80.18272399902344,9.260064125061035,9.838217735290527
2005-01-05,19.39858055114746,32.79900360107422,,,,79.62936401367188,9.25032901763916,9.806673049926758
2005-01-06,19.471405029296875,32.63731384277344,,,,80.03426361083984,9.256169319152832,9.852890968322754
2005-01-07,19.268001556396484,32.8075065612793,,,,79.91956329345703,9.254219055175781,9.830880165100098
2005-01-10,19.487733840942383,32.79048538208008,,,,80.29743194580078,9.310724258422852,9.806673049926758
2005-01-11,19.323253631591797,32.560707092285156,,,,79.74407196044922,9.28344440460205,9.789793014526367
2005-01-12,19.41615867614746,32.833045959472656,,,,80.00724029541016,9.310724258422852,9.797125816345215
2005-01-13,19.339574813842773,32.39901351928711,,,,79.3662109375,9.199671745300293,9.761174201965332
2005-01-14,19.549253463745117,32.70541000366211,,,,79.78459930419922,9.246427536010742,9.783187866210938
2005-01-18,19.819198608398438,32.95219802856445,,,,80.61454010009766,9.302929878234863,9.894710540771484
2005-01-19,19.56557846069336,32.40753936767578,,,,79.77108001708984,9.242536544799805,9.81180191040039
2005-01-20,19.471405029296875,31.7862606048584,,,,79.28526306152344,9.147073745727539,9.741362571716309
2005-01-21,19.42369842529297,31.530963897705078,,,,78.79940795898438,9.065245628356934,9.725957870483398
2005-01-24,19.299394607543945,31.088403701782227,,,,78.64421081542969,9.051606178283691,9.710551261901855
2005-01-25,19.373476028442383,31.241609573364258,,,,78.86690521240234,9.078876495361328,9.725224494934082
2005-01-26,19.672292709350586,31.61606788635254,,,,79.10310363769531,9.143172264099121,9.768511772155762
2005-01-27,19.73130989074707,31.573509216308594,,,,79.23799896240234,9.125641822814941,9.7575044631958
2005-01-28,19.650951385498047,31.42032241821289,,,,79.23799896240234,9.092513084411621,9.696611404418945
2005-01-31,19.971118927001953,31.828824996948242,,,,79.73059844970703,9.15096378326416,9.797861099243164
2005-02-01,20.13811492919922,31.930944442749023,,,,80.23667907714844,9.197723388671875,9.857291221618652
2005-02-02,20.30134391784668,31.98198699951172,,,,80.47960662841797,9.232793807983398,9.877835273742676
2005-02-03,20.239803314208984,31.61606788635254,,,,80.27042388916016,9.195771217346191,9.863161087036133
2005-02-04,20.51352310180664,32.12668991088867,,,,81.12735748291016,9.265910148620605,9.927729606628418
2005-02-07,20.52483558654785,32.05862045288086,,,,81.0194091796875,9.265910148620605,9.993762969970703
2005-02-08,20.577560424804688,32.11817932128906,,,,81.11387634277344,9.256169319152832,10.023843765258789
2005-02-09,20.165739059448242,31.582006454467773,,,,80.50659942626953,9.172398567199707,9.946803092956543
2005-02-10,20.257400512695312,31.61606788635254,,,,80.79673767089844,9.223052024841309,10.0032958984375
2005-02-11,20.478364944458008,32.08414840698242,,,,81.49172973632812,9.30682373046875,10.043654441833496
2005-02-14,20.474611282348633,32.22881317138672,,,,81.43103790283203,9.275652885437012,10.061263084411621
2005-02-15,20.473358154296875,32.44157409667969,,,,81.7346420288086,9.312667846679688,10.060529708862305
2005-02-16,20.58510398864746,32.32240676879883,,,,81.78863525390625,9.300983428955078,10.074469566345215
2005-02-17,20.39927101135254,31.88840103149414,,,,81.12735748291016,9.22889518737793,10.01797866821289
2005-02-18,20.390491485595703,31.7862606048584,,,,81.23533630371094,9.20941162109375,10.053192138671875
2005-02-22,20.005023956298828,31.394798278808594,,,,80.02750396728516,9.086669921875,9.931397438049316
2005-02-23,20.097936630249023,31.437360763549805,,,,80.60107421875,9.117844581604004,9.985685348510742
2005-02-24,20.321426391601562,31.837337493896484,,,,81.13412475585938,9.15096378326416,10.047320365905762
2005-02-25,20.659170150756836,32.016048431396484,,,,81.93709564208984,9.215254783630371,10.175722122192383
2005-02-28,20.528593063354492,31.67563819885254,,,,81.39728546142578,9.149014472961426,10.092077255249023
2005-03-01,20.693071365356445,32.02457046508789,,,,81.8021469116211,9.215254783630371,10.133896827697754
2005-03-02,20.698095321655273,32.00755310058594,,,,81.76165008544922,9.21915340423584,10.149303436279297
2005-03-03,20.698095321655273,31.743711471557617,,,,81.79539489746094,9.203564643859863,10.165449142456055
2005-03-04,20.975582122802734,31.930944442749023,,,,82.8143081665039,9.254219055175781,10.28210735321045
2005-03-07,20.976835250854492,32.39051055908203,,,,82.854736328125,9.285394668579102,10.270368576049805
2005-03-08,20.777198791503906,32.067100524902344,,,,82.54435729980469,9.252279281616211,10.230743408203125
2005-03-09,20.52985382080078,31.973501205444336,,,,81.62669372558594,9.203564643859863,10.152238845825195
2005-03-10,20.370391845703125,31.930944442749023,,,,81.80888366699219,9.203564643859863,10.110417366027832
2005-03-11,20.4218692779541,31.63309097290039,,,,81.23533630371094,9.133427619934082,10.081802368164062
2005-03-14,20.522315979003906,31.77775764465332,,,,81.74140930175781,9.143172264099121,10.13243293762207
2005-03-15,20.379188537597656,31.52245330810547,,,,81.06661987304688,9.106156349182129,10.110417366027832
2005-03-16,20.325197219848633,31.165000915527344,,,,80.37832641601562,9.036019325256348,9.97321605682373
2005-03-17,20.30384635925293,31.241609573364258,,,,80.54031372070312,9.041865348815918,10.016507148742676
2005-03-18,20.247350692749023,31.071409225463867,,,,80.3011703491211,8.937030792236328,9.970128059387207
2005-03-21,20.252370834350586,31.130979537963867,,,,80.00312042236328,8.97217082977295,9.96274185180664
2005-03-22,20.165739059448242,30.748003005981445,,,,79.19023895263672,8.90970230102539,9.868952751159668
2005-03-23,19.935962677001953,30.858644485473633,,,,79.25797271728516,8.931175231933594,9.84310245513916
2005-03-24,20.032651901245117,30.86714744567871,,,,79.35281372070312,8.935077667236328,9.812817573547363
2005-03-28,20.054304122924805,30.926727294921875,,,,79.46794891357422,8.97412395477295,9.837193489074707
2005-03-29,19.743223190307617,30.67991065979004,,,,78.93955993652344,8.903844833374023,9.762598037719727
2005-03-30,20.031635284423828,31.258625030517578,,,,80.05730438232422,9.015116691589355,9.868207931518555
2005-03-31,20.006452560424805,31.122459411621094,,,,79.90827941894531,8.944842338562012,9.972342491149902
2005-04-01,19.91325569152832,30.807586669921875,,,,79.54924011230469,8.815996170043945,9.932458877563477
2005-04-04,20.03542137145996,31.028846740722656,,,,79.68474578857422,8.948744773864746,9.90291976928711
2005-04-05,20.082014083862305,31.11395835876465,,,,80.06410217285156,8.958503723144531,9.933197975158691
2005-04-06,20.085784912109375,31.062904357910156,,,,80.34183502197266,8.97412395477295,10.005576133728027
2005-04-07,20.178993225097656,31.437360763549805,,,,80.77538299560547,9.017068862915039,10.032163619995117
2005-04-08,19.88176727294922,31.182035446166992,,,,79.93539428710938,8.944842338562012,10.018872261047363
2005-04-11,19.833908081054688,31.045867919921875,,,,79.99637603759766,8.948744773864746,9.991541862487793
2005-04-12,19.972436904907227,31.199060440063477,,,,80.40958404541016,8.978028297424316,10.027730941772461
2005-04-13,19.66010093688965,30.688430786132812,,,,79.46118927001953,8.892128944396973,9.9583101272583
2005-04-14,19.28227424621582,30.254404067993164,,,,78.42472839355469,8.79842472076416,9.844578742980957
2005-04-15,18.95479965209961,29.565067291259766,,,,77.3272933959961,8.70472240447998,9.685792922973633
2005-04-18,19.066898345947266,29.573570251464844,,,,77.56442260742188,8.663725852966309,9.741924285888672
2005-04-19,19.39686393737793,29.77782440185547,,,,78.18086242675781,8.685205459594727,9.802480697631836
2005-04-20,19.124828338623047,29.53102684020996,,,,77.09024047851562,8.609061241149902,9.665112495422363
2005-04-21,19.510225296020508,30.313976287841797,,,,78.58731842041016,8.790620803833008,9.820942878723145
2005-04-22,19.254552841186523,29.862926483154297,,,,78.28925323486328,8.665678024291992,9.791403770446777
2005-04-25,19.464881896972656,30.109729766845703,,,,78.80412292480469,8.75547981262207,9.879287719726562
2005-04-26,19.162616729736328,29.828880310058594,,,,78.03862762451172,8.716434478759766,9.855652809143066
2005-04-27,19.167661666870117,29.871442794799805,,,,78.34346008300781,8.739864349365234,9.821681022644043
2005-04-28,18.740694046020508,29.573570251464844,,,,77.36117553710938,8.68130111694336,9.740447044372559
2005-04-29,18.893083572387695,29.76930809020996,,,,78.41119384765625,8.677393913269043,9.822421073913574
2005-05-02,19.12734603881836,29.888450622558594,,,,78.85150909423828,8.794525146484375,9.869688987731934
2005-05-03,19.143718719482422,30.041629791259766,,,,78.98700714111328,8.814044952392578,9.877811431884766
2005-05-04,19.371686935424805,30.407590866088867,,,,79.59668731689453,8.923365592956543,9.926551818847656
2005-05-05,19.417024612426758,30.43312644958496,,,,79.56958770751953,8.925315856933594,9.900701522827148
2005-05-06,19.4674015045166,30.51822853088379,,,,79.31890869140625,8.919464111328125,9.893318176269531
2005-05-09,19.63995361328125,30.66290855407715,,,,79.81341552734375,8.95655345916748,9.94132137298584
2005-05-10,19.39813232421875,30.44162940979004,,,,78.98700714111328,8.853089332580566,9.851221084594727
2005-05-11,19.447256088256836,30.594820022583008,,,,79.42053985595703,8.925315856933594,9.899227142333984
2005-05-12,19.155059814453125,30.509719848632812,,,,78.54669189453125,8.860897064208984,9.803215980529785
2005-05-13,19.063121795654297,30.841617584228516,,,,78.390869140625,8.872607231140137,9.69908618927002
2005-05-16,19.352792739868164,31.045867919921875,,,,79.12246704101562,8.95265007019043,9.7744140625
2005-05-17,19.48125648498535,31.23311424255371,,,,79.65087127685547,9.005354881286621,9.851221084594727
2005-05-18,19.876724243164062,31.658615112304688,,,,80.47054290771484,9.0912504196167,9.950186729431152
2005-05-19,19.949771881103516,31.92243766784668,,,,80.80925750732422,9.13029956817627,9.99523639678955
2005-05-20,19.899389266967773,32.050086975097656,,,,80.69409942626953,9.142008781433105,9.994500160217285
2005-05-23,20.07319450378418,32.21178436279297,,,,81.14118194580078,9.206428527832031,10.06022834777832
2005-05-24,20.014009475708008,32.31389236450195,,,,80.95149993896484,9.173248291015625,10.006311416625977
2005-05-25,19.817529678344727,32.17774200439453,,,,80.8905258178711,9.151771545410156,9.993760108947754
2005-05-26,20.075719833374023,32.50114059448242,,,,81.3240966796875,9.21618938446045,10.032163619995117
2005-05-27,20.20292854309082,32.51816940307617,,,,81.45956420898438,9.239617347717285,10.063922882080078
2005-05-31,20.114761352539062,32.40753936767578,,,,80.9379653930664,9.196670532226562,10.001148223876953
2005-06-01,20.37799644470215,32.671356201171875,,,,81.62891387939453,9.233762741088867,10.095675468444824
2005-06-02,20.45229721069336,32.9011344909668,,,,81.80504608154297,9.266945838928223,10.07647705078125
2005-06-03,20.287311553955078,32.42454147338867,,,,81.39183807373047,9.198622703552246,10.032163619995117
2005-06-06,20.390588760375977,32.43305969238281,,,,81.31732177734375,9.208382606506348,10.051363945007324
2005-06-07,20.45355987548828,32.16072082519531,,,,81.37828063964844,9.190814018249512,10.049151420593262
2005-06-08,20.30620002746582,32.09264373779297,,,,81.22926330566406,9.165436744689941,10.044716835021973
2005-06-09,20.493858337402344,32.29690170288086,,,,81.61538696289062,9.21618938446045,10.082382202148438
2005-06-10,20.516517639160156,31.95649528503418,,,,81.4256820678711,9.157625198364258,10.059490203857422
2005-06-13,20.535419464111328,32.10966110229492,,,,81.68313598632812,9.169341087341309,10.10306167602539
2005-06-14,20.769678115844727,31.98198699951172,,,,81.8728256225586,9.20252513885498,10.144418716430664
2005-06-15,20.83391571044922,32.08414840698242,,,,82.02862548828125,9.136153221130371,10.156973838806152
2005-06-16,20.98127555847168,32.25434112548828,,,,82.23860931396484,9.247427940368652,10.21088695526123
2005-06-17,20.913257598876953,32.25860595703125,,,,82.54331970214844,9.261897087097168,10.288853645324707
2005-06-20,20.958593368530273,32.25860595703125,,,,82.5705337524414,9.27168083190918,10.295527458190918
2005-06-21,20.952919006347656,32.24155807495117,,,,82.61811828613281,9.252119064331055,10.25024127960205
2005-06-22,20.960494995117188,32.20748519897461,,,,82.6861343383789,9.252119064331055,10.279197692871094
2005-06-23,20.68793487548828,31.8497257232666,,,,81.52311706542969,9.154318809509277,10.15371322631836
2005-06-24,20.328306198120117,31.491966247558594,,,,80.92456817626953,9.099544525146484,10.108418464660645
2005-06-27,20.441869735717773,31.347148895263672,,,,81.04019927978516,9.034998893737793,10.09060287475586
2005-06-28,20.782577514648438,31.645294189453125,,,,81.72032165527344,9.148452758789062,10.164847373962402
2005-06-29,20.8658504486084,31.5771427154541,,,,81.50270080566406,9.126934051513672,10.160396575927734
2005-06-30,20.8280029296875,31.33011817932129,,,,81.0605697631836,9.06042766571045,10.064613342285156
2005-07-01,21.00592041015625,31.287513732910156,,,,81.29862213134766,9.062385559082031,10.095799446105957
2005-07-05,21.248191833496094,31.6112060546875,,,,81.95159149169922,9.152364730834961,10.177471160888672
2005-07-06,21.119483947753906,31.45787811279297,,,,81.26460266113281,9.076071739196777,10.09505558013916
2005-07-07,21.180057525634766,31.568620681762695,,,,81.58428192138672,9.087814331054688,10.03862476348877
2005-07-08,21.535890579223633,32.17341613769531,,,,82.51612854003906,9.216914176940918,10.18044376373291
2005-07-11,21.79330825805664,32.47156524658203,,,,82.93778228759766,9.293203353881836,10.233159065246582
2005-07-12,21.744091033935547,32.62488555908203,,,,83.15547180175781,9.336234092712402,10.265088081359863
2005-07-13,21.687318801879883,32.701560974121094,,,,83.27110290527344,9.359701156616211,10.269539833068848
2005-07-14,21.501821517944336,33.02524948120117,,,,83.59756469726562,9.398825645446777,10.308894157409668
2005-07-15,21.554811477661133,33.12745666503906,,,,83.54994201660156,9.412515640258789,10.300728797912598
2005-07-18,21.414752960205078,32.99116516113281,,,,83.2166748046875,9.365569114685059,10.23019027709961
2005-07-19,21.706235885620117,33.37448501586914,,,,83.67235565185547,9.477065086364746,10.253207206726074
2005-07-20,22.001508712768555,33.61301803588867,,,,83.95804595947266,9.500535011291504,10.29775619506836
2005-07-21,21.653242111206055,33.62152862548828,,,,83.46835327148438,9.477065086364746,10.205687522888184
2005-07-22,21.92958641052246,33.578941345214844,,,,84.02606964111328,9.49271297454834,10.279942512512207
2005-07-25,21.819807052612305,33.451148986816406,,,,83.78800201416016,9.439902305603027,10.247264862060547
2005-07-26,21.804670333862305,33.578941345214844,,,,83.88999938964844,9.480976104736328,10.265088081359863
2005-07-27,21.922014236450195,33.8344612121582,,,,84.19607543945312,9.510320663452148,10.284394264221191
2005-07-28,22.175643920898438,33.996334075927734,,,,84.72659301757812,9.578781127929688,10.347509384155273
2005-07-29,22.107511520385742,33.715213775634766,,,,84.16206359863281,9.510320663452148,10.263602256774902
2005-08-01,22.171857833862305,33.77486801147461,,,,84.10087585449219,9.52401065826416,10.282164573669434
2005-08-02,22.353574752807617,34.141136169433594,,,,84.60415649414062,9.592473030090332,10.328204154968262
2005-08-03,22.26271629333496,34.12409591674805,,,,84.82861328125,9.590516090393066,10.32448959350586
2005-08-04,21.95230484008789,33.79187774658203,,,,84.14851379394531,9.522058486938477,10.276968955993652
2005-08-05,21.69109535217285,33.630043029785156,,,,83.5771255493164,9.488797187805176,10.193062782287598
2005-08-08,21.547239303588867,33.38302230834961,,,,83.42066955566406,9.445770263671875,10.176729202270508
2005-08-09,21.600250244140625,33.60447692871094,,,,83.92402648925781,9.480976104736328,10.241326332092285
2005-08-10,21.653242111206055,33.31485366821289,,,,83.88320922851562,9.453595161437988,10.246529579162598
2005-08-11,21.842517852783203,33.58741760253906,,,,84.21651458740234,9.46728515625,10.279197692871094
2005-08-12,21.554811477661133,33.40003967285156,,,,83.69956970214844,9.46141529083252,10.299981117248535
2005-08-15,21.732738494873047,33.60447692871094,,,,84.21651458740234,9.490758895874023,10.310380935668945
2005-08-16,21.433679580688477,33.05931091308594,,,,83.1214828491211,9.383176803588867,10.200490951538086
2005-08-17,21.316335678100586,33.25523376464844,,,,83.11465454101562,9.391003608703613,10.209400177001953
2005-08-18,21.312545776367188,33.084877014160156,,,,83.1078109741211,9.396865844726562,10.197524070739746
2005-08-19,21.403406143188477,33.06782531738281,,,,83.29826354980469,9.389039039611816,10.22127914428711
2005-08-22,21.46774673461914,33.084877014160156,,,,83.29826354980469,9.375350952148438,10.210888862609863
2005-08-23,21.44883155822754,32.99116516113281,,,,83.14186096191406,9.359701156616211,10.179701805114746
2005-08-24,21.342832565307617,32.795265197753906,,,,82.40048217773438,9.306889533996582,10.126241683959961
2005-08-25,21.456401824951172,32.87192153930664,,,,82.69975280761719,9.30884838104248,10.122526168823242
2005-08-26,21.100553512573242,32.76118469238281,,,,82.13520812988281,9.291237831115723,10.09060287475586
2005-08-29,21.30875587463379,33.01670455932617,,,,82.76777648925781,9.355788230895996,10.135154724121094
2005-08-30,21.30875587463379,32.89745330810547,,,,82.33245849609375,9.275591850280762,10.084661483764648
2005-08-31,21.747879028320312,33.2041130065918,,,,83.37309265136719,9.336234092712402,10.133661270141602
2005-09-01,21.819807052612305,33.15300750732422,,,,83.3118896484375,9.336234092712402,10.26434326171875
2005-09-02,21.645666122436523,33.02524948120117,,,,83.1622543334961,9.330364227294922,10.262861251831055
2005-09-06,21.914445877075195,33.51078796386719,,,,84.1348648071289,9.44185733795166,10.31706428527832
2005-09-07,21.993940353393555,33.5704231262207,,,,84.27770233154297,9.451638221740723,10.345277786254883
2005-09-08,21.90687370300293,33.56188201904297,,,,83.99882507324219,9.437943458557129,10.354931831359863
2005-09-09,22.050716400146484,33.749298095703125,,,,84.74701690673828,9.500535011291504,10.434378623962402
2005-09-12,22.141576766967773,33.84299850463867,,,,84.57697296142578,9.498580932617188,10.426213264465332
2005-09-13,21.99015998840332,33.75780487060547,,,,84.10765838623047,9.414469718933105,10.363835334777832
2005-09-14,21.785728454589844,33.37448501586914,,,,83.80157470703125,9.355788230895996,10.374977111816406
2005-09-15,21.770593643188477,33.357444763183594,,,,83.76080322265625,9.351875305175781,10.374238967895508
2005-09-16,21.914445877075195,33.56188201904297,,,,84.35643768310547,9.387153625488281,10.484188079833984
2005-09-19,21.872804641723633,33.29783248901367,,,,84.07636260986328,9.344040870666504,10.44307804107666
2005-09-20,21.61538314819336,33.16154479980469,,,,83.36599731445312,9.291125297546387,10.388514518737793
2005-09-21,21.30875587463379,32.795265197753906,,,,82.58731842041016,9.210780143737793,10.302552223205566
2005-09-22,21.33904266357422,32.91450881958008,,,,82.88107299804688,9.244093894958496,10.300308227539062
2005-09-23,21.479110717773438,33.00821304321289,,,,82.9493408203125,9.261727333068848,10.297320365905762
2005-09-26,21.620563507080078,33.01670455932617,,,,83.0449447631836,9.234295845031738,10.330206871032715
2005-09-27,21.6395263671875,32.9400634765625,,,,83.02447509765625,9.2401704788208,10.307783126831055
2005-09-28,21.609180450439453,32.94856643676758,,,,83.1064453125,9.249972343444824,10.327223777770996
2005-09-29,21.8670654296875,33.39154052734375,,,,83.78266906738281,9.320523262023926,10.40196704864502
2005-09-30,21.905000686645508,33.61301803588867,,,,84.04222106933594,9.365596771240234,10.373562812805176
2005-10-03,22.045316696166992,33.698184967041016,,,,83.74166870117188,9.344040870666504,10.35263729095459
2005-10-04,21.73813819885254,33.47671127319336,,,,82.79906463623047,9.289166450500488,10.24948501586914
2005-10-05,21.19960594177246,33.01670455932617,,,,81.7129898071289,9.159825325012207,10.089517593383789
2005-10-06,20.991024017333984,32.5822868347168,,,,81.4193115234375,9.122590065002441,10.070084571838379
2005-10-07,21.26787757873535,32.658958435058594,,,,81.69933319091797,9.118667602539062,10.102972984313965
2005-10-10,20.953109741210938,32.48005676269531,,,,81.00946044921875,9.101029396057129,10.04616928100586
2005-10-11,20.748310089111328,32.318214416503906,,,,80.89336395263672,9.069673538208008,10.03420639038086
2005-10-12,20.395606994628906,31.934900283813477,,,,80.25811004638672,9.038323402404785,9.963943481445312
2005-10-13,20.46388053894043,32.18192672729492,,,,80.21028900146484,9.050078392028809,9.948993682861328
2005-10-14,20.80520248413086,32.42044448852539,,,,81.05731201171875,9.132384300231934,10.02225112915039
2005-10-17,20.831743240356445,32.522666931152344,,,,81.35781860351562,9.142189025878906,10.044668197631836
2005-10-18,20.626953125,32.29267120361328,,,,80.4766845703125,9.110832214355469,9.947497367858887
2005-10-19,21.01757049560547,32.9400634765625,,,,81.8154296875,9.23233413696289,9.977400779724121
2005-10-20,20.6231632232666,32.6334114074707,,,,80.37423706054688,9.159825325012207,9.838366508483887
2005-10-21,20.816572189331055,32.83784103393555,,,,80.68842315673828,9.191182136535645,9.88620662689209
2005-10-24,21.2451171875,33.357444763183594,,,,81.93841552734375,9.291125297546387,10.05513858795166
2005-10-25,21.15409278869629,33.229679107666016,,,,81.77449798583984,9.271530151367188,10.062612533569336
2005-10-26,20.91897201538086,33.05931091308594,,,,81.535400390625,9.222539901733398,10.052145004272461
2005-10-27,20.554901123046875,32.39487838745117,,,,80.66793823242188,9.122590065002441,9.968427658081055
2005-10-28,20.93034553527832,32.641944885253906,,,,81.82915496826172,9.230372428894043,10.125393867492676
2005-10-31,21.12375831604004,33.110416412353516,,,,82.05451965332031,9.389117240905762,10.227060317993164
2005-11-01,21.23374366760254,33.084877014160156,,,,82.3004379272461,9.287208557128906,10.13138198852539
2005-11-02,21.65469741821289,33.51929473876953,,,,83.16108703613281,9.41263198852539,10.234532356262207
2005-11-03,21.69261932373047,34.02187728881836,,,,83.51626586914062,9.461624145507812,10.253966331481934
2005-11-04,21.62436294555664,34.141136169433594,,,,83.40695190429688,9.447909355163574,10.267417907714844
2005-11-07,21.69261932373047,34.18372344970703,,,,83.48896789550781,9.47142505645752,10.294330596923828
2005-11-08,21.658489227294922,34.192237854003906,,,,83.48896789550781,9.459667205810547,10.282370567321777
2005-11-09,21.62436294555664,34.20928955078125,,,,83.59821319580078,9.45378303527832,10.309282302856445
2005-11-10,21.71537971496582,34.58409881591797,,,,84.24710083007812,9.536096572875977,10.38253402709961
2005-11-11,21.82914924621582,34.677799224853516,,,,84.53396606445312,9.551772117614746,10.410937309265137
2005-11-14,21.798812866210938,34.677799224853516,,,,84.48617553710938,9.55568790435791,10.40196704864502
2005-11-15,21.525754928588867,34.51594924926758,,,,84.17879486083984,9.549813270568848,10.34964656829834
2005-11-16,21.56746482849121,34.72890090942383,,,,84.34956359863281,9.575291633605957,10.342170715332031
2005-11-17,21.897411346435547,35.18886947631836,,,,85.1351089477539,9.677196502685547,10.443829536437988
2005-11-18,22.00739097595215,35.30813217163086,,,,85.46980285644531,9.712474822998047,10.478212356567383
2005-11-21,22.2539005279541,35.39331817626953,,,,85.90011596679688,9.761466979980469,10.520072937011719
2005-11-22,22.367671966552734,35.521080017089844,,,,86.26891326904297,9.81437873840332,10.555950164794922
2005-11-23,22.409391403198242,35.60627746582031,,,,86.76757049560547,9.832015037536621,10.674053192138672
2005-11-25,22.424556732177734,35.68292236328125,,,,86.83583068847656,9.849649429321289,10.702458381652832
2005-11-28,22.071855545043945,35.384803771972656,,,,86.22112274169922,9.732067108154297,10.62472152709961
2005-11-29,22.155292510986328,35.21443557739258,,,,86.12551879882812,9.734028816223145,10.63518238067627
2005-11-30,22.212177276611328,35.12924575805664,,,,85.66106414794922,9.704632759094238,10.538008689880371
2005-12-01,22.59901237487793,35.78515625,,,,86.53532409667969,9.841814994812012,10.662092208862305
2005-12-02,22.636934280395508,35.87034606933594,,,,86.64461517333984,9.859447479248047,10.650130271911621
2005-12-05,22.523160934448242,35.60627746582031,,,,86.460205078125,9.83005428314209,10.632193565368652
2005-12-06,22.576248168945312,35.72551727294922,,,11.953207015991211,86.62413024902344,9.83397388458252,10.636678695678711
2005-12-07,22.432140350341797,35.65740203857422,,,11.830604553222656,86.11864471435547,9.802617073059082,10.546981811523438
2005-12-08,22.466279983520508,35.40182113647461,,,11.891902923583984,86.06404113769531,9.806538581848145,10.557446479797363
2005-12-09,22.53074073791504,35.53812789916992,,,11.930211067199707,86.2894287109375,9.83397388458252,10.593321800231934
2005-12-12,22.580045700073242,35.66591262817383,,,12.006837844848633,86.37139129638672,9.84572982788086,10.59930419921875
2005-12-13,22.625560760498047,35.810707092285156,,,12.052810668945312,86.95882415771484,9.879047393798828,10.674053192138672
2005-12-14,22.667272567749023,35.69147491455078,,,12.114108085632324,87.30030822753906,9.90256404876709,10.730859756469727
2005-12-15,22.424556732177734,35.751102447509766,,,12.052810668945312,87.04763793945312,9.904526710510254,10.69498348236084
2005-12-16,22.30320930480957,35.50430679321289,,,11.937881469726562,86.7674560546875,9.877822875976562,10.67690372467041
2005-12-19,22.014978408813477,34.94075393676758,,,11.792293548583984,86.32112121582031,9.777716636657715,10.63472843170166
2005-12-20,22.033935546875,34.96636199951172,,,11.845931053161621,86.40351104736328,9.79341983795166,10.636232376098633
2005-12-21,22.261486053466797,35.12006759643555,,,11.907230377197266,86.54086303710938,9.828756332397461,10.65129566192627
2005-12-22,22.329744338989258,35.35063552856445,,,11.991514205932617,86.99403381347656,9.850346565246582,10.70401668548584
2005-12-23,22.45859146118164,35.35063552856445,,,11.991514205932617,87.0421142578125,9.858199119567871,10.713059425354004
2005-12-27,22.07091522216797,35.04322052001953,,,11.822945594787598,86.15631103515625,9.758084297180176,10.616656303405762
2005-12-28,22.215343475341797,35.000526428222656,,,11.891902923583984,86.34854125976562,9.803230285644531,10.642258644104004
2005-12-29,22.154529571533203,34.77000045776367,,,11.807619094848633,85.96406555175781,9.752196311950684,10.615144729614258
2005-12-30,21.968299865722656,34.50526428222656,,,11.70801067352295,85.49715423583984,9.701157569885254,10.563929557800293
2006-01-03,22.355976104736328,35.273738861083984,,,12.006837844848633,87.00090789794922,9.840533256530762,10.72962760925293
2006-01-04,22.481399536132812,35.640953063964844,,,12.129432678222656,87.41291809082031,9.907272338867188,10.768791198730469
2006-01-05,22.549819946289062,35.79463577270508,,,12.068138122558594,87.46785736083984,9.895495414733887,10.782350540161133
2006-01-06,22.74744987487793,36.44358444213867,,,12.244369506835938,88.19574737548828,9.991683959960938,10.875741004943848
2006-01-09,22.97168731689453,36.5887336730957,,,12.298006057739258,88.42231750488281,10.056462287902832,10.908881187438965
2006-01-10,23.17693328857422,36.6143684387207,,,12.36696720123291,88.5115737915039,10.056462287902832,10.886283874511719
2006-01-11,23.13512420654297,36.89614486694336,,,12.37463092803955,88.79309844970703,10.083943367004395,10.945032119750977
2006-01-12,23.040103912353516,36.7168083190918,,,12.298006057739258,88.44294738769531,10.046649932861328,10.881770133972168
2006-01-13,22.998292922973633,36.699745178222656,,,12.328654289245605,88.36051940917969,10.02701187133789,10.895326614379883
2006-01-17,22.918489456176758,36.46065139770508,,,12.336319923400879,88.12018585205078,10.021125793457031,10.853147506713867
2006-01-18,22.899484634399414,36.042259216308594,,,12.252034187316895,87.76998138427734,9.995601654052734,10.80193042755127
2006-01-19,23.19974136352539,36.30696487426758,,,12.458917617797852,88.10645294189453,10.054499626159668,10.856159210205078
2006-01-20,22.96408462524414,35.22252655029297,,,12.275020599365234,86.49966430664062,9.856233596801758,10.646774291992188
2006-01-23,22.929887771606445,35.2310676574707,,,12.282682418823242,86.80865478515625,9.88961124420166,10.691967964172363
2006-01-24,23.233949661254883,35.38478088378906,,,12.389955520629883,86.89791107177734,9.92297649383545,10.711548805236816
2006-01-25,23.264341354370117,35.2310676574707,,,12.25969409942627,86.9734878540039,9.883716583251953,10.710042953491211
2006-01-26,23.553207397460938,35.47869873046875,,,12.504890441894531,87.45411682128906,9.915125846862793,10.79138469696045
2006-01-27,23.731842041015625,35.95687484741211,,,12.558525085449219,88.26435852050781,10.01720142364502,10.853147506713867
2006-01-30,23.720436096191406,36.02516174316406,,,12.69644832611084,88.19574737548828,10.032907485961914,10.866701126098633
2006-01-31,23.769855499267578,35.86293029785156,,,12.734756469726562,87.55025482177734,10.034872055053711,10.86068058013916
2006-02-01,23.857261657714844,35.991004943847656,,,12.742422103881836,88.1613998413086,9.995601654052734,10.85766315460205
2006-02-02,23.625417709350586,35.376243591308594,,,12.535536766052246,87.13824462890625,9.940645217895508,10.773309707641602
2006-02-03,23.522798538208008,34.94075393676758,,,12.474238395690918,86.70565032958984,9.869973182678223,10.701009750366211
2006-02-06,23.644428253173828,34.84683609008789,,,12.604497909545898,86.9322280883789,9.877822875976562,10.741676330566406
2006-02-07,23.309959411621094,34.693115234375,,,12.275020599365234,86.16322326660156,9.773791313171387,10.663348197937012
2006-02-08,23.42017936706543,35.09444808959961,,,12.36696720123291,86.94599914550781,9.828756332397461,10.72962760925293
2006-02-09,23.260541915893555,34.76142883300781,,,12.198394775390625,86.80176544189453,9.799307823181152,10.761260986328125
2006-02-10,23.22254180908203,34.97489929199219,,,12.052810668945312,86.959716796875,9.818937301635742,10.768791198730469
2006-02-13,23.047712326049805,34.57358169555664,,,11.968524932861328,86.80176544189453,9.773791313171387,10.743185043334961
2006-02-14,23.309959411621094,34.92367172241211,,,12.121771812438965,87.72197723388672,9.860161781311035,10.844107627868652
2006-02-15,23.48859405517578,35.14567184448242,,,12.190732955932617,88.03093719482422,9.866048812866211,10.88477897644043
2006-02-16,23.716644287109375,35.47016525268555,,,12.42060375213623,88.69013977050781,9.956352233886719,10.970645904541016
2006-02-17,23.655818939208984,35.18837356567383,,,12.435929298400879,88.4498062133789,9.950458526611328,10.99172592163086
2006-02-21,23.636825561523438,34.79558563232422,,,12.39761734008789,88.23007202148438,9.915125846862793,10.964615821838379
2006-02-22,23.762248992919922,35.2310676574707,,,12.405279159545898,88.76570892333984,9.968132019042969,11.030890464782715
2006-02-23,23.743244171142578,35.13715362548828,,,12.412941932678223,88.63520050048828,9.954386711120605,11.011309623718262
2006-02-24,23.906681060791016,35.2310676574707,,,12.474238395690918,88.8617935180664,9.944572448730469,11.024867057800293
2006-02-27,23.93328094482422,35.62385559082031,,,12.428264617919922,88.89614868164062,9.999536514282227,11.0595121383667
2006-02-28,23.655818939208984,35.09444808959961,,,12.290343284606934,88.0515365600586,9.881757736206055,10.93298053741455
2006-03-01,24.028291702270508,35.57262420654297,,,12.573850631713867,88.83431243896484,9.995601654052734,11.030890464782715
2006-03-02,24.00929069519043,35.59825134277344,,,12.573850631713867,88.82743072509766,9.989720344543457,10.988714218139648
2006-03-03,23.857261657714844,35.393314361572266,,,12.527872085571289,88.41545867919922,9.979901313781738,10.996246337890625
2006-03-06,23.644428253173828,35.08592224121094,,,12.351642608642578,88.01031494140625,9.893529891967773,10.920928001403809
2006-03-07,23.328964233398438,34.88095474243164,,,12.098788261413574,87.87297058105469,9.840533256530762,10.904358863830566
2006-03-08,23.37837791442871,34.89805603027344,,,12.075798988342285,88.05841064453125,9.885679244995117,10.923944473266602
2006-03-09,23.214948654174805,34.599205017089844,,,12.029827117919922,87.46785736083984,9.815009117126465,10.881770133972168
2006-03-10,23.560810089111328,34.63335418701172,,,12.06047248840332,88.29871368408203,9.864091873168945,10.945032119750977
2006-03-13,23.625417709350586,34.73581314086914,,,12.16008472442627,88.46349334716797,9.90531063079834,10.99172592163086
2006-03-14,23.895280838012695,35.32497787475586,,,12.34398078918457,89.39053344726562,10.001497268676758,11.092655181884766
2006-03-15,24.092910766601562,35.62385559082031,,,12.504890441894531,89.78880310058594,10.028977394104004,11.172491073608398
2006-03-16,24.066307067871094,35.32497787475586,,,12.451252937316895,89.97420501708984,10.038796424865723,11.214670181274414
2006-03-17,24.165130615234375,35.41814422607422,,,12.451252937316895,90.0493392944336,10.045675277709961,11.198450088500977
2006-03-20,24.19173240661621,35.50358963012695,,,12.458917617797852,89.9045639038086,10.047642707824707,11.186336517333984
2006-03-21,24.02069664001465,35.12760925292969,,,12.389955520629883,89.33927917480469,9.98080062866211,11.095442771911621
2006-03-22,24.225936889648438,35.213043212890625,,,12.527872085571289,89.88386535644531,10.024052619934082,11.18785285949707
2006-03-23,24.396974563598633,35.11052322387695,,,12.550857543945312,89.69774627685547,10.024052619934082,11.142401695251465
2006-03-24,24.530000686645508,35.28997039794922,,,12.635153770446777,89.76667785644531,10.033884048461914,11.166642189025879
2006-03-27,24.528858184814453,35.29850387573242,,,12.665797233581543,89.63572692871094,10.029946327209473,11.168157577514648
2006-03-28,24.422245025634766,35.15323257446289,,,12.612159729003906,89.0842056274414,9.992596626281738,11.087868690490723
2006-03-29,24.772533416748047,35.81974411010742,,,12.803717613220215,89.64260864257812,10.092857360839844,11.15906810760498
2006-03-30,24.749698638916016,35.93082809448242,,,12.780729293823242,89.4840316772461,10.069269180297852,11.122710227966309
2006-03-31,24.837268829345703,35.82829666137695,,,12.7883939743042,89.50471496582031,10.047642707824707,11.090900421142578
2006-04-03,24.643081665039062,35.87102127075195,,,12.895666122436523,89.435791015625,10.027984619140625,11.112110137939453
2006-04-04,24.82585334777832,36.067543029785156,,,12.995278358459473,90.00800323486328,10.094825744628906,11.199972152709961
2006-04-05,24.88678550720215,36.409324645996094,,,13.156185150146484,90.31820678710938,10.130207061767578,11.242392539978027
2006-04-06,24.894390106201172,36.511878967285156,,,13.240474700927734,90.2216796875,10.136106491088867,11.203001022338867
2006-04-07,24.5821590423584,36.161521911621094,,,13.071898460388184,89.30477905273438,10.037817001342773,11.08332633972168
2006-04-10,24.517436981201172,36.11025619506836,,,13.010604858398438,89.44265747070312,10.037817001342773,11.106046676635742
2006-04-11,24.178550720214844,35.81974411010742,,,12.865021705627441,88.68435668945312,9.963105201721191,11.012117385864258
2006-04-12,24.342281341552734,35.82829666137695,,,12.880343437194824,88.8497543334961,9.959181785583496,11.042418479919434
2006-04-13,24.37654685974121,35.97355270385742,,,12.972289085388184,88.73259735107422,9.992596626281738,11.059080123901367
2006-04-17,24.384166717529297,35.597572326660156,,,12.941641807556152,88.69812774658203,9.943450927734375,11.02726936340332
2006-04-18,24.978153228759766,36.281150817871094,,,13.263458251953125,90.10448455810547,10.092857360839844,11.24087905883789
2006-04-19,25.195201873779297,36.443519592285156,,,13.455013275146484,90.27684783935547,10.122347831726074,11.242392539978027
2006-04-20,25.160917282104492,36.315330505371094,,,13.47033977508545,90.40092468261719,10.147907257080078,11.263599395751953
2006-04-21,25.141889572143555,35.888092041015625,,,13.416707038879395,90.41470336914062,10.112510681152344,11.256019592285156
2006-04-24,24.951505661010742,35.85390853881836,,,13.355406761169434,90.24923706054688,10.096785545349121,11.265111923217773
2006-04-25,24.860116958618164,35.77701950073242,,,13.263458251953125,89.87700653076172,10.043706893920898,11.196949005126953
2006-04-26,24.902008056640625,35.76847457885742,,,13.232805252075195,89.89765930175781,10.065335273742676,11.216633796691895
2006-04-27,24.67354965209961,36.11025619506836,,,13.033586502075195,90.33202362060547,10.084986686706543,11.301472663879395
2006-04-28,24.863924026489258,35.75991439819336,,,13.102547645568848,90.63532257080078,10.035845756530762,11.33480453491211
2006-05-01,24.711624145507812,35.40960693359375,,,13.186833381652832,89.89765930175781,10.022085189819336,11.301472663879395
2006-05-02,24.924848556518555,35.50358963012695,,,13.294106483459473,90.57327270507812,10.055505752563477,11.387821197509766
2006-05-03,24.905813217163086,35.45230484008789,,,13.340080261230469,90.23546600341797,10.010290145874023,11.33631706237793
2006-05-04,25.187564849853516,35.742835998535156,,,13.508651733398438,90.55951690673828,10.037817001342773,11.383278846740723
2006-05-05,25.42365074157715,36.024803161621094,,,13.661897659301758,91.35919952392578,10.122347831726074,11.519623756408691
2006-05-08,25.4541072845459,36.058990478515625,,,13.692548751831055,91.24888610839844,10.14396858215332,11.496899604797363
2006-05-09,25.469345092773438,35.922264099121094,,,13.684880256652832,91.42818450927734,10.124309539794922,11.513566970825195
2006-05-10,25.35130500793457,35.60610580444336,,,13.62358570098877,91.37987518310547,10.112510681152344,11.49538516998291
2006-05-11,24.791584014892578,34.81146240234375,,,13.32475757598877,90.27684783935547,9.998495101928711,11.348435401916504
2006-05-12,24.27375030517578,34.34149169921875,,,12.94930362701416,89.09797668457031,9.89233684539795,11.224210739135742
2006-05-15,24.220426559448242,34.315853118896484,,,12.727096557617188,89.2771987915039,9.89233684539795,11.2454195022583
2006-05-16,24.25469970703125,34.05952072143555,,,12.69644832611084,89.14620971679688,9.874643325805664,11.243905067443848
2006-05-17,23.835861206054688,33.598087310791016,,,12.42060375213623,87.45030975341797,9.74293041229248,11.037874221801758
2006-05-18,23.576946258544922,33.36739730834961,,,12.198394775390625,87.00907897949219,9.678057670593262,10.954553604125977
2006-05-19,23.755908966064453,33.62372589111328,,,12.34398078918457,87.6226806640625,9.703609466552734,10.995453834533691
2006-05-22,23.607406616210938,33.299034118652344,,,12.068138122558594,86.95391845703125,9.63480281829834,11.01060962677002
2006-05-23,23.30659294128418,32.97432327270508,,,12.075798988342285,86.29212188720703,9.603352546691895,10.951519012451172
2006-05-24,23.451290130615234,33.19648742675781,,,11.953207015991211,86.98152923583984,9.617112159729004,10.94243335723877
2006-05-25,23.8663272857666,33.632266998291016,,,12.236706733703613,88.05694580078125,9.719340324401855,11.043930053710938
2006-05-26,23.980554580688477,33.74336242675781,,,12.328654289245605,88.50508880615234,9.766520500183105,11.131799697875977
2006-05-30,23.375139236450195,33.017024993896484,,,11.976190567016602,86.93325805664062,9.617112159729004,10.97424602508545
2006-05-31,23.733049392700195,33.17084884643555,,,12.144762992858887,87.90532684326172,9.670194625854492,11.062108039855957
2006-06-01,24.11382293701172,33.95697784423828,,,12.39761734008789,88.74639892578125,9.823528289794922,11.183303833007812
2006-06-02,24.106210708618164,33.871543884277344,,,12.428264617919922,88.93251037597656,9.845157623291016,11.228757858276367
2006-06-05,23.4931697845459,33.13665771484375,,,12.022163391113281,87.63644409179688,9.63283920288086,11.06059455871582
2006-06-06,23.37894630432129,33.11103820800781,,,11.868918418884277,87.42274475097656,9.636774063110352,11.01515007019043
2006-06-07,23.14286994934082,32.86323547363281,,,11.66203784942627,86.76779174804688,9.57976245880127,10.977275848388672
2006-06-08,23.169519424438477,32.811981201171875,,,11.439826965332031,86.69197082519531,9.57779312133789,10.983333587646484
2006-06-09,23.013408660888672,32.59837341308594,,,11.439826965332031,86.41619873046875,9.532580375671387,10.948491096496582
2006-06-12,22.514612197875977,31.957490921020508,,,11.033723831176758,85.47862243652344,9.39890193939209,10.82578182220459
2006-06-13,22.213804244995117,31.829326629638672,,,10.765546798706055,84.4858627319336,9.310434341430664,10.674288749694824
2006-06-14,22.3013858795166,32.154029846191406,,,11.003073692321777,85.14082336425781,9.373342514038086,10.671257972717285
2006-06-15,23.05148696899414,33.02558517456055,,,11.547099113464355,86.94706726074219,9.564033508300781,10.936372756958008
2006-06-16,22.674528121948242,32.78276824951172,,,11.401516914367676,86.31342315673828,9.52503490447998,10.92434310913086
2006-06-19,22.44988441467285,32.5176887512207,,,11.21762466430664,85.63481140136719,9.452162742614746,10.855806350708008
2006-06-20,22.369930267333984,32.56045150756836,,,11.194633483886719,85.9256820678711,9.432464599609375,10.839051246643066
2006-06-21,22.75448989868164,33.0734748840332,,,11.470478057861328,86.56272888183594,9.552607536315918,10.919770240783691
2006-06-22,22.644065856933594,32.654502868652344,,,11.432165145874023,86.18191528320312,9.481698989868164,10.883219718933105
2006-06-23,22.775665283203125,32.620304107666016,,,11.547099113464355,86.16803741455078,9.51321792602539,10.893881797790527
2006-06-26,23.03122901916504,32.70579147338867,,,11.646709442138672,86.54887390136719,9.509279251098633,10.947185516357422
2006-06-27,22.645980834960938,32.09016799926758,,,11.416841506958008,85.80105590820312,9.422615051269531,10.896927833557129
2006-06-28,22.748971939086914,32.32958221435547,,,11.439826965332031,86.38270568847656,9.450187683105469,10.938051223754883
2006-06-29,23.549983978271484,33.31290054321289,,,11.937881469726562,88.12763214111328,9.660935401916504,11.166496276855469
2006-06-30,23.68730926513672,33.15042495727539,,,12.068138122558594,88.13455200195312,9.678665161132812,11.151267051696777
2006-07-03,23.839876174926758,33.347103118896484,,,12.236706733703613,88.4946517944336,9.716089248657227,11.236555099487305
2006-07-05,23.572874069213867,32.620304107666016,,,11.98384952545166,87.98918151855469,9.631396293640137,11.181723594665527
2006-07-06,23.595760345458984,32.58609390258789,,,11.953207015991211,88.24535369873047,9.631396293640137,11.22741413116455
2006-07-07,23.27916145324707,32.226985931396484,,,11.76931095123291,87.670654296875,9.5309476852417,11.17410945892334
2006-07-10,23.29823875427246,31.944814682006836,,,11.623724937438965,87.83686065673828,9.528974533081055,11.222846984863281
2006-07-11,23.420299530029297,32.18421936035156,,,11.677358627319336,88.22460174560547,9.570337295532227,11.203047752380371
2006-07-12,23.00452995300293,31.577131271362305,,,11.493464469909668,87.2828369140625,9.489581108093262,11.132989883422852
2006-07-13,22.546802520751953,31.047012329101562,,,11.125672340393066,85.86336517333984,9.361557006835938,11.015724182128906
2006-07-14,22.352275848388672,30.73063087463379,,,11.003073692321777,85.53097534179688,9.268988609313965,10.95328140258789
2006-07-17,22.253095626831055,30.807575225830078,,,10.888141632080078,85.40631866455078,9.25716781616211,10.936522483825684
2006-07-18,22.31412696838379,30.91016960144043,,,10.911130905151367,85.84256744384766,9.26504898071289,10.938051223754883
2006-07-19,22.95112419128418,31.31206512451172,,,11.255929946899414,87.03360748291016,9.432464599609375,11.180204391479492
2006-07-20,22.249286651611328,30.850341796875,,,10.911130905151367,86.43806457519531,9.308379173278809,11.125372886657715
2006-07-21,21.947959899902344,30.525434494018555,,,10.635285377502441,85.82875061035156,9.239441871643066,11.061408996582031
2006-07-24,22.55061912536621,31.13251495361328,,,10.964765548706055,87.39366912841797,9.387164115905762,11.23198127746582
2006-07-25,22.72608184814453,31.31206512451172,,,11.133336067199707,87.70526885986328,9.467914581298828,11.238072395324707
2006-07-26,22.600208282470703,31.286420822143555,,,11.064376831054688,87.822998046875,9.46397590637207,11.308130264282227
2006-07-27,22.348461151123047,31.081214904785156,,,10.98008918762207,87.73992919921875,9.387164115905762,11.292902946472168
2006-07-28,22.787109375,31.73103141784668,,,11.30956745147705,88.61931610107422,9.483672142028809,11.422358512878418
2006-07-31,22.809993743896484,31.722484588623047,,,11.35554027557373,88.529296875,9.48564338684082,11.417789459228516
2006-08-01,22.565876007080078,31.19235610961914,,,11.087361335754395,88.093017578125,9.422615051269531,11.379714012145996
2006-08-02,22.771852493286133,31.542926788330078,,,11.248270034790039,88.68854522705078,9.495492935180664,11.414740562438965
2006-08-03,23.084632873535156,31.739591598510742,,,11.378531455993652,88.92396545410156,9.505342483520508,11.446722030639648
2006-08-04,22.905353546142578,31.594249725341797,,,11.26359748840332,88.77162170410156,9.47382640838623,11.448240280151367
2006-08-07,22.79473304748535,31.389013290405273,,,11.102684020996094,88.56388854980469,9.452162742614746,11.420836448669434
2006-08-08,22.497222900390625,31.19235610961914,,,10.995412826538086,88.22460174560547,9.387164115905762,11.410168647766113
2006-08-09,22.31793975830078,31.235107421875,,,10.811516761779785,87.92682647705078,9.36746883392334,11.330975532531738
2006-08-10,22.451448440551758,31.457420349121094,,,10.911130905151367,88.19691467285156,9.418678283691406,11.352302551269531
2006-08-11,22.268354415893555,31.235107421875,,,10.727232933044434,87.9476318359375,9.38519287109375,11.358389854431152
2006-08-14,22.359899520874023,31.440330505371094,,,10.765546798706055,88.01689910888672,9.39504337310791,11.379714012145996
2006-08-15,22.82525634765625,32.23554229736328,,,11.095023155212402,89.06940460205078,9.53488540649414,11.503070831298828
2006-08-16,23.17999267578125,32.99650955200195,,,11.378531455993652,89.81031036376953,9.637300491333008,11.579222679138184
2006-08-17,23.15329360961914,33.1162223815918,,,11.324892044067383,90.03883361816406,9.649123191833496,11.573127746582031
2006-08-18,23.26009750366211,33.167510986328125,,,11.378531455993652,90.49578094482422,9.692452430725098,11.640141487121582
2006-08-21,23.035051345825195,32.851173400878906,,,11.21762466430664,90.10807037353516,9.653059005737305,11.609684944152832
2006-08-22,23.09226417541504,32.85972213745117,,,11.194633483886719,90.10113525390625,9.649123191833496,11.615772247314453
2006-08-23,22.748971939086914,32.61174011230469,,,11.01839828491211,89.85186767578125,9.593971252441406,11.58531665802002
2006-08-24,22.65742301940918,32.70579147338867,,,10.903468132019043,89.7756576538086,9.597915649414062,11.59597396850586
2006-08-25,22.6955623626709,32.76566696166992,,,10.941777229309082,89.88646697998047,9.61958122253418,11.602068901062012
2006-08-28,22.935874938964844,33.013641357421875,,,11.064376831054688,90.31578826904297,9.664875030517578,11.664506912231445
2006-08-29,23.11515235900879,33.1162223815918,,,11.133336067199707,90.41968536376953,9.71017837524414,11.670599937438965
2006-08-30,23.218137741088867,33.27015686035156,,,11.118006706237793,90.47505950927734,9.727906227111816,11.669079780578613
2006-08-31,23.221952438354492,33.2359504699707,,,11.079703330993652,90.4612045288086,9.743663787841797,11.653850555419922
2006-09-01,23.332565307617188,33.415523529052734,,,11.148662567138672,91.0013198852539,9.785028457641602,11.696491241455078
2006-09-05,23.466064453125,33.74041748046875,,,11.271258354187012,91.1744613647461,9.798811912536621,11.737614631652832
2006-09-06,23.03122901916504,33.064918518066406,,,11.010738372802734,90.37120819091797,9.684578895568848,11.637094497680664
2006-09-07,22.893911361694336,32.91102600097656,,,10.98008918762207,89.95574188232422,9.637300491333008,11.591405868530273
2006-09-08,22.98545265197754,33.10768127441406,,,10.941777229309082,90.21192932128906,9.662908554077148,11.626431465148926
2006-09-11,22.90917205810547,33.31290054321289,,,10.857494354248047,90.30194854736328,9.678665161132812,11.597500801086426
2006-09-12,23.401226043701172,33.928524017333984,,,11.033723831176758,91.18827819824219,9.81850528717041,11.711721420288086
2006-09-13,23.622461318969727,34.15939712524414,,,11.21762466430664,91.55524444580078,9.850019454956055,11.75588607788086
2006-09-14,23.496585845947266,34.193599700927734,,,11.194633483886719,91.56216430664062,9.820478439331055,11.740653991699219
2006-09-15,23.549983978271484,34.315940856933594,,,11.209961891174316,91.77708435058594,9.882823944091797,11.78078556060791
2006-09-18,23.611011505126953,34.324485778808594,,,11.255929946899414,91.90227508544922,9.880850791931152,11.786909103393555
2006-09-19,23.469884872436523,34.093505859375,,,11.22528076171875,91.67279815673828,9.843364715576172,11.69654655456543
2006-09-20,23.725454330444336,34.5897216796875,,,11.378531455993652,92.15962219238281,9.910449028015137,11.823668479919434
2006-09-21,23.519474029541016,34.37582015991211,,,11.271258354187012,91.71449279785156,9.83941650390625,11.750153541564941
2006-09-22,23.25246238708496,34.110599517822266,,,11.156325340270996,91.43630981445312,9.780227661132812,11.757808685302734
2006-09-25,23.508028030395508,34.70950698852539,,,11.317229270935059,92.13872528076172,9.878877639770508,11.855834007263184
2006-09-26,23.64152717590332,34.88059997558594,,,11.455155372619629,92.90379333496094,9.959769248962402,11.937004089355469
2006-09-27,23.81926155090332,34.83784484863281,,,11.501126289367676,93.01508331298828,9.96174430847168,11.938536643981934
2006-09-28,23.693130493164062,34.93192672729492,,,11.516451835632324,92.98031616210938,9.989370346069336,11.963043212890625
2006-09-29,23.42558479309082,34.777931213378906,,,11.401516914367676,92.90379333496094,9.971610069274902,11.952319145202637
2006-10-02,23.203901290893555,34.34159851074219,,,11.370865821838379,92.55604553222656,9.906500816345215,11.917093276977539
2006-10-03,23.2000789642334,34.4870491027832,,,11.317229270935059,92.75077056884766,9.91636848449707,11.943130493164062
2006-10-04,23.674020767211914,35.33403778076172,,,11.508793830871582,93.83578491210938,10.042638778686523,12.054941177368164
2006-10-05,23.97214698791504,35.50514221191406,,,11.600735664367676,94.01657104492188,10.117615699768066,12.085564613342285
2006-10-06,23.815439224243164,35.428157806396484,,,11.508793830871582,93.89834594726562,10.089993476867676,12.062594413757324
2006-10-09,23.9874324798584,35.54792404174805,,,11.631388664245605,93.95401000976562,10.107747077941895,12.070252418518066
2006-10-10,24.040935516357422,35.607818603515625,,,11.700349807739258,94.07923126220703,10.111692428588867,12.102410316467285
2006-10-11,23.983606338500977,35.53936767578125,,,11.669695854187012,93.9679183959961,10.06236743927002,12.077908515930176
2006-10-12,24.400209426879883,36.104042053222656,,,11.876578330993652,94.7816390991211,10.178779602050781,12.171335220336914
2006-10-13,24.572214126586914,36.300811767578125,,,11.976190567016602,95.0250473022461,10.190613746643066,12.211158752441406
2006-10-16,24.759485244750977,36.335018157958984,,,12.091124534606934,95.17111206054688,10.243884086608887,12.247912406921387
2006-10-17,24.587499618530273,35.93291473388672,,,12.022163391113281,94.8720703125,10.182720184326172,12.19430923461914
2006-10-18,24.56075096130371,35.76181411743164,,,12.014498710632324,94.99723815917969,10.184698104858398,12.238726615905762
2006-10-19,24.606605529785156,35.847373962402344,,,12.106451988220215,95.15023803710938,10.218235969543457,12.234123229980469
2006-10-20,24.449901580810547,35.93291473388672,,,11.98384952545166,95.17111206054688,10.206401824951172,12.235657691955566
2006-10-23,24.484296798706055,36.300811767578125,,,12.075798988342285,95.60926818847656,10.275457382202148,12.319894790649414
2006-10-24,24.545455932617188,36.05271530151367,,,12.137100219726562,95.8944091796875,10.285318374633789,12.28467082977295
2006-10-25,24.76713752746582,36.300811767578125,,,12.16008472442627,96.22128295898438,10.310967445373535,12.353590965270996
2006-10-26,24.9582462310791,36.63447570800781,,,12.183070182800293,96.52037048339844,10.399758338928223,12.413317680358887
2006-10-27,24.667753219604492,36.11258316040039,,,11.999176025390625,95.91531372070312,10.312942504882812,12.312240600585938
2006-10-30,24.744199752807617,36.34357833862305,,,11.98384952545166,95.84573364257812,10.316890716552734,12.318360328674316
2006-10-31,24.629549026489258,36.42913055419922,,,11.945540428161621,95.83180236816406,10.301100730895996,12.296923637390137
2006-11-01,24.17852783203125,35.93291473388672,,,11.700349807739258,95.18498229980469,10.204426765441895,12.237192153930664
2006-11-02,24.1097469329834,35.967124938964844,,,11.616058349609375,95.12934112548828,10.224160194396973,12.220343589782715
2006-11-03,24.186174392700195,35.873043060302734,,,11.600735664367676,94.96241760253906,10.214293479919434,12.223408699035645
2006-11-06,24.56075096130371,36.394927978515625,,,11.753985404968262,96.0334701538086,10.32872486114502,12.33520793914795
2006-11-07,24.62190055847168,36.64303207397461,,,11.807619094848633,96.40210723876953,10.346480369567871,12.382694244384766
2006-11-08,24.79388999938965,36.814117431640625,,,11.838266372680664,96.61078643798828,10.378050804138184,12.413317680358887
2006-11-09,24.553098678588867,36.64303207397461,,,11.730997085571289,96.10305786132812,10.31886100769043,12.370436668395996
2006-11-10,24.70216178894043,36.814117431640625,,,11.799955368041992,96.14478302001953,10.324782371520996,12.36583423614502
2006-11-13,24.80535888671875,37.19057846069336,,,11.776968002319336,96.38123321533203,10.36226749420166,12.422511100769043
2006-11-14,25.221965789794922,37.58412170410156,,,11.968524932861328,97.10452270507812,10.44710636138916,12.474584579467773
2006-11-15,25.41689682006836,37.73811721801758,,,12.022163391113281,97.3828125,10.496434211730957,12.492964744567871
2006-11-16,25.3404483795166,37.900672912597656,,,12.014498710632324,97.63316345214844,10.52010726928711,12.512869834899902
2006-11-17,25.27165412902832,37.900672912597656,,,11.945540428161621,97.66097259521484,10.512215614318848,12.541969299316406
2006-11-20,25.31751823425293,37.97767639160156,,,11.960866928100586,97.71662139892578,10.510245323181152,12.54350757598877
2006-11-21,25.439823150634766,38.029022216796875,,,11.999176025390625,97.81395721435547,10.547727584838867,12.56341552734375
2006-11-22,25.48186683654785,38.268558502197266,,,12.022163391113281,98.00869750976562,10.587191581726074,12.555756568908691
2006-11-24,25.393962860107422,38.20012664794922,,,12.022163391113281,97.61231994628906,10.577325820922852,12.54350757598877
2006-11-27,24.828292846679688,37.336021423339844,,,11.730997085571289,96.27001953125,10.395807266235352,12.391877174377441
2006-11-28,24.866512298583984,37.447235107421875,,,11.753985404968262,96.68729400634766,10.443159103393555,12.417911529541016
2006-11-29,25.26401138305664,37.70390701293945,,,11.914889335632324,97.69573974609375,10.535894393920898,12.494490623474121
2006-11-30,25.27547836303711,37.67824172973633,,,11.868918418884277,97.73745727539062,10.55759334564209,12.590983390808105
2006-12-01,25.187559127807617,37.353118896484375,,,11.792293548583984,97.5218505859375,10.494455337524414,12.52206039428711
2006-12-04,25.62710189819336,37.866458892822266,,,12.006837844848633,98.26600646972656,10.620729446411133,12.618553161621094
2006-12-05,25.692079544067383,38.00334548950195,,,12.037487030029297,98.69026947021484,10.670059204101562,12.659902572631836
2006-12-06,25.646217346191406,37.866458892822266,,,12.045150756835938,98.60684967041016,10.677950859069824,12.635397911071777
2006-12-07,25.5506591796875,37.387351989746094,,,12.022163391113281,98.17561340332031,10.614810943603516,12.609363555908203
2006-12-08,25.5009765625,37.5584716796875,,,12.06047248840332,98.3564682006836,10.630599021911621,12.638463020324707
2006-12-11,25.527732849121094,37.69536209106445,,,12.068138122558594,98.64158630371094,10.634546279907227,12.679815292358398
2006-12-12,25.378665924072266,37.472904205322266,,,12.06047248840332,98.5650634765625,10.600996017456055,12.66909408569336
2006-12-13,25.393962860107422,37.54134750366211,,,12.121771812438965,98.66942596435547,10.608894348144531,12.708914756774902
2006-12-14,25.596521377563477,37.96055221557617,,,12.236706733703613,99.5387954711914,10.717408180236816,12.836034774780273
2006-12-15,25.47039794921875,38.05820846557617,,,12.229046821594238,99.5478744506836,10.707916259765625,12.847283363342285
2006-12-18,25.13787078857422,37.68132400512695,,,12.190732955932617,99.27510833740234,10.64857006072998,12.822620391845703
2006-12-19,25.225786209106445,37.561397552490234,,,12.213717460632324,99.46398162841797,10.672304153442383,12.839583396911621
2006-12-20,25.302223205566406,37.42433547973633,,,12.229046821594238,99.40798950195312,10.652523040771484,12.8411226272583
2006-12-21,25.152421951293945,37.158809661865234,,,12.252034187316895,99.0443344116211,10.585261344909668,12.802584648132324
2006-12-22,25.0758056640625,36.773338317871094,,,12.213717460632324,98.4358901977539,10.545705795288086,12.76251220703125
2006-12-26,25.298009872436523,36.927513122558594,,,12.252034187316895,99.0163345336914,10.555591583251953,12.822620391845703
2006-12-27,25.650497436523438,37.1159782409668,,,12.36696720123291,99.66679382324219,10.632742881774902,12.925894737243652
2006-12-28,25.550884246826172,36.93610382080078,,,12.336319923400879,99.45695495605469,10.618898391723633,12.91356372833252
2006-12-29,25.282686233520508,36.97037124633789,,,12.244369506835938,99.0443344116211,10.575373649597168,12.842663764953613
2007-01-03,25.248205184936523,37.038875579833984,,,12.25969409942627,98.8695068359375,10.53976821899414,12.810294151306152
2007-01-04,25.229047775268555,37.74127197265625,,,12.389955520629883,99.07931518554688,10.616921424865723,12.822620391845703
2007-01-05,24.949365615844727,37.561397552490234,,,12.290343284606934,98.28902435302734,10.55756950378418,12.731679916381836
2007-01-08,24.934045791625977,37.587100982666016,,,12.359304428100586,98.74359893798828,10.589221000671387,12.754803657531738
2007-01-09,24.983842849731445,37.775535583496094,,,12.405279159545898,98.65966033935547,10.577353477478027,12.74709701538086
2007-01-10,24.99151039123535,38.220947265625,,,12.435929298400879,98.98841857910156,10.640655517578125,12.74709701538086
2007-01-11,25.24437713623047,38.614994049072266,,,12.612159729003906,99.4219970703125,10.737586975097656,12.804125785827637
2007-01-12,25.478092193603516,38.81201171875,,,12.665797233581543,100.17735290527344,10.794951438903809,12.865779876708984
2007-01-16,25.382312774658203,38.78630828857422,,,12.665797233581543,99.98151397705078,10.800887107849121,12.868864059448242
2007-01-17,25.39379119873047,38.469383239746094,,,12.688786506652832,100.02346801757812,10.779130935668945,12.864235877990723
2007-01-18,25.0758056640625,37.75840759277344,,,12.635153770446777,99.68778991699219,10.737586975097656,12.856535911560059
2007-01-19,25.24437713623047,37.83549118041992,,,12.67345905303955,99.88359069824219,10.781110763549805,12.876569747924805
2007-01-22,25.025991439819336,37.42433547973633,,,12.573850631713867,99.57585144042969,10.69802474975586,12.83341121673584
2007-01-23,25.309511184692383,37.330116271972656,,,12.650470733642578,99.86958312988281,10.73165225982666,12.879653930664062
2007-01-24,25.57770347595215,37.94685745239258,,,12.796056747436523,100.673828125,10.84243106842041,12.978302001953125
2007-01-25,25.25970458984375,37.458595275878906,,,12.612159729003906,99.49191284179688,10.715826034545898,12.847283363342285
2007-01-26,25.317174911499023,37.3215446472168,,,12.65813159942627,99.40106964111328,10.694066047668457,12.847283363342285
2007-01-29,25.48192024230957,37.35581588745117,,,12.67345905303955,99.34505462646484,10.696045875549316,12.830329895019531
2007-01-30,25.669641494750977,37.37294387817383,,,12.69644832611084,99.86260223388672,10.741543769836426,12.907402992248535
2007-01-31,25.788415908813477,37.74985885620117,,,12.742422103881836,100.53397369384766,10.850340843200684,12.987552642822266
2007-02-01,26.129404067993164,37.68989181518555,,,12.857352256774902,101.1354751586914,10.87210464477539,13.036872863769531
2007-02-02,26.137065887451172,37.82693862915039,,,12.865021705627441,101.27531433105469,10.897819519042969,13.115482330322266
2007-02-05,26.07960319519043,37.79268264770508,,,12.888002395629883,101.30329132080078,10.86023235321045,13.115482330322266
2007-02-06,26.17920684814453,37.74127197265625,,,12.903328895568848,101.33128356933594,10.880020141601562,13.132436752319336
2007-02-07,26.38992691040039,38.083927154541016,,,13.025924682617188,101.5550537109375,10.91562271118164,13.135520935058594
2007-02-08,26.313312530517578,38.075347900390625,,,13.110210418701172,101.42213439941406,10.913644790649414,13.100071907043457
2007-02-09,26.137065887451172,37.587100982666016,,,12.956966400146484,100.66686248779297,10.830556869506836,13.018370628356934
2007-02-12,25.937835693359375,37.44146728515625,,,12.87268352508545,100.32414245605469,10.759347915649414,13.004509925842285
2007-02-13,26.183053970336914,37.569969177246094,,,12.933974266052246,101.17040252685547,10.846385955810547,13.110855102539062
2007-02-14,26.25583839416504,38.20383071899414,,,13.079564094543457,101.83483123779297,10.931450843811035,13.220291137695312
2007-02-15,26.28649139404297,38.42654800415039,,,13.117871284484863,101.96768188476562,10.978927612304688,13.197175979614258
2007-02-16,26.370769500732422,38.29806137084961,,,13.102547645568848,101.91873931884766,10.961122512817383,13.18792724609375
2007-02-20,26.623638153076172,38.58929443359375,,,13.217483520507812,102.13555145263672,11.004640579223633,13.20642375946045
2007-02-21,26.727092742919922,38.709232330322266,,,13.20216178894043,102.09357452392578,11.012551307678223,13.192548751831055
2007-02-22,26.750070571899414,38.90625,,,13.217483520507812,102.01663970947266,11.008598327636719,13.137063980102539
2007-02-23,26.635128021240234,38.76919937133789,,,13.12553596496582,101.61800384521484,10.99277400970459,13.117022514343262
2007-02-26,26.573837280273438,38.580745697021484,,,13.056572914123535,101.52709197998047,10.947275161743164,13.13089656829834
2007-02-27,25.474258422851562,36.99603271484375,,,12.497228622436523,97.56169128417969,10.585261344909668,12.670025825500488
2007-02-28,25.623672485351562,37.1159782409668,,,12.612159729003906,98.56177520751953,10.646587371826172,12.74555492401123
2007-03-01,25.566200256347656,36.94464874267578,,,12.573850631713867,98.2680892944336,10.607024192810059,12.716267585754395
2007-03-02,25.083467483520508,36.387882232666016,,,12.351642608642578,96.98120880126953,10.486358642578125,12.599126815795898
2007-03-05,24.577733993530273,36.105194091796875,,,12.175406455993652,96.05805206298828,10.381512641906738,12.465025901794434
2007-03-06,25.144765853881836,36.70479202270508,,,12.412941932678223,97.70157623291016,10.516029357910156,12.651532173156738
2007-03-07,25.114124298095703,36.55917739868164,,,12.34398078918457,97.60363006591797,10.523942947387695,12.617621421813965
2007-03-08,25.37464141845703,36.807586669921875,,,12.566186904907227,98.42887115478516,10.589221000671387,12.719350814819336
2007-03-09,25.478092193603516,36.773338317871094,,,12.627488136291504,98.45689392089844,10.59317684173584,12.73476505279541
2007-03-12,25.543216705322266,37.01319885253906,,,12.742422103881836,98.60374450683594,10.612958908081055,12.76251220703125
2007-03-13,24.95703125,36.29365921020508,,,12.489561080932617,96.68749237060547,10.43492317199707,12.508183479309082
2007-03-14,25.202232360839844,36.824729919433594,,,12.566186904907227,97.40782165527344,10.480424880981445,12.545175552368164
2007-03-15,25.382312774658203,36.739070892333984,,,12.635153770446777,97.54071044921875,10.519989967346191,12.639196395874023
2007-03-16,25.305679321289062,36.710792541503906,,,12.604497909545898,97.26757049560547,10.48133373260498,12.588930130004883
2007-03-19,25.562366485595703,37.08792495727539,,,12.69644832611084,98.44017028808594,10.584406852722168,12.702203750610352
2007-03-20,25.78459358215332,37.353641510009766,,,12.81904411315918,98.98084259033203,10.647830963134766,12.813922882080078
2007-03-21,26.217517852783203,38.0736198425293,,,13.018265724182129,100.60974884033203,10.822257041931152,13.046677589416504
2007-03-22,26.25583839416504,37.936458587646484,,,13.018265724182129,100.53250122070312,10.834148406982422,13.048227310180664
2007-03-23,26.324798583984375,37.816471099853516,,,13.041251182556152,100.68000030517578,10.834148406982422,13.080815315246582
2007-03-26,26.223094940185547,37.97077178955078,,,13.010604858398438,100.54656219482422,10.851985931396484,13.080815315246582
2007-03-27,26.146347045898438,37.70502471923828,,,12.926318168640137,100.30781555175781,10.770719528198242,13.031164169311523
2007-03-28,25.935270309448242,37.30221939086914,,,12.826705932617188,99.5776596069336,10.695404052734375,12.930307388305664
2007-03-29,26.061922073364258,37.34507369995117,,,12.81904411315918,99.6828842163086,10.669632911682129,12.976848602294922
2007-03-30,26.061922073364258,37.31077194213867,,,12.842029571533203,99.70398712158203,10.705309867858887,12.945816993713379
2007-04-02,26.15019416809082,37.362205505371094,,,12.926318168640137,99.81634521484375,10.739007949829102,12.976848602294922
2007-04-03,26.399641036987305,37.85075759887695,,,13.056572914123535,100.89063262939453,10.846038818359375,13.073052406311035
2007-04-04,26.441850662231445,38.00505065917969,,,13.12553596496582,101.00293731689453,10.86982536315918,13.076162338256836
2007-04-05,26.403478622436523,38.19362258911133,,,13.217483520507812,101.27678680419922,10.915413856506348,13.111845016479492
2007-04-09,26.434171676635742,38.099334716796875,,,13.20216178894043,101.41726684570312,10.9312744140625,13.144431114196777
2007-04-10,26.526283264160156,38.296470642089844,,,13.278780937194824,101.53662109375,10.937220573425293,13.164602279663086
2007-04-11,26.342060089111328,37.89361572265625,,,13.156185150146484,101.122314453125,10.881723403930664,13.096324920654297
2007-04-12,26.480226516723633,38.19362258911133,,,13.240474700927734,101.57172393798828,10.961003303527832,13.135122299194336
2007-04-13,26.68362808227539,38.27075958251953,,,13.340080261230469,102.03514099121094,11.00461196899414,13.186328887939453
2007-04-16,27.002159118652344,38.6221809387207,,,13.432028770446777,103.00404357910156,11.087855339050293,13.336841583251953
2007-04-17,26.940744400024414,38.7078971862793,,,13.447354316711426,103.27784729003906,11.117588996887207,13.353912353515625
2007-04-18,26.7680606842041,38.5793342590332,,,13.409046173095703,103.40425109863281,11.109659194946289,13.408218383789062
2007-04-19,26.714332580566406,38.69933319091797,,,13.378395080566406,103.37620544433594,11.085874557495117,13.395804405212402
2007-04-20,27.017501831054688,38.91362380981445,,,13.554625511169434,104.35213470458984,11.17705249786377,13.499773979187012
2007-04-23,26.975303649902344,38.97360610961914,,,13.485665321350098,103.95893096923828,11.175068855285645,13.460979461669922
2007-04-24,26.956106185913086,39.170738220214844,,,13.363068580627441,104.0010986328125,11.18696403503418,13.45322322845459
2007-04-25,27.121124267578125,39.6935920715332,,,13.51630973815918,104.95601654052734,11.270209312438965,13.603736877441406
2007-04-26,27.263126373291016,39.89931106567383,,,13.646574020385742,105.07537841796875,11.254353523254395,13.608388900756836
2007-04-27,27.13648223876953,39.916446685791016,,,13.677221298217773,104.99111938476562,11.250391960144043,13.586668014526367
2007-04-30,26.668262481689453,39.39356994628906,,,13.478005409240723,104.12046813964844,11.157232284545898,13.501321792602539
2007-05-01,26.817949295043945,39.359310150146484,,,13.47033977508545,104.3872299194336,11.169122695922852,13.504426002502441
2007-05-02,27.186372756958008,39.78787612915039,,,13.577607154846191,104.99810791015625,11.272186279296875,13.628558158874512
2007-05-03,27.174856185913086,39.9335823059082,,,13.592939376831055,105.56685638427734,11.307868003845215,13.679771423339844
2007-05-04,27.443485260009766,39.967857360839844,,,13.730854988098145,105.96707916259766,11.351478576660156,13.709251403808594
2007-05-07,27.33603286743164,39.967857360839844,,,13.692548751831055,105.98812103271484,11.347513198852539,13.763558387756348
2007-05-08,27.259288787841797,40.053592681884766,,,13.715536117553711,105.84772491455078,11.347513198852539,13.74959659576416
2007-05-09,27.416627883911133,40.13930130004883,,,13.799826622009277,106.13558959960938,11.375264167785645,13.817872047424316
2007-05-10,27.07506561279297,39.590721130371094,,,13.51630973815918,105.02625274658203,11.23651123046875,13.642529487609863
2007-05-11,27.28230094909668,40.09642791748047,,,13.638914108276367,105.92497253417969,11.311833381652832,13.748040199279785
2007-05-14,27.05203628540039,39.82216262817383,,,13.51630973815918,105.69322967529297,11.27417278289795,13.752693176269531
2007-05-15,26.92156219482422,39.51361083984375,,,13.393717765808105,105.72132110595703,11.238499641418457,13.772871017456055
2007-05-16,27.02135467529297,39.89931106567383,,,13.485665321350098,106.44457244873047,11.331653594970703,13.853560447692871
2007-05-17,26.890869140625,39.71072006225586,,,13.455013275146484,106.23396301269531,11.343549728393555,13.869074821472168
2007-05-18,27.1441593170166,40.036441802978516,,,13.546963691711426,107.16070556640625,11.397064208984375,13.926491737365723
2007-05-21,27.451169967651367,40.2935791015625,,,13.669561386108398,107.10456848144531,11.456526756286621,13.96218204498291
2007-05-22,27.62002944946289,40.327877044677734,,,13.738524436950684,107.02031707763672,11.446619033813477,13.980794906616211
2007-05-23,27.50873565673828,40.13930130004883,,,13.654230117797852,107.03434753417969,11.446619033813477,13.96218204498291
2007-05-24,27.190202713012695,39.56501007080078,,,13.462677001953125,106.06539154052734,11.321744918823242,13.772871017456055
2007-05-25,27.33220672607422,39.813602447509766,,,13.539301872253418,106.5077896118164,11.375264167785645,13.856661796569824
2007-05-29,27.558629989624023,40.12217330932617,,,13.600601196289062,106.89387512207031,11.414901733398438,13.879939079284668
2007-05-30,27.7313232421875,40.447879791259766,,,13.684880256652832,107.76457977294922,11.498150825500488,13.968389511108398
2007-05-31,27.83494758605957,40.63642501831055,,,13.661897659301758,107.65222930908203,11.539769172668457,13.971487045288086
2007-06-01,28.09207534790039,40.66213607788086,,,13.70787525177002,108.18584442138672,11.589325904846191,14.005630493164062
2007-06-04,28.115089416503906,40.782135009765625,,,13.761506080627441,108.19985961914062,11.630950927734375,14.025793075561523
2007-06-05,27.942401885986328,40.782135009765625,,,13.677221298217773,107.77159118652344,11.597257614135742,13.952864646911621
2007-06-06,27.600831985473633,40.34501266479492,,,13.500988960266113,106.61304473876953,11.486258506774902,13.831839561462402
2007-06-07,27.036697387695312,39.71929168701172,,,13.24813461303711,104.68922424316406,11.278145790100098,13.580460548400879
2007-06-08,27.343717575073242,40.20787811279297,,,13.363068580627441,106.05135345458984,11.416884422302246,13.723223686218262
2007-06-11,27.405120849609375,40.13072204589844,,,13.355406761169434,106.23396301269531,11.41093635559082,13.755803108215332
2007-06-12,26.97144889831543,39.8907356262207,,,13.179169654846191,105.07537841796875,11.307868003845215,13.630115509033203
2007-06-13,27.359067916870117,40.327877044677734,,,13.332416534423828,106.648193359375,11.456526756286621,13.810111999511719
2007-06-14,27.593172073364258,40.59358215332031,,,13.424367904663086,107.32923889160156,11.535812377929688,13.876835823059082
2007-06-15,27.900178909301758,40.96843338012695,,,13.562292098999023,107.9399642944336,11.612905502319336,13.98355770111084
2007-06-18,27.838781356811523,40.97701644897461,,,13.500988960266113,107.81299591064453,11.585086822509766,13.961715698242188
2007-06-19,27.94623374938965,40.96843338012695,,,13.539301872253418,108.08094787597656,11.59302806854248,13.999164581298828
2007-06-20,27.562475204467773,40.58242416381836,,,12.558525085449219,106.57893371582031,11.471832275390625,13.788518905639648
2007-06-21,27.69294548034668,40.95126724243164,,,13.485665321350098,107.17130279541016,11.53541374206543,13.843132019042969
2007-06-22,27.462682723999023,40.565269470214844,,,13.386053085327148,106.16293334960938,11.453951835632324,13.666814804077148
2007-06-25,27.29765510559082,40.39372634887695,,,13.24813461303711,105.65515899658203,11.356599807739258,13.613771438598633
2007-06-26,27.036697387695312,40.1620979309082,,,13.22514820098877,104.56920623779297,11.324812889099121,13.496747970581055
2007-06-27,27.535608291625977,40.77972412109375,,,13.401375770568848,106.05711364746094,11.396336555480957,13.690215110778809
2007-06-28,27.562475204467773,40.76255416870117,,,13.432028770446777,106.04305267333984,11.408255577087402,13.733911514282227
2007-06-29,27.386812210083008,40.8311882019043,,,13.47033977508545,106.07829284667969,11.384417533874512,13.683977127075195
2007-07-02,27.748886108398438,41.200050354003906,,,13.600601196289062,107.03726959228516,11.507600784301758,13.815049171447754
2007-07-03,27.845190048217773,41.44022750854492,,,13.62358570098877,107.4251708984375,11.54534912109375,13.93830680847168
2007-07-05,27.89527130126953,41.74045944213867,,,13.70787525177002,107.31229400634766,11.587071418762207,13.885255813598633
2007-07-06,27.95690155029297,41.91202926635742,,,13.799826622009277,107.8764877319336,11.654623031616211,13.93051815032959
2007-07-09,27.96845245361328,41.9377555847168,,,13.792158126831055,107.96102142333984,11.656608581542969,13.93830680847168
2007-07-10,27.51007652282715,41.58603286743164,,,13.585273742675781,106.42378997802734,11.527466773986816,13.724546432495117
2007-07-11,27.76430892944336,41.869117736816406,,,13.70787525177002,107.1783447265625,11.579122543334961,13.783843994140625
2007-07-12,28.04163932800293,42.51248550415039,,,13.94539737701416,108.87075805664062,11.77581787109375,14.060018539428711
2007-07-13,28.188016891479492,42.80413818359375,,,13.960729598999023,109.19512176513672,11.79171085357666,14.13022518157959
2007-07-16,28.103271484375,42.76124954223633,,,13.891764640808105,109.18102264404297,11.771845817565918,14.092788696289062
2007-07-17,28.103271484375,43.087188720703125,,,13.960729598999023,109.12460327148438,11.789726257324219,14.103704452514648
2007-07-18,28.022375106811523,43.03571319580078,,,13.868783950805664,108.92715454101562,11.801648139953613,14.02724838256836
2007-07-19,28.195716857910156,43.164405822753906,,,13.999043464660645,109.3502426147461,11.831450462341309,14.066254615783691
2007-07-20,27.760461807250977,42.93278503417969,,,13.891764640808105,108.24315643310547,11.753961563110352,13.886824607849121
2007-07-23,27.779722213745117,42.94995880126953,,,13.968391418457031,108.57453918457031,11.763899803161621,13.969515800476074
2007-07-24,27.13644790649414,42.315181732177734,,,13.615921020507812,106.69184875488281,11.60693359375,13.668373107910156
2007-07-25,27.043996810913086,42.37522888183594,,,13.569950103759766,106.91039276123047,11.579122543334961,13.744831085205078
2007-07-26,26.362215042114258,42.01493835449219,,,13.20216178894043,104.37881469726562,11.334748268127441,13.387514114379883
2007-07-27,25.861474990844727,41.16572570800781,,,12.96462631225586,102.32679748535156,11.203618049621582,13.145666122436523
2007-07-30,26.273624420166016,41.64609909057617,,,13.079564094543457,103.92752075195312,11.308915138244629,13.273613929748535
2007-07-31,26.00014305114746,40.771141052246094,,,12.956966400146484,102.75697326660156,11.136064529418945,13.083259582519531
2007-08-01,26.10414695739746,41.088531494140625,,,13.025924682617188,103.25761413574219,11.213550567626953,13.24396800994873
2007-08-02,26.40459632873535,41.46597671508789,,,13.102547645568848,104.08267211914062,11.31289005279541,13.268935203552246
2007-08-03,25.395402908325195,40.67676544189453,,,12.665797233581543,101.40302276611328,11.058574676513672,12.863252639770508
2007-08-06,25.691997528076172,41.14857864379883,,,12.750085830688477,103.10249328613281,11.233420372009277,13.24396800994873
2007-08-07,26.011703491210938,41.44022750854492,,,12.81904411315918,104.20252990722656,11.277129173278809,13.368796348571777
2007-08-08,26.38534164428711,41.89485549926758,,,12.972289085388184,105.65515899658203,11.422165870666504,13.521711349487305
2007-08-09,25.803691864013672,40.92554473876953,,,12.566186904907227,102.52424621582031,11.219511032104492,13.108222007751465
2007-08-10,26.146512985229492,40.55667495727539,,,12.803717613220215,102.04473114013672,11.114206314086914,13.067654609680176
2007-08-13,26.00014305114746,40.8311882019043,,,12.910988807678223,102.41144561767578,11.185734748840332,13.116021156311035
2007-08-14,25.614965438842773,40.13637161254883,,,12.604497909545898,100.8459701538086,10.957252502441406,12.914743423461914
2007-08-15,25.368432998657227,39.372928619384766,,,12.39761734008789,99.45674133300781,10.774467468261719,12.663537979125977
2007-08-16,25.745920181274414,38.98693084716797,,,12.359304428100586,100.20426940917969,10.766514778137207,12.880419731140137
2007-08-17,26.219703674316406,39.72462463378906,,,12.527872085571289,102.04473114013672,10.939371109008789,13.20964527130127
2007-08-20,26.235109329223633,39.9133415222168,,,12.665797233581543,101.99537658691406,10.965197563171387,13.237725257873535
2007-08-21,26.369930267333984,40.33367156982422,,,12.780729293823242,102.19985961914062,11.004939079284668,13.215883255004883
2007-08-22,26.589481353759766,40.882667541503906,,,13.018265724182129,103.41278076171875,11.140036582946777,13.354750633239746
2007-08-23,26.3121395111084,40.771141052246094,,,13.010604858398438,103.32108306884766,11.12215805053711,13.325113296508789
2007-08-24,26.80132484436035,41.34585189819336,,,13.209819793701172,104.59746551513672,11.26321792602539,13.468656539916992
2007-08-27,26.446969985961914,41.071380615234375,,,13.025924682617188,103.624267578125,11.195669174194336,13.334466934204102
2007-08-28,25.680435180664062,40.09347915649414,,,12.681123733520508,101.34661102294922,10.975133895874023,13.013041496276855
2007-08-29,26.350669860839844,41.242923736572266,,,12.933974266052246,103.33515167236328,11.203618049621582,13.250210762023926
2007-08-30,26.161924362182617,41.45738220214844,,,12.918654441833496,103.06015014648438,11.195669174194336,13.184677124023438
2007-08-31,26.485483169555664,41.92061233520508,,,13.079564094543457,104.07560729980469,11.318848609924316,13.336030960083008
2007-09-04,26.68963050842285,42.61542510986328,,,13.286442756652832,105.12632751464844,11.447994232177734,13.492058753967285
2007-09-05,26.531700134277344,42.186492919921875,,,13.217483520507812,104.21665954589844,11.344677925109863,13.300141334533691
2007-09-06,26.512441635131836,42.15218734741211,,,13.363068580627441,104.45641326904297,11.394354820251465,13.353192329406738
2007-09-07,26.185033798217773,41.371604919433594,,,13.025924682617188,103.00374603271484,11.199641227722168,13.158150672912598
2007-09-10,25.822954177856445,41.34585189819336,,,12.933974266052246,102.80628204345703,11.189704895019531,13.150349617004395
2007-09-11,26.269773483276367,41.97206497192383,,,13.186833381652832,104.00508880615234,11.334748268127441,13.248653411865234
2007-09-12,26.13881492614746,41.98064041137695,,,13.171506881713867,104.27305603027344,11.344677925109863,13.321989059448242
2007-09-13,26.134960174560547,42.186492919921875,,,13.217483520507812,105.00642395019531,11.388391494750977,13.470218658447266
2007-09-14,26.3468074798584,42.22080612182617,,,13.240474700927734,104.99935913085938,11.402298927307129,13.448369026184082
2007-09-17,26.04636573791504,41.869117736816406,,,13.133198738098145,104.43527221679688,11.338719367980957,13.39844036102295
2007-09-18,27.109472274780273,42.924217224121094,,,13.638914108276367,107.50978088378906,11.608926773071289,13.747954368591309
2007-09-19,27.390674591064453,43.03571319580078,,,13.868783950805664,108.14437103271484,11.680448532104492,13.90242862701416
2007-09-20,27.205774307250977,42.91564178466797,,,13.830470085144043,107.38286590576172,11.640713691711426,13.802563667297363
2007-09-21,27.225032806396484,43.22117614746094,,,13.937740325927734,107.67262268066406,11.68769359588623,13.85486125946045
2007-09-24,26.99394416809082,43.4185676574707,,,13.9224214553833,107.4742660522461,11.663808822631836,13.752779006958008
2007-09-25,26.878379821777344,43.830528259277344,,,14.006702423095703,107.26167297363281,11.689691543579102,13.693099975585938
2007-09-26,27.01844024658203,44.045082092285156,,,14.067999839782715,107.8284912109375,11.7454252243042,13.79832935333252
2007-09-27,27.21137046813965,44.26823043823242,,,14.251898765563965,108.46614837646484,11.799181938171387,13.845437049865723
2007-09-28,26.914264678955078,44.122337341308594,,,14.067999839782715,108.10481262207031,11.769318580627441,13.785761833190918
2007-10-01,27.481489181518555,44.628700256347656,,,14.22890853881836,109.32344055175781,11.916632652282715,13.975784301757812
2007-10-02,27.709148406982422,44.63727951049805,,,14.213584899902344,109.1746597290039,11.904685974121094,13.993067741394043
2007-10-03,27.550931930541992,44.328304290771484,,,14.02968978881836,108.95501708984375,11.842976570129395,13.944372177124023
2007-10-04,27.628110885620117,44.431297302246094,,,14.08332347869873,109.12508392333984,11.872835159301758,13.988346099853516
2007-10-05,28.09501075744629,45.332435607910156,,,14.313196182250977,110.42166900634766,11.996262550354004,14.115562438964844
2007-10-08,27.921375274658203,45.61568069458008,,,14.320859909057617,109.83358764648438,12.004225730895996,14.019755363464355
2007-10-09,28.11430549621582,45.813079833984375,,,14.458780288696289,110.8680191040039,12.099784851074219,14.151687622070312
2007-10-10,28.029422760009766,45.92464065551758,,,14.550727844238281,110.68379211425781,12.139596939086914,14.060592651367188
2007-10-11,27.774736404418945,45.195133209228516,,,14.389819145202637,110.15237426757812,12.069921493530273,14.024471282958984
2007-10-12,27.975399017333984,45.941802978515625,,,14.596700668334961,110.76177215576172,12.155525207519531,14.043316841125488
2007-10-15,27.616533279418945,45.589927673339844,,,14.550727844238281,109.82652282714844,12.053994178771973,13.94281005859375
2007-10-16,27.284692764282227,45.3753776550293,,,14.428128242492676,108.95501708984375,12.002240180969238,13.845437049865723
2007-10-17,27.327129364013672,45.95897674560547,,,14.428128242492676,109.28801727294922,12.028117179870605,13.722935676574707
2007-10-18,27.21137046813965,46.15635299682617,,,14.589035987854004,108.89128112792969,12.083856582641602,13.781045913696289
2007-10-19,26.316162109375,45.00632858276367,,,14.0526762008667,106.0430679321289,11.765336036682129,13.441821098327637
2007-10-22,26.79464340209961,45.54701614379883,,,14.175277709960938,106.65941619873047,11.781262397766113,13.4810791015625
2007-10-23,27.010730743408203,46.49967575073242,,,14.596700668334961,107.5238265991211,11.908671379089355,13.567458152770996
2007-10-24,26.844802856445312,46.14778518676758,,,14.54306697845459,107.32545471191406,11.886772155761719,13.562752723693848
2007-10-25,26.740617752075195,45.529850006103516,,,14.558384895324707,107.5805435180664,11.92459774017334,13.512491226196289
2007-10-26,27.27311134338379,46.28510284423828,,,14.772933959960938,108.84168243408203,12.02214241027832,13.66169261932373
2007-10-29,27.257686614990234,46.47392272949219,,,14.826570510864258,109.2030258178711,12.07788372039795,13.790468215942383
2007-10-30,27.033876419067383,46.568328857421875,,,14.581377983093262,108.44490051269531,12.018160820007324,13.669541358947754
2007-10-31,27.377294540405273,47.22917938232422,,,14.74228286743164,109.57145690917969,12.157512664794922,13.787323951721191
2007-11-01,26.316162109375,46.345184326171875,,,14.420465469360352,107.0066146850586,11.936543464660645,13.386855125427246
2007-11-02,26.354745864868164,46.705631256103516,,,14.443452835083008,107.12703704833984,11.998252868652344,13.327180862426758
2007-11-05,26.03447914123535,46.40524673461914,,,14.313196182250977,106.31229400634766,11.962424278259277,13.248648643493652
2007-11-06,26.474369049072266,46.92878341674805,,,14.596700668334961,107.74346923828125,12.107746124267578,13.396283149719238
2007-11-07,25.621604919433594,45.78732681274414,,,14.136962890625,104.79608154296875,11.803159713745117,12.98166275024414
2007-11-08,25.613882064819336,44.396976470947266,,,14.014365196228027,104.26463317871094,11.719548225402832,13.028782844543457
2007-11-09,25.405513763427734,42.9122200012207,,,13.638914108276367,102.83348846435547,11.51648998260498,13.09631061553955
2007-11-12,25.1585636138916,41.822242736816406,,,13.140860557556152,101.81324768066406,11.305472373962402,12.867021560668945
2007-11-13,25.8801326751709,43.547298431396484,,,13.569950103759766,104.91656494140625,11.643902778625488,13.22195053100586
2007-11-14,25.7913818359375,42.989437103271484,,,13.62358570098877,104.6259994506836,11.562283515930176,13.19996166229248
2007-11-15,25.428672790527344,42.757713317871094,,,13.355406761169434,103.11686706542969,11.458759307861328,12.953404426574707
2007-11-16,25.2858943939209,43.152496337890625,,,13.455013275146484,103.29399108886719,11.54237174987793,12.901572227478027
2007-11-19,24.791980743408203,42.65473175048828,,,13.171506881713867,101.855712890625,11.399039268493652,12.73353099822998
2007-11-20,24.791980743408203,42.82638931274414,,,13.286442756652832,102.4792251586914,11.4348726272583,12.794783592224121
2007-11-21,24.4254150390625,42.32000732421875,,,13.071898460388184,100.38201141357422,11.27959156036377,12.563922882080078
2007-11-23,24.965625762939453,42.774871826171875,,,13.317094802856445,102.1178970336914,11.383111000061035,12.774361610412598
2007-11-26,24.186172485351562,42.036800384521484,,,13.20216178894043,99.86483001708984,11.195979118347168,12.457125663757324
2007-11-27,24.502588272094727,42.87788391113281,,,13.386053085327148,101.01262664794922,11.359221458435059,12.673852920532227
2007-11-28,25.420949935913086,44.18240737915039,,,13.845793724060059,104.24341583251953,11.673760414123535,13.066469192504883
2007-11-29,25.328340530395508,44.3712158203125,,,13.646574020385742,104.27881622314453,11.699642181396484,13.039774894714355
2007-11-30,25.428672790527344,44.0365104675293,,,13.838128089904785,105.32743835449219,11.715570449829102,13.20467472076416
2007-12-03,25.081390380859375,43.667457580566406,,,13.899426460266113,104.63312530517578,11.659828186035156,13.140288352966309
2007-12-04,25.03508186340332,43.48725509643555,,,13.891764640808105,103.69786071777344,11.6220064163208,13.027215003967285
2007-12-05,25.351491928100586,44.26823043823242,,,14.14462661743164,105.4337158203125,11.783251762390137,13.210957527160645
2007-12-06,25.97660255432129,44.903350830078125,,,14.412798881530762,106.94286346435547,11.970383644104004,13.422980308532715
2007-12-07,25.94572639465332,44.911922454833984,,,14.351506233215332,106.92159271240234,11.968393325805664,13.396283149719238
2007-12-10,26.26215171813965,45.092132568359375,,,14.382155418395996,107.75054168701172,12.036080360412598,13.54075813293457
2007-12-11,25.305187225341797,44.045082092285156,,,13.792158126831055,104.79608154296875,11.765336036682129,13.181123733520508
2007-12-12,25.451812744140625,44.43989181518555,,,14.121634483337402,105.83051300048828,11.833019256591797,13.212529182434082
2007-12-13,25.193294525146484,44.19955825805664,,,14.175277709960938,105.61083984375,11.825058937072754,13.218807220458984
2007-12-14,24.89232063293457,43.74471664428711,,,13.976054191589355,104.27174377441406,11.703624725341797,13.060186386108398
2007-12-17,24.45628547668457,42.68047332763672,,,13.684880256652832,102.78390502929688,11.510519027709961,12.862310409545898
2007-12-18,24.788127899169922,42.817787170410156,,,13.62358570098877,103.3577880859375,11.562283515930176,12.940834999084473
2007-12-19,24.90388298034668,42.80922317504883,,,13.792158126831055,103.3577880859375,11.54635238647461,12.934554100036621
2007-12-20,25.255027770996094,43.684627532958984,,,14.075665473937988,104.0096206665039,11.647882461547852,12.92513656616211
2007-12-21,25.783672332763672,44.54634094238281,,,14.359162330627441,105.50894927978516,11.828227996826172,13.187484741210938
2007-12-24,25.98432159423828,44.88140106201172,,,14.466442108154297,106.29242706298828,11.910022735595703,13.276103019714355
2007-12-26,25.98817253112793,45.10478591918945,,,14.589035987854004,106.52041625976562,11.931965827941895,13.295087814331055
2007-12-27,25.38489532470703,44.56352615356445,,,14.328521728515625,105.18128204345703,11.784337043762207,13.133685111999512
2007-12-28,25.334598541259766,44.52056884765625,,,14.458780288696289,104.91775512695312,11.790326118469238,13.117860794067383
2007-12-31,25.160459518432617,44.00507736206055,,,14.297868728637695,104.14138793945312,11.712520599365234,13.022926330566406
2008-01-02,24.916671752929688,43.30919647216797,,,14.121634483337402,103.22968292236328,11.566887855529785,12.861519813537598
2008-01-03,24.599361419677734,43.489593505859375,,,14.213584899902344,103.1798324584961,11.548928260803223,12.869427680969238
2008-01-04,23.8486385345459,41.582298278808594,,,13.638914108276367,100.65125274658203,11.221757888793945,12.636824607849121
2008-01-07,23.97248077392578,41.38470458984375,,,13.462677001953125,100.56576538085938,11.19382381439209,12.662134170532227
2008-01-08,23.31076431274414,40.3108024597168,,,13.179169654846191,98.94176483154297,11.004300117492676,12.415291786193848
2008-01-09,23.577774047851562,41.16992950439453,,,13.286442756652832,99.98169708251953,11.137969017028809,12.583019256591797
2008-01-10,23.72867774963379,41.23006820678711,,,13.355406761169434,100.63700103759766,11.197813987731934,12.7159423828125
2008-01-11,23.248849868774414,40.4224739074707,,,13.033586502075195,99.82498931884766,11.04819393157959,12.575105667114258
2008-01-14,23.477157592773438,41.1269645690918,,,13.332416534423828,100.6298828125,11.199809074401855,12.674799919128418
2008-01-15,23.0244083404541,39.9929084777832,,,12.941641807556152,98.41470336914062,10.918516159057617,12.351999282836914
2008-01-16,23.082462310791016,39.56332015991211,,,12.665797233581543,97.567138671875,10.80280876159668,12.348828315734863
2008-01-17,22.548444747924805,39.01349639892578,,,12.045150756835938,95.03854370117188,10.51952075958252,11.92475414276123
2008-01-18,22.38979721069336,38.96193313598633,,,12.091124534606934,94.06272888183594,10.503562927246094,11.83614444732666
2008-01-22,22.323999404907227,37.95673751831055,,,11.937881469726562,93.1082534790039,10.353940963745117,11.736457824707031
2008-01-23,23.121156692504883,37.810699462890625,,,12.014498710632324,95.34483337402344,10.467650413513184,12.125718116760254
2008-01-24,23.09018898010254,38.58391571044922,,,12.298006057739258,96.14970397949219,10.661164283752441,12.190595626831055
2008-01-25,22.9586238861084,37.79349899291992,,,12.183070182800293,94.7607650756836,10.563410758972168,11.981719017028809
2008-01-28,23.388158798217773,38.08561706542969,,,12.336319923400879,96.32772827148438,10.661164283752441,12.230154037475586
2008-01-29,23.58164405822754,38.15435028076172,,,12.25969409942627,96.80500030517578,10.661164283752441,12.364657402038574
2008-01-30,23.27206802368164,38.11997985839844,,,12.068138122558594,96.09272766113281,10.613288879394531,12.29028606414795
2008-01-31,23.802209854125977,38.77293395996094,,,12.244369506835938,97.84488677978516,10.752935409545898,12.469091415405273
2008-02-01,24.467792510986328,39.16813659667969,,,12.596835136413574,99.41903686523438,10.952437400817871,12.652647018432617
2008-02-04,24.220130920410156,38.618289947509766,,,12.573850631713867,98.1654281616211,10.818772315979004,12.527640342712402
2008-02-05,23.61646842956543,37.518585205078125,,,12.052810668945312,95.5371322631836,10.551437377929688,12.130467414855957
2008-02-06,23.295276641845703,36.77971649169922,,,11.799955368041992,94.76789093017578,10.433733940124512,12.022865295410156
2008-02-07,23.60873031616211,37.03746795654297,,,11.907230377197266,95.39464569091797,10.547451972961426,12.144704818725586
2008-02-08,23.52359390258789,37.45844650268555,,,11.999176025390625,94.78214263916016,10.537477493286133,12.00861930847168
2008-02-11,23.585514068603516,37.86224365234375,,,12.206056594848633,95.26644134521484,10.663162231445312,12.016531944274902
2008-02-12,23.84477996826172,37.647457122802734,,,12.275020599365234,96.14970397949219,10.695080757141113,12.144704818725586
2008-02-13,24.231740951538086,38.47221755981445,,,12.566186904907227,97.13260650634766,10.856674194335938,12.277618408203125
2008-02-14,23.713211059570312,37.77630615234375,,,12.305667877197266,96.27790832519531,10.738968849182129,12.12413215637207
2008-02-15,23.68612289428711,37.647457122802734,,,12.305667877197266,96.25652313232422,10.762911796569824,12.16685676574707
2008-02-19,23.624208450317383,37.57872009277344,,,12.313329696655273,96.5272216796875,10.774876594543457,12.192178726196289
2008-02-20,23.937654495239258,37.75053024291992,,,12.435929298400879,96.81208801269531,10.818772315979004,12.195340156555176
2008-02-21,23.80607795715332,37.38971710205078,,,12.328654289245605,96.00721740722656,10.689098358154297,12.046599388122559
2008-02-22,23.539072036743164,37.52718734741211,,,12.351642608642578,96.59839630126953,10.792832374572754,12.179519653320312
2008-02-25,24.018911361694336,37.7161865234375,,,12.558525085449219,97.8164291381836,10.89857006072998,12.356739044189453
2008-02-26,24.28204917907715,37.86224365234375,,,12.642817497253418,98.55006408691406,10.990337371826172,12.396303176879883
2008-02-27,24.28978729248047,38.051246643066406,,,12.627488136291504,98.45033264160156,10.966395378112793,12.418458938598633
2008-02-28,23.871856689453125,37.905181884765625,,,12.504890441894531,97.4887466430664,10.880616188049316,12.271296501159668
2008-02-29,23.23723793029785,36.900001525878906,,,12.129432678222656,95.31633758544922,10.601313591003418,11.953240394592285
2008-03-03,23.20629119873047,36.65943145751953,,,12.121771812438965,95.08838653564453,10.633234977722168,11.938992500305176
2008-03-04,23.06698226928711,36.865638732910156,,,12.006837844848633,94.72516632080078,10.623262405395508,11.901020050048828
2008-03-05,23.248849868774414,37.04605484008789,,,12.144762992858887,95.32342529296875,10.697075843811035,11.91684341430664
2008-03-06,22.59488296508789,36.229881286621094,,,11.891902923583984,93.35041046142578,10.52151870727539,11.633602142333984
2008-03-07,22.44396209716797,36.14396667480469,,,11.65437126159668,92.38886260986328,10.399822235107422,11.554482460021973
2008-03-10,22.01056671142578,35.44807052612305,,,11.370865821838379,91.1708984375,10.2262601852417,11.391496658325195
2008-03-11,22.827056884765625,36.79690933227539,,,11.845931053161621,94.44734191894531,10.489598274230957,11.749113082885742
2008-03-12,22.606487274169922,36.69380569458008,,,11.822945594787598,93.56413269042969,10.439724922180176,11.73328971862793
2008-03-13,23.144372940063477,36.97732162475586,,,12.006837844848633,93.77068328857422,10.49957275390625,11.761773109436035
2008-03-14,22.575529098510742,36.29861831665039,,,11.799955368041992,92.3176498413086,10.32401180267334,11.544984817504883
2008-03-17,22.153738021850586,35.63706588745117,,,11.447487831115723,91.38457489013672,10.17837905883789,11.470613479614258
2008-03-18,23.171457290649414,37.226470947265625,,,11.98384952545166,95.1810073852539,10.52151870727539,11.953240394592285
2008-03-19,22.56393051147461,36.30718994140625,,,11.761645317077637,92.8233642578125,10.294086456298828,11.739619255065918
2008-03-20,23.09018898010254,37.04922866821289,,,11.753985404968262,94.54270935058594,10.427835464477539,12.040630340576172
2008-03-24,23.80607795715332,38.33034133911133,,,12.091124534606934,96.43244171142578,10.681736946105957,12.179269790649414
2008-03-25,23.931610107421875,38.545284271240234,,,12.25969409942627,96.52548217773438,10.72371768951416,12.192021369934082
2008-03-26,23.776636123657227,38.433494567871094,,,12.252034187316895,95.34441375732422,10.657746315002441,12.026288032531738
2008-03-27,23.420207977294922,37.582298278808594,,,11.937881469726562,95.04379272460938,10.555780410766602,11.964144706726074
2008-03-28,23.129623413085938,37.393150329589844,,,11.953207015991211,94.13473510742188,10.477819442749023,11.838257789611816
2008-03-31,23.218732833862305,37.59090042114258,,,11.98384952545166,94.46400451660156,10.555780410766602,11.879687309265137
2008-04-01,24.09819984436035,39.1987419128418,,,12.336319923400879,97.78529357910156,10.86366081237793,12.335432052612305
2008-04-02,24.1950626373291,39.112754821777344,,,12.37463092803955,97.84969329833984,10.885658264160156,12.333845138549805
2008-04-03,24.152450561523438,39.1987419128418,,,12.46657657623291,98.09305572509766,10.907644271850586,12.362526893615723
2008-04-04,24.206680297851562,39.430877685546875,,,12.596835136413574,97.98570251464844,10.995609283447266,12.305157661437988
2008-04-07,24.08271598815918,39.34489440917969,,,12.581511497497559,98.03580474853516,10.937631607055664,12.349772453308105
2008-04-08,24.051706314086914,39.04397964477539,,,12.61982250213623,97.93563079833984,10.959624290466309,12.306748390197754
2008-04-09,23.683652877807617,38.6054801940918,,,12.497228622436523,97.22695922851562,10.831677436828613,12.168116569519043
2008-04-10,23.85411834716797,39.15573501586914,,,12.612159729003906,97.36294555664062,10.935632705688477,12.155364990234375
2008-04-11,23.315597534179688,38.072391510009766,,,12.298006057739258,95.47325897216797,10.74170970916748,11.940241813659668
2008-04-14,23.191612243652344,37.900428771972656,,,12.359304428100586,95.1511459350586,10.719719886779785,11.863750457763672
2008-04-15,23.315597534179688,37.95200729370117,,,12.451252937316895,95.3730239868164,10.749707221984863,11.913151741027832
2008-04-16,24.020706176757812,39.009586334228516,,,12.880343437194824,97.95710754394531,10.9876127243042,12.19041919708252
2008-04-17,23.92385482788086,38.92361068725586,,,12.842029571533203,98.10028076171875,11.033592224121094,12.236635208129883
2008-04-18,24.26092529296875,40.16172790527344,,,13.14852237701416,99.12383270263672,11.19552993774414,12.418298721313477
2008-04-21,24.17955780029297,40.44545364379883,,,13.20216178894043,99.1739273071289,11.261502265930176,12.338622093200684
2008-04-22,23.784381866455078,39.84358596801758,,,13.025924682617188,98.73731231689453,11.109563827514648,12.244601249694824
2008-04-23,23.8386173248291,40.282100677490234,,,12.972289085388184,98.57984924316406,11.187533378601074,12.244601249694824
2008-04-24,24.160186767578125,40.643226623535156,,,12.918654441833496,99.00929260253906,11.199527740478516,12.38961410522461
2008-04-25,24.415897369384766,40.5400505065918,,,13.094886779785156,99.9255142211914,11.261502265930176,12.493186950683594
2008-04-28,24.57086753845215,40.61742401123047,,,13.064237594604492,99.94697570800781,11.231515884399414,12.467702865600586
2008-04-29,24.35002899169922,40.92696762084961,,,12.803717613220215,99.55330657958984,11.19352912902832,12.429452896118164
2008-04-30,24.24542999267578,40.59163284301758,,,12.826705932617188,98.96635437011719,11.147547721862793,12.381643295288086
2008-05-01,24.60186004638672,41.872745513916016,,,12.94930362701416,101.01351165771484,11.355466842651367,12.60633373260498
2008-05-02,24.597984313964844,41.93294143676758,,,12.987613677978516,101.29268646240234,11.345464706420898,12.636612892150879
2008-05-05,24.477888107299805,41.81256103515625,,,13.018265724182129,100.80592346191406,11.359463691711426,12.571274757385254
2008-05-06,24.543745040893555,42.07051086425781,,,13.110210418701172,101.67924499511719,11.481415748596191,12.64776611328125
2008-05-07,24.222187042236328,41.305274963378906,,,12.880343437194824,99.86823272705078,11.33947467803955,12.364113807678223
2008-05-08,24.2686710357666,41.61479949951172,,,12.987613677978516,99.61058807373047,11.367461204528809,12.40077018737793
2008-05-09,24.303546905517578,41.451446533203125,,,12.956966400146484,99.42446899414062,11.327473640441895,12.322685241699219
2008-05-12,24.551498413085938,42.20808792114258,,,13.110210418701172,100.54112243652344,11.41943645477295,12.451763153076172
2008-05-13,24.845943450927734,42.319847106933594,,,13.186833381652832,100.55546569824219,11.463425636291504,12.427862167358398
2008-05-14,24.845943450927734,42.22528076171875,,,13.110210418701172,100.76300811767578,11.471418380737305,12.525059700012207
2008-05-15,25.14038848876953,42.964717864990234,,,13.271120071411133,102.02279663085938,11.60336685180664,12.603144645690918
2008-05-16,25.15589141845703,42.99909591674805,,,13.370732307434082,102.11585235595703,11.641352653503418,12.612709999084473
2008-05-19,24.997045516967773,42.68956756591797,,,13.209819793701172,102.39505004882812,11.665342330932617,12.649354934692383
2008-05-20,24.935054779052734,42.36283874511719,,,13.24813461303711,101.56470489501953,11.571380615234375,12.50913143157959
2008-05-21,24.60961151123047,41.425636291503906,,,12.972289085388184,99.84677124023438,11.377456665039062,12.329060554504395
2008-05-22,24.791706085205078,41.57182312011719,,,13.010604858398438,99.8611068725586,11.391453742980957,12.360933303833008
2008-05-23,24.551498413085938,41.442840576171875,,,12.926318168640137,98.52254486083984,11.283493041992188,12.196798324584961
2008-05-27,24.869192123413086,42.1736946105957,,,12.979955673217773,99.25267028808594,11.381458282470703,12.231855392456055
2008-05-28,24.997045516967773,42.34562683105469,,,13.156185150146484,99.71080017089844,11.445430755615234,12.25097942352295
2008-05-29,25.12489128112793,42.723968505859375,,,13.179169654846191,100.21182250976562,11.509407043457031,12.346589088439941
2008-05-30,25.252748489379883,42.99909591674805,,,13.209819793701172,100.46239471435547,11.587374687194824,12.321094512939453
2008-06-02,25.093904495239258,42.47462844848633,,,13.194500923156738,99.42446899414062,11.489415168762207,12.209545135498047
2008-06-03,25.03190803527832,42.24246597290039,,,13.171506881713867,98.84468078613281,11.45942211151123,12.118717193603516
2008-06-04,25.132648468017578,42.78416061401367,,,13.156185150146484,98.79458618164062,11.489415168762207,12.054975509643555
2008-06-05,25.783523559570312,43.463401794433594,,,13.493330001831055,100.7701644897461,11.727314949035645,12.274876594543457
2008-06-06,24.923431396484375,42.15647506713867,,,13.32475757598877,97.55624389648438,11.41943645477295,11.868529319763184
2008-06-09,24.9040584564209,41.93294143676758,,,13.34774398803711,97.79244995117188,11.40145206451416,11.86056900024414
2008-06-10,24.79557228088379,41.73516845703125,,,13.24813461303711,97.30571746826172,11.363462448120117,11.871718406677246
2008-06-11,24.291912078857422,40.72919464111328,,,13.12553596496582,95.8741226196289,11.207523345947266,11.672530174255371
2008-06-12,24.3267822265625,40.772193908691406,,,13.094886779785156,96.23914337158203,11.233514785766602,11.63269329071045
2008-06-13,24.81108283996582,41.58902359008789,,,13.370732307434082,97.45601654052734,11.403446197509766,11.836660385131836
2008-06-16,25.062910079956055,41.9587287902832,,,13.485665321350098,97.51332092285156,11.43143367767334,11.828695297241211
2008-06-17,24.931180953979492,41.73516845703125,,,13.539301872253418,97.0408706665039,11.423436164855957,11.742642402648926
2008-06-18,24.79557228088379,41.2880744934082,,,13.523977279663086,96.09598541259766,11.30948543548584,11.64703369140625
2008-06-19,24.989299774169922,41.93294143676758,,,13.485665321350098,96.21768188476562,11.351470947265625,11.631098747253418
2008-06-20,24.566991806030273,40.80063247680664,,,13.294106483459473,94.65591430664062,11.149744987487793,11.449614524841309
2008-06-23,24.373281478881836,40.482276916503906,,,13.401375770568848,94.56236267089844,11.135725021362305,11.409462928771973
2008-06-24,23.987213134765625,40.27578353881836,,,13.171506881713867,94.37537384033203,11.063610076904297,11.4528226852417
2008-06-25,24.297927856445312,40.929710388183594,,,13.171506881713867,94.8213882446289,11.137727737426758,11.610217094421387
2008-06-26,23.75806427001953,39.2777099609375,,,12.972289085388184,92.2459945678711,10.84926986694336,11.226373672485352
2008-06-27,23.563871383666992,39.2777099609375,,,13.056572914123535,91.742431640625,10.835241317749023,11.109126091003418
2008-06-30,23.369659423828125,38.864715576171875,,,12.995278358459473,92.0661392211914,10.847265243530273,11.091459274291992
2008-07-01,23.37744140625,39.415382385253906,,,13.033586502075195,92.35393524169922,10.839251518249512,11.152488708496094
2008-07-02,22.76378059387207,38.46891403198242,,,12.451252937316895,90.77127075195312,10.594862937927246,11.020795822143555
2008-07-03,22.530731201171875,38.40009307861328,,,12.351642608642578,90.86478424072266,10.578835487365723,11.032035827636719
2008-07-07,22.375381469726562,38.632415771484375,,,12.328654289245605,89.93675994873047,10.504720687866211,10.987069129943848
2008-07-08,23.097787857055664,39.55303955078125,,,12.428264617919922,91.53376770019531,10.594862937927246,11.117154121398926
2008-07-09,22.441410064697266,38.50333786010742,,,12.32099437713623,89.77132415771484,10.418580055236816,10.921218872070312
2008-07-10,22.678333282470703,38.9593620300293,,,12.535536766052246,90.13822174072266,10.46866226196289,10.91479778289795
2008-07-11,22.6744441986084,38.33985137939453,,,12.573850631713867,89.0879135131836,10.43260669708252,10.842521667480469
2008-07-14,22.456941604614258,38.05593490600586,,,12.573850631713867,88.2822036743164,10.424591064453125,10.715641021728516
2008-07-15,22.243328094482422,38.064517974853516,,,12.596835136413574,87.0376968383789,10.302395820617676,10.542186737060547
2008-07-16,23.04342269897461,39.010982513427734,,,12.627488136291504,89.17427062988281,10.46866226196289,10.82646369934082
2008-07-17,23.392976760864258,39.26911926269531,,,12.527872085571289,90.06629180908203,10.544785499572754,10.982250213623047
2008-07-18,23.319177627563477,38.36567306518555,,,12.428264617919922,90.62740325927734,10.538773536682129,11.057731628417969
2008-07-21,23.44346046447754,38.52915573120117,,,12.61982250213623,90.677734375,10.526750564575195,11.110732078552246
2008-07-22,24.01828384399414,38.52915573120117,,,12.650470733642578,91.70646667480469,10.59285831451416,11.28258228302002
2008-07-23,24.17752456665039,39.03679656982422,,,12.359304428100586,92.20284271240234,10.58885383605957,11.390186309814453
2008-07-24,23.571632385253906,38.45172882080078,,,12.121771812438965,90.28929138183594,10.3965482711792,11.078614234924316
2008-07-25,23.738636016845703,38.950767517089844,,,12.175406455993652,90.2677230834961,10.492696762084961,11.020795822143555
2008-07-28,23.358015060424805,38.21940612792969,,,12.206056594848633,88.94403839111328,10.324433326721191,10.840919494628906
2008-07-29,23.94837760925293,39.010982513427734,,,12.474238395690918,90.84320831298828,10.504720687866211,11.109126091003418
2008-07-30,24.014404296875,39.20887756347656,,,12.773070335388184,92.4618148803711,10.64694595336914,11.316312789916992
2008-07-31,23.81243896484375,39.114234924316406,,,12.604497909545898,91.23885345458984,10.544785499572754,11.166945457458496
2008-08-01,23.95615005493164,38.61520004272461,,,12.558525085449219,90.75686645507812,10.464658737182617,11.117154121398926
2008-08-04,23.653202056884766,38.22800827026367,,,12.114108085632324,89.91519927978516,10.340457916259766,11.056130409240723
2008-08-05,24.24355697631836,39.518619537353516,,,12.275020599365234,92.33949279785156,10.518742561340332,11.313102722167969
2008-08-06,24.360069274902344,40.12092590332031,,,12.412941932678223,92.7495346069336,10.691015243530273,11.382160186767578
2008-08-07,24.092084884643555,39.811153411865234,,,12.175406455993652,91.36835479736328,10.528759002685547,11.118767738342285
2008-08-08,24.740699768066406,40.7145881652832,,,12.351642608642578,93.06607818603516,10.763130187988281,11.428735733032227
2008-08-11,25.358251571655273,41.08456039428711,,,12.328654289245605,94.03005981445312,10.805195808410645,11.489765167236328
2008-08-12,25.16016387939453,41.127586364746094,,,12.275020599365234,93.05168151855469,10.765130043029785,11.258491516113281
2008-08-13,25.206777572631836,41.04155731201172,,,12.46657657623291,92.49059295654297,10.831242561340332,11.1862211227417
2008-08-14,25.373779296875,41.514766693115234,,,12.566186904907227,93.1883773803711,10.887330055236816,11.256885528564453
2008-08-15,25.428159713745117,41.437355041503906,,,12.451252937316895,93.64160919189453,10.891331672668457,11.303462028503418
2008-08-18,24.977615356445312,40.95551681518555,,,12.328654289245605,92.36109161376953,10.739092826843262,11.14606761932373
2008-08-19,24.569801330566406,40.447872161865234,,,12.298006057739258,91.35397338867188,10.656964302062988,11.003127098083496
2008-08-20,24.62029266357422,40.51670455932617,,,12.474238395690918,91.77839660644531,10.739092826843262,11.06737232208252
2008-08-21,24.426103591918945,40.327415466308594,,,12.527872085571289,91.93663787841797,10.773141860961914,11.064157485961914
2008-08-22,24.84945297241211,40.86085510253906,,,12.535536766052246,93.26751708984375,10.857279777526855,11.219945907592773
2008-08-25,24.39891242980957,40.00046157836914,,,12.305667877197266,91.37554931640625,10.676992416381836,11.024008750915527
2008-08-26,24.441635131835938,39.9488410949707,,,12.359304428100586,91.64170837402344,10.69902515411377,11.05291748046875
2008-08-27,24.697975158691406,40.206947326660156,,,12.481898307800293,92.53376770019531,10.769139289855957,11.15731143951416
2008-08-28,25.08637046813965,40.533935546875,,,12.527872085571289,93.65597534179688,10.883321762084961,11.317916870117188
2008-08-29,24.833921432495117,39.68212127685547,,,12.39761734008789,92.64886474609375,10.747105598449707,11.333980560302734
2008-09-02,24.958202362060547,39.19166564941406,,,12.175406455993652,92.0733413696289,10.640935897827148,11.221552848815918
2008-09-03,25.02423095703125,38.82170104980469,,,12.052810668945312,91.99422454833984,10.554803848266602,11.280977249145508
2008-09-04,24.251319885253906,37.56549072265625,,,11.60839557647705,89.22462463378906,10.21225357055664,11.033638954162598
2008-09-05,24.231903076171875,37.38481521606445,,,11.585413932800293,89.50515747070312,10.280360221862793,11.036855697631836
2008-09-08,24.814496994018555,37.315975189208984,,,11.600735664367676,91.35397338867188,10.358487129211426,11.298643112182617
2008-09-09,23.998865127563477,36.52439498901367,,,11.171648025512695,88.64193725585938,10.062015533447266,10.988677024841309
2008-09-10,24.270742416381836,36.82554626464844,,,11.409184455871582,89.00161743164062,10.13413143157959,10.979039192199707
2008-09-11,24.464946746826172,37.51387405395508,,,11.539438247680664,90.28929138183594,10.290376663208008,10.954943656921387
2008-09-12,24.5231990814209,37.36759948730469,,,11.585413932800293,90.70651245117188,10.356484413146973,11.1043062210083
2008-09-15,23.610471725463867,36.2060432434082,,,11.11034870147705,86.3902587890625,9.981888771057129,10.56949234008789
2008-09-16,24.305700302124023,36.48997497558594,,,11.301905632019043,87.83621978759766,10.058004379272461,10.726883888244629
2008-09-17,23.28421974182129,34.59708786010742,,,10.681258201599121,83.8868179321289,9.663384437561035,10.195281028747559
2008-09-18,24.655256271362305,35.76723098754883,,,11.148662567138672,86.37589263916016,9.925802230834961,10.6947603225708
2008-09-19,25.292219161987305,36.93646240234375,,,11.65437126159668,89.8061752319336,10.25145149230957,11.146759986877441
2008-09-22,24.546506881713867,35.1972770690918,,,11.324892044067383,87.77300262451172,9.988438606262207,10.838839530944824
2008-09-23,24.23966407775879,34.93035888671875,,,11.133336067199707,85.77603912353516,9.797704696655273,10.686498641967773
2008-09-24,23.793012619018555,35.17142868041992,,,11.079703330993652,86.05096435546875,9.833843231201172,10.623291015625
2008-09-25,23.92506980895996,35.73109436035156,,,11.194633483886719,87.39679718017578,9.944267272949219,10.877735137939453
2008-09-26,24.12763023376465,35.369441986083984,,,11.125672340393066,87.44019317626953,10.01052188873291,10.902045249938965
2008-09-29,22.651296615600586,32.56262969970703,,,10.152563095092773,80.5882339477539,9.313843727111816,10.229475975036621
2008-09-30,23.18107032775879,33.50111389160156,,,10.47437572479248,83.92376708984375,9.51260757446289,10.469334602355957
2008-10-01,23.17327880859375,33.14812088012695,,,10.47437572479248,83.97444152832031,9.368049621582031,10.595742225646973
2008-10-02,21.86055564880371,31.641361236572266,,,9.807757377624512,80.92828369140625,8.964500427246094,10.1743803024292
2008-10-03,21.404800415039062,31.150617599487305,,,9.692821502685547,79.83576965332031,8.848052024841309,10.046347618103027
2008-10-06,20.62184715270996,30.014102935791016,,,9.348014831542969,75.76946258544922,8.502717971801758,9.782184600830078
2008-10-07,19.387014389038086,28.111316680908203,,,8.719706535339355,72.37604522705078,8.061018943786621,9.124201774597168
2008-10-08,18.978008270263672,27.887460708618164,,,8.604774475097656,70.55270385742188,7.9746928215026855,8.973483085632324
2008-10-09,17.40041732788086,27.138391494750977,,,8.221658706665039,65.62535858154297,7.563108921051025,8.103200912475586
2008-10-10,18.198944091796875,26.966197967529297,,,8.083735466003418,64.0335693359375,7.350286960601807,8.158300399780273
2008-10-13,19.577892303466797,30.24656867980957,,,9.125807762145996,73.33108520507812,8.225652694702148,8.99293041229248
2008-10-14,19.242887496948242,28.937875747680664,,,8.911269187927246,72.24577331542969,8.052993774414062,9.067479133605957
2008-10-15,17.486101150512695,26.346290588378906,,,8.106721878051758,65.13336944580078,7.227812767028809,8.260405540466309
2008-10-16,18.452144622802734,27.775529861450195,,,8.4668550491333,67.8466567993164,7.571135520935059,8.57480525970459
2008-10-17,17.9691162109375,27.80997085571289,,,8.543471336364746,67.44145202636719,7.63337516784668,8.573183059692383
2008-10-20,18.802719116210938,28.58485984802246,,,8.796333312988281,71.49331665039062,7.916465759277344,8.945934295654297
2008-10-21,18.42098045349121,27.10395622253418,,,8.673734664916992,69.35884094238281,7.719706058502197,8.762803077697754
2008-10-22,17.341978073120117,26.35489845275879,,,8.213995933532715,65.58191680908203,7.362330436706543,8.211784362792969
2008-10-23,16.847270965576172,26.251577377319336,,,8.014771461486816,66.34169006347656,7.221791744232178,8.039992332458496
2008-10-24,16.07209587097168,25.40781021118164,,,7.838542461395264,62.97724151611328,6.838316917419434,8.158300399780273
2008-10-27,15.639721870422363,24.70180320739746,,,7.5780229568481445,60.741458892822266,6.858393669128418,7.74989652633667
2008-10-28,16.668087005615234,27.431137084960938,,,7.945813179016113,67.83942413330078,7.354302406311035,8.563459396362305
2008-10-29,17.006975173950195,27.362253189086914,,,8.198668479919434,67.34737396240234,7.426581382751465,8.824383735656738
2008-10-30,17.762666702270508,28.274900436401367,,,8.474513053894043,69.67725372314453,7.699631214141846,8.665560722351074
2008-10-31,18.600170135498047,28.31795310974121,,,8.604774475097656,70.06070709228516,7.80804443359375,8.71094036102295
2008-11-03,18.475515365600586,28.257680892944336,,,8.604774475097656,70.26327514648438,7.7939958572387695,8.884346008300781
2008-11-04,18.763763427734375,29.05839729309082,,,8.750356674194336,72.65099334716797,8.091136932373047,9.224684715270996
2008-11-05,17.786039352416992,27.543073654174805,,,8.328929901123047,69.59758758544922,7.649435997009277,8.665560722351074
2008-11-06,17.112152099609375,26.31184959411621,,,8.007111549377441,65.74113464355469,7.296077251434326,8.236091613769531
2008-11-07,17.369237899780273,26.854270935058594,,,8.114384651184082,67.9117660522461,7.5289716720581055,8.419224739074707
2008-11-10,16.987497329711914,26.49265480041504,,,8.053088188171387,67.02181243896484,7.446655750274658,8.370609283447266
2008-11-11,16.613544464111328,25.915796279907227,,,7.738931655883789,64.95246124267578,7.239860534667969,8.216644287109375
2008-11-12,15.678668022155762,24.719011306762695,,,7.424779415130615,62.0944938659668,6.902562618255615,7.8050007820129395
2008-11-13,16.878437042236328,26.225749969482422,,,7.861527919769287,65.96540069580078,7.362330436706543,8.305782318115234
2008-11-14,15.71762752532959,24.95148277282715,,,7.5703606605529785,62.67332458496094,7.091290473937988,7.949236869812012
2008-11-17,15.581286430358887,24.42628288269043,,,7.409452438354492,61.841243743896484,6.912602424621582,7.761242389678955
2008-11-18,15.554022789001465,24.40045166015625,,,7.271533489227295,63.00613784790039,6.884493350982666,7.8050007820129395
2008-11-19,14.295835494995117,23.126182556152344,,,6.735169887542725,58.96876907348633,6.53715705871582,7.382012844085693
2008-11-20,13.37264347076416,22.00690269470215,,,6.252445220947266,54.59133529663086,6.095455646514893,6.819653511047363
2008-11-21,14.104958534240723,22.962596893310547,,,6.735169887542725,57.5361213684082,6.394608020782471,7.182675838470459
2008-11-24,15.113851547241211,24.366012573242188,,,7.1642608642578125,61.52287673950195,6.866423606872559,7.732076644897461
2008-11-25,15.339780807495117,24.25408172607422,,,7.447761058807373,61.97872543334961,6.8483567237854,7.868205547332764
2008-11-26,16.11884117126465,25.270051956176758,,,7.5703606605529785,64.37364196777344,7.125420570373535,8.06916618347168
2008-11-28,16.39540672302246,25.072021484375,,,7.593348503112793,65.18399810791016,7.167585372924805,8.216644287109375
2008-12-01,14.665885925292969,23.186452865600586,,,7.07997465133667,59.41014099121094,6.639550685882568,7.454944610595703
2008-12-02,15.324201583862305,23.961341857910156,,,7.294517993927002,61.696502685546875,6.6917548179626465,7.725590705871582
2008-12-03,15.830591201782227,24.641523361206055,,,7.47075080871582,63.17977523803711,6.958778381347656,8.085375785827637
2008-12-04,15.351473808288574,23.944129943847656,,,7.263868808746338,61.71824645996094,6.749974727630615,7.808239459991455
2008-12-05,15.896814346313477,24.917043685913086,,,7.524385929107666,63.62116622924805,6.988897323608398,8.082130432128906
2008-12-08,16.551227569580078,25.898574829101562,,,7.5780229568481445,65.84244537353516,7.215771198272705,8.40626049041748
2008-12-09,16.111047744750977,25.83830451965332,,,7.424779415130615,64.7571029663086,7.091290473937988,8.210163116455078
2008-12-10,16.47332191467285,25.752206802368164,,,7.4630913734436035,65.19845581054688,7.241870880126953,8.32360553741455
2008-12-11,15.608551025390625,25.046192169189453,,,7.286858558654785,63.628387451171875,6.994918346405029,8.015685081481934
2008-12-12,16.16559410095215,25.554180145263672,,,7.3558149337768555,64.38813018798828,7.0431060791015625,8.057821273803711
2008-12-15,15.6864652633667,25.106456756591797,,,7.271533489227295,63.490901947021484,7.006965637207031,7.978409290313721
2008-12-16,16.5784912109375,26.31184959411621,,,7.455430030822754,66.4791259765625,7.3382391929626465,8.407881736755371
2008-12-17,16.88232421875,25.99327850341797,,,7.532051086425781,65.83519744873047,7.314149856567383,8.31712532043457
2008-12-18,16.63302230834961,25.536958694458008,,,7.509063243865967,64.60518646240234,7.135460376739502,8.06916618347168
2008-12-19,16.707040786743164,25.74648094177246,,,7.486817836761475,64.32726287841797,7.245973110198975,8.103458404541016
2008-12-22,16.535648345947266,25.186025619506836,,,7.302716255187988,63.50302505493164,7.0906853675842285,7.957437992095947
2008-12-23,16.227920532226562,25.05668830871582,,,7.348744869232178,62.84654998779297,7.014053821563721,7.914776802062988
2008-12-24,16.325891494750977,25.12566566467285,,,7.364081382751465,63.21127700805664,7.040271282196045,7.941028118133545
2008-12-26,16.580615997314453,25.117034912109375,,,7.425452709197998,63.57597732543945,7.106822490692139,8.0066556930542
2008-12-29,16.267101287841797,24.910110473632812,,,7.249017715454102,63.39362335205078,7.066490650177002,7.963996410369873
2008-12-30,16.81965446472168,25.42745018005371,,,7.525170803070068,64.89620971679688,7.209674835205078,8.162522315979004
2008-12-31,17.231138229370117,25.643009185791016,,,7.6709184646606445,65.8226089477539,7.330674171447754,8.30034351348877
2009-01-02,17.521129608154297,26.755300521850586,,,7.84735107421875,67.80657196044922,7.602929592132568,8.474254608154297
2009-01-05,17.501537322998047,26.74669075012207,,,7.732285976409912,67.72637176513672,7.610995292663574,8.421753883361816
2009-01-06,17.701398849487305,27.013967514038086,,,7.716944694519043,68.17855834960938,7.691665172576904,8.467697143554688
2009-01-07,17.133167266845703,26.246585845947266,,,7.640238285064697,66.13619995117188,7.512176513671875,8.2281494140625
2009-01-08,17.20762825012207,26.522493362426758,,,7.686262130737305,66.40608978271484,7.532346248626709,8.23963737487793
2009-01-09,16.568851470947266,25.927553176879883,,,7.59420919418335,64.98372650146484,7.358907222747803,8.085407257080078
2009-01-12,16.098588943481445,25.453323364257812,,,7.555857181549072,63.42280578613281,7.195554256439209,7.896726131439209
2009-01-13,16.239667892456055,25.461944580078125,,,7.5788679122924805,63.53947830200195,7.217742443084717,7.893447399139404
2009-01-14,15.57737922668457,24.685922622680664,,,7.402437686920166,61.540916442871094,6.985821723937988,7.6260085105896
2009-01-15,15.800764083862305,25.0911865234375,,,7.5711989402771,61.562747955322266,7.046319961547852,7.583353042602539
2009-01-16,16.01237678527832,25.367109298706055,,,7.6479082107543945,62.04418182373047,7.12900447845459,7.648977756500244
2009-01-20,14.94253158569336,24.108224868774414,,,7.44079065322876,58.769100189208984,6.804318904876709,7.199429512023926
2009-01-21,15.581299781799316,25.134292602539062,,,7.60955286026001,61.30747604370117,7.008005142211914,7.5554585456848145
2009-01-22,15.142387390136719,24.798019409179688,,,7.494489669799805,60.35924530029297,6.947502136230469,7.430768013000488
2009-01-23,15.220763206481934,24.918733596801758,,,7.4791460037231445,60.621826171875,6.977754592895508,7.489835739135742
2009-01-26,15.377524375915527,25.09980010986328,,,7.532841682434082,61.03760528564453,7.010021686553955,7.493112087249756
2009-01-27,15.557793617248535,25.280874252319336,,,7.586537837982178,61.65760803222656,7.098757743835449,7.578431129455566
2009-01-28,16.180889129638672,26.168983459472656,,,7.724616050720215,63.743717193603516,7.318575859069824,7.813054084777832
2009-01-29,15.510762214660645,25.505054473876953,,,7.60955286026001,61.672203063964844,7.116908073425293,7.547259330749512
2009-01-30,15.216856002807617,25.05668830871582,,,7.502161026000977,60.41756057739258,6.943471908569336,7.379901885986328
2009-02-02,15.287396430969238,25.35847282409668,,,7.60188102722168,60.2352409362793,6.955571174621582,7.379901885986328
2009-02-03,15.346174240112305,25.755109786987305,,,7.709273338317871,61.081363677978516,7.088672161102295,7.463577747344971
2009-02-04,15.275638580322266,25.78959846496582,,,7.60955286026001,60.782283782958984,7.078588008880615,7.432409286499023
2009-02-05,15.436308860778809,26.358673095703125,,,7.6709184646606445,61.68677520751953,7.233874797821045,7.417641639709473
2009-02-06,16.063322067260742,27.0484619140625,,,7.762970447540283,63.44465637207031,7.395206451416016,7.6703104972839355
2009-02-09,15.898731231689453,27.160558700561523,,,7.755298614501953,63.53217697143555,7.397228717803955,7.717890739440918
2009-02-10,15.220763206481934,26.16036033630371,,,7.532841682434082,60.621826171875,7.108837127685547,7.30935525894165
2009-02-11,15.212937355041504,26.039642333984375,,,7.532841682434082,60.979248046875,7.1148905754089355,7.3684186935424805
2009-02-12,15.330493927001953,26.358673095703125,,,7.60955286026001,61.023014068603516,7.159257888793945,7.361854553222656
2009-02-13,15.169818878173828,26.237960815429688,,,7.632567405700684,60.36652755737305,7.163289546966553,7.281461238861084
2009-02-17,14.546735763549805,25.194643020629883,,,7.555857181549072,57.78438949584961,6.852720260620117,6.9401936531066895
2009-02-18,14.405646324157715,25.211891174316406,,,7.456131458282471,57.64582061767578,6.846667766571045,6.881129741668701
2009-02-19,14.256735801696777,24.82388687133789,,,7.341067314147949,57.025821685791016,6.770033359527588,6.790891647338867
2009-02-20,14.143087387084961,24.892873764038086,,,7.318056106567383,56.47142028808594,6.7216362953186035,6.7022905349731445
2009-02-23,13.516074180603027,24.02200698852539,,,7.126286029815674,54.450958251953125,6.467528820037842,6.493923664093018
2009-02-24,14.021605491638184,24.81527328491211,,,7.249017715454102,56.51520538330078,6.687349796295166,6.787610054016113
2009-02-25,13.692420959472656,24.65144157409668,,,7.1569671630859375,56.070247650146484,6.616766929626465,6.726900577545166
2009-02-26,13.48081111907959,23.961650848388672,,,6.903829097747803,55.15849304199219,6.4735822677612305,6.657992362976074
2009-02-27,13.418110847473145,23.73746681213379,,,6.804107666015625,53.92576217651367,6.4090471267700195,6.475877285003662
2009-03-02,12.653932571411133,22.97006607055664,,,6.535621643066406,51.49680709838867,6.082341194152832,6.167419910430908
2009-03-03,12.44231128692627,22.95282554626465,,,6.466585159301758,51.11024475097656,6.094442367553711,6.0952277183532715
2009-03-04,12.685283660888672,23.565017700195312,,,6.59699010848999,52.32105255126953,6.2598114013671875,6.201875686645508
2009-03-05,12.070023536682129,22.85797119140625,,,6.412888526916504,50.18387222290039,6.033942699432373,5.913110256195068
2009-03-06,12.030834197998047,22.676912307739258,,,6.366862773895264,50.271400451660156,5.961343288421631,5.880297660827637
2009-03-09,11.799622535705566,22.194047927856445,,,6.259469985961914,49.68059158325195,5.923025608062744,5.924594879150391
2009-03-10,12.516770362854004,23.565017700195312,,,6.458913803100586,52.64200210571289,6.2598114013671875,6.298677444458008
2009-03-11,12.563798904418945,23.927160263061523,,,6.39754581451416,52.98481369018555,6.358628749847412,6.351181507110596
2009-03-12,13.233919143676758,24.720413208007812,,,6.627676010131836,55.070945739746094,6.505846977233887,6.602207660675049
2009-03-13,13.410269737243652,24.780773162841797,,,6.742738723754883,55.50130081176758,6.552231788635254,6.703933238983154
2009-03-16,13.233919143676758,24.366897583007812,,,6.635345935821533,55.333518981933594,6.523999214172363,6.674400806427002
2009-03-17,13.782562255859375,25.289499282836914,,,6.7887654304504395,57.025821685791016,6.6913862228393555,6.868004322052002
2009-03-18,14.237146377563477,25.608522415161133,,,6.880816459655762,58.302276611328125,6.788187026977539,7.063248157501221
2009-03-19,14.072549819946289,25.59128189086914,,,6.804107666015625,57.58015060424805,6.7639851570129395,6.933631896972656
2009-03-20,13.578776359558105,25.20176887512207,,,6.689042568206787,56.35404968261719,6.6635870933532715,6.774543285369873
2009-03-23,14.719157218933105,26.68726921081543,,,6.934512138366699,60.401885986328125,7.104857444763184,7.265066146850586
2009-03-24,14.205792427062988,26.19498062133789,,,6.850128650665283,59.21179962158203,6.957090377807617,7.130837440490723
2009-03-25,14.49835205078125,26.315900802612305,,,6.911496639251709,59.83619689941406,6.989477157592773,7.228610038757324
2009-03-26,15.135393142700195,27.127742767333984,,,7.08026123046875,61.05573654174805,7.212139129638672,7.331354141235352
2009-03-27,14.667441368103027,26.618179321289062,,,6.965193748474121,59.95375442504883,7.044129848480225,7.188836097717285
2009-03-30,14.238821029663086,25.961793899536133,,,6.888484001159668,57.882110595703125,6.82551908493042,6.9336323738098145
2009-03-31,14.30960750579834,26.18634033203125,,,7.034233093261719,58.418373107910156,6.906486988067627,7.049633026123047
2009-04-01,14.620260238647461,26.57499885559082,,,6.972865581512451,59.549720764160156,7.007696151733398,7.150721549987793
2009-04-02,15.328067779541016,27.43002700805664,,,7.0956034660339355,61.29082107543945,7.232378959655762,7.306497097015381
2009-04-03,15.622986793518066,27.93958854675293,,,7.049574851989746,61.900569915771484,7.321444034576416,7.381068229675293
2009-04-06,15.39098834991455,27.87049674987793,,,7.072587966918945,61.41569519042969,7.26678991317749,7.366156578063965
2009-04-07,14.820802688598633,27.136383056640625,,,6.965193748474121,59.98316192626953,7.076518535614014,7.250152587890625
2009-04-08,15.088191986083984,27.594114303588867,,,7.011220932006836,60.62963104248047,7.189871311187744,7.22529411315918
2009-04-09,16.00835418701172,28.449146270751953,,,7.164640426635742,63.03924560546875,7.424677848815918,7.53684663772583
2009-04-13,16.055545806884766,28.405960083007812,,,7.1799798011779785,63.053955078125,7.448965549468994,7.57993221282959
2009-04-14,15.548279762268066,28.060497283935547,,,7.087930679321289,61.966670989990234,7.343708515167236,7.389357566833496
2009-04-15,15.811741828918457,27.982763290405273,,,7.1339569091796875,62.627891540527344,7.3720502853393555,7.488790035247803
2009-04-16,16.248226165771484,28.708248138427734,,,7.226008892059326,63.54613494873047,7.513741970062256,7.6263322830200195
2009-04-17,16.45270347595215,28.768718719482422,,,7.27970552444458,63.972225189208984,7.540055274963379,7.710849285125732
2009-04-20,15.650525093078613,27.844581604003906,,,7.1186137199401855,61.29082107543945,7.248571872711182,7.3180999755859375
2009-04-21,16.189239501953125,28.233217239379883,,,7.1569671630859375,62.488243103027344,7.353827476501465,7.483818054199219
2009-04-22,16.303279876708984,28.319602966308594,,,7.1569671630859375,62.106285095214844,7.353827476501465,7.389357566833496
2009-04-23,16.216766357421875,28.595977783203125,,,7.103271484375,62.71603012084961,7.394315242767334,7.488790035247803
2009-04-24,16.499879837036133,29.096891403198242,,,7.126286029815674,63.66370391845703,7.54207706451416,7.54347562789917
2009-04-27,16.334733963012695,29.131441116333008,,,7.172311305999756,63.0612678527832,7.511715888977051,7.483818054199219
2009-04-28,16.385852813720703,28.915531158447266,,,7.226008892059326,62.86293029785156,7.485401630401611,7.468897819519043
2009-04-29,16.956037521362305,29.312807083129883,,,7.32572603225708,64.1999740600586,7.667579174041748,7.613073825836182
2009-04-30,16.897048950195312,29.606449127197266,,,7.37942361831665,64.22200775146484,7.683770179748535,7.614734649658203
2009-05-01,16.967832565307617,29.684194564819336,,,7.333398818969727,64.5672836303711,7.697939395904541,7.629647254943848
2009-05-04,17.57734489440918,30.2714786529541,,,7.471477031707764,66.76387786865234,7.91452693939209,7.922967910766602
2009-05-05,17.463302612304688,30.245586395263672,,,7.486817836761475,66.53612518310547,7.9044013023376465,7.88153600692749
2009-05-06,17.51048469543457,30.254209518432617,,,7.463807582855225,67.68948364257812,7.963105201721191,8.083715438842773
2009-05-07,17.20769691467285,29.546001434326172,,,7.433122634887695,66.7491683959961,7.845702648162842,7.999199390411377
2009-05-08,17.746423721313477,29.563282012939453,,,7.471477031707764,68.3066177368164,7.944883346557617,8.246115684509277
2009-05-11,17.404321670532227,29.666921615600586,,,7.4791460037231445,67.02830505371094,7.845702648162842,8.02736759185791
2009-05-12,17.129056930541992,29.304189682006836,,,7.44079065322876,66.82997131347656,7.797126293182373,8.040624618530273
2009-05-13,16.31900978088379,28.51824188232422,,,7.32572603225708,65.14765167236328,7.59470796585083,7.838450908660889
2009-05-14,16.50775909423828,28.837799072265625,,,7.37942361831665,65.70602416992188,7.66150426864624,7.929598808288574
2009-05-15,16.444839477539062,28.820520401000977,,,7.287373065948486,65.1697006225586,7.592681407928467,7.8235368728637695
2009-05-18,17.03468132019043,29.571914672851562,,,7.402437686920166,67.02096557617188,7.827486038208008,8.05388355255127
2009-05-19,17.011083602905273,29.710102081298828,,,7.387097358703613,66.94020080566406,7.85380220413208,8.037314414978027
2009-05-20,16.889190673828125,29.606449127197266,,,7.387097358703613,66.49205017089844,7.807242393493652,7.975998401641846
2009-05-21,16.613929748535156,29.062353134155273,,,7.302716255187988,65.53701782226562,7.651384353637695,7.879880905151367
2009-05-22,16.43305206298828,28.96735191345215,,,7.287373065948486,65.39743041992188,7.701985836029053,7.916341781616211
2009-05-26,17.270620346069336,30.046924591064453,,,7.494489669799805,67.07241821289062,7.8699951171875,8.050567626953125
2009-05-27,16.900983810424805,29.839656829833984,,,7.364081382751465,65.87496185302734,7.784980297088623,7.909709453582764
2009-05-28,16.90491485595703,30.185108184814453,,,7.348744869232178,66.79328155517578,7.872016906738281,8.007484436035156
2009-05-29,17.21163558959961,30.55648422241211,,,7.37942361831665,67.97600555419922,7.9590606689453125,8.131771087646484
2009-06-01,17.946975708007812,31.428800582885742,,,7.54051399230957,69.62161254882812,8.230294227600098,8.31240463256836
2009-06-02,18.13572120666504,31.47199058532715,,,7.632567405700684,69.68035888671875,8.25458812713623,8.304121017456055
2009-06-03,17.9351749420166,31.37698745727539,,,7.5788679122924805,68.79885864257812,8.118967056274414,8.176517486572266
2009-06-04,18.289079666137695,31.731075286865234,,,7.5788679122924805,69.44527435302734,8.197912216186523,8.2527437210083
2009-06-05,18.26942253112793,31.765625,,,7.563523769378662,69.45999145507812,8.210057258605957,8.259377479553223
2009-06-08,18.0295467376709,31.670612335205078,,,7.548182010650635,69.1734848022461,8.191840171813965,8.242806434631348
2009-06-09,18.127859115600586,31.91244125366211,,,7.5711989402771,69.52607727050781,8.26268196105957,8.249429702758789
2009-06-10,18.049217224121094,31.8001708984375,,,7.517501354217529,69.34976959228516,8.218151092529297,8.214627265930176
2009-06-11,17.954837799072266,31.8001708984375,,,7.486817836761475,69.65834045410156,8.252567291259766,8.337259292602539
2009-06-12,17.986297607421875,31.653350830078125,,,7.463807582855225,69.84935760498047,8.24649429321289,8.327317237854004
2009-06-15,17.53801727294922,31.005605697631836,,,7.341067314147949,68.24781799316406,8.070388793945312,8.118513107299805
2009-06-16,17.180179595947266,30.703310012817383,,,7.233676433563232,67.32217407226562,7.961081504821777,8.024056434631348
2009-06-17,17.34532928466797,30.996963500976562,,,7.341067314147949,67.2560806274414,7.979302883148193,7.989253044128418
2009-06-18,17.42005157470703,30.93650245666504,,,7.371753692626953,67.74827575683594,8.00561237335205,8.072113990783691
2009-06-19,17.52621841430664,31.268569946289062,,,7.420248031616211,67.99797821044922,8.040929794311523,8.083473205566406
2009-06-22,16.912790298461914,30.33465003967285,,,7.258603572845459,65.95893859863281,7.8034749031066895,7.913084983825684
2009-06-23,16.756654739379883,30.265485763549805,,,7.2124176025390625,66.01063537597656,7.793327331542969,7.891366004943848
2009-06-24,16.87493896484375,30.775665283203125,,,7.289392471313477,66.57952117919922,7.884654998779297,7.906402111053467
2009-06-25,17.312578201293945,31.380971908569336,,,7.443338871002197,68.02754211425781,8.044984817504883,8.068436622619629
2009-06-26,17.509708404541016,31.450159072875977,,,7.427944660186768,67.85022735595703,8.042957305908203,8.063426971435547
2009-06-29,17.549137115478516,31.519325256347656,,,7.489525318145752,68.48558807373047,8.105875015258789,8.14862060546875
2009-06-30,17.51759910583496,31.458816528320312,,,7.4587321281433105,67.93150329589844,8.057161331176758,8.083473205566406
2009-07-01,17.82119369506836,31.476102828979492,,,7.528010368347168,68.21224212646484,8.067312240600586,8.123564720153809
2009-07-02,17.225831985473633,30.78431510925293,,,7.358669281005859,66.35051727294922,7.874511241912842,7.926446914672852
2009-07-06,17.064176559448242,30.620019912719727,,,7.312483310699463,66.34307861328125,7.825798988342285,7.931459903717041
2009-07-07,16.760587692260742,29.859052658081055,,,7.22011661529541,65.05764770507812,7.667494773864746,7.799492835998535
2009-07-08,16.677791595458984,30.01470947265625,,,7.266302108764648,65.0132827758789,7.6877946853637695,7.776102542877197
2009-07-09,16.6304874420166,30.06659507751465,,,7.2739973068237305,65.13887786865234,7.716207504272461,7.767751693725586
2009-07-10,16.721166610717773,30.196300506591797,,,7.297089099884033,64.9837417602539,7.714176177978516,7.729328155517578
2009-07-13,17.099666595458984,30.775665283203125,,,7.412550449371338,66.56475067138672,7.862332344055176,7.9414801597595215
2009-07-14,17.229774475097656,30.888080596923828,,,7.489525318145752,66.94153594970703,7.915096282958984,7.9765625
2009-07-15,17.876388549804688,31.925750732421875,,,7.643473148345947,68.89933013916016,8.148492813110352,8.212099075317383
2009-07-16,18.07746696472168,32.30624008178711,,,7.712747573852539,68.78848266601562,8.23779296875,8.29061222076416
2009-07-17,18.041982650756836,32.47917556762695,,,7.720442295074463,69.54204559326172,8.26417350769043,8.247179985046387
2009-07-20,18.254884719848633,32.79048538208008,,,7.8282060623168945,70.28083038330078,8.369709014892578,8.330704689025879
2009-07-21,18.191804885864258,33.01531219482422,,,7.835907936096191,70.60586547851562,8.412328720092773,8.360774040222168
2009-07-22,18.325855255126953,33.292030334472656,,,7.820511817932129,70.59112548828125,8.42044734954834,8.342395782470703
2009-07-23,18.8739070892334,34.027042388916016,,,7.935970783233643,72.14996337890625,8.627457618713379,8.526150703430176
2009-07-24,18.936979293823242,33.76762390136719,,,7.9205732345581055,72.44548797607422,8.623395919799805,8.557888984680176
2009-07-27,18.99217987060547,34.027042388916016,,,7.8743896484375,72.65972900390625,8.621370315551758,8.601324081420898
2009-07-28,19.031620025634766,33.793575286865234,,,7.9205732345581055,72.31988525390625,8.63151741027832,8.579607009887695
2009-07-29,18.936979293823242,34.01839065551758,,,7.905178070068359,72.14256286621094,8.574687004089355,8.521134376525879
2009-07-30,19.224809646606445,34.217288970947266,,,7.989853858947754,72.8961181640625,8.670077323913574,8.678163528442383
2009-07-31,19.224809646606445,34.113502502441406,,,7.928269863128662,72.99959564208984,8.666014671325684,8.679832458496094
2009-08-03,19.603307723999023,34.623695373535156,,,7.982152462005615,74.20379638671875,8.820262908935547,8.786744117736816
2009-08-04,19.713706970214844,34.623695373535156,,,8.005248069763184,74.39586639404297,8.834467887878418,8.810135841369629
2009-08-05,19.520511627197266,34.35563659667969,,,7.966761112213135,74.18164825439453,8.77967357635498,8.838531494140625
2009-08-06,19.26422691345215,34.05299758911133,,,7.935970783233643,73.79745483398438,8.72690200805664,8.8134765625
2009-08-07,19.788618087768555,34.485347747802734,,,8.06682300567627,74.7652816772461,8.830406188964844,8.937091827392578
2009-08-10,19.788618087768555,34.24322509765625,,,8.028338432312012,74.61011505126953,8.775612831115723,8.918716430664062
2009-08-11,19.50079917907715,33.94921875,,,7.974456787109375,73.67929077148438,8.704575538635254,8.795099258422852
2009-08-12,19.72553253173828,34.4766960144043,,,8.012944221496582,74.46977233886719,8.814172744750977,8.880292892456055
2009-08-13,19.871421813964844,34.66694641113281,,,8.02064037322998,75.03864288330078,8.873029708862305,8.910362243652344
2009-08-14,19.50473976135254,34.2691764831543,,,7.91287899017334,74.46236419677734,8.769522666931152,8.880292892456055
2009-08-17,18.96064567565918,33.27473068237305,,,7.797418594360352,72.63017272949219,8.5442476272583,8.696538925170898
2009-08-18,19.228744506835938,33.750328063964844,,,7.843601703643799,73.2064208984375,8.641667366027832,8.768370628356934
2009-08-19,19.34703826904297,33.98379898071289,,,7.882088661193848,73.84918212890625,8.700517654418945,8.818486213684082
2009-08-20,19.59147834777832,34.381591796875,,,7.982152462005615,74.61011505126953,8.80402660369873,8.913701057434082
2009-08-21,20.033069610595703,34.83991241455078,,,8.051430702209473,76.07293701171875,8.9481201171875,9.075740814208984
2009-08-24,20.005468368530273,34.80531692504883,,,8.02064037322998,76.06553649902344,8.9481201171875,9.069056510925293
2009-08-25,20.072490692138672,34.9090690612793,,,8.06682300567627,76.21329498291016,8.964353561401367,9.112489700317383
2009-08-26,20.10797691345215,34.84853744506836,,,8.03603744506836,76.22065734863281,8.958267211914062,9.090774536132812
2009-08-27,20.088274002075195,34.93501281738281,,,8.043730735778809,76.3906021118164,8.98059368133545,9.125856399536133
2009-08-28,20.017305374145508,34.96961212158203,,,8.028338432312012,76.3758316040039,8.978560447692871,9.104137420654297
2009-08-31,19.682159423828125,34.61506652832031,,,7.889784812927246,75.6961441040039,8.854762077331543,9.015605926513672
2009-09-01,19.25634765625,33.96651840209961,,,7.705050468444824,74.0264663696289,8.720817565917969,8.843541145324707
2009-09-02,19.16960334777832,33.940574645996094,,,7.751234531402588,73.74574279785156,8.708639144897461,8.78006649017334
2009-09-03,19.398284912109375,34.1654052734375,,,7.7897162437438965,74.35894012451172,8.791847229003906,8.856904983520508
2009-09-04,19.61119270324707,34.900413513183594,,,7.889784812927246,75.40064239501953,8.923768997192383,8.925397872924805
2009-09-08,19.847759246826172,35.2290153503418,,,7.959061145782471,76.05078887939453,9.006977081298828,9.03899097442627
2009-09-09,20.072490692138672,35.53166198730469,,,8.02064037322998,76.63442993164062,9.094244003295898,9.085762977600098
2009-09-10,20.313007354736328,35.868919372558594,,,8.113007545471191,77.41752624511719,9.203835487365723,9.1709566116333
2009-09-11,20.328771591186523,35.90351486206055,,,8.074522972106934,77.40272521972656,9.205863952636719,9.179312705993652
2009-09-14,20.51013946533203,36.041866302490234,,,8.113007545471191,77.77952575683594,9.2545747756958,9.239448547363281
2009-09-15,20.695451736450195,36.15428161621094,,,8.174588203430176,78.10458374023438,9.293135643005371,9.269519805908203
2009-09-16,21.081838607788086,36.681766510009766,,,8.297745704650879,79.28666687011719,9.420997619628906,9.403155326843262
2009-09-17,21.05423927307129,36.67310333251953,,,8.266956329345703,79.16846466064453,9.406789779663086,9.386451721191406
2009-09-18,21.129146575927734,36.734554290771484,,,8.32083797454834,79.21888732910156,9.399874687194824,9.410834312438965
2009-09-21,21.03451919555664,36.847076416015625,,,8.32083797454834,79.01850128173828,9.39377212524414,9.36038589477539
2009-09-22,21.180408477783203,36.91632843017578,,,8.313138961791992,79.4787368774414,9.452751159667969,9.42933177947998
2009-09-23,21.013235092163086,36.74321365356445,,,8.189980506896973,78.81808471679688,9.346994400024414,9.50333023071289
2009-09-24,20.5982666015625,36.41429901123047,,,8.097614288330078,77.94959259033203,9.25141429901123,9.257800102233887
2009-09-25,20.507366180419922,36.09405517578125,,,8.082221984863281,77.53386688232422,9.178197860717773,9.23425579071045
2009-09-28,20.98556137084961,36.708595275878906,,,8.205374717712402,78.92196655273438,9.334792137145996,9.372156143188477
2009-09-29,20.949996948242188,36.54414367675781,,,8.213075637817383,78.68446350097656,9.334792137145996,9.362066268920898
2009-09-30,20.685209274291992,36.570125579833984,,,8.174588203430176,78.380126953125,9.300222396850586,9.303205490112305
2009-10-01,20.080543518066406,35.48815155029297,,,7.959061145782471,76.4352798461914,9.068376541137695,9.086265563964844
2009-10-02,19.89084243774414,35.3842887878418,,,7.91287899017334,76.07899475097656,9.005330085754395,9.061039924621582
2009-10-05,20.25047492980957,35.669921875,,,8.06682300567627,77.21471405029297,9.121253967285156,9.205665588378906
2009-10-06,20.594301223754883,36.301780700683594,,,8.151494979858398,78.32074737548828,9.2697172164917,9.272933959960938
2009-10-07,20.64568519592285,36.40564727783203,,,8.205374717712402,78.5360336303711,9.294120788574219,9.306568145751953
2009-10-08,20.85514259338379,36.561458587646484,,,8.25156021118164,79.13729858398438,9.389705657958984,9.395695686340332
2009-10-09,21.076461791992188,36.769195556640625,,,8.313138961791992,79.61978912353516,9.442583084106445,9.432695388793945
2009-10-12,21.12784767150879,36.847076416015625,,,8.29004955291748,79.93151092529297,9.452751159667969,9.50333023071289
2009-10-13,21.064617156982422,36.855751037597656,,,8.266956329345703,79.76823425292969,9.460886001586914,9.464648246765137
2009-10-14,21.463773727416992,37.357784271240234,,,8.382418632507324,81.14148712158203,9.607318878173828,9.646278381347656
2009-10-15,21.451902389526367,37.271217346191406,,,8.390111923217773,81.4384536743164,9.643921852111816,9.674864768981934
2009-10-16,21.24245262145996,37.02885437011719,,,8.359321594238281,80.82975769042969,9.591045379638672,9.575642585754395
2009-10-19,21.463773727416992,37.40105438232422,,,8.42860221862793,81.4977798461914,9.690698623657227,9.654684066772461
2009-10-20,21.17131805419922,37.409706115722656,,,8.32083797454834,81.06726837158203,9.631719589233398,9.590774536132812
2009-10-21,20.870956420898438,37.3404655456543,,,8.236167907714844,80.33979034423828,9.570706367492676,9.493241310119629
2009-10-22,21.143651962280273,37.487606048583984,,,8.328531265258789,81.15633392333984,9.631719589233398,9.632823944091797
2009-10-23,20.752389907836914,37.3317985534668,,,8.25156021118164,80.22846984863281,9.556471824645996,9.483150482177734
2009-10-26,20.582454681396484,37.21061706542969,,,8.220771789550781,79.35997772216797,9.45885181427002,9.345246315002441
2009-10-27,20.337427139282227,36.64799880981445,,,8.120706558227539,78.9961929321289,9.39377212524414,9.350296020507812
2009-10-28,19.73670196533203,35.825721740722656,,,7.889784812927246,77.50418853759766,9.165996551513672,9.198936462402344
2009-10-29,20.092388153076172,36.43161392211914,,,8.03603744506836,79.16695404052734,9.367331504821777,9.395695686340332
2009-10-30,19.53119659423828,35.45353317260742,,,7.8512983322143555,76.87327575683594,9.129388809204102,9.126623153686523
2009-11-02,19.503530502319336,35.60069274902344,,,7.85899543762207,77.43736267089844,9.192436218261719,9.177078247070312
2009-11-03,19.74461555480957,35.71318817138672,,,7.997549533843994,77.68232727050781,9.243276596069336,9.177078247070312
2009-11-04,19.511436462402344,35.77378845214844,,,7.974456787109375,77.88275146484375,9.379534721374512,9.2947998046875
2009-11-05,20.072641372680664,36.65665817260742,,,8.120706558227539,79.31543731689453,9.452751159667969,9.320023536682129
2009-11-06,20.08448600769043,36.8730583190918,,,8.166890144348145,79.52326202392578,9.495458602905273,9.372156143188477
2009-11-09,20.479698181152344,37.66072463989258,,,8.328531265258789,81.33451080322266,9.680527687072754,9.585735321044922
2009-11-10,20.380897521972656,37.75592803955078,,,8.367019653320312,81.3493423461914,9.664260864257812,9.602551460266113
2009-11-11,20.535024642944336,37.998291015625,,,8.405506134033203,81.76505279541016,9.715100288391113,9.644593238830566
2009-11-12,20.139820098876953,37.78190612792969,,,8.274652481079102,80.93363952636719,9.62562084197998,9.543688774108887
2009-11-13,20.278135299682617,38.09349060058594,,,8.33623218536377,81.37163543701172,9.702898979187012,9.592462539672852
2009-11-16,20.819578170776367,38.4830207824707,,,8.482481956481934,82.55188751220703,9.835091590881348,9.735404968261719
2009-11-17,20.799814224243164,38.60419464111328,,,8.490180015563965,82.64839172363281,9.845261573791504,9.723628997802734
2009-11-18,20.764240264892578,38.387786865234375,,,8.420904159545898,82.59642791748047,9.812721252441406,9.757268905639648
2009-11-19,20.22677230834961,37.79056167602539,,,8.297745704650879,81.52007293701172,9.682563781738281,9.644593238830566
2009-11-20,20.203054428100586,37.600120544433594,,,8.282349586486816,81.23057556152344,9.63375473022461,9.61600399017334
2009-11-23,20.602218627929688,38.20603561401367,,,8.374722480773926,82.26238250732422,9.735443115234375,9.743813514709473
2009-11-24,20.479698181152344,38.076171875,,,8.328531265258789,82.38858795166016,9.729339599609375,9.740448951721191
2009-11-25,20.471805572509766,38.24064254760742,,,8.382418632507324,82.67807006835938,9.806620597839355,9.775766372680664
2009-11-27,19.997547149658203,37.66072463989258,,,8.19767951965332,81.33451080322266,9.641884803771973,9.637866973876953
2009-11-30,20.041025161743164,37.704010009765625,,,8.174588203430176,81.6091537475586,9.589011192321777,9.663091659545898
2009-12-01,20.34137535095215,38.09349060058594,,,8.32083797454834,82.61869049072266,9.782217025756836,9.777445793151855
2009-12-02,20.56664276123047,38.14543533325195,,,8.33623218536377,82.58158111572266,9.792386054992676,9.784178733825684
2009-12-03,20.266286849975586,37.989627838134766,,,8.266956329345703,81.9357681274414,9.715100288391113,9.701769828796387
2009-12-04,20.768207550048828,38.188720703125,,,8.367019653320312,82.40342712402344,9.751710891723633,9.745497703552246
2009-12-07,20.791915893554688,38.00693893432617,,,8.33623218536377,82.27722930908203,9.737472534179688,9.735404968261719
2009-12-08,20.70891761779785,37.77325439453125,,,8.266956329345703,81.36421203613281,9.647991180419922,9.637866973876953
2009-12-09,20.633831024169922,38.154090881347656,,,8.266956329345703,81.66851043701172,9.694762229919434,9.656366348266602
2009-12-10,20.511310577392578,38.34451675415039,,,8.367019653320312,82.1287841796875,9.76187801361084,9.706817626953125
2009-12-11,20.752389907836914,38.197383880615234,,,8.367019653320312,82.47764587402344,9.784249305725098,9.758952140808105
2009-12-14,21.104129791259766,38.56090545654297,,,8.474780082702637,83.04183197021484,9.902207374572754,9.797628402709961
2009-12-15,21.08831024169922,38.34451675415039,,,8.474780082702637,82.65582275390625,9.881866455078125,9.733722686767578
2009-12-16,21.2108211517334,38.39644241333008,,,8.490180015563965,82.78199005126953,9.898137092590332,9.740448951721191
2009-12-17,21.029033660888672,37.929046630859375,,,8.382418632507324,81.78731536865234,9.798483848571777,9.629457473754883
2009-12-18,21.226634979248047,38.547237396240234,,,8.42860221862793,82.24999237060547,9.8653564453125,9.643661499023438
2009-12-21,21.495386123657227,38.98073196411133,,,8.544060707092285,83.08586120605469,9.983598709106445,9.743388175964355
2009-12-22,21.72064971923828,39.21481704711914,,,8.590242385864258,83.3843994140625,10.03253173828125,9.770434379577637
2009-12-23,22.01311683654785,39.500938415527344,,,8.698006629943848,83.548583984375,10.097768783569336,9.763676643371582
2009-12-24,22.09239387512207,39.86509704589844,,,8.705706596374512,83.94412994384766,10.134466171264648,9.810999870300293
2009-12-28,22.068607330322266,40.073150634765625,,,8.721098899841309,84.12320709228516,10.163005828857422,9.826218605041504
2009-12-29,22.028959274291992,39.9084358215332,,,8.72879695892334,84.00382995605469,10.136506080627441,9.819457054138184
2009-12-30,22.052749633789062,40.02981185913086,,,8.74419116973877,83.97398376464844,10.144659996032715,9.817765235900879
2009-12-31,21.692012786865234,39.66566467285156,,,8.636429786682129,83.16796875,10.042723655700684,9.71972370147705
2010-01-04,22.2271728515625,40.24656295776367,,,8.736495018005371,84.57847595214844,10.203782081604004,9.875239372253418
2010-01-05,22.15977668762207,40.24656295776367,,,8.790374755859375,84.8023681640625,10.2302827835083,9.907355308532715
2010-01-06,22.136003494262695,40.003807067871094,,,8.774982452392578,84.86206817626953,10.236400604248047,9.914119720458984
2010-01-07,22.290599822998047,40.02981185913086,,,8.782679557800293,85.2203369140625,10.244562149047852,9.990187644958496
2010-01-08,22.377805709838867,40.35926818847656,,,8.798070907592773,85.50389862060547,10.313875198364258,9.97666072845459
2010-01-11,22.29853057861328,40.19454574584961,,,8.790374755859375,85.62328338623047,10.299601554870605,10.032447814941406
2010-01-12,22.088424682617188,39.69167709350586,,,8.682612419128418,84.82475280761719,10.169122695922852,9.954689025878906
2010-01-13,22.346097946166992,40.18586349487305,,,8.774982452392578,85.54119110107422,10.289406776428223,10.03075885772705
2010-01-14,22.433305740356445,40.220550537109375,,,8.751887321472168,85.7725601196289,10.299601554870605,10.06456184387207
2010-01-15,22.1439208984375,39.75237274169922,,,8.636429786682129,84.80982208251953,10.18543529510498,9.956378936767578
2010-01-19,22.532421112060547,40.393943786621094,,,8.767279624938965,85.86959075927734,10.311832427978516,10.069632530212402
2010-01-20,22.211322784423828,39.81305694580078,,,8.69031047821045,84.99639892578125,10.199701309204102,9.99356460571289
2010-01-21,21.95363998413086,39.440250396728516,,,8.53636360168457,83.36198425292969,10.083499908447266,9.785645484924316
2010-01-22,21.52155303955078,38.28710174560547,,,8.374722480773926,81.50372314453125,9.781769752502441,9.591252326965332
2010-01-25,21.549299240112305,38.417171478271484,,,8.351627349853516,81.92166137695312,9.844968795776367,9.633514404296875
2010-01-26,21.382797241210938,38.45184326171875,,,8.33623218536377,81.57832336425781,9.814384460449219,9.576040267944336
2010-01-27,21.604793548583984,38.75529479980469,,,8.32083797454834,81.96640014648438,9.86128044128418,9.594636917114258
2010-01-28,21.216306686401367,37.758243560791016,,,8.274652481079102,81.02608489990234,9.704296112060547,9.577731132507324
2010-01-29,21.010168075561523,37.09931945800781,,,8.189980506896973,80.14543914794922,9.614592552185059,9.501666069030762
2010-02-01,21.212345123291016,37.50679016113281,,,8.25156021118164,81.39176177978516,9.714489936828613,9.621681213378906
2010-02-02,21.40262222290039,37.84495162963867,,,8.359321594238281,82.37689208984375,9.830696105957031,9.745079040527344
2010-02-03,21.236129760742188,38.05302429199219,,,8.29004955291748,81.96640014648438,9.81846809387207,9.707893371582031
2010-02-04,20.593921661376953,36.95193099975586,,,8.02064037322998,79.43643951416016,9.480035781860352,9.401932716369629
2010-02-05,20.633575439453125,37.2640495300293,,,7.959061145782471,79.60062408447266,9.52285099029541,9.363053321838379
2010-02-08,20.407611846923828,36.99527359008789,,,7.951365947723389,79.0260009765625,9.494309425354004,9.354597091674805
2010-02-09,20.69304084777832,37.37677001953125,,,8.03603744506836,80.01858520507812,9.612554550170898,9.423907279968262
2010-02-10,20.77231788635254,37.29873275756836,,,7.997549533843994,79.86182403564453,9.571782112121582,9.418832778930664
2010-02-11,21.0577392578125,37.86227798461914,,,8.136098861694336,80.69770050048828,9.726720809936523,9.481380462646484
2010-02-12,21.212345123291016,37.94031524658203,,,8.151494979858398,80.63056945800781,9.710412979125977,9.435737609863281
2010-02-16,21.553258895874023,38.42583084106445,,,8.33623218536377,81.8992691040039,9.853124618530273,9.640276908874512
2010-02-17,21.676151275634766,38.64259719848633,,,8.374722480773926,82.2873306274414,9.89797592163086,9.685916900634766
2010-02-18,21.902114868164062,38.885345458984375,,,8.46708869934082,82.77241516113281,9.993793487548828,9.72817325592041
2010-02-19,21.957609176635742,38.86802673339844,,,8.482481956481934,82.94410705566406,10.010101318359375,9.755221366882324
2010-02-22,22.028959274291992,38.78999328613281,,,8.451693534851074,82.95903015136719,9.979527473449707,9.763676643371582
2010-02-23,21.787145614624023,38.28710174560547,,,8.328531265258789,81.95147705078125,9.87147045135498,9.652106285095215
2010-02-24,21.997249603271484,38.677268981933594,,,8.397812843322754,82.70524597167969,9.936714172363281,9.729864120483398
2010-02-25,21.957609176635742,38.668609619140625,,,8.413204193115234,82.59329986572266,9.946904182434082,9.67746639251709
2010-02-26,21.874366760253906,38.80732727050781,,,8.420904159545898,82.64556121826172,9.971370697021484,9.712961196899414
2010-03-01,22.357994079589844,39.37089920043945,,,8.613336563110352,83.5038070678711,10.107963562011719,9.795791625976562
2010-03-02,22.540342330932617,39.492286682128906,,,8.67491626739502,83.73515319824219,10.126311302185059,9.829599380493164
2010-03-03,22.647375106811523,39.53559875488281,,,8.67491626739502,83.8097915649414,10.160967826843262,9.822833061218262
2010-03-04,22.687021255493164,39.66566467285156,,,8.698006629943848,84.06351470947266,10.181354522705078,9.84819507598877
2010-03-05,23.11515235900879,40.2639045715332,,,8.821165084838867,85.26507568359375,10.309792518615723,9.973278045654297
2010-03-08,23.19839859008789,40.3419303894043,,,8.836557388305664,85.27999114990234,10.309792518615723,10.005399703979492
2010-03-09,23.293540954589844,40.56736755371094,,,8.859651565551758,85.42182922363281,10.330182075500488,10.017232894897461
2010-03-10,23.460037231445312,40.89682388305664,,,8.921233177185059,85.80240631103516,10.37095832824707,10.06118392944336
2010-03-11,23.51552963256836,41.05289077758789,,,8.959720611572266,86.16065979003906,10.399497985839844,10.110200881958008
2010-03-12,23.535356521606445,41.061553955078125,,,8.97511100769043,86.16809844970703,10.421923637390137,10.101751327514648
2010-03-15,23.47589683532715,40.9575080871582,,,8.967415809631348,86.19049072265625,10.39338207244873,10.110200881958008
2010-03-16,23.682031631469727,41.21760177612305,,,8.998201370239258,86.8770751953125,10.479005813598633,10.230220794677734
2010-03-17,23.864377975463867,41.330318450927734,,,9.028996467590332,87.39205932617188,10.529974937438965,10.277546882629395
2010-03-18,23.80888557434082,41.46904754638672,,,9.075180053710938,87.34725952148438,10.513665199279785,10.264026641845703
2010-03-19,23.531383514404297,41.21821212768555,,,8.967415809631348,86.90513610839844,10.4364652633667,10.230721473693848
2010-03-22,23.89609146118164,41.5914192199707,,,9.098268508911133,87.36974334716797,10.512030601501465,10.285102844238281
2010-03-23,24.15772819519043,41.87784194946289,,,9.190640449523926,87.9842300415039,10.581474304199219,10.363275527954102
2010-03-24,23.844562530517578,41.6782112121582,,,9.098268508911133,87.55707550048828,10.528372764587402,10.339482307434082
2010-03-25,23.71982192993164,41.61747360229492,,,9.06748104095459,87.41472625732422,10.497736930847168,10.30379581451416
2010-03-26,23.676128387451172,41.66084289550781,,,9.028996467590332,87.36225128173828,10.487525939941406,10.315692901611328
2010-03-29,23.759546279907227,41.8604850769043,,,9.06748104095459,87.91678619384766,10.5733003616333,10.359877586364746
2010-03-30,23.874752044677734,41.999351501464844,,,9.144457817077637,87.97671508789062,10.601899147033691,10.336085319519043
2010-03-31,23.616539001464844,41.79972839355469,,,9.10596752166748,87.6769790649414,10.552877426147461,10.315692901611328
2010-04-01,23.874752044677734,41.79972839355469,,,9.121366500854492,88.27648162841797,10.550837516784668,10.35817813873291
2010-04-05,24.307754516601562,42.19029235839844,,,9.28300666809082,88.99589538574219,10.728525161743164,10.463546752929688
2010-04-06,24.411035537719727,42.31180191040039,,,9.329190254211426,89.2057113647461,10.74077320098877,10.490735054016113
2010-04-07,24.355430603027344,42.20766830444336,,,9.236822128295898,88.6961441040039,10.669294357299805,10.419356346130371
2010-04-08,24.31172752380371,42.30311584472656,,,9.252219200134277,89.00338745117188,10.704019546508789,10.472038269042969
2010-04-09,24.4388370513916,42.554832458496094,,,9.329190254211426,89.58788299560547,10.777541160583496,10.53662109375
2010-04-12,24.53815269470215,42.58955764770508,,,9.313801765441895,89.73025512695312,10.79387378692627,10.565510749816895
2010-04-13,24.601722717285156,42.8065185546875,,,9.35998249053955,89.7977294921875,10.800005912780762,10.591004371643066
2010-04-14,25.094310760498047,43.31861877441406,,,9.506231307983398,90.81688690185547,10.89599609375,10.691271781921387
2010-04-15,25.13006019592285,43.50956344604492,,,9.560111999511719,90.8918228149414,10.922548294067383,10.72355842590332
2010-04-16,24.875823974609375,42.98879623413086,,,9.47544002532959,89.44557189941406,10.7857084274292,10.548517227172852
2010-04-19,24.824180603027344,42.9627571105957,,,9.398466110229492,89.78274536132812,10.761200904846191,10.589306831359863
2010-04-20,25.134037017822266,43.17975997924805,,,9.506231307983398,90.58456420898438,10.853110313415527,10.684475898742676
2010-04-21,25.324718475341797,43.42277145385742,,,9.498536109924316,90.4197006225586,10.863313674926758,10.65388011932373
2010-04-22,25.62662124633789,43.665794372558594,,,9.660179138183594,90.6894760131836,10.920506477355957,10.670878410339355
2010-04-23,25.8729190826416,43.848052978515625,,,9.7063627243042,91.28147888183594,11.008323669433594,10.738855361938477
2010-04-26,25.781558990478516,43.752586364746094,,,9.752547264099121,90.93675994873047,10.983817100524902,10.68277359008789
2010-04-27,25.193628311157227,42.823890686035156,,,9.544713973999023,88.78607177734375,10.74077320098877,10.448251724243164
2010-04-28,25.269102096557617,42.84992980957031,,,9.467741012573242,89.46048736572266,10.761200904846191,10.497535705566406
2010-04-29,25.8729190826416,43.596351623535156,,,9.698667526245117,90.5696029663086,10.891913414001465,10.674276351928711
2010-04-30,24.991024017333984,42.73710250854492,,,9.398466110229492,89.03336334228516,10.706056594848633,10.507728576660156
2010-05-03,25.5511531829834,43.335968017578125,,,9.513925552368164,90.18738555908203,10.828598976135254,10.640289306640625
2010-05-04,24.824180603027344,42.0340690612793,,,9.25991439819336,88.06665802001953,10.530410766601562,10.421058654785156
2010-05-05,24.49048614501953,41.81708526611328,,,9.159849166870117,87.54210662841797,10.456891059875488,10.339482307434082
2010-05-06,23.644344329833984,40.419708251953125,,,8.898138999938965,84.63451385498047,10.195467948913574,10.048873901367188
2010-05-07,23.02861976623535,39.41291809082031,,,8.62103271484375,83.37560272216797,9.917706489562988,9.878933906555176
2010-05-10,24.260080337524414,41.461219787597656,,,9.144457817077637,87.04750061035156,10.381319999694824,10.308892250061035
2010-05-11,24.375280380249023,41.417842864990234,,,9.206035614013672,86.80022430419922,10.3568115234375,10.280004501342773
2010-05-12,25.122116088867188,42.1989860534668,,,9.429253578186035,88.01417541503906,10.516119003295898,10.383667945861816
2010-05-13,24.903629302978516,41.53065490722656,,,9.336892127990723,86.92013549804688,10.4364652633667,10.380270957946777
2010-05-14,24.434873580932617,40.732173919677734,,,9.090574264526367,85.3464126586914,10.205678939819336,10.060772895812988
2010-05-17,24.589805603027344,40.86235809326172,,,9.136758804321289,85.39137268066406,10.2015962600708,10.103259086608887
2010-05-18,24.105159759521484,40.298213958740234,,,8.982809066772461,84.22985076904297,10.087223052978516,9.953707695007324
2010-05-19,23.862834930419922,39.97706985473633,,,8.95202350616455,83.75025177001953,10.021869659423828,9.94011402130127
2010-05-20,22.663135528564453,38.49288558959961,,,8.62103271484375,80.58790588378906,9.63586139678955,9.593423843383789
2010-05-21,22.980941772460938,38.91817855834961,,,8.698006629943848,81.7643814086914,9.7379789352417,9.685192108154297
2010-05-24,22.639301300048828,38.76194763183594,,,8.805771827697754,80.71529388427734,9.641986846923828,9.571331977844238
2010-05-25,22.595603942871094,38.796661376953125,,,8.736495018005371,80.79769134521484,9.650155067443848,9.520349502563477
2010-05-26,22.579721450805664,38.36269760131836,,,8.751887321472168,80.31063842773438,9.617476463317871,9.506752014160156
2010-05-27,23.477506637573242,39.81214141845703,,,9.08287525177002,83.00086975097656,9.925873756408691,9.833049774169922
2010-05-28,23.203393936157227,39.577796936035156,,,9.028996467590332,81.95925903320312,9.825794219970703,9.71578311920166
2010-06-01,22.528072357177734,39.213287353515625,,,8.882743835449219,80.58039093017578,9.639944076538086,9.567930221557617
2010-06-02,23.155723571777344,40.141963958740234,,,9.044388771057129,82.67866516113281,9.85643482208252,9.732782363891602
2010-06-03,23.46558380126953,40.523860931396484,,,9.121366500854492,82.96343231201172,9.972850799560547,9.797356605529785
2010-06-04,22.333419799804688,39.13515090942383,,,8.74419116973877,80.04837036132812,9.63790512084961,9.447273254394531
2010-06-07,21.78521728515625,38.423465728759766,,,8.567155838012695,79.05164337158203,9.47451114654541,9.377594947814941
2010-06-08,21.73357391357422,38.354026794433594,,,8.551755905151367,79.89846801757812,9.535784721374512,9.48465633392334
2010-06-09,21.769325256347656,38.032894134521484,,,8.736495018005371,79.4713363647461,9.48880672454834,9.426877975463867
2010-06-10,22.468482971191406,39.1177978515625,,,8.867347717285156,81.79438018798828,9.764527320861816,9.693693161010742
2010-06-11,22.790252685546875,39.49102020263672,,,8.936624526977539,82.19153594970703,9.864602088928223,9.693693161010742
2010-06-14,22.913400650024414,39.48234176635742,,,9.044388771057129,82.06417083740234,9.913620948791504,9.776965141296387
2010-06-15,23.421894073486328,40.54120635986328,,,9.221429824829102,83.93014526367188,10.099474906921387,9.921419143676758
2010-06-16,23.29476547241211,40.70615005493164,,,9.229124069213867,83.90013122558594,10.095391273498535,9.902725219726562
2010-06-17,23.31462860107422,40.836326599121094,,,9.136758804321289,84.0350341796875,10.077011108398438,9.85683536529541
2010-06-18,23.326541900634766,40.87022399902344,,,9.213728904724121,84.12610626220703,10.116504669189453,9.9085054397583
2010-06-21,23.108055114746094,40.52241516113281,,,9.129059791564941,83.88519287109375,10.055116653442383,9.946135520935059
2010-06-22,22.663135528564453,40.2093505859375,,,8.967415809631348,82.49978637695312,9.918022155761719,9.76822280883789
2010-06-23,22.587881088256836,40.044132232666016,,,8.967415809631348,82.24378967285156,9.856634140014648,9.720320701599121
2010-06-24,22.265369415283203,39.4354248046875,,,8.81346607208252,80.88095092773438,9.707260131835938,9.566357612609863
2010-06-25,22.69140625,39.443260192871094,,,8.867347717285156,81.21977996826172,9.73795223236084,9.61596965789795
2010-06-28,22.54408836364746,39.30387878417969,,,8.928926467895508,80.96376037597656,9.7277193069458,9.593729019165039
2010-06-29,21.775623321533203,37.78782272338867,,,8.60564136505127,78.46402740478516,9.324617385864258,9.340543746948242
2010-06-30,21.556638717651367,37.21275329589844,,,8.490180015563965,77.71857452392578,9.263228416442871,9.237898826599121
2010-07-01,21.397367477416992,37.10821533203125,,,8.459389686584473,77.3722152709961,9.238673210144043,9.212240219116211
2010-07-02,21.186344146728516,37.00366973876953,,,8.405506134033203,76.9505844116211,9.252996444702148,9.19000244140625
2010-07-06,20.927536010742188,37.11691665649414,,,8.390111923217773,77.45504760742188,9.21207332611084,9.18315601348877
2010-07-07,21.616363525390625,38.30186080932617,,,8.628732681274414,79.89457702636719,9.492403030395508,9.494507789611816
2010-07-08,21.934890747070312,38.510990142822266,,,8.736495018005371,80.68519592285156,9.592672348022461,9.571493148803711
2010-07-09,22.241474151611328,38.8769416809082,,,8.774982452392578,81.28752899169922,9.6499662399292,9.60228443145752
2010-07-12,22.03841209411621,38.990203857421875,,,8.774982452392578,81.3402328491211,9.674518585205078,9.657025337219238
2010-07-13,22.715293884277344,39.49555587768555,,,8.905831336975098,82.56755828857422,9.827987670898438,9.81783390045166
2010-07-14,22.643625259399414,39.695945739746094,,,8.890440940856934,82.56001281738281,9.836169242858887,9.797308921813965
2010-07-15,22.456485748291016,39.73080062866211,,,8.944326400756836,82.58259582519531,9.86481761932373,9.792173385620117
2010-07-16,21.668123245239258,38.63296890258789,,,8.751887321472168,80.30870819091797,9.570158958435059,9.530431747436523
2010-07-19,21.75969886779785,38.96406173706055,,,8.751887321472168,80.78305053710938,9.627455711364746,9.547538757324219
2010-07-20,22.122037887573242,39.43456268310547,,,8.844254493713379,81.67909240722656,9.782966613769531,9.660445213317871
2010-07-21,21.747756958007812,38.89435577392578,,,8.767279624938965,80.617431640625,9.641777992248535,9.538987159729004
2010-07-22,22.480382919311523,39.878910064697266,,,8.967415809631348,82.41693878173828,9.844355583190918,9.73401165008545
2010-07-23,22.938268661499023,40.131587982177734,,,9.036690711975098,83.13224792480469,9.948713302612305,9.809281349182129
2010-07-26,23.45587730407715,40.46268081665039,,,9.136758804321289,83.99811553955078,10.042840003967285,9.942717552185059
2010-07-27,23.372270584106445,40.44525146484375,,,9.098268508911133,83.99060821533203,10.003960609436035,9.985488891601562
2010-07-28,22.990026473999023,40.12286376953125,,,9.090574264526367,83.44847869873047,9.924160957336426,9.9085054397583
2010-07-29,22.93030548095703,39.82664108276367,,,9.028996467590332,83.04191589355469,9.885279655456543,9.887969970703125
2010-07-30,22.946229934692383,39.91378402709961,,,9.05208683013916,83.02681732177734,9.905738830566406,9.86915397644043
2010-08-02,23.31254768371582,40.6630744934082,,,9.190640449523926,84.90167236328125,10.106269836425781,10.096684455871582
2010-08-03,23.065689086914062,40.48881912231445,,,9.129059791564941,84.49508666992188,10.042840003967285,10.040223121643066
2010-08-04,23.328475952148438,40.89833450317383,,,9.213728904724121,85.05977630615234,10.153332710266113,10.100102424621582
2010-08-05,23.025863647460938,40.802459716796875,,,9.206035614013672,84.96940612792969,10.12059497833252,10.09326171875
2010-08-06,22.89447021484375,40.741485595703125,,,9.159849166870117,84.62308502197266,10.055116653442383,9.951271057128906
2010-08-09,23.10947608947754,41.02030563354492,,,9.236822128295898,85.07483673095703,10.136966705322266,10.12747573852539
2010-08-10,22.707332611083984,40.6630744934082,,,9.190640449523926,84.61553192138672,10.065348625183105,10.08470630645752
2010-08-11,21.867206573486328,39.55654525756836,,,8.990509986877441,82.29647827148438,9.780925750732422,9.802436828613281
2010-08-12,21.779605865478516,39.242897033691406,,,8.967415809631348,81.79200744628906,9.711352348327637,9.766511917114258
2010-08-13,21.508852005004883,38.96406173706055,,,8.928926467895508,81.55107116699219,9.666332244873047,9.749401092529297
2010-08-16,21.648216247558594,39.033756256103516,,,8.898138999938965,81.513427734375,9.641777992248535,9.735722541809082
2010-08-17,22.014524459838867,39.530399322509766,,,9.036690711975098,82.51483917236328,9.801384925842285,9.896528244018555
2010-08-18,22.114072799682617,39.687252044677734,,,9.05208683013916,82.66543579101562,9.850492477416992,9.894818305969238
2010-08-19,21.53672981262207,39.08603286743164,,,8.890440940856934,81.22733306884766,9.692935943603516,9.679265975952148
2010-08-20,21.532747268676758,39.13831329345703,,,8.890440940856934,80.96376037597656,9.6499662399292,9.641632080078125
2010-08-23,21.254030227661133,38.75495910644531,,,8.936624526977539,80.65512084960938,9.600852012634277,9.617677688598633
2010-08-24,21.070877075195312,38.03178024291992,,,8.790374755859375,79.4578628540039,9.406460762023926,9.535566329956055
2010-08-25,21.329689025878906,38.39772415161133,,,8.74419116973877,79.7666015625,9.467852592468262,9.52530288696289
2010-08-26,21.210243225097656,37.93593978881836,,,8.736495018005371,79.23201751708984,9.38190746307373,9.480826377868652
2010-08-27,21.723876953125,38.39772415161133,,,8.85195541381836,80.45931243896484,9.537422180175781,9.64847469329834
2010-08-30,21.238107681274414,37.99691390991211,,,8.736495018005371,79.29222869873047,9.443296432495117,9.477398872375488
2010-08-31,21.2022705078125,37.86623764038086,,,8.698006629943848,79.29222869873047,9.379863739013672,9.515037536621094
2010-09-01,21.998592376708984,38.9989013671875,,,8.936624526977539,81.66399383544922,9.67247200012207,9.78191089630127
2010-09-02,22.237499237060547,39.43456268310547,,,9.06748104095459,82.42447662353516,9.756366729736328,9.850337982177734
2010-09-03,22.61973762512207,40.088016510009766,,,9.152152061462402,83.49365234375,9.922113418579102,9.944432258605957
2010-09-07,22.20166015625,39.81792068481445,,,9.059784889221191,82.55248260498047,9.827987670898438,9.840071678161621
2010-09-08,22.313154220581055,40.29713439941406,,,9.098268508911133,83.13224792480469,9.899602890014648,9.889681816101074
2010-09-09,22.309167861938477,40.4539794921875,,,9.159849166870117,83.51624298095703,9.942572593688965,9.978642463684082
2010-09-10,22.352962493896484,40.60208511352539,,,9.182941436767578,83.9378662109375,9.952802658081055,10.00943660736084
2010-09-13,22.87456512451172,41.168426513671875,,,9.28300666809082,84.87152099609375,10.104227066040039,10.089838027954102
2010-09-14,22.802885055541992,41.342689514160156,,,9.28300666809082,84.8188247680664,10.132872581481934,10.091547012329102
2010-09-15,22.946229934692383,41.60405731201172,,,9.329190254211426,85.1426010131836,10.16970443725586,10.11892032623291
2010-09-16,22.77899742126465,41.76960372924805,,,9.329190254211426,85.12000274658203,10.136966705322266,10.096684455871582
2010-09-17,22.87456512451172,41.91109848022461,,,9.35228157043457,85.15181732177734,10.21630859375,10.102025985717773
2010-09-20,23.46782684326172,42.644691467285156,,,9.467741012573242,86.45378112792969,10.359825134277344,10.253700256347656
2010-09-21,23.324491500854492,42.63594436645508,,,9.467741012573242,86.2796859741211,10.316767692565918,10.217507362365723
2010-09-22,23.041797637939453,42.52241897583008,,,9.429253578186035,85.85575103759766,10.298318862915039,10.169243812561035
2010-09-23,22.77899742126465,42.50495147705078,,,9.344586372375488,85.15938568115234,10.232711791992188,10.057209968566895
2010-09-24,23.493181228637695,43.36956787109375,,,9.529325485229492,86.9155502319336,10.466437339782715,10.255426406860352
2010-09-27,23.449262619018555,43.133750915527344,,,9.483136177062988,86.49922180175781,10.419281005859375,10.195098876953125
2010-09-28,23.62092399597168,43.11628723144531,,,9.544713973999023,86.80198669433594,10.474634170532227,10.248528480529785
2010-09-29,23.716733932495117,43.04640579223633,,,9.506231307983398,86.65061950683594,10.464387893676758,10.203719139099121
2010-09-30,23.588987350463867,42.85428237915039,,,9.506231307983398,86.39322662353516,10.476686477661133,10.193373680114746
2010-10-01,23.736690521240234,42.80188751220703,,,9.521623611450195,86.75657653808594,10.472587585449219,10.239912986755371
2010-10-04,23.417329788208008,42.33902359008789,,,9.460049629211426,86.10556030273438,10.359825134277344,10.167524337768555
2010-10-05,24.07601547241211,43.36956787109375,,,9.63708782196045,87.83903503417969,10.597651481628418,10.374356269836426
2010-10-06,23.980213165283203,42.99401092529297,,,9.621687889099121,87.83149719238281,10.540245056152344,10.391589164733887
2010-10-07,23.92032241821289,43.151206970214844,,,9.598594665527344,87.72550201416016,10.529991149902344,10.379524230957031
2010-10-08,24.19178581237793,43.44816207885742,,,9.667871475219727,88.21755981445312,10.61610221862793,10.448468208312988
2010-10-11,24.215734481811523,43.46562194824219,,,9.652480125427246,88.30081939697266,10.620200157165527,10.426063537597656
2010-10-12,24.331510543823242,43.762550354003906,,,9.667871475219727,88.57331085205078,10.681708335876465,10.4794921875
2010-10-13,24.698781967163086,44.12062072753906,,,9.752547264099121,89.26216125488281,10.782175064086914,10.52775764465332
2010-10-14,24.71873664855957,44.03327560424805,,,9.690964698791504,88.91397094726562,10.747319221496582,10.477773666381836
2010-10-15,24.642885208129883,44.967742919921875,,,9.737150192260742,89.09564208984375,10.829328536987305,10.40538215637207
2010-10-18,24.74268913269043,44.801815032958984,,,9.775640487670898,89.53466033935547,10.874433517456055,10.52258014678955
2010-10-19,24.391386032104492,44.38261413574219,,,9.644780158996582,88.36136627197266,10.663256645202637,10.353672981262207
2010-10-20,24.606966018676758,44.705753326416016,,,9.76794147491455,89.22431182861328,10.819076538085938,10.515690803527832
2010-10-21,24.503162384033203,44.7930908203125,,,9.806426048278809,89.42111206054688,10.825225830078125,10.500175476074219
2010-10-22,24.654861450195312,45.0987434387207,,,9.806426048278809,89.58766174316406,10.872382164001465,10.482940673828125
2010-10-25,24.750673294067383,45.31706619262695,,,9.844916343688965,89.85259246826172,10.956442832946777,10.515690803527832
2010-10-26,24.73470115661621,45.4393310546875,,,9.821824073791504,89.86775970458984,10.931841850280762,10.508793830871582
2010-10-27,24.6628475189209,45.579063415527344,,,9.783332824707031,89.61036682128906,10.903135299682617,10.472599983215332
2010-10-28,24.539094924926758,45.67513656616211,,,9.791031837463379,89.62550354003906,10.93799114227295,10.507070541381836
2010-10-29,24.590988159179688,45.570350646972656,,,9.821824073791504,89.69363403320312,10.935934066772461,10.503623008728027
2010-11-01,24.447275161743164,45.60529708862305,,,9.798731803894043,89.72389221191406,10.966691970825195,10.472599983215332
2010-11-02,24.950284957885742,46.0943489074707,,,9.875702857971191,90.43547821044922,11.077404022216797,10.550162315368652
2010-11-03,25.04208755493164,46.303932189941406,,,9.875702857971191,90.7988052368164,11.09175968170166,10.570842742919922
2010-11-04,25.668846130371094,46.871604919433594,,,10.045045852661133,92.54740142822266,11.276280403137207,10.815595626831055
2010-11-05,25.81255340576172,46.871604919433594,,,10.083527565002441,92.8956298828125,11.329584121704102,10.863855361938477
2010-11-08,25.78860092163086,46.9327392578125,,,10.037349700927734,92.7215347290039,11.309085845947266,10.82938289642334
2010-11-09,25.521133422851562,46.679473876953125,,,9.937278747558594,92.0553970336914,11.216821670532227,10.724242210388184
2010-11-10,25.82053565979004,46.915279388427734,,,9.99116325378418,92.42628479003906,11.30292797088623,10.76561164855957
2010-11-11,25.676830291748047,46.618343353271484,,,9.99116325378418,92.07808685302734,11.243473052978516,10.751823425292969
2010-11-12,25.27363395690918,45.85853576660156,,,9.89879322052002,90.98806762695312,11.083556175231934,10.655303955078125
2010-11-15,25.293594360351562,45.683876037597656,,,9.89109992980957,90.85938262939453,11.061005592346191,10.701839447021484
2010-11-16,24.822532653808594,44.93281936645508,,,9.775640487670898,89.44383239746094,10.853930473327637,10.500175476074219
2010-11-17,24.84248924255371,45.06380844116211,,,9.798731803894043,89.4892578125,10.907238960266113,10.486387252807617
2010-11-18,25.261655807495117,45.78868103027344,,,9.937278747558594,90.80636596679688,11.081503868103027,10.632895469665527
2010-11-19,25.313552856445312,45.823604583740234,,,9.96037769317627,91.05621337890625,11.12455940246582,10.634615898132324
2010-11-22,25.453266143798828,46.20785140991211,,,9.96037769317627,90.9804916381836,11.157362937927246,10.577740669250488
2010-11-23,25.289592742919922,45.47429275512695,,,9.844916343688965,89.66336822509766,11.00564956665039,10.446747779846191
2010-11-24,25.872438430786133,46.391273498535156,,,10.014257431030273,90.98806762695312,11.200422286987305,10.569121360778809
2010-11-26,25.724733352661133,46.08560562133789,,,9.944977760314941,89.9283218383789,11.12455940246582,10.508793830871582
2010-11-29,25.71674919128418,46.05066680908203,,,9.89879322052002,90.20082092285156,11.134817123413086,10.42088794708252
2010-11-30,25.52912139892578,45.49174880981445,,,9.89879322052002,89.69363403320312,11.063051223754883,10.431231498718262
2010-12-01,26.056068420410156,46.45240020751953,,,10.068136215209961,91.6011962890625,11.298828125,10.653580665588379
2010-12-02,26.31954002380371,46.924007415771484,,,10.175899505615234,92.77455139160156,11.425943374633789,10.770782470703125
2010-12-03,26.51115608215332,47.04625701904297,,,10.229779243469238,93.02436828613281,11.477200508117676,10.751823425292969
2010-12-06,26.66286277770996,47.0287971496582,,,10.198989868164062,92.92591857910156,11.475151062011719,10.80870246887207
2010-12-07,26.834516525268555,47.054988861083984,,,10.198989868164062,92.9788818359375,11.479249000549316,10.805251121520996
2010-12-08,26.790605545043945,47.229671478271484,,,10.214385986328125,93.31951904296875,11.450550079345703,10.853516578674316
2010-12-09,26.830528259277344,47.27333450317383,,,10.229779243469238,93.68289184570312,11.481305122375488,10.90694808959961
2010-12-10,27.157869338989258,47.58772659301758,,,10.299055099487305,94.22792053222656,11.553056716918945,10.98622989654541
2010-12-13,27.074037551879883,47.421791076660156,,,10.275965690612793,94.2884750366211,11.563309669494629,10.994851112365723
2010-12-14,27.058069229125977,47.50914001464844,,,10.329845428466797,94.37174987792969,11.557159423828125,10.996574401855469
2010-12-15,26.986215591430664,47.299530029296875,,,10.291359901428223,93.94025421142578,11.507957458496094,10.960379600524902
2010-12-16,27.269655227661133,47.66633224487305,,,10.391426086425781,94.48527526855469,11.583815574645996,11.003469467163086
2010-12-17,27.40138053894043,47.708343505859375,,,10.37593936920166,94.58649444580078,11.610316276550293,11.013184547424316
2010-12-20,27.441312789916992,47.74333572387695,,,10.391424179077148,94.81478118896484,11.651411056518555,11.058300018310547
2010-12-21,27.74869728088379,48.03211212158203,,,10.430142402648926,95.41593170166016,11.698659896850586,11.129441261291504
2010-12-22,27.75667381286621,48.02335739135742,,,10.437886238098145,95.71269989013672,11.704827308654785,11.202320098876953
2010-12-23,27.741039276123047,47.90083312988281,,,10.437886238098145,95.5757064819336,11.692499160766602,11.176294326782227
2010-12-27,27.805208206176758,47.92709732055664,,,10.414655685424805,95.61375427246094,11.696609497070312,11.21446704864502
2010-12-28,27.749053955078125,47.8396110534668,,,10.414655685424805,95.75072479248047,11.692499160766602,11.231817245483398
2010-12-29,27.81725311279297,47.944610595703125,,,10.430142402648926,95.81922912597656,11.698659896850586,11.249168395996094
2010-12-30,27.765104293823242,47.830833435058594,,,10.445627212524414,95.6670150756836,11.698659896850586,11.224879264831543
2010-12-31,27.464275360107422,47.65583038330078,,,10.406911849975586,95.68984985351562,11.674009323120117,11.224879264831543
2011-01-03,27.973678588867188,48.39964294433594,,,10.499831199645996,96.6791000366211,11.7952299118042,11.363693237304688
2011-01-04,27.512401580810547,48.364627838134766,,,10.406911849975586,96.6258316040039,11.75207805633545,11.36716365814209
2011-01-05,27.76911163330078,48.77590560913086,,,10.430142402648926,97.12808227539062,11.81577205657959,11.436568260192871
2011-01-06,27.624719619750977,48.93341827392578,,,10.406911849975586,96.9378433227539,11.776734352111816,11.426159858703613
2011-01-07,27.42416000366211,48.889678955078125,,,10.391424179077148,96.74758911132812,11.750027656555176,11.337658882141113
2011-01-10,27.512401580810547,49.07342529296875,,,10.383683204650879,96.6258316040039,11.787012100219727,11.34286880493164
2011-01-11,27.608673095703125,49.1434440612793,,,10.42240047454834,96.96824645996094,11.791123390197754,11.403600692749023
2011-01-12,27.8734073638916,49.49346160888672,,,10.492088317871094,97.84334564208984,11.887685775756836,11.525065422058105
2011-01-13,27.88943862915039,49.510963439941406,,,10.468862533569336,97.68354034423828,11.86302661895752,11.50076961517334
2011-01-14,28.106040954589844,49.87849426269531,,,10.515317916870117,98.3912582397461,11.932883262634277,11.599676132202148
2011-01-18,28.146156311035156,50.01849365234375,,,10.577264785766602,98.55868530273438,11.988356590270996,11.615289688110352
2011-01-19,27.524444580078125,49.44970703125,,,10.47659683227539,97.59225463867188,11.875354766845703,11.45218276977539
2011-01-20,27.283771514892578,49.09969711303711,,,10.47659683227539,97.46288299560547,11.85481071472168,11.488626480102539
2011-01-21,27.139373779296875,48.72340774536133,,,10.484344482421875,97.68354034423828,11.840428352355957,11.580588340759277
2011-01-24,27.339927673339844,49.39720153808594,,,10.54629135131836,98.23908233642578,11.895901679992676,11.618762969970703
2011-01-25,27.408105850219727,49.46721649169922,,,10.561779022216797,98.29234313964844,11.879467964172363,11.601409912109375
2011-01-26,27.833282470703125,49.72972869873047,,,10.56951904296875,98.67279815673828,11.982193946838379,11.649995803833008
2011-01-27,28.001768112182617,50.0359992980957,,,10.54629135131836,98.91631317138672,11.980137825012207,11.674286842346191
2011-01-28,27.31184959411621,48.76716995239258,,,10.383683204650879,97.18895721435547,11.760299682617188,11.511180877685547
2011-01-31,27.496368408203125,49.003421783447266,,,10.461115837097168,97.91944885253906,11.840428352355957,11.571915626525879
2011-02-01,28.037866592407227,49.9222297668457,,,10.577264785766602,99.48705291748047,12.006845474243164,11.799223899841309
2011-02-02,27.929569244384766,49.84349060058594,,,10.499831199645996,99.29676055908203,12.01301383972168,11.759310722351074
2011-02-03,27.96567153930664,49.93098831176758,,,10.58500862121582,99.51744079589844,12.02328872680664,11.802693367004395
2011-02-04,28.04990005493164,50.21101760864258,,,10.615979194641113,99.79899597167969,12.066429138183594,11.794014930725098
2011-02-07,28.326663970947266,50.44729232788086,,,10.670183181762695,100.42300415039062,12.15272045135498,11.898130416870117
2011-02-08,28.438976287841797,50.779808044433594,,,10.73212718963623,100.87956237792969,12.202031135559082,11.915480613708496
2011-02-09,28.326663970947266,50.692291259765625,,,10.73212718963623,100.6512680053711,12.187649726867676,11.873830795288086
2011-02-10,28.491121292114258,50.77106857299805,,,10.724386215209961,100.6893310546875,12.195866584777832,11.877305030822754
2011-02-11,28.767885208129883,51.13858413696289,,,10.840531349182129,101.29047393798828,12.269830703735352,11.976211547851562
2011-02-14,28.932340621948242,51.261085510253906,,,10.794076919555664,101.53398132324219,12.294486045837402,11.991828918457031
2011-02-15,28.659595489501953,51.19107437133789,,,10.794076919555664,101.21442413330078,12.263667106628418,11.946707725524902
2011-02-16,28.896244049072266,51.52361297607422,,,10.871504783630371,101.85359191894531,12.347901344299316,12.029998779296875
2011-02-17,29.132904052734375,51.506107330322266,,,10.902481079101562,102.15795135498047,12.37255859375,12.083789825439453
2011-02-18,29.173032760620117,51.392333984375,,,10.941191673278809,102.37104034423828,12.38077163696289,12.116759300231934
2011-02-22,28.4710693359375,49.90475082397461,,,10.77858829498291,100.31648254394531,12.093143463134766,11.88424301147461
2011-02-23,27.881427764892578,49.49346160888672,,,10.670183181762695,99.70008087158203,12.02122688293457,11.846068382263184
2011-02-24,28.0458927154541,49.75598907470703,,,10.68567180633545,99.63164520263672,12.035612106323242,11.816574096679688
2011-02-25,28.683658599853516,50.44729232788086,,,10.77084732055664,100.69692993164062,12.183539390563965,11.915480613708496
2011-02-28,28.715749740600586,50.55229187011719,,,10.840531349182129,101.32090759277344,12.21435546875,11.998767852783203
2011-03-01,28.20232391357422,49.73849105834961,,,10.701153755187988,99.63164520263672,12.03972053527832,11.835659980773926
2011-03-02,28.246429443359375,50.00099563598633,,,10.708900451660156,99.84466552734375,12.07464599609375,11.813109397888184
2011-03-03,28.96041488647461,50.989803314208984,,,10.894733428955078,101.5644760131836,12.300650596618652,12.016118049621582
2011-03-04,28.87217903137207,50.727298736572266,,,10.80955982208252,100.80345153808594,12.197919845581055,11.885982513427734
2011-03-07,28.41490936279297,50.04475021362305,,,10.739871978759766,100.0120620727539,12.101358413696289,11.833925247192383
2011-03-08,28.9002685546875,50.24600601196289,,,10.840531349182129,100.88716125488281,12.185595512390137,11.984884262084961
2011-03-09,28.868167877197266,49.90475082397461,,,10.871504783630371,100.74259948730469,12.146556854248047,11.960593223571777
2011-03-10,28.166223526000977,49.12594223022461,,,10.739871978759766,98.87826538085938,11.932883262634277,11.740225791931152
2011-03-11,28.194305419921875,49.432212829589844,,,10.801816940307617,99.5631332397461,12.027390480041504,11.828721046447754
2011-03-14,28.05390739440918,49.2572021484375,,,10.693411827087402,98.96195220947266,11.957536697387695,11.686429977416992
2011-03-15,27.805208206176758,48.5571403503418,,,10.58500862121582,97.82815551757812,11.83015251159668,11.617027282714844
2011-03-16,27.48032569885254,47.38456344604492,,,10.437886238098145,96.0170669555664,11.604150772094727,11.407073020935059
2011-03-17,27.552522659301758,47.82210159301758,,,10.507574081420898,97.28785705566406,11.737698554992676,11.55629825592041
2011-03-18,27.925556182861328,47.71431350708008,,,10.56951904296875,97.6417007446289,11.732748031616211,11.655473709106445
2011-03-21,28.523212432861328,48.634437561035156,,,10.724386215209961,99.15497589111328,11.932766914367676,11.768767356872559
2011-03-22,28.39084243774414,48.54679489135742,,,10.677927017211914,98.81103515625,11.918330192565918,11.758308410644531
2011-03-23,28.434967041015625,48.81844711303711,,,10.716645240783691,99.09379577636719,11.96782112121582,11.744366645812988
2011-03-24,28.62750244140625,49.68598937988281,,,10.786333084106445,100.04147338867188,12.09360122680664,11.835003852844238
2011-03-25,28.852550506591797,49.80864715576172,,,10.786333084106445,100.34718322753906,12.145151138305664,11.88729190826416
2011-03-28,28.792259216308594,49.53700256347656,,,10.763101577758789,100.10263061523438,12.134838104248047,11.901235580444336
2011-03-29,29.02933692932129,50.01896667480469,,,10.832788467407227,100.77519226074219,12.200823783874512,11.916923522949219
2011-03-30,29.403066635131836,50.25558853149414,,,10.902481079101562,101.47063446044922,12.272994041442871,12.00755786895752
2011-03-31,29.55977439880371,50.325679779052734,,,10.917962074279785,101.33309173583984,12.275053024291992,12.004075050354004
2011-04-01,29.648189544677734,50.351959228515625,,,10.995396614074707,101.76105499267578,12.312172889709473,12.040675163269043
2011-04-04,29.768741607666016,50.185462951660156,,,10.995396614074707,101.84510803222656,12.28536319732666,12.047647476196289
2011-04-05,29.87725067138672,50.05401611328125,,,11.010884284973145,101.82986450195312,12.295677185058594,12.066816329956055
2011-04-06,29.96163558959961,50.17671203613281,,,11.0341157913208,102.15084075927734,12.324541091918945,12.110401153564453
2011-04-07,29.796884536743164,50.14165496826172,,,10.987654685974121,101.89097595214844,12.287425994873047,12.082512855529785
2011-04-08,29.415124893188477,49.90506362915039,,,10.956682205200195,101.53947448730469,12.213194847106934,12.04241943359375
2011-04-11,29.230270385742188,49.738548278808594,,,10.956682205200195,101.2337417602539,12.213194847106934,12.021506309509277
2011-04-12,28.880678176879883,49.39678955078125,,,10.886993408203125,100.47710418701172,12.112156867980957,11.897750854492188
2011-04-13,28.840482711791992,49.81741714477539,,,10.910223007202148,100.46946716308594,12.188450813293457,11.871604919433594
2011-04-14,29.017288208007812,49.72978591918945,,,10.925708770751953,100.5458984375,12.174016952514648,11.882065773010254
2011-04-15,29.306610107421875,49.642173767089844,,,11.003141403198242,100.9127426147461,12.196697235107422,11.943068504333496
2011-04-18,28.876646041870117,49.291648864746094,,,10.886993408203125,99.78165435791016,12.087413787841797,11.810600280761719
2011-04-19,28.85655975341797,49.598350524902344,,,10.941191673278809,100.35486602783203,12.157523155212402,11.836746215820312
2011-04-20,29.423171997070312,50.72000503540039,,,11.057340621948242,101.72286224365234,12.361662864685059,11.976187705993652
2011-04-21,29.624088287353516,51.12310791015625,,,11.111546516418457,102.24254608154297,12.446198463439941,12.002326965332031
2011-04-25,29.567825317382812,51.25454330444336,,,11.072827339172363,102.13558197021484,12.425577163696289,11.998846054077148
2011-04-26,29.909387588500977,51.54371643066406,,,11.18897533416748,103.01447296142578,12.538991928100586,12.11562728881836
2011-04-27,30.190685272216797,51.894256591796875,,,11.250922203063965,103.68701171875,12.557550430297852,12.201035499572754
2011-04-28,30.263010025024414,51.815372467041016,,,11.343843460083008,104.02328491210938,12.6524019241333,12.202777862548828
2011-04-29,30.335344314575195,51.77156066894531,,,11.328357696533203,104.267822265625,12.668898582458496,12.25680923461914
2011-05-02,30.07816505432129,51.675167083740234,,,11.3206148147583,104.10737609863281,12.675084114074707,12.241125106811523
2011-05-03,29.74060821533203,51.42981719970703,,,11.274155616760254,103.73283386230469,12.629721641540527,12.190579414367676
2011-05-04,29.403066635131836,51.35093688964844,,,11.243182182312012,103.04500579833984,12.54105281829834,12.098194122314453
2011-05-05,29.278491973876953,51.070526123046875,,20.36134910583496,11.173498153686523,102.11261749267578,12.452387809753418,11.974442481994629
2011-05-06,29.403066635131836,51.23701095581055,,20.437137603759766,11.235437393188477,102.56354522705078,12.501877784729004,12.035449981689453
2011-05-09,29.696413040161133,51.42981719970703,,20.437137603759766,11.305124282836914,102.96094512939453,12.557550430297852,12.077282905578613
2011-05-10,30.206745147705078,51.86796188354492,,20.866588592529297,11.382559776306152,103.8398666381836,12.673023223876953,12.194063186645508
2011-05-11,29.744625091552734,51.49114227294922,,20.437137603759766,11.274155616760254,102.74697875976562,12.53692626953125,12.014532089233398
2011-05-12,29.9937801361084,51.797847747802734,,20.52976417541504,11.398045539855957,103.23609161376953,12.627655982971191,12.085997581481934
2011-05-13,29.636127471923828,51.184444427490234,,20.52976417541504,11.3206148147583,102.44126892089844,12.53280258178711,11.965729713439941
2011-05-16,29.234289169311523,50.29939651489258,,20.336088180541992,11.343843460083008,101.79165649414062,12.43382740020752,11.932613372802734
2011-05-17,29.16998863220215,50.439598083496094,,20.336088180541992,11.281895637512207,101.77637481689453,12.409082412719727,11.930870056152344
2011-05-18,29.547733306884766,50.86022186279297,,20.066627502441406,11.359328269958496,102.6858139038086,12.538991928100586,12.019757270812988
2011-05-19,29.59596061706543,51.00917053222656,,20.066627502441406,11.398045539855957,102.93037414550781,12.557550430297852,12.04241943359375
2011-05-20,29.370912551879883,50.623619079589844,,20.344505310058594,11.312868118286133,102.11261749267578,12.483317375183105,11.944811820983887
2011-05-23,28.892723083496094,49.8787727355957,,19.721364974975586,11.196722984313965,100.92801666259766,12.351350784301758,11.812344551086426
2011-05-24,28.73600196838379,49.572059631347656,,19.721364974975586,11.16574764251709,100.84396362304688,12.359594345092773,11.800141334533691
2011-05-25,29.073549270629883,49.76484680175781,,19.721364974975586,11.16574764251709,101.18025970458984,12.402899742126465,11.841974258422852
2011-05-26,29.415124893188477,50.071556091308594,,20.15924644470215,11.2044677734375,101.64644622802734,12.456510543823242,11.859407424926758
2011-05-27,29.63211441040039,50.325679779052734,,20.268722534179688,11.274155616760254,102.03619384765625,12.473008155822754,11.9360933303833
2011-05-31,30.074146270751953,51.14064025878906,,20.555023193359375,11.3206148147583,103.0985107421875,12.561673164367676,12.026734352111816
2011-06-01,29.17401695251465,50.02772521972656,,19.923465728759766,11.16574764251709,100.78282928466797,12.382281303405762,11.814085006713867
2011-06-02,29.09766387939453,50.132877349853516,,19.662431716918945,11.080574035644531,100.67579650878906,12.363725662231445,11.770514488220215
2011-06-03,28.659648895263672,49.379276275634766,,19.51927375793457,10.964423179626465,99.67467498779297,12.223508834838867,11.657215118408203
2011-06-06,28.2537784576416,48.97618103027344,,19.367708206176758,10.902481079101562,98.6199722290039,12.101849555969238,11.484660148620605
2011-06-07,28.338172912597656,48.888545989990234,,19.367708206176758,10.910223007202148,98.55885314941406,12.145151138305664,11.549150466918945
2011-06-08,28.05286407470703,48.538047790527344,,19.131916046142578,10.840531349182129,98.14611053466797,12.05441951751709,11.442829132080078
2011-06-09,28.181453704833984,48.62566375732422,,19.131916046142578,10.956682205200195,98.89510345458984,12.105973243713379,11.531720161437988
2011-06-10,27.74342918395996,47.880802154541016,,18.91297149658203,10.801816940307617,97.51946258544922,11.924519538879395,11.395767211914062
2011-06-13,27.67513084411621,47.880802154541016,,18.64351463317871,10.832788467407227,97.59587097167969,11.959568977355957,11.414937973022461
2011-06-14,28.285938262939453,48.494205474853516,,18.988758087158203,10.979912757873535,98.833984375,12.085350036621094,11.542179107666016
2011-06-15,27.863990783691406,47.57411575317383,,18.51720428466797,10.825047492980957,97.0761489868164,11.8894624710083,11.343473434448242
2011-06-16,27.956417083740234,47.39009475708008,,18.60140609741211,10.84827709197998,97.29016876220703,11.879150390625,11.357422828674316
2011-06-17,27.94435691833496,47.24165725708008,,18.535640716552734,10.920927047729492,97.58048248291016,11.913106918334961,11.43242359161377
2011-06-20,28.225656509399414,47.4875602722168,,18.535640716552734,11.014668464660645,98.07972717285156,11.98143196105957,11.476225852966309
2011-06-21,28.719913482666016,48.5063591003418,,18.535640716552734,11.124034881591797,99.42379760742188,12.140847206115723,11.632190704345703
2011-06-22,28.52703857421875,48.15506362915039,,18.96571159362793,11.061535835266113,98.82469940185547,12.084957122802734,11.556839942932129
2011-06-23,28.583406448364258,48.60295867919922,,18.898252487182617,11.014668464660645,98.54053497314453,12.049755096435547,11.339547157287598
2011-06-24,28.410268783569336,47.75982666015625,,18.670560836791992,10.920927047729492,97.39615631103516,11.923460006713867,11.376343727111816
2011-06-27,28.61159324645996,48.52391815185547,,18.7380313873291,10.991231918334961,98.26403045654297,12.058037757873535,11.463963508605957
2011-06-28,29.066585540771484,49.24409484863281,,19.18497085571289,11.131847381591797,99.54669189453125,12.198822021484375,11.55859088897705
2011-06-29,29.191394805908203,49.44608688354492,,19.42952537536621,11.178719520568848,100.39921569824219,12.314767837524414,11.667237281799316
2011-06-30,29.52155303955078,50.10478591918945,,19.67407989501953,11.264646530151367,101.35929870605469,12.441061973571777,11.79165267944336
2011-07-01,29.992639541625977,50.86009979248047,,20.02826690673828,11.428695678710938,102.85698699951172,12.600480079650879,11.951118469238281
2011-07-05,30.09732437133789,51.11478805541992,,20.00296974182129,11.397449493408203,102.77249145507812,12.654312133789062,11.910815238952637
2011-07-06,30.1698055267334,51.281654357910156,,19.876468658447266,11.428695678710938,102.89537811279297,12.683295249938965,11.898550987243652
2011-07-07,30.596609115600586,51.98427200317383,,20.31498908996582,11.545873641967773,103.96296691894531,12.863422393798828,12.022966384887695
2011-07-08,30.40736961364746,51.8437385559082,,20.011402130126953,11.475570678710938,103.22564697265625,12.774397850036621,11.905559539794922
2011-07-11,29.80340003967285,50.90399932861328,,19.31146240234375,11.303707122802734,101.35929870605469,12.52387809753418,11.686516761779785
2011-07-12,29.678590774536133,50.5175666809082,,19.21870231628418,11.295894622802734,100.92149353027344,12.488677024841309,11.698781967163086
2011-07-13,29.924205780029297,50.728355407714844,,19.55602264404297,11.303707122802734,101.25943756103516,12.507312774658203,11.688267707824707
2011-07-14,29.4289493560791,50.139915466308594,,19.109073638916016,11.225587844848633,100.56053161621094,12.43484878540039,11.647964477539062
2011-07-15,29.602081298828125,50.80740737915039,,19.252429962158203,11.2490234375,101.14423370361328,12.503173828125,11.597146034240723
2011-07-18,29.20749282836914,50.53512954711914,,18.92354393005371,11.124034881591797,100.31474304199219,12.43899154663086,11.521793365478516
2011-07-19,29.855756759643555,51.68565368652344,,19.4548282623291,11.272464752197266,101.9429931640625,12.706075668334961,11.667237281799316
2011-07-20,29.783275604248047,51.46607971191406,,19.581317901611328,11.241207122802734,101.88154602050781,12.672944068908691,11.739082336425781
2011-07-21,30.07317543029785,51.80861282348633,,19.88490104675293,11.381821632385254,103.29476928710938,12.807520866394043,11.909062385559082
2011-07-22,30.040971755981445,52.3443603515625,,20.011402130126953,11.342764854431152,103.3638687133789,12.84065055847168,11.865256309509277
2011-07-25,29.738985061645508,52.23896789550781,,19.859607696533203,11.264646530151367,102.7878189086914,12.774397850036621,11.798667907714844
2011-07-26,29.489362716674805,52.37070083618164,,19.72467613220215,11.170904159545898,102.40379333496094,12.757830619812012,11.760114669799805
2011-07-27,28.639781951904297,51.01817321777344,,19.05004119873047,10.95998477935791,100.30706024169922,12.474187850952148,11.521793365478516
2011-07-28,28.559261322021484,51.10601043701172,,18.88981056213379,10.936549186706543,100.01519775390625,12.465904235839844,11.455204010009766
2011-07-29,28.587438583374023,50.939151763916016,,18.90669059753418,10.889677047729492,99.3316421508789,12.383089065551758,11.358821868896484
2011-08-01,28.422359466552734,50.70201110839844,,18.68743324279785,10.788126945495605,98.90922546386719,12.327190399169922,11.34129810333252
2011-08-02,27.604991912841797,49.419734954833984,,18.173011779785156,10.499085426330566,96.3823013305664,12.024904251098633,11.032883644104004
2011-08-03,27.753965377807617,49.894004821777344,,17.9284610748291,10.592829704284668,96.90457916259766,12.124287605285645,11.057414054870605
2011-08-04,26.268230438232422,47.57539367675781,,16.78158187866211,10.124120712280273,92.36544036865234,11.55906867980957,10.540471076965332
2011-08-05,25.87766456604004,47.27678298950195,,16.343063354492188,10.202237129211426,92.22718811035156,11.523872375488281,10.515934944152832
2011-08-08,23.73159408569336,44.43121337890625,,14.656476020812988,9.631974220275879,86.22105407714844,10.85306167602539,9.821999549865723
2011-08-09,25.177080154418945,46.57418441772461,,15.49976921081543,9.913201332092285,90.23023986816406,11.229875564575195,10.107635498046875
2011-08-10,23.969158172607422,44.668357849121094,,14.841997146606445,9.639786720275879,86.24408721923828,10.894469261169434,9.73963451385498
2011-08-11,25.16097068786621,46.63566207885742,,16.022613525390625,9.94444751739502,90.11505889892578,11.304408073425293,10.25658130645752
2011-08-12,25.330078125,47.048431396484375,,15.845523834228516,10.08505916595459,90.7218017578125,11.44312572479248,10.25307846069336
2011-08-15,25.97832679748535,47.74225616455078,,16.29247283935547,10.225676536560059,92.64192199707031,11.617040634155273,10.47913646697998
2011-08-16,25.5797119140625,47.338260650634766,,15.988883972167969,10.194427490234375,91.85084533691406,11.496956825256348,10.444085121154785
2011-08-17,25.511262893676758,47.0572395324707,,15.912984848022461,10.163183212280273,91.91230010986328,11.503169059753418,10.424811363220215
2011-08-18,24.07786750793457,44.74739074707031,,14.791407585144043,9.803838729858398,87.94918060302734,10.989706039428711,9.969195365905762
2011-08-19,23.707439422607422,43.93939208984375,,14.369754791259766,9.663223266601562,86.51292419433594,10.801300048828125,9.874566078186035
2011-08-22,23.67925453186035,44.09748458862305,,14.36131763458252,9.678847312927246,86.58204650878906,10.867555618286133,9.83426570892334
2011-08-23,24.830812454223633,45.91550064086914,,14.858864784240723,9.983504295349121,89.43148040771484,11.223661422729492,10.0918607711792
2011-08-24,25.15291404724121,46.27558898925781,,15.21304988861084,10.131936073303223,90.69110107421875,11.362380981445312,10.233803749084473
2011-08-25,24.5650634765625,45.520267486572266,,15.21304988861084,9.94444751739502,89.30860900878906,11.205029487609863,10.165461540222168
2011-08-26,25.10057830810547,46.66200637817383,,15.314244270324707,10.092873573303223,90.60661315917969,11.374801635742188,10.289883613586426
2011-08-29,26.25212287902832,47.96183395385742,,16.10694694519043,10.342851638793945,93.2103042602539,11.703995704650879,10.566754341125488
2011-08-30,26.352783203125,48.27800750732422,,16.216575622558594,10.42096996307373,93.4560546875,11.761969566345215,10.61932373046875
2011-08-31,26.36084747314453,48.357059478759766,,16.343063354492188,10.436588287353516,93.87079620361328,11.79716682434082,10.63509464263916
2011-09-01,25.813241958618164,47.91791915893555,,15.955150604248047,10.350663185119629,92.88768005371094,11.672937393188477,10.59128475189209
2011-09-02,24.90328025817871,46.793739318847656,,15.347973823547363,10.07724666595459,90.51444244384766,11.424491882324219,10.244319915771484
2011-09-06,24.84288787841797,46.80253219604492,,15.120285987854004,10.014756202697754,89.8539047241211,11.372733116149902,10.1409273147583
2011-09-07,25.801166534423828,47.98816680908203,,15.921417236328125,10.280357360839844,92.38849639892578,11.65430736541748,10.42306137084961
2011-09-08,25.330078125,47.76860046386719,,15.584099769592285,10.194427490234375,91.42842102050781,11.573563575744629,10.342447280883789
2011-09-09,24.57714080810547,46.705909729003906,,15.078121185302734,9.952261924743652,89.03209686279297,11.256790161132812,10.072586059570312
2011-09-12,24.75430679321289,47.30313491821289,,15.17932415008545,9.99131965637207,89.60816955566406,11.331323623657227,10.000741004943848
2011-09-13,25.14486312866211,47.93547058105469,,15.36484146118164,10.08505916595459,90.42996215820312,11.447264671325684,10.1707181930542
2011-09-14,25.583740234375,48.62053298950195,,15.719029426574707,10.233485221862793,91.68186950683594,11.619111061096191,10.349458694458008
2011-09-15,25.921955108642578,49.340694427490234,,16.0985107421875,10.342851638793945,93.2640380859375,11.788880348205566,10.51418399810791
2011-09-16,25.90182876586914,49.792964935302734,,16.10527229309082,10.428378105163574,93.81604766845703,11.869537353515625,10.55737018585205
2011-09-19,25.507240295410156,49.81055450439453,,15.690803527832031,10.365606307983398,92.88187408447266,11.800941467285156,10.419870376586914
2011-09-20,25.072385787963867,49.59059143066406,,15.513175010681152,10.373456001281738,92.77383422851562,11.77183723449707,10.516823768615723
2011-09-21,24.158395767211914,48.72829818725586,,14.760354042053223,10.122357368469238,90.0408706665039,11.47665786743164,10.254167556762695
2011-09-22,23.538328170776367,47.14450454711914,,13.889111518859863,9.816329956054688,87.13032531738281,11.123275756835938,9.742959022521973
2011-09-23,23.800048828125,47.646026611328125,,13.956781387329102,9.871262550354004,87.65531158447266,11.164849281311035,9.787031173706055
2011-09-26,24.311397552490234,48.200374603271484,,14.27821159362793,10.075277328491211,89.73974609375,11.32075023651123,10.002092361450195
2011-09-27,24.816280364990234,48.70192337036133,,14.675761222839355,10.185131072998047,90.74337005615234,11.516156196594238,10.241832733154297
2011-09-28,23.939804077148438,47.980377197265625,,14.168245315551758,9.973271369934082,88.89054870605469,11.289573669433594,10.091994285583496
2011-09-29,24.404298782348633,47.40846633911133,,14.312041282653809,10.043890953063965,89.59307861328125,11.291650772094727,10.093754768371582
2011-09-30,23.644947052001953,46.185420989990234,,13.922940254211426,9.863415718078613,87.35421752929688,11.067148208618164,9.87869644165039
2011-10-03,22.46552085876465,44.99755859375,,12.874070167541504,9.604469299316406,84.86833190917969,10.738709449768066,9.570206642150879
2011-10-04,23.947879791259766,45.921451568603516,,13.550763130187988,9.832024574279785,86.72888946533203,10.9507417678833,9.78879165649414
2011-10-05,24.2669677734375,47.100502014160156,,14.049824714660645,9.973271369934082,88.334716796875,11.121198654174805,9.85401725769043
2011-10-06,24.800127029418945,47.89240646362305,,14.481218338012695,10.13805103302002,89.93276977539062,11.362332344055176,10.083178520202637
2011-10-07,24.21849250793457,47.575645446777344,,14.159785270690918,10.075277328491211,89.33060455322266,11.30620288848877,10.016189575195312
2011-10-10,25.220199584960938,49.221038818359375,,14.777270317077637,10.365606307983398,92.31829833984375,11.622170448303223,10.374041557312012
2011-10-11,25.349445343017578,49.55540466308594,,15.005646705627441,10.357760429382324,92.41094207763672,11.705321311950684,10.400484085083008
2011-10-12,25.660457611083984,49.80177307128906,,15.343996047973633,10.459770202636719,93.2215805053711,11.82172679901123,10.527402877807617
2011-10-13,25.664499282836914,50.25930404663086,,15.191741943359375,10.396995544433594,93.03630065917969,11.790548324584961,10.412819862365723
2011-10-14,26.12900161743164,51.19198989868164,,15.572380065917969,10.514697074890137,94.62666320800781,11.996342658996582,10.599676132202148
2011-10-17,25.34540557861328,50.40008544921875,,14.954900741577148,10.365606307983398,92.82014465332031,11.782232284545898,10.418107032775879
2011-10-18,25.98358726501465,51.02481460571289,,15.597753524780273,10.530388832092285,94.6343765258789,11.940217018127441,10.71778678894043
2011-10-19,25.519094467163086,50.039329528808594,,15.15790843963623,10.514697074890137,93.51495361328125,11.77183723449707,10.57499885559082
2011-10-20,25.579679489135742,49.792964935302734,,15.30170726776123,10.5460786819458,93.92414093017578,11.786393165588379,10.682528495788574
2011-10-21,26.153226852416992,50.41767883300781,,15.792304992675781,10.718717575073242,95.70751190185547,12.012969970703125,10.823551177978516
2011-10-24,26.977205276489258,51.46475601196289,,16.35903549194336,10.867802619934082,96.88094329833984,12.185502052307129,10.985729217529297
2011-10-25,26.250173568725586,50.45288848876953,,15.902264595031738,10.67948055267334,94.9972152709961,11.954765319824219,10.753039360046387
2011-10-26,26.674285888671875,50.39130401611328,,16.10527229309082,10.757948875427246,95.96227264404297,12.048308372497559,10.918745994567871
2011-10-27,28.039499282836914,51.781532287597656,,17.162609100341797,11.071816444396973,99.30512237548828,12.407930374145508,11.368254661560059
2011-10-28,27.95064353942871,51.86069869995117,,17.348703384399414,11.079667091369629,99.28196716308594,12.439108848571777,11.267777442932129
2011-10-31,27.171092987060547,50.98961639404297,,16.578964233398438,10.87564754486084,96.88871002197266,12.185502052307129,11.11617660522461
2011-11-01,26.30267906188965,49.660987854003906,,16.037607192993164,10.601011276245117,94.18659973144531,11.871622085571289,10.668425559997559
2011-11-02,26.904504776000977,50.083343505859375,,16.24907112121582,10.757948875427246,95.7229232788086,12.01089096069336,10.821788787841797
2011-11-03,27.574989318847656,51.121604919433594,,16.731216430664062,10.946269035339355,97.46771240234375,12.262417793273926,11.038609504699707
2011-11-04,27.421510696411133,50.85763168334961,,16.705848693847656,10.899190902709961,96.87326049804688,12.204215049743652,10.962811470031738
2011-11-07,27.39322853088379,51.21837615966797,,16.68045997619629,10.946269035339355,97.47543334960938,12.249942779541016,11.008647918701172
2011-11-08,27.756752014160156,51.80791091918945,,16.984981536865234,11.063970565795898,98.72606658935547,12.418320655822754,11.195502281188965
2011-11-09,26.528867721557617,49.98655319213867,,16.0037784576416,10.703021049499512,95.08216857910156,11.981789588928223,10.761855125427246
2011-11-10,26.686389923095703,49.960147857666016,,16.139110565185547,10.773643493652344,95.97769927978516,12.05870246887207,10.89053726196289
2011-11-11,27.425556182861328,50.901634216308594,,16.638172149658203,10.977654457092285,97.78424835205078,12.299836158752441,11.054475784301758
2011-11-14,27.03376007080078,50.58487319946289,,16.41825294494629,10.914887428283691,96.8578109741211,12.21668529510498,10.922268867492676
2011-11-15,27.37303924560547,51.148014068603516,,16.53667449951172,10.961962699890137,97.33647918701172,12.301911354064941,10.994542121887207
2011-11-16,26.92873191833496,50.303287506103516,,16.282907485961914,10.797181129455566,95.79243469238281,12.268651008605957,10.777719497680664
2011-11-17,26.605615615844727,49.124263763427734,,15.800760269165039,10.624553680419922,94.27152252197266,11.898639678955078,10.631404876708984
2011-11-18,26.670236587524414,48.74589920043945,,15.758469581604004,10.663788795471191,94.17117309570312,11.877853393554688,10.680768966674805
2011-11-21,26.00782585144043,47.81321334838867,,15.3862943649292,10.483307838439941,92.3801040649414,11.655428886413574,10.448077201843262
2011-11-22,25.830102920532227,47.97160339355469,,15.15790843963623,10.436229705810547,92.01725006103516,11.630484580993652,10.372279167175293
2011-11-23,25.066709518432617,46.88932800292969,,14.65038776397705,10.279292106628418,89.98683166503906,11.383116722106934,10.139592170715332
2011-11-25,24.751657485961914,46.52858352661133,,14.574260711669922,10.26359748840332,89.81698608398438,11.383116722106934,10.15545654296875
2011-11-28,25.910879135131836,48.14757537841797,,15.200202941894531,10.514697074890137,92.41871643066406,11.688687324523926,10.38637638092041
2011-11-29,25.813947677612305,47.848411560058594,,15.225578308105469,10.55392837524414,92.68115997314453,11.697004318237305,10.492147445678711
2011-11-30,27.34073257446289,49.616981506347656,,16.308286666870117,10.954117774963379,96.49494171142578,12.110671043395996,10.94342041015625
2011-12-01,27.175132751464844,49.960147857666016,,16.23215675354004,10.930578231811523,96.47956848144531,12.156401634216309,10.897590637207031
2011-12-02,27.22359275817871,49.81937026977539,,16.333654403686523,10.899190902709961,96.3946304321289,12.158483505249023,10.934609413146973
2011-12-05,27.635587692260742,50.364891052246094,,16.646631240844727,10.954117774963379,97.4445571899414,12.237472534179688,11.087968826293945
2011-12-06,27.627500534057617,50.22410202026367,,16.604341506958008,11.016889572143555,97.47543334960938,12.27281665802002,11.08620834350586
2011-12-07,27.619428634643555,50.22410202026367,,16.612796783447266,11.040431022644043,97.83828735351562,12.262417793273926,11.146143913269043
2011-12-08,26.787364959716797,49.379425048828125,,15.902264595031738,10.828571319580078,95.69206237792969,12.031678199768066,10.906404495239258
2011-12-09,27.615392684936523,50.171321868896484,,16.342124938964844,10.977654457092285,97.31328582763672,12.23331069946289,11.045662879943848
2011-12-12,27.276107788085938,49.608184814453125,,15.665428161621094,10.797181129455566,95.89278411865234,12.04622745513916,10.846467971801758
2011-12-13,26.783327102661133,49.062652587890625,,15.462411880493164,10.72655963897705,94.9972152709961,11.919427871704102,10.742466926574707
2011-12-14,26.407684326171875,48.29716491699219,,15.124066352844238,10.67948055267334,93.98590087890625,11.800941467285156,10.671953201293945
2011-12-15,26.73889923095703,48.16518020629883,,15.124066352844238,10.703021049499512,94.3255615234375,11.81965446472168,10.721312522888184
2011-12-16,26.95700454711914,48.41316223144531,,15.235136985778809,10.73770809173584,94.46540832519531,11.842632293701172,10.760167121887207
2011-12-19,26.500600814819336,47.93661117553711,,14.819705963134766,10.619451522827148,93.45545196533203,11.754878044128418,10.58095645904541
2011-12-20,27.574989318847656,49.357421875,,15.616653442382812,10.895380973815918,96.28337860107422,12.09335708618164,10.934063911437988
2011-12-21,27.728485107421875,48.65141677856445,,15.701428413391113,10.982105255126953,96.46988677978516,12.055750846862793,10.948262214660645
2011-12-22,27.920618057250977,49.06619644165039,,15.981210708618164,11.021526336669922,97.32447052001953,12.141413688659668,11.134575843811035
2011-12-23,28.00979995727539,49.48977279663086,,16.057512283325195,11.100363731384277,98.19461059570312,12.233348846435547,11.205554008483887
2011-12-27,28.115184783935547,49.674381256103516,,15.972734451293945,11.139780044555664,98.27233123779297,12.27304744720459,11.233942985534668
2011-12-28,27.632822036743164,49.10026168823242,,15.633601188659668,11.037291526794434,96.98263549804688,12.143503189086914,11.084895133972168
2011-12-29,27.944948196411133,49.45356750488281,,15.870992660522461,11.12401294708252,97.98487091064453,12.245882034301758,11.193130493164062
2011-12-30,27.68552589416504,49.31224822998047,,15.904900550842285,11.060940742492676,97.5031509399414,12.216633796691895,11.143446922302246
2012-01-03,28.13140296936035,50.25732421875,,16.422073364257812,11.139780044555664,99.05699157714844,12.352441787719727,11.365252494812012
2012-01-04,27.969261169433594,50.46931457519531,,16.45598030090332,11.187081336975098,99.21239471435547,12.34199333190918,11.377671241760254
2012-01-05,28.135461807250977,50.884437561035156,,16.574678421020508,11.218619346618652,99.47653198242188,12.362889289855957,11.406064987182617
2012-01-06,28.04221534729004,51.061100006103516,,16.566194534301758,11.155548095703125,99.22016143798828,12.352441787719727,11.384773254394531
2012-01-09,28.15572166442871,50.89326858520508,,16.574678421020508,11.210736274719238,99.46100616455078,12.358707427978516,11.42735481262207
2012-01-10,28.5327091217041,51.26424026489258,,17.00705337524414,11.297457695007324,100.3233871459961,12.433923721313477,11.551567077636719
2012-01-11,28.65025520324707,51.3702392578125,,17.142709732055664,11.289571762084961,100.37775421142578,12.431839942932129,11.57995891571045
2012-01-12,28.75969123840332,51.5733757019043,,17.210535049438477,11.344756126403809,100.61858367919922,12.452733039855957,11.611896514892578
2012-01-13,28.569177627563477,51.38789749145508,,17.015533447265625,11.297457695007324,100.09806060791016,12.406770706176758,11.471720695495605
2012-01-17,28.581348419189453,51.85601806640625,,17.015533447265625,11.376296043395996,100.4865493774414,12.471536636352539,11.546242713928223
2012-01-18,29.083974838256836,52.54497146606445,,17.498790740966797,11.478784561157227,101.59754943847656,12.580184936523438,11.686422348022461
2012-01-19,29.250171661376953,52.87176513671875,,17.710735321044922,11.526084899902344,102.13359832763672,12.642867088317871,11.757404327392578
2012-01-20,29.294750213623047,52.79228210449219,,17.634435653686523,11.518199920654297,102.51428985595703,12.634510040283203,11.799985885620117
2012-01-23,29.246110916137695,52.809940338134766,,17.76161003112793,11.53396987915039,102.25013732910156,12.659585952758789,11.812409400939941
2012-01-24,29.424468994140625,52.712791442871094,,17.837907791137695,11.526084899902344,102.13359832763672,12.630328178405762,11.784021377563477
2012-01-25,29.63120460510254,53.3752326965332,,18.05834197998047,11.612809181213379,102.98818969726562,12.780767440795898,11.847895622253418
2012-01-26,29.57038688659668,53.18975067138672,,17.871816635131836,11.581271171569824,102.45992279052734,12.68674373626709,11.752079963684082
2012-01-27,29.70416831970215,53.3487434387207,,17.871816635131836,11.54185676574707,102.41332244873047,12.7347993850708,11.77159595489502
2012-01-30,29.481239318847656,53.39291000366211,,17.685304641723633,11.478784561157227,102.06365966796875,12.688834190368652,11.689970970153809
2012-01-31,29.50960350036621,53.46353530883789,,17.617483139038086,11.502437591552734,102.02483367919922,12.688834190368652,11.682879447937012
2012-02-01,30.137895584106445,53.896358489990234,,17.9481258392334,11.59704303741455,102.91828155517578,12.782851219177246,11.84434986114502
2012-02-02,30.328414916992188,54.06416320800781,,18.02443504333496,11.604923248291016,103.0814208984375,12.807924270629883,11.847895622253418
2012-02-03,30.98102569580078,54.80611038208008,,18.567031860351562,11.738947868347168,104.5265121459961,12.950003623962402,12.025341033935547
2012-02-06,30.851320266723633,54.761932373046875,,18.567031860351562,11.707412719726562,104.45658874511719,12.941646575927734,12.016471862792969
2012-02-07,30.79862403869629,54.87678527832031,,18.59246253967285,11.731064796447754,104.72071838378906,12.99179458618164,12.07325267791748
2012-02-08,30.859420776367188,55.16823959350586,,18.68572235107422,11.731064796447754,105.03152465820312,12.99806022644043,12.09454345703125
2012-02-09,30.701337814331055,55.56570816040039,,18.75354766845703,11.746833801269531,105.16358184814453,13.05029582977295,12.096320152282715
2012-02-10,30.283828735351562,55.17706298828125,,18.448335647583008,11.675880432128906,104.38665771484375,12.952094078063965,11.965012550354004
2012-02-13,30.672950744628906,55.689361572265625,,18.677248001098633,11.746833801269531,105.16358184814453,13.056564331054688,12.089223861694336
2012-02-14,30.531089782714844,55.83068084716797,,18.49920654296875,11.738947868347168,105.03152465820312,13.071188926696777,11.950812339782715
2012-02-15,30.27570915222168,55.442047119140625,,18.465286254882812,11.683765411376953,104.54205322265625,12.989704132080078,12.009371757507324
2012-02-16,30.84726333618164,56.20166015625,,18.787458419799805,11.78625202178955,105.69964599609375,13.087903022766113,12.154876708984375
2012-02-17,30.86347770690918,56.02499008178711,,18.85527992248535,11.817789077758789,105.97933197021484,13.13387393951416,12.209881782531738
2012-02-21,30.681066513061523,56.18398666381836,,18.838329315185547,11.77048110961914,106.02594757080078,13.102531433105469,12.261343955993652
2012-02-22,30.474334716796875,55.92782974243164,,18.59246253967285,11.731064796447754,105.6841049194336,13.13387393951416,12.12293529510498
2012-02-23,30.86347770690918,56.29879379272461,,18.821372985839844,11.802021026611328,106.15027618408203,13.190287590026855,12.176173210144043
2012-02-24,30.737815856933594,56.493133544921875,,18.787458419799805,11.80990219116211,106.38334655761719,13.236251831054688,12.18326473236084
2012-02-27,30.668914794921875,56.572628021240234,,18.787458419799805,11.849319458007812,106.56200408935547,13.252964973449707,12.224075317382812
2012-02-28,30.60404396057129,57.146751403808594,,18.75354766845703,11.841436386108398,106.87276458740234,13.30519962310791,12.25069522857666
2012-02-29,30.15005111694336,56.89058303833008,,18.49920654296875,11.802021026611328,106.45328521728516,13.257145881652832,12.172619819641113
2012-03-01,30.340572357177734,57.34104919433594,,18.677248001098633,11.833555221557617,107.00486755371094,13.324004173278809,12.238272666931152
2012-03-02,29.86630630493164,57.29689407348633,,18.550067901611328,11.80990219116211,106.6785888671875,13.294754981994629,12.215205192565918
2012-03-05,29.894678115844727,56.70509338378906,,18.177032470703125,11.80990219116211,106.24348449707031,13.244607925415039,12.131806373596191
2012-03-06,29.351511001586914,56.148651123046875,,17.651391983032227,11.636459350585938,104.68965148925781,13.077460289001465,11.936622619628906
2012-03-07,29.610944747924805,56.581451416015625,,17.905736923217773,11.71529483795166,105.42000579833984,13.14849853515625,12.046636581420898
2012-03-08,29.939271926879883,57.190914154052734,,18.202468872070312,11.817789077758789,106.46881866455078,13.269680976867676,12.158424377441406
2012-03-09,30.324344635009766,57.42936325073242,,18.346599578857422,11.865092277526855,106.880615234375,13.298933982849121,12.273760795593262
2012-03-12,30.32030487060547,57.45587158203125,,18.193988800048828,11.872977256774902,106.88835906982422,13.3093843460083,12.23117446899414
2012-03-13,30.972923278808594,58.52461624145508,,18.778982162475586,12.022765159606934,108.81510162353516,13.482796669006348,12.47427749633789
2012-03-14,30.729703903198242,58.727787017822266,,18.711151123046875,11.999114036560059,108.69852447509766,13.516226768493652,12.452981948852539
2012-03-15,30.972923278808594,58.89558410644531,,19.01637077331543,12.062183380126953,109.32787322998047,13.553836822509766,12.568313598632812
2012-03-16,30.887800216674805,58.854000091552734,,19.14541244506836,12.07960033416748,109.47925567626953,13.586967468261719,12.574562072753906
2012-03-19,31.16748809814453,59.269832611083984,,19.238811492919922,12.071682929992676,109.90837860107422,13.645674705505371,12.644099235534668
2012-03-20,30.887800216674805,59.376014709472656,,19.02655792236328,12.0321044921875,109.58847045898438,13.607935905456543,12.603092193603516
2012-03-21,30.879690170288086,59.384864807128906,,18.95013999938965,12.024188995361328,109.40902709960938,13.586967468261719,12.590611457824707
2012-03-22,30.595930099487305,59.2609748840332,,18.525632858276367,11.984609603881836,108.62089538574219,13.51987361907959,12.42834186553955
2012-03-23,30.88373565673828,59.225589752197266,,18.70392608642578,12.008356094360352,108.97203826904297,13.540838241577148,12.522847175598145
2012-03-26,31.560239791870117,60.26076126098633,,18.907695770263672,12.11917781829834,110.50145721435547,13.71277141571045,12.636971473693848
2012-03-27,31.336637496948242,60.349239349365234,,18.797317504882812,12.087516784667969,110.15814971923828,13.710672378540039,12.635186195373535
2012-03-28,31.206531524658203,60.110347747802734,,18.61054039001465,12.087516784667969,109.61190795898438,13.637286186218262,12.52641487121582
2012-03-29,31.117109298706055,59.880313873291016,,18.51713752746582,12.103349685668945,109.42461395263672,13.647771835327148,12.42656135559082
2012-03-30,31.02359390258789,59.765289306640625,,18.59355354309082,12.16667366027832,109.87721252441406,13.689709663391113,12.57812786102295
2012-04-02,31.401674270629883,60.384620666503906,,18.797317504882812,12.245828628540039,110.680908203125,13.794544219970703,12.683332443237305
2012-04-03,31.239049911499023,60.366939544677734,,18.6190242767334,12.19041919708252,110.2283706665039,13.750515937805176,12.572773933410645
2012-04-04,30.75934600830078,59.544105529785156,,18.279417037963867,12.103349685668945,109.13589477539062,13.670835494995117,12.430130004882812
2012-04-05,30.621110916137695,59.915706634521484,,18.1860294342041,12.07960033416748,109.08128356933594,13.683419227600098,12.403383255004883
2012-04-09,30.137311935424805,59.4644889831543,,17.83792495727539,11.945028305053711,107.85619354248047,13.555513381958008,12.262516021728516
2012-04-10,29.421796798706055,58.508949279785156,,17.39642906188965,11.755047798156738,106.04580688476562,13.347939491271973,12.005743980407715
2012-04-11,29.85273551940918,58.79207229614258,,17.608684539794922,11.873785972595215,106.90419006347656,13.400354385375977,12.123428344726562
2012-04-12,30.26741600036621,59.4644889831543,,18.12660026550293,12.016271591186523,108.30091857910156,13.578579902648926,12.308877944946289
2012-04-13,29.921842575073242,58.56201934814453,,17.71906089782715,11.929197311401367,107.0134506225586,13.486320495605469,12.214369773864746
2012-04-16,29.99095344543457,57.90729904174805,,17.676610946655273,11.9529447555542,106.94319915771484,13.396160125732422,12.176925659179688
2012-04-17,30.434091567993164,59.08403778076172,,18.016216278076172,12.103349685668945,108.52726745605469,13.59744644165039,12.362367630004883
2012-04-18,30.17391014099121,58.93363952636719,,17.786985397338867,12.095430374145508,108.16049194335938,13.553421974182129,12.28747844696045
2012-04-19,30.011272430419922,58.27006149291992,,17.753026962280273,12.000436782836914,107.46601104736328,13.448580741882324,12.219717979431152
2012-04-20,30.15359115600586,58.11081314086914,,17.65114402770996,12.07960033416748,107.6455078125,13.467452049255371,12.312443733215332
2012-04-23,29.718576431274414,57.5799560546875,,17.421905517578125,11.929197311401367,106.74032592773438,13.356327056884766,12.151961326599121
2012-04-24,29.889324188232422,57.27028274536133,,17.591707229614258,11.960860252380371,107.14608764648438,13.358421325683594,12.217933654785156
2012-04-25,30.360916137695312,58.79207229614258,,17.871885299682617,12.071682929992676,108.61309814453125,13.603737831115723,12.332056999206543
2012-04-26,30.637367248535156,59.13710403442383,,18.08414077758789,12.150840759277344,109.37001037597656,13.68760871887207,12.447957038879395
2012-04-27,30.926015853881836,59.49100112915039,,18.092636108398438,12.198335647583008,109.54949951171875,13.733739852905273,12.4533052444458
2012-04-30,30.600778579711914,59.06633377075195,,17.99074935913086,12.135008811950684,109.1436996459961,13.65825366973877,12.40159797668457
2012-05-01,30.641429901123047,59.16367721557617,,18.19451141357422,12.198335647583008,109.82258605957031,13.758903503417969,12.579909324645996
2012-05-02,30.808120727539062,59.331783294677734,,18.024707794189453,12.19041919708252,109.49488830566406,13.729545593261719,12.433692932128906
2012-05-03,30.393434524536133,58.703590393066406,,17.676610946655273,12.11917781829834,108.65992736816406,13.637286186218262,12.328489303588867
2012-05-04,29.848670959472656,57.24375534057617,,17.269075393676758,11.945028305053711,106.90419006347656,13.41922664642334,12.150177001953125
2012-05-07,29.9381046295166,57.29683303833008,,17.235118865966797,11.968777656555176,106.98219299316406,13.412936210632324,12.155527114868164
2012-05-08,29.893396377563477,57.084476470947266,,17.082294464111328,11.937112808227539,106.55300903320312,13.370999336242676,12.059240341186523
2012-05-09,29.74296760559082,56.90753936767578,,17.039846420288086,11.86587142944336,105.92095947265625,13.276649475097656,12.023576736450195
2012-05-10,29.877126693725586,56.792510986328125,,16.937963485717773,11.921283721923828,106.13946533203125,13.285036087036133,12.1127290725708
2012-05-11,29.79582977294922,56.78367233276367,,16.878536224365234,11.873785972595215,105.81952667236328,13.30180835723877,11.993265151977539
2012-05-14,29.45026206970215,56.2528190612793,,16.538925170898438,11.802542686462402,104.64903259277344,13.155035972595215,11.863091468811035
2012-05-15,29.46653175354004,56.067012786865234,,16.275726318359375,11.762959480285645,104.04817962646484,13.106806755065918,11.752541542053223
2012-05-16,29.23072052001953,55.68656539916992,,16.01253318786621,11.755047798156738,103.6502685546875,13.07955265045166,11.791773796081543
2012-05-17,28.616840362548828,54.509849548339844,,15.647459983825684,11.565068244934082,102.11298370361328,12.859394073486328,11.5474853515625
2012-05-18,28.368833541870117,53.80203628540039,,15.392745018005371,11.422585487365723,101.23905181884766,12.75036334991455,11.48685359954834
2012-05-21,28.856700897216797,55.30611801147461,,15.851214408874512,11.604646682739258,102.97916412353516,13.004068374633789,11.53856372833252
2012-05-22,28.726608276367188,55.24419403076172,,15.859704971313477,11.652138710021973,103.15863800048828,13.004068374633789,11.563531875610352
2012-05-23,28.87295913696289,55.350372314453125,,15.919137954711914,11.683807373046875,103.21324157714844,13.039713859558105,11.520736694335938
2012-05-24,28.885156631469727,54.98762512207031,,15.876694679260254,11.707551002502441,103.4161605834961,13.041810035705566,11.584929466247559
2012-05-25,28.905481338500977,54.91682434082031,,15.893667221069336,11.67589282989502,103.08061218261719,13.006162643432617,11.627726554870605
2012-05-29,29.295761108398438,55.61579895019531,,16.097427368164062,11.802542686462402,104.32913208007812,13.127778053283691,11.770377159118652
2012-05-30,28.767250061035156,55.146881103515625,,15.715371131896973,11.660058975219727,102.81525421142578,13.010361671447754,11.611677169799805
2012-05-31,28.685945510864258,54.90797805786133,,15.621973991394043,11.667970657348633,102.5889892578125,12.945359230041504,11.611677169799805
2012-06-01,27.876916885375977,53.44813537597656,,14.951257705688477,11.367173194885254,100.00611114501953,12.647621154785156,11.33172607421875
2012-06-04,27.828136444091797,53.85512924194336,,14.798432350158691,11.319671630859375,99.95928955078125,12.662299156188965,11.260401725769043
2012-06-05,28.076120376586914,54.0763053894043,,15.12105941772461,11.398835182189941,100.71622467041016,12.727298736572266,11.324591636657715
2012-06-06,28.755050659179688,55.314971923828125,,15.596515655517578,11.596728324890137,102.97916412353516,12.947455406188965,11.609893798828125
2012-06-07,28.612760543823242,55.093788146972656,,15.554051399230957,11.660058975219727,103.04158020019531,13.016647338867188,11.675865173339844
2012-06-08,28.93800163269043,55.6246452331543,,15.638965606689453,11.699637413024902,103.8609619140625,13.0648775100708,11.702615737915039
2012-06-11,28.255008697509766,54.68680191040039,,15.205961227416992,11.660058975219727,102.54218292236328,12.920198440551758,11.706183433532715
2012-06-12,28.600568771362305,55.350372314453125,,15.503117561340332,11.723383903503418,103.72050476074219,13.04600715637207,11.700837135314941
2012-06-13,28.230609893798828,54.96992492675781,,15.316333770751953,11.596728324890137,103.05721282958984,13.00826644897461,11.740062713623047
2012-06-14,28.555850982666016,55.17341232299805,,15.426704406738281,11.74713134765625,104.14965057373047,13.094230651855469,11.734711647033691
2012-06-15,28.860759735107422,55.85891342163086,,15.726414680480957,11.842637062072754,105.21485137939453,13.205626487731934,11.909199714660645
2012-06-18,28.91362190246582,56.38211441040039,,15.658303260803223,11.890388488769531,105.41876220703125,13.268803596496582,11.91457748413086
2012-06-19,29.411914825439453,56.96739959716797,,16.041460037231445,12.009772300720215,106.43843078613281,13.411998748779297,12.050867080688477
2012-06-20,29.354785919189453,57.01172637939453,,16.058488845825195,11.922224998474121,106.26587677001953,13.32987117767334,11.961203575134277
2012-06-21,28.62834930419922,55.59286117553711,,15.436924934387207,11.707341194152832,103.88141632080078,13.079275131225586,11.81953239440918
2012-06-22,28.954833984375,56.17814254760742,,15.598702430725098,11.778968811035156,104.68144226074219,13.163509368896484,11.882298469543457
2012-06-25,28.510007858276367,55.09626770019531,,15.096343994140625,11.595911979675293,103.00289154052734,12.997149467468262,11.640204429626465
2012-06-26,28.620189666748047,55.44209671020508,,15.215547561645508,11.643668174743652,103.52057647705078,13.020317077636719,11.731663703918457
2012-06-27,29.032371520996094,55.77909469604492,,15.581669807434082,11.699379920959473,104.45397186279297,13.125606536865234,11.758559226989746
2012-06-28,29.02421760559082,55.158348083496094,,15.649788856506348,11.564077377319336,104.15591430664062,13.077174186706543,11.688619613647461
2012-06-29,29.90162467956543,56.896446228027344,,16.237295150756836,11.914265632629395,106.7521743774414,13.388833999633789,12.120802879333496
2012-07-02,30.146501541137695,57.0649299621582,,16.19472312927246,11.890388488769531,107.07377624511719,13.428841590881348,12.099287986755371
2012-07-03,30.526023864746094,57.54380798339844,,16.54381561279297,12.009772300720215,107.77969360351562,13.529923439025879,12.171016693115234
2012-07-05,30.50154685974121,57.579288482666016,,16.365015029907227,12.041604995727539,107.29337310791016,13.538347244262695,12.113635063171387
2012-07-06,30.170969009399414,56.86098098754883,,16.109580993652344,11.922224998474121,106.27369689941406,13.348821640014648,12.016791343688965
2012-07-09,30.12200927734375,56.75456619262695,,15.939284324645996,11.874473571777344,106.1403579711914,13.365667343139648,11.943268775939941
2012-07-10,29.79142951965332,56.19587707519531,,15.590191841125488,11.802845001220703,105.21485137939453,13.264593124389648,11.821320533752441
2012-07-11,29.673099517822266,55.885501861572266,,15.61573600769043,11.794885635375977,105.23050689697266,13.270909309387207,11.871537208557129
2012-07-12,29.652687072753906,55.36229705810547,,15.496526718139648,11.778968811035156,104.72067260742188,13.24353313446045,11.826706886291504
2012-07-13,30.032215118408203,56.204750061035156,,15.845613479614258,11.930181503295898,106.47763061523438,13.411998748779297,12.027555465698242
2012-07-16,29.942445755004883,56.045127868652344,,15.794537544250488,11.874473571777344,106.22667694091797,13.359354019165039,12.038308143615723
2012-07-17,30.019973754882812,56.3377685546875,,15.930766105651855,11.962017059326172,106.95611572265625,13.454113006591797,12.117218017578125
2012-07-18,30.191390991210938,57.10040283203125,,16.058488845825195,12.065482139587402,107.74830627441406,13.563621520996094,12.165635108947754
2012-07-19,30.162818908691406,57.73003005981445,,16.11808967590332,12.121196746826172,108.03069305419922,13.647848129272461,12.153082847595215
2012-07-20,29.84449005126953,56.96739959716797,,15.879676818847656,12.001813888549805,107.04238891601562,13.53624153137207,12.052661895751953
2012-07-23,29.38741683959961,56.275699615478516,,15.658303260803223,11.898346900939941,105.9599609375,13.411998748779297,11.896644592285156
2012-07-24,29.01604652404785,55.83229064941406,,15.419899940490723,11.771007537841797,105.05007934570312,13.2393217086792,11.765734672546387
2012-07-25,29.05278778076172,55.4598503112793,,15.368803024291992,11.834678649902344,105.07363891601562,13.251956939697266,11.84464168548584
2012-07-26,29.289470672607422,56.19587707519531,,15.803046226501465,11.946102142333984,106.80706024169922,13.46674919128418,12.075976371765137
2012-07-27,30.007740020751953,57.52608108520508,,16.27135467529297,12.200779914855957,108.77579498291016,13.723661422729492,12.292957305908203
2012-07-30,29.815935134887695,57.48173141479492,,16.220264434814453,12.168950080871582,108.77579498291016,13.70681381225586,12.271439552307129
2012-07-31,29.66900634765625,57.46399688720703,,16.169174194335938,12.105277061462402,108.01498413085938,13.662590980529785,12.237369537353516
2012-08-01,29.183374404907227,57.295509338378906,,16.160661697387695,12.025687217712402,107.92086791992188,13.601517677307129,12.246335983276367
2012-08-02,29.154802322387695,57.09152603149414,,15.896702766418457,11.954057693481445,107.17570495605469,13.523608207702637,12.083144187927246
2012-08-03,29.856735229492188,58.173431396484375,,16.467187881469727,12.153030395507812,109.30137634277344,13.746824264526367,12.35034465789795
2012-08-06,30.056716918945312,58.6168327331543,,16.594907760620117,12.192821502685547,109.51313018798828,13.793153762817383,12.407732009887695
2012-08-07,30.309728622436523,59.10454559326172,,16.926979064941406,12.224660873413086,110.06220245361328,13.864747047424316,12.456148147583008
2012-08-08,30.326059341430664,59.07794189453125,,16.94400978088379,12.264448165893555,110.19556427001953,13.8394775390625,12.474081993103027
2012-08-09,30.43216323852539,59.255279541015625,,17.11429214477539,12.24853515625,110.28961181640625,13.85000991821289,12.50815486907959
2012-08-10,30.35869789123535,59.2907829284668,,17.131324768066406,12.280369758605957,110.47003173828125,13.866859436035156,12.47049617767334
2012-08-13,30.27709197998047,59.432674407958984,,17.054698944091797,12.24853515625,110.41513061523438,13.877387046813965,12.484847068786621
2012-08-14,30.195466995239258,59.459293365478516,,16.99509048461914,12.256494522094727,110.43085479736328,13.883698463439941,12.500983238220215
2012-08-15,30.403593063354492,59.610015869140625,,17.088747024536133,12.296287536621094,110.55635833740234,13.902655601501465,12.492015838623047
2012-08-16,30.738237380981445,60.3194465637207,,17.318635940551758,12.399750709533691,111.37208557128906,13.999524116516113,12.572711944580078
2012-08-17,30.96677017211914,60.585506439208984,,17.378246307373047,12.415670394897461,111.52113342285156,14.039534568786621,12.601404190063477
2012-08-20,30.889238357543945,60.67417526245117,,17.34419059753418,12.391793251037598,111.52893829345703,14.043750762939453,12.610368728637695
2012-08-21,30.877002716064453,60.434730529785156,,17.369733810424805,12.375873565673828,111.19170379638672,13.967936515808105,12.594232559204102
2012-08-22,30.75455665588379,60.68302536010742,,17.403793334960938,12.359957695007324,111.23876190185547,14.012162208557129,12.574504852294922
2012-08-23,30.57091522216797,60.18645477294922,,17.1228084564209,12.28832721710205,110.32881927490234,13.917397499084473,12.450766563415527
2012-08-24,30.644372940063477,60.558895111083984,,17.25053596496582,12.328120231628418,110.99556732177734,13.982669830322266,12.524292945861816
2012-08-27,30.71782875061035,60.65642547607422,,17.131324768066406,12.328120231628418,111.01912689208984,14.003739356994629,12.544018745422363
2012-08-28,30.877002716064453,60.65642547607422,,17.11429214477539,12.336082458496094,110.90931701660156,14.033211708068848,12.513530731201172
2012-08-29,30.974943161010742,60.65642547607422,,17.11429214477539,12.336082458496094,110.99556732177734,13.986888885498047,12.560158729553223
2012-08-30,30.70149803161621,60.044578552246094,,16.833311080932617,12.28832721710205,110.19556427001953,13.88791561126709,12.461527824401855
2012-08-31,30.82394790649414,60.443603515625,,16.986576080322266,12.328120231628418,110.72107696533203,13.953195571899414,12.499186515808105
2012-09-04,31.17081642150879,60.381507873535156,,16.850343704223633,12.296287536621094,110.6191177368164,13.948984146118164,12.50994873046875
2012-09-05,31.138181686401367,60.3194465637207,,16.833311080932617,12.256494522094727,110.52497863769531,13.925817489624023,12.493809700012207
2012-09-06,31.69319725036621,61.658504486083984,,17.369733810424805,12.455462455749512,112.7682876586914,14.167991638183594,12.732314109802246
2012-09-07,31.91765785217285,61.56981658935547,,17.77843475341797,12.495256423950195,113.20748901367188,14.222742080688477,12.81301212310791
2012-09-10,31.852359771728516,60.78060531616211,,17.642200469970703,12.511176109313965,112.56431579589844,14.151140213012695,12.81301212310791
2012-09-11,31.889083862304688,60.68302536010742,,17.90615463256836,12.471379280090332,112.87805938720703,14.151140213012695,12.834534645080566
2012-09-12,32.01559066772461,60.860374450683594,,18.059415817260742,12.495256423950195,113.25457763671875,14.146930694580078,12.85246467590332
2012-09-13,32.378814697265625,61.68510818481445,,18.451078414916992,12.638513565063477,114.98014068603516,14.40384292602539,13.078417778015137
2012-09-14,32.70529556274414,62.23491287231445,,18.876813888549805,12.64647102355957,115.49005126953125,14.448067665100098,13.1214599609375
2012-09-17,32.49715805053711,62.26153564453125,,18.5958309173584,12.630552291870117,115.09784698486328,14.422799110412598,13.017451286315918
2012-09-18,32.4522705078125,62.314727783203125,,18.434053421020508,12.630552291870117,115.00373077392578,14.456489562988281,12.995924949645996
2012-09-19,32.25638961791992,62.430023193359375,,18.476627349853516,12.6703462600708,115.06643676757812,14.46701717376709,13.07303524017334
2012-09-20,32.11355209350586,62.36794662475586,,18.297826766967773,12.62259578704834,115.07429504394531,14.431218147277832,13.037172317504883
2012-09-21,32.20332336425781,62.3857307434082,,18.23562240600586,12.599411010742188,115.02616882324219,14.431432723999023,13.042043685913086
2012-09-24,32.04416275024414,62.02107620239258,,18.116321563720703,12.623394012451172,114.85269165039062,14.397586822509766,13.027613639831543
2012-09-25,31.628067016601562,61.149559020996094,,17.681726455688477,12.527461051940918,113.63044738769531,14.262222290039062,12.904925346374512
2012-09-26,31.40302085876465,60.651546478271484,,17.477222442626953,12.4794921875,112.9917221069336,14.173383712768555,12.847195625305176
2012-09-27,31.742610931396484,61.487545013427734,,17.775463104248047,12.551443099975586,114.05628967285156,14.310866355895996,12.950035095214844
2012-09-28,31.5339412689209,60.9806022644043,,17.622085571289062,12.527461051940918,113.52793884277344,14.25375747680664,12.881477355957031
2012-10-01,31.623950958251953,60.89167022705078,,17.647647857666016,12.56743335723877,113.82758331298828,14.289711952209473,12.913949966430664
2012-10-02,31.677143096923828,61.069549560546875,,17.664691925048828,12.559439659118652,113.94589233398438,14.262222290039062,12.935601234436035
2012-10-03,31.54212188720703,61.46084213256836,,17.622085571289062,12.591418266296387,114.41109466552734,14.340481758117676,12.935601234436035
2012-10-04,31.76717758178711,61.67425537109375,,17.93737030029297,12.687348365783691,115.231201171875,14.43354320526123,13.096173286437988
2012-10-05,31.70989227294922,61.34522247314453,,17.91180419921875,12.679357528686523,115.23908996582031,14.410279273986816,13.097968101501465
2012-10-08,31.5339412689209,60.78495788574219,,17.843631744384766,12.67136287689209,114.84481048583984,14.344709396362305,13.112407684326172
2012-10-09,31.16162109375,59.81558609008789,,17.741376876831055,12.559439659118652,113.70935821533203,14.202998161315918,13.00956916809082
2012-10-10,31.092056274414062,59.51321792602539,,17.570951461791992,12.455509185791016,112.98384094238281,14.097240447998047,12.91936206817627
2012-10-11,31.165693283081055,59.32646179199219,,17.801027297973633,12.4794921875,113.04691314697266,14.126848220825195,12.948229789733887
2012-10-12,30.887470245361328,59.299800872802734,,17.587995529174805,12.463502883911133,112.67633056640625,14.082438468933105,12.84359073638916
2012-10-15,31.079771041870117,59.735565185546875,,17.775463104248047,12.543447494506836,113.61468505859375,14.164923667907715,12.922968864440918
2012-10-16,31.321176528930664,60.580413818359375,,18.031103134155273,12.647380828857422,114.76594543457031,14.344709396362305,13.038434982299805
2012-10-17,31.603500366210938,60.54484176635742,,18.269697189331055,12.711335182189941,115.28639221191406,14.35528564453125,13.209822654724121
2012-10-18,31.443923950195312,59.84226989746094,,18.269697189331055,12.727322578430176,114.98678588867188,14.283370971679688,13.195390701293945
2012-10-19,30.920188903808594,58.41047286987305,,17.860679626464844,12.519465446472168,113.07059478759766,14.014752388000488,13.126838684082031
2012-10-22,30.88336753845215,58.71285629272461,,17.86919403076172,12.471501350402832,113.08634948730469,13.999944686889648,12.930188179016113
2012-10-23,30.760629653930664,58.1525764465332,,17.562435150146484,12.423531532287598,111.51712799072266,13.866693496704102,12.785860061645508
2012-10-24,30.666534423828125,57.94804000854492,,17.39200210571289,12.311609268188477,111.20172882080078,13.813814163208008,12.83456802368164
2012-10-25,30.768814086914062,57.94804000854492,,17.477222442626953,12.359577178955078,111.52503204345703,13.822275161743164,12.787663459777832
2012-10-26,30.641984939575195,58.11699295043945,,17.374961853027344,12.391554832458496,111.46192932128906,13.854008674621582,12.75518798828125
2012-10-31,30.817920684814453,57.761268615722656,,17.40052604675293,12.431527137756348,111.46192932128906,13.824393272399902,12.800292015075684
2012-11-01,31.24753189086914,58.579463958740234,,17.775463104248047,12.56743335723877,112.62899017333984,13.980910301208496,12.937400817871094
2012-11-02,30.83016586303711,57.95691680908203,,17.51129913330078,12.48748779296875,111.6275634765625,13.834965705871582,12.915753364562988
2012-11-05,31.075679779052734,58.33932876586914,,17.639122009277344,12.495479583740234,111.856201171875,13.900534629821777,12.858020782470703
2012-11-06,31.358013153076172,58.446044921875,,17.886245727539062,12.591418266296387,112.73150634765625,13.959757804870605,13.00415325164795
2012-11-07,30.641984939575195,57.067604064941406,,17.332345962524414,12.36756706237793,110.1766128540039,13.695369720458984,12.64874267578125
2012-11-08,30.16734504699707,56.16938018798828,,17.102272033691406,12.271637916564941,108.8518295288086,13.534621238708496,12.569364547729492
2012-11-09,30.21234703063965,56.40949630737305,,17.068199157714844,12.239657402038574,108.94646453857422,13.572689056396484,12.522455215454102
2012-11-12,30.126434326171875,56.4006233215332,,17.178972244262695,12.239657402038574,109.03324127197266,13.562118530273438,12.489981651306152
2012-11-13,29.9791259765625,56.00931167602539,,17.076723098754883,12.223670959472656,108.65469360351562,13.543081283569336,12.509828567504883
2012-11-14,29.49633026123047,55.35121536254883,,16.735862731933594,12.07177448272705,107.18799591064453,13.337915420532227,12.277095794677734
2012-11-15,29.299930572509766,55.164466857910156,,16.77847671508789,12.087760925292969,107.0066146850586,13.325225830078125,12.259051322937012
2012-11-16,29.508615493774414,55.40457534790039,,16.846637725830078,12.127734184265137,107.5349349975586,13.401369094848633,12.329411506652832
2012-11-19,30.114158630371094,56.72077941894531,,17.272705078125,12.335593223571777,109.71138000488281,13.663644790649414,12.504409790039062
2012-11-20,30.20415687561035,56.738548278808594,,17.25566864013672,12.343584060668945,109.7586669921875,13.663644790649414,12.567559242248535
2012-11-21,30.318737030029297,56.85417175292969,,17.34940528869629,12.407544136047363,109.96369934082031,13.69325065612793,12.578386306762695
2012-11-23,30.641984939575195,57.71681213378906,,17.596515655517578,12.463502883911133,111.46192932128906,13.877269744873047,12.702866554260254
2012-11-26,30.756532669067383,57.96583557128906,,17.519819259643555,12.471501350402832,111.22535705566406,13.851884841918945,12.699256896972656
2012-11-27,30.75244903564453,57.77016067504883,,17.39200210571289,12.431527137756348,110.65760803222656,13.79689884185791,12.686628341674805
2012-11-28,30.944759368896484,58.2681884765625,,17.562435150146484,12.543447494506836,111.54869842529297,13.851884841918945,12.751577377319336
2012-11-29,31.29664421081543,58.615020751953125,,17.69877815246582,12.607404708862305,112.06912994384766,13.97456169128418,12.81291675567627
2012-11-30,31.218889236450195,58.51719284057617,,17.715816497802734,12.591418266296387,112.09278869628906,13.980910301208496,12.80209732055664
2012-12-03,31.190258026123047,58.401588439941406,,17.613554000854492,12.535455703735352,111.54078674316406,13.91110610961914,12.767816543579102
2012-12-04,31.239349365234375,58.366004943847656,,17.622085571289062,12.51147174835205,111.383056640625,13.881498336791992,12.751577377319336
2012-12-05,31.145244598388672,57.71681213378906,,17.732864379882812,12.551443099975586,111.58023834228516,13.82862663269043,12.782246589660645
2012-12-06,31.2025203704834,58.09031295776367,,17.843631744384766,12.551443099975586,111.95873260498047,13.89419174194336,12.83276653289795
2012-12-07,31.2025203704834,57.74349594116211,,18.005542755126953,12.599411010742188,112.29776000976562,13.883613586425781,12.908538818359375
2012-12-10,31.325279235839844,57.91244888305664,,18.04814338684082,12.655373573303223,112.34510803222656,13.92591381072998,12.941014289855957
2012-12-11,31.599416732788086,58.66838073730469,,18.218576431274414,12.679357528686523,113.11002349853516,14.025327682495117,13.014985084533691
2012-12-12,31.4398250579834,58.54385757446289,,18.278217315673828,12.639384269714355,113.16519927978516,14.002062797546387,13.025805473327637
2012-12-13,31.276165008544922,58.081424713134766,,18.14188003540039,12.599411010742188,112.47130584716797,13.928033828735352,12.980700492858887
2012-12-14,31.21478843688965,57.53004837036133,,18.175960540771484,12.591418266296387,112.05335998535156,13.820158004760742,12.950035095214844
2012-12-17,31.595314025878906,58.29487609863281,,18.414569854736328,12.687348365783691,113.37024688720703,13.938602447509766,13.119622230529785
2012-12-18,32.10266876220703,59.18418502807617,,18.83211326599121,12.815266609191895,114.63191986083984,14.139548301696777,13.244107246398926
2012-12-19,32.09235763549805,58.92628860473633,,18.755413055419922,12.735316276550293,113.78025817871094,14.04224967956543,13.209822654724121
2012-12-20,32.28201675415039,58.92628860473633,,18.89176368713379,12.78328800201416,114.43472290039062,14.067627906799316,13.280189514160156
2012-12-21,32.18307876586914,58.30656814575195,,18.670988082885742,12.72536849975586,113.39604187011719,13.976353645324707,13.124613761901855
2012-12-24,32.05939483642578,58.19028091430664,,18.585424423217773,12.685150146484375,113.0466537475586,13.93167781829834,13.09732437133789
2012-12-26,31.779037475585938,57.680564880371094,,18.56831169128418,12.62079906463623,112.57010650634766,13.874231338500977,13.044551849365234
2012-12-27,31.812023162841797,57.591121673583984,,18.516965866088867,12.62079906463623,112.41927337646484,13.859335899353027,13.037273406982422
2012-12-28,31.597631454467773,57.03667449951172,,18.243146896362305,12.508187294006348,111.20417785644531,13.693385124206543,12.869874954223633
2012-12-31,32.199562072753906,58.24394226074219,,18.756559371948242,12.644932746887207,113.09422302246094,13.948699951171875,13.062749862670898
2013-01-02,33.1107063293457,60.095069885253906,,19.295635223388672,12.926465034484863,115.99291229248047,14.306137084960938,13.404828071594238
2013-01-03,33.094215393066406,59.782081604003906,,19.321308135986328,12.942557334899902,115.73081970214844,14.257200241088867,13.443038940429688
2013-01-04,33.30861282348633,59.58536911010742,,19.586572647094727,13.031037330627441,116.23908996582031,14.299756050109863,13.47397518157959
2013-01-07,33.151954650878906,59.60322570800781,,19.50956153869629,12.974729537963867,115.92137908935547,14.267838478088379,13.446681022644043
2013-01-08,33.08185958862305,59.486961364746094,,19.346981048583984,12.90233325958252,115.5878677368164,14.25082015991211,13.384815216064453
2013-01-09,33.25088882446289,59.710540771484375,,19.389760971069336,12.96668529510498,115.8817138671875,14.278472900390625,13.399365425109863
2013-01-10,33.296241760253906,60.06827163696289,,19.569456100463867,13.055166244506836,116.80292510986328,14.372093200683594,13.543115615844727
2013-01-11,33.26737594604492,60.14873123168945,,19.50099754333496,13.039083480834961,116.79496765136719,14.389116287231445,13.528558731079102
2013-01-14,33.24677276611328,59.88045883178711,,19.406883239746094,13.055166244506836,116.7155532836914,14.338050842285156,13.510366439819336
2013-01-15,33.38694381713867,59.58536911010742,,19.55234146118164,13.103432655334473,116.79496765136719,14.325289726257324,13.53402042388916
2013-01-16,33.31686782836914,59.8267936706543,,19.569456100463867,13.079300880432129,116.77909851074219,14.36570930480957,13.583150863647461
2013-01-17,33.696163177490234,60.11296463012695,,19.757707595825195,13.199956893920898,117.53356170654297,14.459327697753906,13.670485496520996
2013-01-18,33.81985092163086,59.97885513305664,,19.817604064941406,13.256263732910156,117.79561614990234,14.425281524658203,13.719610214233398
2013-01-22,34.07134246826172,60.07719802856445,,20.031524658203125,13.296485900878906,118.4308853149414,14.480597496032715,13.814233779907227
2013-01-23,33.97652053833008,60.44384765625,,20.014415740966797,13.288444519042969,118.62149810791016,14.525285720825195,13.808772087097168
2013-01-24,34.195037841796875,59.61217498779297,,20.05720329284668,13.336703300476074,118.65330505371094,14.491243362426758,13.890653610229492
2013-01-25,34.388797760009766,59.91624069213867,,20.279674530029297,13.384970664978027,119.32036590576172,14.567837715148926,13.92887020111084
2013-01-28,34.36818313598633,60.05038833618164,,20.17699432373047,13.352790832519531,119.17743682861328,14.54229736328125,13.934322357177734
2013-01-29,34.38469314575195,60.059322357177734,,20.202667236328125,13.41714096069336,119.64596557617188,14.599750518798828,14.01984691619873
2013-01-30,33.97240447998047,59.934112548828125,,20.082862854003906,13.352790832519531,119.17743682861328,14.544434547424316,13.959797859191895
2013-01-31,34.07134246826172,59.79997634887695,,20.194107055664062,13.320613861083984,118.88360595703125,14.495494842529297,13.948884010314941
2013-02-01,34.454776763916016,60.50645065307617,,20.39947509765625,13.41714096069336,120.10652923583984,14.633785247802734,14.090812683105469
2013-02-04,34.050743103027344,59.45122146606445,,20.17699432373047,13.288444519042969,118.75653076171875,14.440180778503418,13.961624145507812
2013-02-05,34.35581970214844,60.327598571777344,,20.425142288208008,13.3930082321167,119.95569610595703,14.629531860351562,14.083534240722656
2013-02-06,34.520729064941406,60.130855560302734,,20.459373474121094,13.409099578857422,120.04303741455078,14.618901252746582,14.063511848449707
2013-02-07,34.454776763916016,60.18452835083008,,20.348129272460938,13.376924514770508,119.88417053222656,14.578470230102539,14.045321464538574
2013-02-08,34.67327880859375,60.801551818847656,,20.4508113861084,13.449317932128906,120.55128479003906,14.712512016296387,14.081713676452637
2013-02-11,34.632049560546875,60.81946563720703,,20.476478576660156,13.457361221313477,120.52745056152344,14.710381507873535,14.109003067016602
2013-02-12,34.788726806640625,60.569068908691406,,20.65618133544922,13.46540641784668,120.72599792480469,14.71889877319336,14.15267562866211
2013-02-13,34.90003204345703,60.78367233276367,,20.66472625732422,13.473450660705566,120.82926177978516,14.704000473022461,14.156317710876465
2013-02-14,35.00722885131836,60.76580047607422,,20.801637649536133,13.497577667236328,120.94039154052734,14.723151206970215,14.207258224487305
2013-02-15,34.957767486572266,60.586952209472656,,20.63050651550293,13.513668060302734,120.79750061035156,14.701866149902344,14.139938354492188
2013-02-19,35.34117126464844,61.0251350402832,,20.810192108154297,13.5860595703125,121.70279693603516,14.821023941040039,14.240021705627441
2013-02-20,34.681522369384766,60.086151123046875,,20.219768524169922,13.46540641784668,120.18595886230469,14.648683547973633,14.107185363769531
2013-02-21,34.36407470703125,59.44228744506836,,19.89461326599121,13.409099578857422,119.4553451538086,14.565706253051758,14.045321464538574
2013-02-22,34.71037673950195,60.04143524169922,,20.10853385925293,13.457361221313477,120.622802734375,14.629531860351562,14.092629432678223
2013-02-25,33.95177459716797,59.2991943359375,,19.43254280090332,13.27235221862793,118.32770538330078,14.427410125732422,13.877918243408203
2013-02-26,34.096073150634766,59.52275466918945,,19.560897827148438,13.344743728637695,119.1376953125,14.51677417755127,13.943427085876465
2013-02-27,34.475379943847656,60.130855560302734,,19.868946075439453,13.513668060302734,120.63865661621094,14.712512016296387,14.129020690917969
2013-02-28,34.5537223815918,60.00566101074219,,19.834716796875,13.513668060302734,120.40042114257812,14.667832374572754,14.099910736083984
2013-03-01,34.702144622802734,60.25606918334961,,19.766263961791992,13.553887367248535,120.79750061035156,14.735910415649414,14.14357852935791
2013-03-04,34.681522369384766,60.52433776855469,,19.800491333007812,13.618239402770996,121.44074249267578,14.795491218566895,14.18360710144043
2013-03-05,35.0484619140625,61.41863250732422,,20.0914249420166,13.706717491149902,122.52870178222656,14.94654655456543,14.338274955749512
2013-03-06,35.163902282714844,61.26658630371094,,20.253997802734375,13.722807884216309,122.69549560546875,14.957186698913574,14.391040802001953
2013-03-07,35.33293914794922,61.42754364013672,,20.459373474121094,13.706717491149902,122.91786193847656,14.99335765838623,14.414695739746094
2013-03-08,35.63804244995117,61.49911880493164,,20.647615432739258,13.787158966064453,123.44200134277344,15.044422149658203,14.476561546325684
2013-03-11,35.621543884277344,61.67793655395508,,20.775972366333008,13.811291694641113,123.91051483154297,15.07846450805664,14.53478717803955
2013-03-12,35.473114013671875,61.45438766479492,,20.724628448486328,13.795199394226074,123.63256072998047,15.044422149658203,14.50749397277832
2013-03-13,35.6668815612793,61.37387466430664,,20.775972366333008,13.859554290771484,123.8072509765625,15.072081565856934,14.54934310913086
2013-03-14,36.05030822753906,61.579593658447266,,20.929994583129883,13.899768829345703,124.4664306640625,15.121013641357422,14.640323638916016
2013-03-15,36.05855941772461,61.40838623046875,,20.92228126525879,13.93864917755127,124.30206298828125,15.103724479675293,14.616374969482422
2013-03-18,35.84417724609375,61.273929595947266,,20.682390213012695,13.865758895874023,123.61609649658203,15.050353050231934,14.495729446411133
2013-03-19,35.728729248046875,61.15742111206055,,20.459630966186523,13.873857498168945,123.32894134521484,14.992712020874023,14.450033187866211
2013-03-20,36.037960052490234,61.5876579284668,,20.66524887084961,13.987245559692383,124.19047546386719,15.118669509887695,14.56701946258545
2013-03-21,35.724613189697266,60.88850402832031,,20.36538314819336,13.881956100463867,123.12947845458984,14.990582466125488,14.462830543518066
2013-03-22,35.82767868041992,61.48007583618164,,20.40821647644043,13.954849243164062,124.11862182617188,15.105854988098145,14.523146629333496
2013-03-25,35.86406326293945,61.25600814819336,,20.305402755737305,13.93864917755127,123.60014343261719,15.050353050231934,14.490245819091797
2013-03-26,35.97565460205078,61.5876579284668,,20.468196868896484,14.052040100097656,124.58930206298828,15.186982154846191,14.579815864562988
2013-03-27,35.983943939208984,61.668304443359375,,20.451059341430664,14.052040100097656,124.58930206298828,15.178439140319824,14.56701946258545
2013-03-28,35.98807144165039,61.82072448730469,,20.493894577026367,14.141129493713379,124.97218322753906,15.227540016174316,14.625513076782227
2013-04-01,35.60776901245117,61.3994140625,,20.18545913696289,14.060137748718262,124.47760009765625,15.137879371643066,14.601753234863281
2013-04-02,35.40935134887695,61.88344192504883,,20.03980827331543,14.133027076721191,125.09181213378906,15.242486953735352,14.640137672424316
2013-04-03,34.88851547241211,61.3187370300293,,19.66283416748047,14.019641876220703,123.823486328125,15.08664608001709,14.506691932678223
2013-04-04,35.169593811035156,61.33667755126953,,19.73137092590332,14.10872745513916,124.32601928710938,15.10799503326416,14.559713363647461
2013-04-05,35.111724853515625,60.82575607299805,,19.714237213134766,14.035839080810547,123.7676773071289,15.061022758483887,14.514010429382324
2013-04-08,35.396949768066406,61.148468017578125,,19.96269989013672,14.116833686828613,124.605224609375,15.097315788269043,14.616374969482422
2013-04-09,35.25226593017578,61.56072998046875,,20.219728469848633,14.157327651977539,125.03591918945312,15.210461616516113,14.709603309631348
2013-04-10,35.85579299926758,62.761844635009766,,20.459630966186523,14.295012474060059,126.56748962402344,15.419672012329102,14.850349426269531
2013-04-11,35.872337341308594,62.73496627807617,,20.50246238708496,14.367897987365723,126.98234558105469,15.460240364074707,14.881428718566895
2013-04-12,35.71525573730469,62.69013977050781,,20.253997802734375,14.33551025390625,126.67122650146484,15.432485580444336,14.837554931640625
2013-04-15,34.49580383300781,61.45319747924805,,19.405805587768555,14.043936729431152,123.73573303222656,15.161364555358887,14.512186050415039
2013-04-16,35.05384826660156,62.26887512207031,,19.825620651245117,14.205923080444336,125.56244659423828,15.332146644592285,14.66207504272461
2013-04-17,34.46271896362305,61.04981231689453,,19.31156349182129,14.100634574890137,123.727783203125,15.125067710876465,14.450033187866211
2013-04-18,34.25191116333008,60.20726013183594,,19.165910720825195,14.043936729431152,122.95403289794922,14.994845390319824,14.407987594604492
2013-04-19,34.64460372924805,61.03190612792969,,19.32869529724121,14.181620597839355,124.02289581298828,15.152831077575684,14.495729446411133
2013-04-22,34.694217681884766,61.65935516357422,,19.440074920654297,14.205923080444336,124.57330322265625,15.268097877502441,14.537772178649902
2013-04-23,35.24400329589844,62.250938415527344,,19.739940643310547,14.303108215332031,125.85758972167969,15.265974998474121,14.656590461730957
2013-04-24,35.46722412109375,62.224037170410156,,20.05693817138672,14.33551025390625,125.93736267089844,15.385516166687012,14.733366012573242
2013-04-25,35.69044494628906,62.55567932128906,,20.253997802734375,14.39220142364502,126.44786834716797,15.455965042114258,14.797343254089355
2013-04-26,35.496158599853516,62.35851287841797,,20.15118980407715,14.3598051071167,126.2245101928711,15.419672012329102,14.793684959411621
2013-04-29,35.69456481933594,62.93217849731445,,20.339679718017578,14.432699203491211,127.07007598876953,15.530685424804688,14.883256912231445
2013-04-30,35.93019104003906,63.38927459716797,,20.416784286499023,14.481291770935059,127.37319946289062,15.52214241027832,14.885086059570312
2013-05-01,35.124114990234375,63.09348678588867,,20.142621994018555,14.3598051071167,126.25643157958984,15.41113567352295,14.797343254089355
2013-05-02,35.69044494628906,63.891239166259766,,20.468196868896484,14.47319221496582,127.4289779663086,15.5968599319458,14.870458602905273
2013-05-03,36.318763732910156,64.64417266845703,,20.93085479736328,14.627079963684082,128.72120666503906,15.763382911682129,15.029500007629395
2013-05-06,36.504798889160156,64.89514923095703,,21.153608322143555,14.602783203125,129.04827880859375,15.801800727844238,15.053256034851074
2013-05-07,36.85615158081055,64.85931396484375,,21.333524703979492,14.732364654541016,129.70236206054688,15.844500541687012,15.14648151397705
2013-05-08,37.00495529174805,65.1729965209961,,21.581993103027344,14.772859573364258,130.2926483154297,15.929896354675293,15.217767715454102
2013-05-09,36.89337158203125,65.08340454101562,,21.496318817138672,14.716169357299805,129.92575073242188,15.880786895751953,15.172074317932129
2013-05-10,37.22818374633789,65.477783203125,,21.701942443847656,14.797158241271973,130.3484649658203,15.985391616821289,15.173909187316895
2013-05-13,37.153770446777344,65.55841827392578,,21.641965866088867,14.780960083007812,130.45220947265625,15.987530708312988,15.177559852600098
2013-05-14,37.61262130737305,65.89903259277344,,22.010374069213867,14.959144592285156,131.80020141601562,16.12842559814453,15.358525276184082
2013-05-15,37.75316619873047,66.03347778320312,,22.070350646972656,15.048235893249512,132.51019287109375,16.213817596435547,15.406055450439453
2013-05-16,37.59607696533203,65.9618148803711,,21.84759521484375,14.942939758300781,131.8879852294922,16.14764404296875,15.387777328491211
2013-05-17,38.0507926940918,66.59819030761719,,22.267414093017578,15.064432144165039,133.1642608642578,16.256513595581055,15.565086364746094
2013-05-20,38.141727447509766,66.4996109008789,,22.378787994384766,15.032039642333984,133.1563262939453,16.239442825317383,15.572392463684082
2013-05-21,38.19960403442383,66.57131958007812,,22.34452247619629,15.104925155639648,133.34774780273438,16.28853988647461,15.599818229675293
2013-05-22,37.62501525878906,65.98869323730469,,21.967538833618164,14.959144592285156,132.35865783691406,16.13269805908203,15.46638011932373
2013-05-23,37.558876037597656,65.8363037109375,,21.958972930908203,14.918644905090332,131.97573852539062,16.115619659423828,15.438960075378418
2013-05-24,37.558876037597656,65.80045318603516,,21.873292922973633,14.918644905090332,131.8641357421875,16.0579833984375,15.411547660827637
2013-05-28,38.07559585571289,66.23069763183594,,22.138887405395508,14.991539001464844,132.65377807617188,16.18180274963379,15.473687171936035
2013-05-29,37.64155960083008,65.91700744628906,,22.061782836914062,14.837655067443848,131.79226684570312,16.053707122802734,15.46638011932373
2013-05-30,37.85649490356445,66.26654815673828,,22.224576950073242,14.84575366973877,132.2788543701172,16.11988067626953,15.501108169555664
2013-05-31,37.484474182128906,65.65702819824219,,21.84759521484375,14.732364654541016,130.38043212890625,15.87225341796875,15.373150825500488
2013-06-03,37.82756423950195,65.77357482910156,,21.88185691833496,14.72426700592041,131.0983428955078,15.978999137878418,15.347559928894043
2013-06-04,37.513404846191406,65.43294525146484,,21.667667388916016,14.699967384338379,130.46817016601562,15.904277801513672,15.279921531677246
2013-06-05,37.033897399902344,64.58140563964844,,21.282123565673828,14.497492790222168,128.6414794921875,15.665182113647461,15.067879676818848
2013-06-06,37.356327056884766,64.89514923095703,,21.573429107666016,14.570383071899414,129.8061065673828,15.76978588104248,15.1812162399292
2013-06-07,37.66222381591797,65.78253173828125,,21.907562255859375,14.772859573364258,131.457275390625,16.00033950805664,15.41519832611084
2013-06-10,37.87717056274414,65.80939483642578,,21.9161319732666,14.764759063720703,131.457275390625,15.98326587677002,15.43348217010498
2013-06-11,37.48032760620117,65.15507507324219,,21.47917938232422,14.67567253112793,130.1012725830078,15.82528305053711,15.270784378051758
2013-06-12,37.1785774230957,64.40216827392578,,21.239288330078125,14.56228256225586,129.0244140625,15.684398651123047,15.159283638000488
2013-06-13,37.79037857055664,65.21784973144531,,21.71051025390625,14.764759063720703,130.98660278320312,15.889334678649902,15.389608383178711
2013-06-14,37.49274826049805,64.78759002685547,,21.47061538696289,14.740467071533203,130.16500854492188,15.842365264892578,15.300028800964355
2013-06-17,37.74077606201172,65.41500854492188,,21.779052734375,14.829557418823242,131.17007446289062,15.953373908996582,15.398741722106934
2013-06-18,38.18717956542969,65.95281982421875,,22.027515411376953,14.910553932189941,132.20712280273438,16.06652069091797,15.497451782226562
2013-06-19,37.736637115478516,65.21784973144531,,21.744773864746094,14.716169357299805,130.38043212890625,15.885062217712402,15.320136070251465
2013-06-20,36.827213287353516,63.66715621948242,,21.102197647094727,14.384100914001465,127.14979553222656,15.462370872497559,14.947237968444824
2013-06-21,36.971885681152344,63.3290901184082,,21.079885482788086,14.434608459472656,127.55796813964844,15.485735893249512,14.982361793518066
2013-06-24,36.50891876220703,62.699649810791016,,20.642152786254883,14.287981986999512,125.9461669921875,15.335679054260254,14.79664134979248
2013-06-25,36.83961486816406,63.15821838378906,,21.0112247467041,14.38573169708252,127.15708923339844,15.460012435913086,14.973167419433594
2013-06-26,36.97146987915039,63.72471237182617,,21.165712356567383,14.524214744567871,128.416015625,15.597207069396973,15.092683792114258
2013-06-27,37.6058349609375,63.99447250366211,,21.46612548828125,14.60567855834961,129.16978454589844,15.695816040039062,15.201167106628418
2013-06-28,37.444122314453125,64.08434295654297,,21.303043365478516,14.548654556274414,128.64051818847656,15.575763702392578,15.105559349060059
2013-07-01,38.024593353271484,64.47999572753906,,21.551958084106445,14.630110740661621,129.394287109375,15.71939468383789,15.203007698059082
2013-07-02,38.05775833129883,64.50699615478516,,21.560527801513672,14.60567855834961,129.27407836914062,15.747261047363281,15.188304901123047
2013-07-03,38.082637786865234,64.76774597167969,,21.50904083251953,14.597528457641602,129.3302001953125,15.762274742126465,15.182780265808105
2013-07-05,38.6796989440918,65.2623062133789,,21.852357864379883,14.719717025756836,130.72547912597656,15.908034324645996,15.340920448303223
2013-07-08,38.7957763671875,65.32525634765625,,21.83519172668457,14.866345405578613,131.4712371826172,15.946615219116211,15.453083038330078
2013-07-09,39.23525619506836,65.72089385986328,,22.075517654418945,14.988532066345215,132.4175262451172,16.070955276489258,15.57260513305664
2013-07-10,39.3016242980957,66.09854888916016,,22.075517654418945,15.012969017028809,132.4656219482422,16.105253219604492,15.556057929992676
2013-07-11,39.666481018066406,67.41134643554688,,22.41025161743164,15.20847225189209,134.2698974609375,16.366785049438477,15.758322715759277
2013-07-12,39.74526596069336,67.70809173583984,,22.461753845214844,15.20847225189209,134.32601928710938,16.381778717041016,15.782227516174316
2013-07-15,39.931819915771484,67.86092376708984,,22.521835327148438,15.26548957824707,134.83917236328125,16.39678382873535,15.835554122924805
2013-07-16,39.765995025634766,67.77098846435547,,22.37592315673828,15.20847225189209,134.33404541015625,16.334625244140625,15.763838768005371
2013-07-17,39.86549758911133,67.94186401367188,,22.478919982910156,15.22476577758789,134.67886352539062,16.405364990234375,15.798775672912598
2013-07-18,40.209617614746094,67.77098846435547,41.59492111206055,22.76215362548828,15.31436824798584,135.4165802001953,16.433231353759766,15.94219970703125
2013-07-19,40.217933654785156,67.06963348388672,41.27143859863281,22.81365966796875,15.371390342712402,135.65711975097656,16.435367584228516,15.982651710510254
2013-07-22,40.31328201293945,67.2674560546875,41.47050857543945,22.8565731048584,15.379534721374512,135.92178344726562,16.467525482177734,16.013919830322266
2013-07-23,40.242794036865234,66.77291870117188,41.404136657714844,22.796491622924805,15.363241195678711,135.633056640625,16.394641876220703,16.032304763793945
2013-07-24,39.944278717041016,66.98873901367188,41.3460807800293,22.521835327148438,15.26548957824707,135.1359405517578,16.360349655151367,15.901742935180664
2013-07-25,40.32155990600586,67.41134643554688,41.56174087524414,22.547578811645508,15.330658912658691,135.4646759033203,16.426795959472656,15.934850692749023
2013-07-26,40.12254333496094,67.77098846435547,41.3626823425293,22.41025161743164,15.3388090133667,135.6090545654297,16.431087493896484,15.936676025390625
2013-07-29,39.83647155761719,67.64511108398438,41.51197814941406,22.298667907714844,15.306227684020996,135.19203186035156,16.40964698791504,15.909102439880371
2013-07-30,39.911109924316406,68.00477600097656,41.67786407470703,22.44458770751953,15.346961975097656,135.19203186035156,16.446090698242188,15.881524085998535
2013-07-31,40.0106086730957,68.13068389892578,41.570030212402344,22.478919982910156,15.371390342712402,135.2882537841797,16.401079177856445,16.013919830322266
2013-08-01,40.54961395263672,68.82303619384766,41.570030212402344,22.993896484375,15.56689739227295,136.85198974609375,16.621870040893555,16.061721801757812
2013-08-02,40.58277130126953,69.20967864990234,42.067684173583984,23.045400619506836,15.56689739227295,137.0845184326172,16.621870040893555,16.081947326660156
2013-08-05,40.74863052368164,69.254638671875,42.07596969604492,23.002477645874023,15.542465209960938,136.88400268554688,16.628297805786133,16.07642936706543
2013-08-06,40.387908935546875,68.84103393554688,41.85204315185547,22.770736694335938,15.493577003479004,136.10623168945312,16.54469871520996,15.977144241333008
2013-08-07,40.12254333496094,68.71517944335938,41.67786407470703,22.599082946777344,15.428411483764648,135.6651153564453,16.50611686706543,15.923813819885254
2013-08-08,40.31328201293945,69.05683135986328,41.876922607421875,22.830827713012695,15.485435485839844,136.16236877441406,16.551132202148438,15.993688583374023
2013-08-09,40.28840637207031,68.77808380126953,41.78569412231445,22.8823184967041,15.452852249145508,135.76937866210938,16.50611686706543,15.964264869689941
2013-08-12,40.533023834228516,68.93993377685547,41.65298080444336,22.865148544311523,15.428411483764648,135.6090545654297,16.484682083129883,15.88703727722168
2013-08-13,40.52059555053711,69.32656860351562,41.901798248291016,22.968149185180664,15.46099853515625,136.00990295410156,16.563993453979492,15.931166648864746
2013-08-14,40.363033294677734,69.06580352783203,41.61980438232422,22.847990036010742,15.346961975097656,135.3123321533203,16.480382919311523,15.874165534973145
2013-08-15,39.70792770385742,67.89690399169922,41.02262878417969,22.547578811645508,15.127008438110352,133.4198760986328,16.231719970703125,15.649832725524902
2013-08-16,39.52964782714844,67.86991119384766,40.90650939941406,22.51325035095215,15.061842918395996,132.9788055419922,16.18670082092285,15.613057136535645
2013-08-19,39.173091888427734,67.75301361083984,40.85674285888672,22.144176483154297,15.0211181640625,132.12881469726562,16.12668800354004,15.495380401611328
2013-08-20,39.757694244384766,68.04975128173828,41.18021011352539,22.393085479736328,15.086284637451172,132.7783966064453,16.180280685424805,15.548707962036133
2013-08-21,39.49649429321289,67.81598663330078,41.155338287353516,22.230012893676758,14.964092254638672,131.96035766601562,16.188858032226562,15.510085105895996
2013-08-22,40.035491943359375,68.48139190673828,41.47050857543945,22.624828338623047,15.118866920471191,133.16322326660156,16.259586334228516,15.57628345489502
2013-08-23,40.13498306274414,68.93993377685547,41.43733215332031,22.667743682861328,15.15145492553711,133.61231994628906,16.306758880615234,15.633291244506836
2013-08-26,40.060359954833984,68.97590637207031,41.3792610168457,22.56475067138672,15.094429969787598,133.11512756347656,16.27459716796875,15.539506912231445
2013-08-27,39.210391998291016,67.56419372558594,40.71574020385742,21.98110008239746,14.874486923217773,130.97402954101562,15.983061790466309,15.309659957885742
2013-08-28,39.251861572265625,67.824951171875,40.865028381347656,22.118431091308594,14.841904640197754,131.43914794921875,16.09667205810547,15.381370544433594
2013-08-29,39.616729736328125,68.30152893066406,40.96456527709961,22.178510665893555,14.89892578125,131.647705078125,16.09667205810547,15.383210182189941
2013-08-30,39.07771301269531,67.86092376708984,40.707462310791016,21.989686965942383,14.858196258544922,131.2306365966797,16.038801193237305,15.318853378295898
2013-09-03,39.23525619506836,68.2475814819336,40.881614685058594,22.247175216674805,14.89892578125,131.8240203857422,16.109533309936523,15.346443176269531
2013-09-04,39.49649429321289,68.97590637207031,41.22996139526367,22.5819149017334,15.029261589050293,132.91470336914062,16.253158569335938,15.469632148742676
2013-09-05,39.579402923583984,69.0927963256836,41.27973937988281,22.693496704101562,15.053702354431152,133.08303833007812,16.263887405395508,15.515602111816406
2013-09-06,39.633323669433594,69.1737060546875,41.48709487915039,22.7192440032959,15.053702354431152,133.14720153808594,16.356061935424805,15.589157104492188
2013-09-09,40.217933654785156,69.98298645019531,41.719329833984375,23.114063262939453,15.184029579162598,134.42222595214844,16.45681381225586,15.660869598388672
2013-09-10,40.603511810302734,70.32465362548828,41.9598503112793,23.3801326751709,15.306227684020996,135.4165802001953,16.540409088134766,15.809810638427734
2013-09-11,40.66569519042969,70.18978881835938,42.10914611816406,23.500293731689453,15.387687683105469,135.84161376953125,16.55756378173828,15.853938102722168
2013-09-12,40.387908935546875,70.14483642578125,42.15892028808594,23.285722732543945,15.363241195678711,135.48069763183594,16.56184196472168,15.78038501739502
2013-09-13,40.62839126586914,70.18978881835938,42.26673126220703,23.337221145629883,15.412120819091797,135.78546142578125,16.598295211791992,15.853938102722168
2013-09-16,40.68642807006836,70.00096130371094,42.333099365234375,23.500293731689453,15.526163101196289,136.5713348388672,16.66045570373535,15.956908226013184
2013-09-17,41.02226638793945,70.46854400634766,42.56532287597656,23.611879348754883,15.57503604888916,137.18077087402344,16.744060516357422,16.032304763793945
2013-09-18,41.41616439819336,71.31376647949219,43.129329681396484,23.91228485107422,15.762393951416016,138.76852416992188,16.962703704833984,16.20329475402832
2013-09-19,41.33738708496094,71.4846420288086,43.18738555908203,23.78353500366211,15.754250526428223,138.5360107421875,16.971290588378906,16.133434295654297
2013-09-20,41.26689910888672,71.2392807006836,43.01320266723633,23.53077507019043,15.607012748718262,137.56735229492188,16.871862411499023,16.01141929626465
2013-09-23,41.29176712036133,71.09498596191406,42.780982971191406,23.272851943969727,15.55793571472168,136.93081665039062,16.794391632080078,15.922680854797363
2013-09-24,41.390289306640625,71.09498596191406,42.648651123046875,23.384632110595703,15.541581153869629,136.6084747314453,16.779325485229492,15.870916366577148
2013-09-25,41.332096099853516,70.85147094726562,42.473907470703125,23.470592498779297,15.443413734436035,136.21360778808594,16.69539451599121,15.880158424377441
2013-09-26,41.57733154296875,71.40166473388672,42.715232849121094,23.470592498779297,15.508852005004883,136.7374267578125,16.755659103393555,15.857977867126465
2013-09-27,41.37364196777344,71.31146240234375,42.52382278442383,23.333045959472656,15.435237884521484,136.1089324951172,16.734132766723633,15.806221008300781
2013-09-30,41.481727600097656,71.14010620117188,42.257545471191406,23.229867935180664,15.345260620117188,135.38363647460938,16.628679275512695,15.695294380187988
2013-10-01,41.959720611572266,71.86161804199219,42.46559143066406,23.453399658203125,15.459782600402832,136.45538330078125,16.755659103393555,15.772941589355469
2013-10-02,41.72696304321289,71.83454895019531,42.53215408325195,23.547969818115234,15.402519226074219,136.32638549804688,16.755659103393555,15.774787902832031
2013-10-03,41.25727844238281,70.99579620361328,42.22425842285156,23.32444190979004,15.263463973999023,135.0693817138672,16.63298797607422,15.680502891540527
2013-10-04,41.531612396240234,71.60906982421875,42.4156494140625,23.590951919555664,15.345260620117188,136.09275817871094,16.73843765258789,15.76739501953125
2013-10-07,41.036983489990234,71.01383972167969,42.09111404418945,23.29004669189453,15.247103691101074,134.9163055419922,16.58778953552246,15.66571044921875
2013-10-08,40.51327133178711,69.64295959472656,41.4420051574707,22.842988967895508,15.083510398864746,133.344970703125,16.38335418701172,15.504880905151367
2013-10-09,40.463382720947266,69.42657470703125,41.47530746459961,22.851593017578125,15.116227149963379,133.44168090820312,16.344614028930664,15.586226463317871
2013-10-10,41.40276336669922,70.89656829833984,42.074459075927734,23.479188919067383,15.418875694274902,136.318359375,16.665266036987305,15.857977867126465
2013-10-11,42.0220832824707,71.45574951171875,42.44062805175781,23.694128036499023,15.500680923461914,137.19674682617188,16.81375503540039,15.941171646118164
2013-10-14,42.24235916137695,71.96077728271484,42.76515579223633,23.805889129638672,15.55793571472168,137.74464416503906,16.891225814819336,16.024370193481445
2013-10-15,41.876590728759766,71.68122863769531,42.49887466430664,23.633941650390625,15.427057266235352,136.74542236328125,16.78362464904785,15.909738540649414
2013-10-16,42.30888366699219,72.49290466308594,43.056427001953125,24.01222038269043,15.607012748718262,138.65521240234375,16.99022102355957,16.081666946411133
2013-10-17,42.69126892089844,72.90779113769531,43.22284698486328,24.287338256835938,15.713343620300293,139.58187866210938,17.115039825439453,16.229570388793945
2013-10-18,43.21082305908203,74.0892562866211,43.63895034790039,24.545255661010742,15.762429237365723,140.5247344970703,17.239858627319336,16.292421340942383
2013-10-21,43.16094970703125,74.25159454345703,43.72214126586914,24.476478576660156,15.746071815490723,140.5328369140625,17.26568031311035,16.29427146911621
2013-10-22,43.25655746459961,74.35980224609375,43.88858413696289,24.691404342651367,15.893302917480469,141.34666442871094,17.384044647216797,16.395950317382812
2013-10-23,43.1942138671875,73.90886688232422,43.83865737915039,24.364713668823242,15.868762016296387,140.66976928710938,17.302265167236328,16.30721092224121
2013-10-24,43.426963806152344,74.23353576660156,43.963470458984375,24.545255661010742,15.934206008911133,141.13711547851562,17.388347625732422,16.344192504882812
2013-10-25,43.48099899291992,74.7656478881836,44.0716552734375,24.622629165649414,15.991464614868164,141.7818145751953,17.446453094482422,16.416278839111328
2013-10-28,43.514244079589844,74.78369140625,44.27970504760742,24.605432510375977,16.032363891601562,142.00741577148438,17.478734970092773,16.421825408935547
2013-10-29,43.68050765991211,74.909912109375,44.562652587890625,24.811771392822266,16.138696670532227,142.7648468017578,17.551898956298828,16.519807815551758
2013-10-30,43.1900520324707,74.83781433105469,44.471107482910156,24.665611267089844,16.032363891601562,142.05572509765625,17.489500045776367,16.45694923400879
2013-10-31,42.9655876159668,74.66641998291016,44.31298828125,24.528060913085938,16.040542602539062,141.6527862548828,17.4658203125,16.408876419067383
2013-11-01,42.786869049072266,74.6844711303711,44.34629821777344,24.622629165649414,16.073261260986328,141.9912567138672,17.48088264465332,16.4403133392334
2013-11-04,43.331363677978516,74.79267883300781,44.545997619628906,24.871946334838867,16.15506362915039,142.49087524414062,17.541133880615234,16.48838233947754
2013-11-05,43.22746276855469,74.8738784790039,44.53767013549805,24.742996215820312,16.130517959594727,142.0396270751953,17.506702423095703,16.4532527923584
2013-11-06,43.18171691894531,74.8558349609375,44.762359619140625,24.63982391357422,16.236858367919922,142.7648468017578,17.543292999267578,16.560474395751953
2013-11-07,42.49175262451172,73.44889068603516,44.188175201416016,24.17557716369629,16.032363891601562,140.9598388671875,17.29581069946289,16.482833862304688
2013-11-08,43.21498489379883,74.44096374511719,44.57097244262695,24.65702247619629,16.18778419494629,142.86154174804688,17.459367752075195,16.540143966674805
2013-11-11,43.248252868652344,74.32373809814453,44.72074890136719,24.717205047607422,16.20413589477539,142.88575744628906,17.52177619934082,16.58820915222168
2013-11-12,43.252384185791016,74.44096374511719,44.74570846557617,24.596839904785156,16.163240432739258,142.59559631347656,17.517467498779297,16.516109466552734
2013-11-13,43.64727020263672,75.34283447265625,45.16179656982422,24.897743225097656,16.294118881225586,143.7399139404297,17.657352447509766,16.638126373291016
2013-11-14,43.630619049072266,75.57733154296875,45.43642044067383,25.06109046936035,16.400455474853516,144.45703125,17.792938232421875,16.691730499267578
2013-11-15,43.79689025878906,75.72161865234375,45.64445877075195,25.1298770904541,16.449533462524414,145.08560180664062,17.866098403930664,16.78417205810547
2013-11-18,43.626468658447266,74.98206329345703,45.369842529296875,24.940736770629883,16.416810989379883,144.577880859375,17.752037048339844,16.75274658203125
2013-11-19,43.37709045410156,74.7656478881836,45.4281005859375,24.76878547668457,16.359554290771484,144.2636260986328,17.70254135131836,16.758283615112305
2013-11-20,43.33552551269531,74.58524322509766,45.26998519897461,24.734399795532227,16.28593635559082,143.81234741210938,17.63368034362793,16.643667221069336
2013-11-21,44.141868591308594,75.34283447265625,45.66110610961914,25.086883544921875,16.400455474853516,144.97276306152344,17.805843353271484,16.828540802001953
2013-11-22,44.27904510498047,75.74868774414062,45.8192138671875,25.18145179748535,16.47407341003418,145.69796752929688,17.88115692138672,16.915424346923828
2013-11-25,44.31230163574219,75.92906951904297,45.769287109375,25.1126708984375,16.45771598815918,145.55296325683594,17.87040138244629,16.843324661254883
2013-11-26,44.6281852722168,76.32589721679688,45.92739486694336,25.19864845275879,16.48224449157715,145.5932159423828,17.958637237548828,16.86920928955078
2013-11-27,44.91083908081055,76.85801696777344,46.068878173828125,25.319011688232422,16.514970779418945,145.94772338867188,17.982303619384766,16.856266021728516
2013-11-29,44.89004898071289,77.31796264648438,46.13542938232422,25.276020050048828,16.449533462524414,145.85107421875,17.997373580932617,16.93206024169922
2013-12-02,44.36634063720703,77.09246063232422,45.91908264160156,25.233034133911133,16.400455474853516,145.47232055664062,17.92850112915039,16.778621673583984
2013-12-03,44.17097473144531,77.02938079833984,45.81089782714844,25.052494049072266,16.335018157958984,144.84384155273438,17.83596420288086,16.732402801513672
2013-12-04,43.97977828979492,77.10150146484375,45.769287109375,25.026704788208008,16.294118881225586,144.8277130126953,17.88762092590332,16.717615127563477
2013-12-05,44.08784866333008,77.00230407714844,45.652793884277344,24.880556106567383,16.21232032775879,144.19113159179688,17.838117599487305,16.601150512695312
2013-12-06,44.42035675048828,77.56146240234375,45.99397659301758,25.164262771606445,16.424989700317383,145.802734375,18.03610610961914,16.821142196655273
2013-12-09,44.35801696777344,77.8770980834961,46.13542938232422,25.224437713623047,16.449533462524414,146.1734619140625,18.031803131103516,16.872905731201172
2013-12-10,43.91327667236328,77.82300567626953,45.91908264160156,25.24163818359375,16.384092330932617,145.649658203125,18.021041870117188,16.810041427612305
2013-12-11,43.331363677978516,76.82191467285156,45.48636245727539,24.76878547668457,16.220502853393555,144.01382446289062,17.81660270690918,16.58265495300293
2013-12-12,43.40618133544922,76.62351989746094,45.38648986816406,24.777387619018555,16.130517959594727,143.5384063720703,17.760652542114258,16.556777954101562
2013-12-13,43.564125061035156,76.52432250976562,45.27831268310547,24.871946334838867,16.138696670532227,143.5223388671875,17.734825134277344,16.58081817626953
2013-12-16,44.08368682861328,76.94819641113281,45.57788848876953,25.20724868774414,16.220502853393555,144.41671752929688,17.866098403930664,16.675100326538086
2013-12-17,44.004730224609375,76.79486083984375,45.40312957763672,25.190053939819336,16.171415328979492,143.95742797851562,17.820907592773438,16.612239837646484
2013-12-18,44.574153900146484,77.68771362304688,46.05221939086914,25.602724075317383,16.45771598815918,146.41514587402344,18.066238403320312,16.865509033203125
2013-12-19,44.17928695678711,77.47127532958984,46.127132415771484,25.628517150878906,16.449533462524414,146.24595642089844,18.08991050720215,16.865509033203125
2013-12-20,44.93161392211914,78.26024627685547,46.435020446777344,25.835468292236328,16.529294967651367,147.09661865234375,18.200361251831055,16.96792221069336
2013-12-23,45.344425201416016,79.08352661132812,46.68967819213867,26.025190353393555,16.570417404174805,147.88247680664062,18.32356834411621,17.027395248413086
2013-12-24,45.490394592285156,79.11972045898438,46.78152084350586,26.128665924072266,16.627981185913086,148.20654296875,18.338708877563477,17.047842025756836
2013-12-26,45.56544876098633,79.38211822509766,47.08210754394531,26.2493896484375,16.710214614868164,148.96005249023438,18.420846939086914,17.135202407836914
2013-12-27,45.50706481933594,79.18305206298828,47.00695037841797,26.232139587402344,16.71844482421875,148.95196533203125,18.40787124633789,17.151933670043945
2013-12-30,45.490394592285156,79.06541442871094,47.00695037841797,26.206279754638672,16.759563446044922,148.92762756347656,18.381935119628906,17.198402404785156
2013-12-31,45.50706481933594,79.58113861083984,47.19063949584961,26.387367248535156,16.784229278564453,149.63247680664062,18.496501922607422,17.211414337158203
2014-01-02,44.96497344970703,78.95684814453125,46.83998107910156,26.085548400878906,16.627981185913086,148.1984405517578,18.28683090209961,17.109182357788086
2014-01-03,45.16095733642578,78.38687133789062,46.74812698364258,26.102800369262695,16.636205673217773,148.17416381835938,18.334381103515625,17.127765655517578
2014-01-06,44.7856559753418,78.09735107421875,46.564422607421875,26.01656723022461,16.553974151611328,147.74472045898438,18.23710823059082,17.090595245361328
2014-01-07,45.1734733581543,78.8211441040039,46.940162658691406,26.171781539916992,16.65265464782715,148.6521453857422,18.358156204223633,17.181671142578125
2014-01-08,45.056705474853516,78.9930419921875,46.923458099365234,26.275253295898438,16.611534118652344,148.6845703125,18.394908905029297,17.146360397338867
2014-01-09,45.00666427612305,78.73068237304688,46.898414611816406,26.309757232666016,16.6608829498291,148.78182983398438,18.37112808227539,17.07386589050293
2014-01-10,45.177642822265625,78.9840087890625,46.99861145019531,26.413236618041992,16.72666358947754,149.18687438964844,18.41436195373535,17.187246322631836
2014-01-13,44.56048583984375,77.81687927246094,46.34735870361328,25.89583969116211,16.48818016052246,147.20196533203125,18.167938232421875,16.97907257080078
2014-01-14,45.08591079711914,79.3006820678711,46.88170623779297,26.318382263183594,16.636205673217773,148.80609130859375,18.433809280395508,17.1054630279541
2014-01-15,45.45703887939453,79.95207214355469,47.11549377441406,26.378740310668945,16.669097900390625,149.60824584960938,18.51162338256836,17.211414337158203
2014-01-16,45.41532897949219,79.96112823486328,47.14055252075195,26.361492156982422,16.636205673217773,149.41371154785156,18.496501922607422,17.19654083251953
2014-01-17,45.177642822265625,79.5087661743164,47.01530075073242,26.2493896484375,16.595088958740234,148.78182983398438,18.44029426574707,17.11475944519043
2014-01-21,45.41532897949219,80.11491394042969,47.19898986816406,26.266639709472656,16.60331153869629,149.21932983398438,18.531085968017578,17.099889755249023
2014-01-22,45.69471740722656,80.32302856445312,47.08210754394531,26.404613494873047,16.611534118652344,149.31651306152344,18.587278366088867,17.131486892700195
2014-01-23,45.38613510131836,80.05158233642578,46.73142623901367,26.059680938720703,16.455286026000977,148.09317016601562,18.386253356933594,16.941898345947266
2014-01-24,44.326961517333984,78.47734069824219,45.76289367675781,25.223217010498047,16.126340866088867,144.93341064453125,18.06418800354004,16.66309928894043
2014-01-27,43.72649002075195,77.71737670898438,45.3955192565918,25.059371948242188,16.101682662963867,144.22047424316406,17.906391143798828,16.6296443939209
2014-01-28,44.11429214477539,77.672119140625,45.47903060913086,25.412925720214844,16.208580017089844,145.07928466796875,17.962589263916016,16.692832946777344
2014-01-29,43.51797866821289,76.83976745605469,45.086605072021484,25.188716888427734,16.044116973876953,143.68580627441406,17.785341262817383,16.562728881835938
2014-01-30,44.07260513305664,78.26024627685547,45.42058563232422,25.57677459716797,16.175689697265625,145.20892333984375,18.051206588745117,16.683544158935547
2014-01-31,43.82238006591797,78.05213165283203,45.21184158325195,25.42154884338379,16.101682662963867,144.35821533203125,17.919363021850586,16.56830406188965
2014-02-03,42.475486755371094,76.2607192993164,44.15147399902344,24.67132568359375,15.723398208618164,141.10940551757812,17.484888076782227,16.15010643005371
2014-02-04,42.76321029663086,76.8216781616211,44.493797302246094,24.95589828491211,15.80562686920166,142.09783935546875,17.668617248535156,16.263479232788086
2014-02-05,42.458805084228516,76.62264251708984,44.368553161621094,24.878284454345703,15.8138427734375,141.91958618164062,17.66645050048828,16.233747482299805
2014-02-06,42.9341926574707,77.5997543334961,44.9112663269043,25.309446334838867,15.994768142700195,143.7910614013672,17.876129150390625,16.434478759765625
2014-02-07,43.23026657104492,78.9840087890625,45.61262130737305,25.697498321533203,16.183910369873047,145.57347106933594,18.183074951171875,16.614770889282227
2014-02-10,43.25944137573242,79.43638610839844,45.71279525756836,25.663002014160156,16.183910369873047,145.8408203125,18.23927116394043,16.572025299072266
2014-02-11,43.6430778503418,80.34111785888672,46.20542526245117,25.982065200805664,16.364830017089844,147.4368438720703,18.425167083740234,16.821083068847656
2014-02-12,43.78902816772461,80.49494171142578,46.30559539794922,26.042434692382812,16.364830017089844,147.50982666015625,18.43813705444336,16.808076858520508
2014-02-13,44.36031723022461,81.09200286865234,46.6061897277832,26.232139587402344,16.463510513305664,148.2714080810547,18.567832946777344,16.88056755065918
2014-02-14,44.40203094482422,81.2548828125,46.80657196044922,26.335630416870117,16.553974151611328,149.0896453857422,18.578636169433594,16.977218627929688
2014-02-18,44.8065071105957,81.65299987792969,46.97356033325195,26.499465942382812,16.537525177001953,149.2678985595703,18.658611297607422,17.021827697753906
2014-02-19,44.372833251953125,81.09200286865234,46.6312255859375,26.335630416870117,16.463510513305664,148.27947998046875,18.53757095336914,16.884286880493164
2014-02-20,44.89408493041992,81.47203826904297,46.981910705566406,26.499465942382812,16.57863426208496,149.1544647216797,18.64564323425293,17.036701202392578
2014-02-21,44.89408493041992,81.36346435546875,46.88170623779297,26.533966064453125,16.586864471435547,148.98434448242188,18.619707107543945,16.962350845336914
2014-02-24,45.26521301269531,81.79776763916016,47.14055252075195,26.775409698486328,16.636205673217773,149.81077575683594,18.76669692993164,17.103609085083008
2014-02-25,45.215171813964844,81.707275390625,47.08210754394531,26.71505355834961,16.636205673217773,149.75401306152344,18.71913719177246,17.021827697753906
2014-02-26,45.577972412109375,81.63491821289062,47.24074172973633,26.69780158996582,16.701990127563477,149.76214599609375,18.714813232421875,17.031118392944336
2014-02-27,45.77812576293945,82.16455078125,47.36598205566406,26.80990219116211,16.759563446044922,150.54806518554688,18.8315372467041,17.109182357788086
2014-02-28,45.753108978271484,82.07371520996094,47.424415588378906,26.870269775390625,16.866458892822266,150.9287872314453,18.85099983215332,17.15378761291504
2014-03-03,45.527923583984375,81.46501922607422,46.97356033325195,26.611576080322266,16.767776489257812,149.86737060546875,18.69752311706543,17.03483009338379
2014-03-04,46.666324615478516,82.50068664550781,47.76676559448242,27.103099822998047,16.99803924560547,151.97389221191406,19.0087947845459,17.27832794189453
2014-03-05,46.607940673828125,82.72783660888672,47.64150619506836,27.137592315673828,16.9322566986084,152.1116485595703,19.036893844604492,17.295045852661133
2014-03-06,46.687171936035156,82.65514373779297,47.67490005493164,27.292814254760742,16.96514320373535,152.4600372314453,19.05201530456543,17.378694534301758
2014-03-07,46.753902435302734,82.2463150024414,47.54132080078125,27.26694107055664,17.01448631286621,152.5248565673828,19.00013542175293,17.33780288696289
2014-03-10,46.666324615478516,82.3189926147461,47.62480926513672,27.172086715698242,16.99803924560547,152.44381713867188,19.010953903198242,17.367542266845703
2014-03-11,46.203460693359375,81.96466827392578,47.50791549682617,26.939252853393555,16.9322566986084,151.69033813476562,18.943937301635742,17.302488327026367
2014-03-12,46.27851867675781,82.2735595703125,47.52461624145508,26.92200469970703,16.94047737121582,151.73086547851562,18.943937301635742,17.24486541748047
2014-03-13,45.76560592651367,81.11068725585938,46.898414611816406,26.473602294921875,16.79245376586914,150.02947998046875,18.69752311706543,17.16680335998535
2014-03-14,45.944923400878906,80.55650329589844,46.7564811706543,26.447723388671875,16.79245376586914,149.60824584960938,18.619707107543945,17.150075912475586
2014-03-17,46.236820220947266,81.26514434814453,47.24074172973633,26.69780158996582,16.924028396606445,150.9612274169922,18.775341033935547,17.259735107421875
2014-03-18,46.845645904541016,82.2463150024414,47.6582145690918,27.008241653442383,16.99803924560547,152.03875732421875,18.9720458984375,17.36382293701172
2014-03-19,46.51622009277344,81.80115509033203,47.315895080566406,26.96512794494629,16.866458892822266,151.22860717773438,18.8315372467041,17.29877281188965
2014-03-20,46.65797424316406,82.02828979492188,47.374332427978516,27.137592315673828,16.90757942199707,152.1116485595703,18.8834171295166,17.400989532470703
2014-03-21,46.49953079223633,81.04120635986328,47.123844146728516,27.05191993713379,16.898508071899414,151.5216827392578,18.791044235229492,17.38978385925293
2014-03-24,46.1075439453125,80.33097076416016,47.03200149536133,26.818267822265625,16.840744018554688,150.89511108398438,18.684791564941406,17.3953914642334
2014-03-25,46.104209899902344,80.59504699707031,47.1937255859375,26.904802322387695,16.906757354736328,151.61119079589844,18.73683738708496,17.500038146972656
2014-03-26,45.297115325927734,79.55699157714844,46.79988098144531,26.54999351501465,16.857248306274414,150.52076721191406,18.585050582885742,17.38791275024414
2014-03-27,45.16748046875,79.11078643798828,46.64067459106445,26.42019271850586,16.824249267578125,150.20338439941406,18.491809844970703,17.408479690551758
2014-03-28,45.25111389160156,79.26559448242188,46.75798797607422,26.61057472229004,16.923259735107422,150.9439697265625,18.559030532836914,17.442106246948242
2014-03-31,46.058204650878906,79.83013916015625,47.20210647583008,26.930770874023438,17.088285446166992,152.1807861328125,18.72382354736328,17.63083839416504
2014-04-01,46.61857223510742,81.23245239257812,47.662986755371094,27.26827049255371,17.154294967651367,153.18992614746094,18.90380096435547,17.685033798217773
2014-04-02,46.848548889160156,81.44188690185547,47.78867721557617,27.432693481445312,17.22030258178711,153.7025909423828,18.96234703063965,17.754173278808594
2014-04-03,46.50981521606445,80.79535675048828,47.60434341430664,27.328845977783203,17.245058059692383,153.49911499023438,18.914640426635742,17.75230598449707
2014-04-04,45.5731086730957,78.64642333984375,46.875301361083984,26.826923370361328,17.08003044128418,151.68438720703125,18.60456657409668,17.655136108398438
2014-04-07,44.975128173828125,77.89974975585938,46.47308349609375,26.27307891845703,16.915008544921875,150.00807189941406,18.33135414123535,17.486961364746094
2014-04-08,45.326385498046875,78.61908721923828,46.49821090698242,26.39422607421875,16.964513778686523,150.6265106201172,18.435434341430664,17.50564193725586
2014-04-09,45.79892349243164,79.96674346923828,47.14345932006836,26.818267822265625,17.121292114257812,152.2459259033203,18.70864486694336,17.653270721435547
2014-04-10,44.65730667114258,77.48995971679688,46.271976470947266,26.091344833374023,16.87375259399414,149.04783630371094,18.242446899414062,17.410337448120117
2014-04-11,44.13039779663086,76.58853149414062,45.70216751098633,25.658655166625977,16.73348045349121,147.70510864257812,18.0603084564209,17.25897789001465
2014-04-14,44.34785461425781,77.1894760131836,46.04572677612305,25.961530685424805,16.832502365112305,148.86875915527344,18.177396774291992,17.35240936279297
2014-04-15,44.48583984375,77.44442749023438,46.43955612182617,26.16057777404785,16.915008544921875,149.89414978027344,18.322677612304688,17.460798263549805
2014-04-16,44.91657257080078,78.47340393066406,46.97586441040039,26.593265533447266,17.088285446166992,151.4647216796875,18.539506912231445,17.642053604125977
2014-04-17,45.121490478515625,78.49162292480469,47.06803894042969,26.766345977783203,17.129545211791992,151.67626953125,18.580713272094727,17.668216705322266
2014-04-21,45.32222366333008,79.0743408203125,47.16859436035156,26.844228744506836,17.137792587280273,152.20523071289062,18.667449951171875,17.6925048828125
2014-04-22,45.69855499267578,79.70263671875,47.4283561706543,27.103843688964844,17.170799255371094,152.89691162109375,18.769371032714844,17.729877471923828
2014-04-23,45.422576904296875,79.00150299072266,47.20210647583008,27.069231033325195,17.162548065185547,152.53887939453125,18.70647621154785,17.73735809326172
2014-04-24,45.292930603027344,79.75728607177734,47.24400329589844,27.086538314819336,17.129545211791992,152.84811401367188,18.741168975830078,17.739227294921875
2014-04-25,44.62386703491211,78.48251342773438,46.89205551147461,26.64518928527832,17.04703140258789,151.59490966796875,18.537349700927734,17.6981143951416
2014-04-28,44.38129425048828,78.73744201660156,47.23562240600586,26.489423751831055,17.129545211791992,152.07510375976562,18.63492202758789,17.73735809326172
2014-04-29,44.48583984375,79.36575317382812,47.487022399902344,26.72307586669922,17.162548065185547,152.78298950195312,18.721656799316406,17.7896785736084
2014-04-30,44.79948806762695,79.5751953125,47.55404281616211,26.974037170410156,17.245058059692383,153.23870849609375,18.758516311645508,17.823318481445312
2014-05-01,44.694942474365234,79.81196594238281,47.6210823059082,26.930770874023438,17.187299728393555,153.25502014160156,18.782373428344727,17.821439743041992
2014-05-02,44.7952995300293,79.66624450683594,47.51213836669922,27.00865364074707,17.20380210876465,153.03526306152344,18.7932186126709,17.759777069091797
2014-05-05,44.715850830078125,80.08509063720703,47.73002243041992,26.982690811157227,17.22030258178711,153.32823181152344,18.845258712768555,17.74109649658203
2014-05-06,43.97984313964844,79.04705047607422,47.34457015991211,26.71442413330078,17.113035202026367,151.99365234375,18.730331420898438,17.63083839416504
2014-05-07,44.155479431152344,78.81945037841797,47.31104278564453,26.826923370361328,17.23680877685547,152.8887939453125,18.725997924804688,17.79715347290039
2014-05-08,43.812591552734375,78.7465591430664,47.32780075073242,26.74039077758789,17.23680877685547,152.72610473632812,18.68913459777832,17.756040573120117
2014-05-09,44.15131378173828,79.03794860839844,47.52891159057617,26.71442413330078,17.286317825317383,152.9539031982422,18.771528244018555,17.769119262695312
2014-05-12,45.09221267700195,80.34008026123047,48.031673431396484,27.224998474121094,17.443084716796875,154.44305419921875,18.98619842529297,17.91114044189453
2014-05-13,44.60294723510742,80.39469909667969,48.115478515625,27.19903564453125,17.451339721679688,154.58143615722656,18.984027862548828,17.914878845214844
2014-05-14,43.808406829833984,79.97587585449219,47.8305778503418,26.948074340820312,17.35232162475586,153.8490447998047,18.89078712463379,17.881250381469727
2014-05-15,43.5574951171875,79.3475341796875,47.336185455322266,26.498075485229492,17.20380210876465,152.49813842773438,18.712987899780273,17.68317413330078
2014-05-16,43.900394439697266,79.86660766601562,47.57081604003906,26.584619522094727,17.294565200805664,153.02711486816406,18.81489372253418,17.735492706298828
2014-05-19,44.26421356201172,80.42201232910156,47.7384033203125,26.83557891845703,17.319316864013672,153.58865356445312,18.91680335998535,17.754173278808594
2014-05-20,43.645320892333984,80.13064575195312,47.44510269165039,26.55864715576172,17.162548065185547,152.62022399902344,18.784542083740234,17.668216705322266
2014-05-21,43.83766555786133,80.89554595947266,47.78030776977539,26.826923370361328,17.294565200805664,153.9059295654297,18.955835342407227,17.776599884033203
2014-05-22,44.2224006652832,81.25066375732422,47.89759826660156,27.00865364074707,17.311063766479492,154.28036499023438,19.053424835205078,17.810230255126953
2014-05-23,44.68239212036133,81.842529296875,48.140621185302734,27.25961685180664,17.36882209777832,154.89878845214844,19.15532684326172,17.84574317932129
2014-05-27,45.2469367980957,82.86234283447266,48.324974060058594,27.536531448364258,17.434837341308594,155.85086059570312,19.272417068481445,17.92422103881836
2014-05-28,44.96257019042969,82.60741424560547,48.31658935546875,27.519222259521484,17.418333053588867,155.7369842529297,19.237728118896484,17.927961349487305
2014-05-29,45.06712341308594,83.13553619384766,48.500938415527344,27.657690048217773,17.509098052978516,156.5425567626953,19.359163284301758,18.012054443359375
2014-05-30,44.870582580566406,83.14463806152344,48.66014862060547,27.57980728149414,17.583358764648438,156.7948455810547,19.400352478027344,18.066232681274414
2014-06-02,44.74931335449219,83.06269073486328,48.693660736083984,27.718265533447266,17.60811424255371,156.97381591796875,19.39601707458496,18.038211822509766
2014-06-03,44.64476776123047,83.0262680053711,48.58474349975586,27.72692108154297,17.583358764648438,156.8924102783203,19.402530670166016,18.084928512573242
2014-06-04,44.845489501953125,83.33587646484375,48.693660736083984,27.891353607177734,17.641117095947266,157.2098388671875,19.441551208496094,18.0924015045166
2014-06-05,45.723655700683594,84.0370101928711,48.995338439941406,28.073076248168945,17.748380661010742,158.2351837158203,19.580326080322266,18.187713623046875
2014-06-06,46.150211334228516,84.51962280273438,49.18806076049805,28.401914596557617,17.82263946533203,158.99200439453125,19.651880264282227,18.30169105529785
2014-06-09,46.50981521606445,84.45584869384766,49.22996520996094,28.419225692749023,17.872146606445312,159.1547088623047,19.68440818786621,18.31290626525879
2014-06-10,46.304927825927734,84.60157012939453,49.1294059753418,28.427879333496094,17.830896377563477,159.17100524902344,19.667064666748047,18.311037063598633
2014-06-11,46.08328628540039,84.58334350585938,48.970191955566406,28.367305755615234,17.731874465942383,158.61764526367188,19.61284828186035,18.24189567565918
2014-06-12,45.794761657714844,83.8184814453125,48.500938415527344,28.11635398864746,17.591604232788086,157.49462890625,19.452394485473633,18.137250900268555
2014-06-13,45.90348434448242,84.0643539428711,48.55960464477539,28.194232940673828,17.61637306213379,157.97476196289062,19.47624397277832,18.217599868774414
2014-06-16,45.95783996582031,84.13720703125,48.64338684082031,28.254802703857422,17.641117095947266,158.10496520996094,19.51527976989746,18.226943969726562
2014-06-17,46.296566009521484,84.18270874023438,48.735572814941406,28.50576400756836,17.665868759155273,158.54444885253906,19.565149307250977,18.29048728942871
2014-06-18,46.576751708984375,84.65618133544922,48.87801742553711,28.71345329284668,17.839143753051758,159.70806884765625,19.71910285949707,18.441843032836914
2014-06-19,46.610191345214844,84.60157012939453,49.01210021972656,28.61827278137207,17.872146606445312,159.88706970214844,19.70175552368164,18.4623966217041
2014-06-20,46.73564529418945,84.70108032226562,49.079124450683594,28.691118240356445,17.902814865112305,160.2117156982422,19.74398422241211,18.507118225097656
2014-06-23,46.652008056640625,84.71934509277344,49.079124450683594,28.665098190307617,17.83651351928711,160.16265869140625,19.71351432800293,18.51650619506836
2014-06-24,46.274147033691406,84.6371841430664,48.77747344970703,28.5870361328125,17.745330810546875,159.19776916503906,19.61992835998535,18.396259307861328
2014-06-25,46.61804962158203,85.17584228515625,48.997013092041016,28.76051139831543,17.778488159179688,159.9173126220703,19.770095825195312,18.430078506469727
2014-06-26,46.4754524230957,85.22148132324219,48.91288757324219,28.76051139831543,17.737049102783203,159.80288696289062,19.74179458618164,18.4000186920166
2014-06-27,46.8403205871582,85.59586334228516,49.022247314453125,28.812545776367188,17.795068740844727,160.11358642578125,19.800565719604492,18.413169860839844
2014-06-30,47.00807189941406,85.741943359375,48.946533203125,28.855918884277344,17.778488159179688,160.03179931640625,19.785327911376953,18.384984970092773
2014-07-01,47.56584548950195,86.68234252929688,49.46804428100586,29.2462158203125,17.83651351928711,161.10301208496094,19.983369827270508,18.475175857543945
2014-07-02,47.310020446777344,86.82841491699219,49.51011276245117,29.211523056030273,17.819936752319336,161.2665252685547,19.981203079223633,18.495845794677734
2014-07-03,47.64971923828125,87.37621307373047,49.787689208984375,29.463054656982422,17.94426155090332,162.05966186523438,20.092199325561523,18.58602523803711
2014-07-07,46.970340728759766,87.11146545410156,49.63628005981445,29.11612319946289,17.886249542236328,161.49546813964844,20.011672973632812,18.52027130126953
2014-07-08,46.538360595703125,86.06150817871094,49.37552261352539,28.77784538269043,17.819936752319336,160.45701599121094,19.857147216796875,18.450748443603516
2014-07-09,46.55933380126953,86.70059967041016,49.535343170166016,28.968671798706055,17.886249542236328,161.17652893066406,19.96161460876465,18.525901794433594
2014-07-10,46.060272216796875,86.42671203613281,49.24935531616211,28.76917839050293,17.803356170654297,160.53872680664062,19.865859985351562,18.454505920410156
2014-07-11,45.90509796142578,86.98365783691406,49.29981994628906,28.864585876464844,17.803356170654297,160.759521484375,19.902847290039062,18.43571662902832
2014-07-14,46.139957427978516,87.50404357910156,49.61104202270508,29.10743522644043,17.861371994018555,161.5690460205078,20.03778648376465,18.524024963378906
2014-07-15,45.762508392333984,87.20277404785156,49.383941650390625,28.93396759033203,17.811641693115234,161.2665252685547,19.968143463134766,18.53154182434082
2014-07-16,45.670257568359375,87.54973602294922,49.45964050292969,28.95132064819336,17.786775588989258,161.86338806152344,20.018211364746094,18.6254825592041
2014-07-17,45.045379638671875,86.39017486572266,48.87083435058594,28.430927276611328,17.62101173400879,160.02369689941406,19.794034957885742,18.450748443603516
2014-07-18,45.69121551513672,87.75972747802734,49.51011276245117,28.82122230529785,17.786775588989258,161.6590118408203,20.007312774658203,18.57476234436035
2014-07-21,45.498313903808594,87.650146484375,49.32505798339844,28.75184440612793,17.728757858276367,161.3563690185547,19.959442138671875,18.54093360900879
2014-07-22,45.88832473754883,88.20707702636719,49.669925689697266,28.97734260559082,17.770204544067383,162.05966186523438,20.063901901245117,18.616090774536133
2014-07-23,45.846397399902344,88.77314758300781,49.913856506347656,29.11612319946289,17.753633499145508,162.4193572998047,20.127017974853516,18.634878158569336
2014-07-24,45.84220504760742,88.67272186279297,49.77086639404297,29.072750091552734,17.761911392211914,162.42759704589844,20.113964080810547,18.65178680419922
2014-07-25,45.43958282470703,88.3258056640625,49.54376220703125,28.890613555908203,17.703899383544922,161.66714477539062,20.002973556518555,18.567245483398438
2014-07-28,45.259273529052734,88.3531494140625,49.720401763916016,28.75184440612793,17.720470428466797,161.7325439453125,20.011672973632812,18.60106086730957
2014-07-29,45.359920501708984,88.19796752929688,49.54376220703125,28.682453155517578,17.645883560180664,161.0375213623047,19.94638442993164,18.527786254882812
2014-07-30,45.41863250732422,88.54490661621094,49.55217742919922,28.682453155517578,17.604434967041016,161.06204223632812,19.96161460876465,18.48081398010254
2014-07-31,44.39535903930664,86.75537109375,48.57645034790039,28.03195571899414,17.256322860717773,157.88137817382812,19.55028533935547,18.1313419342041
2014-08-01,44.29888153076172,86.4358139038086,48.37455749511719,27.927873611450195,17.264619827270508,157.39894104003906,19.50458335876465,18.108793258666992
2014-08-04,44.672115325927734,87.0292739868164,48.68578338623047,28.18807029724121,17.355783462524414,158.53550720214844,19.652570724487305,18.21401023864746
2014-08-05,44.609230041503906,86.36276245117188,48.3240852355957,27.971250534057617,17.248037338256836,156.99835205078125,19.482816696166992,18.00545310974121
2014-08-06,44.743431091308594,86.29886627197266,48.450252532958984,28.014610290527344,17.231462478637695,157.0474090576172,19.463232040405273,18.029874801635742
2014-08-07,44.50856399536133,86.02497100830078,48.1390266418457,27.78042984008789,17.148576736450195,156.19705200195312,19.367467880249023,17.943450927734375
2014-08-08,44.9195671081543,86.64582824707031,48.69419860839844,28.153379440307617,17.39722442626953,158.0040740966797,19.57857322692871,18.152006149291992
2014-08-11,45.30119705200195,87.15711212158203,48.81194305419922,28.31816864013672,17.438671112060547,158.4619140625,19.659101486206055,18.191457748413086
2014-08-12,45.01182556152344,87.1205825805664,48.76990509033203,28.196744918823242,17.44695472717285,158.24118041992188,19.61339569091797,18.1651554107666
2014-08-13,45.25506591796875,88.04273986816406,49.08113098144531,28.474294662475586,17.50497055053711,159.31228637695312,19.767921447753906,18.24970817565918
2014-08-14,45.33053970336914,88.49925994873047,49.316646575927734,28.665098190307617,17.596147537231445,160.06451416015625,19.85062599182129,18.315465927124023
2014-08-15,45.305389404296875,88.92838287353516,49.367103576660156,28.621740341186523,17.56299591064453,160.03179931640625,19.909379959106445,18.31171417236328
2014-08-18,45.93446350097656,89.61316680908203,49.8633918762207,28.97734260559082,17.745330810546875,161.3727569580078,20.072614669799805,18.42257308959961
2014-08-19,46.10640335083008,90.11529541015625,50.233497619628906,29.133460998535156,17.844799041748047,162.2149658203125,20.222780227661133,18.51087760925293
2014-08-20,45.86316680908203,90.11529541015625,50.44379806518555,29.272233963012695,17.92768096923828,162.64828491210938,20.27283477783203,18.567245483398438
2014-08-21,46.02253723144531,90.29791259765625,50.494239807128906,29.28957176208496,17.96084213256836,163.12255859375,20.277185440063477,18.67434310913086
2014-08-22,46.018341064453125,90.43487548828125,50.4858512878418,29.36763572692871,17.92768096923828,162.86911010742188,20.2858943939209,18.606693267822266
2014-08-25,46.0728645324707,90.7544174194336,50.6793098449707,29.56712532043457,18.010562896728516,163.69493103027344,20.377304077148438,18.676225662231445
2014-08-26,46.39997482299805,90.84574127197266,50.77183151245117,29.65384864807129,17.969127655029297,163.80123901367188,20.401247024536133,18.70064353942871
2014-08-27,46.2867317199707,90.86398315429688,50.64565658569336,29.57579231262207,17.969127655029297,163.73577880859375,20.355541229248047,18.71003532409668
2014-08-28,46.039306640625,90.76358032226562,50.60360336303711,29.463054656982422,17.969127655029297,163.64588928222656,20.34682273864746,18.69124984741211
2014-08-29,46.28254318237305,91.10136413574219,50.68772506713867,29.57579231262207,17.99399185180664,164.11196899414062,20.386009216308594,18.73634147644043
2014-09-02,46.546756744384766,91.36613464355469,50.80548095703125,29.679882049560547,18.010562896728516,164.03012084960938,20.405593872070312,18.723186492919922
2014-09-03,46.36223602294922,90.82747650146484,50.59519958496094,29.601816177368164,18.02713966369629,163.9402618408203,20.357717514038086,18.760766983032227
2014-09-04,46.240604400634766,90.74527740478516,50.477420806884766,29.523759841918945,18.068580627441406,163.70310974121094,20.316362380981445,18.71755027770996
2014-09-05,46.358036041259766,91.20178985595703,50.69612503051758,29.610488891601562,18.143178939819336,164.43894958496094,20.41213035583496,18.803974151611328
2014-09-08,46.39997482299805,91.37528228759766,50.670902252197266,29.619155883789062,18.093446731567383,164.01380920410156,20.39470863342285,18.734460830688477
2014-09-09,45.85477066040039,90.61748504638672,50.376487731933594,29.306926727294922,17.985694885253906,162.97540283203125,20.251070022583008,18.66870880126953
2014-09-10,45.9931640625,91.36613464355469,50.68772506713867,29.49773597717285,18.035430908203125,163.5886688232422,20.39253044128418,18.646154403686523
2014-09-11,46.31189727783203,91.29309844970703,50.536312103271484,29.523759841918945,18.018856048583984,163.7766876220703,20.340303421020508,18.69124984741211
2014-09-12,45.87156677246094,90.82747650146484,50.334434509277344,29.41967010498047,17.94426155090332,162.820068359375,20.275012969970703,18.578514099121094
2014-09-15,45.410240173339844,89.95097351074219,50.199859619140625,29.168149948120117,17.969127655029297,162.69741821289062,20.19884490966797,18.642396926879883
2014-09-16,45.55284118652344,90.73617553710938,50.61201477050781,29.428346633911133,18.068580627441406,163.9239044189453,20.37294578552246,18.758888244628906
2014-09-17,45.67445373535156,90.87310791015625,50.60360336303711,29.463054656982422,18.068580627441406,164.14462280273438,20.468711853027344,18.777679443359375
2014-09-18,45.95123291015625,91.55786895751953,50.95689392089844,29.688556671142578,18.134889602661133,165.01956176757812,20.507877349853516,18.877260208129883
2014-09-19,45.38087463378906,91.5011215209961,50.95689392089844,29.50537872314453,18.164024353027344,164.870849609375,20.53867530822754,18.876317977905273
2014-09-22,44.89860534667969,90.65001678466797,50.5867805480957,29.07135772705078,18.080781936645508,163.5975799560547,20.3181095123291,18.73272132873535
2014-09-23,44.44986343383789,90.40290069580078,50.31760787963867,28.90642547607422,17.947586059570312,162.66107177734375,20.25696563720703,18.604249954223633
2014-09-24,44.804019927978516,91.37305450439453,50.82807922363281,29.25364875793457,18.080781936645508,163.93434143066406,20.40546226501465,18.72327995300293
2014-09-25,44.14366912841797,89.45111846923828,49.96745300292969,28.732812881469727,17.864341735839844,161.2891845703125,20.07352638244629,18.466325759887695
2014-09-26,44.400230407714844,90.40290069580078,50.482139587402344,29.01058006286621,18.02250862121582,162.57073974609375,20.263517379760742,18.55702018737793
2014-09-29,44.400230407714844,90.28392791748047,50.40620040893555,28.91510772705078,17.980886459350586,162.2749481201172,20.21546745300293,18.507892608642578
2014-09-30,43.870262145996094,90.41205596923828,50.29651641845703,28.7935733795166,17.96424102783203,161.84783935546875,20.2001895904541,18.47766876220703
2014-10-01,43.27718734741211,88.966064453125,49.58775329589844,28.1772518157959,17.75613021850586,159.6544647216797,19.909738540649414,18.230167388916016
2014-10-02,43.62630081176758,88.966064453125,49.59619903564453,28.246700286865234,17.79775047302246,159.67910766601562,19.905370712280273,18.23394012451172
2014-10-03,43.94596481323242,89.84465789794922,50.11088943481445,28.680727005004883,17.98921012878418,161.4370880126953,20.128128051757812,18.42854118347168
2014-10-06,43.56741714477539,89.65245819091797,50.00962829589844,28.54183578491211,17.955913543701172,161.24810791015625,20.080078125,18.424760818481445
2014-10-07,42.84816360473633,88.38031768798828,49.28400421142578,27.91683006286621,17.697853088378906,158.759033203125,19.77215003967285,18.137588500976562
2014-10-08,43.6389045715332,90.10089874267578,50.186832427978516,28.42030143737793,17.980886459350586,161.5355987548828,20.13686180114746,18.35863494873047
2014-10-09,42.654685974121094,88.64573669433594,49.29244613647461,27.66510009765625,17.697853088378906,158.33187866210938,19.752511978149414,18.052568435668945
2014-10-10,42.20881652832031,86.43096160888672,48.600563049316406,26.94460678100586,17.606285095214844,156.52462768554688,19.470794677734375,17.967544555664062
2014-10-13,42.10788345336914,85.07648468017578,47.77367401123047,26.302244186401367,17.356557846069336,153.9534149169922,19.10173797607422,17.66147232055664
2014-10-14,42.616825103759766,85.08563995361328,47.841182708740234,26.475854873657227,17.47308921813965,154.19158935546875,19.112648010253906,17.627460479736328
2014-10-15,42.90705108642578,84.53653717041016,47.59648895263672,26.44112777709961,17.356557846069336,153.1483612060547,19.029664993286133,17.50466537475586
2014-10-16,43.3066291809082,84.00572204589844,47.579627990722656,26.588699340820312,17.38152313232422,153.01687622070312,19.02093505859375,17.48198890686035
2014-10-17,43.15521240234375,85.11306762695312,48.10273361206055,27.048776626586914,17.581310272216797,154.82412719726562,19.2677059173584,17.737041473388672
2014-10-20,43.651527404785156,86.38520812988281,48.347434997558594,27.34391975402832,17.697853088378906,156.32740783691406,19.477338790893555,17.84851837158203
2014-10-21,44.37078094482422,88.65485382080078,49.29244613647461,28.125171661376953,18.005859375,159.42442321777344,19.87916374206543,18.148923873901367
2014-10-22,43.84500503540039,88.19729614257812,49.030879974365234,27.751903533935547,17.92261505126953,158.29080200195312,19.728487014770508,18.09035873413086
2014-10-23,44.50537872314453,89.5242919921875,49.722774505615234,28.220653533935547,18.072458267211914,160.1309051513672,20.02548599243164,18.21316146850586
2014-10-24,44.60212326049805,90.25646209716797,50.0771369934082,28.47238540649414,18.23894500732422,161.3631591796875,20.178348541259766,18.335969924926758
2014-10-27,44.5684700012207,90.32054901123047,50.178401947021484,28.437673568725586,18.247270584106445,161.14134216308594,20.158693313598633,18.303850173950195
2014-10-28,45.90182876586914,91.68419647216797,50.67621612548828,28.949827194213867,18.40542984008789,162.98965454101562,20.396724700927734,18.47955322265625
2014-10-29,45.84294891357422,91.34555053710938,50.583396911621094,28.836984634399414,18.363813400268555,162.74319458007812,20.368335723876953,18.47577476501465
2014-10-30,46.21309280395508,91.53776550292969,51.15715026855469,29.053991317749023,18.505332946777344,163.78651428222656,20.514652252197266,18.577800750732422
2014-10-31,46.90289306640625,92.80070495605469,51.638099670410156,29.52274513244629,18.68014144897461,165.65948486328125,20.754873275756836,18.772396087646484
2014-11-03,46.85662841796875,93.07526397705078,51.56215286254883,29.514068603515625,18.68014144897461,165.74984741210938,20.770156860351562,18.770511627197266
2014-11-04,46.684173583984375,92.76412200927734,51.42715072631836,29.37517738342285,18.67182159423828,165.1747589111328,20.70464515686035,18.72139549255371
2014-11-05,46.801963806152344,92.77326965332031,51.54528045654297,29.435945510864258,18.771713256835938,166.2180938720703,20.798542022705078,18.863086700439453
2014-11-06,46.92814254760742,93.06611633300781,51.78997039794922,29.60956382751465,18.88825225830078,166.88343811035156,20.87715721130371,18.955657958984375
2014-11-07,46.936553955078125,92.98374938964844,51.730899810791016,29.5748348236084,18.87160301208496,167.0395965576172,20.846588134765625,18.97455406188965
2014-11-10,47.09638214111328,93.31324005126953,52.00934600830078,29.765806198120117,18.946523666381836,167.5652618408203,20.9295711517334,19.04068374633789
2014-11-11,47.1005973815918,93.60606384277344,52.068416595458984,29.783166885375977,18.91323471069336,167.72958374023438,20.96233367919922,19.031238555908203
2014-11-12,47.420257568359375,93.77081298828125,52.13591003417969,29.77448272705078,18.946523666381836,167.54884338378906,20.986356735229492,19.014238357543945
2014-11-13,47.05851745605469,94.17350769042969,52.1865348815918,29.757122039794922,18.963171005249023,167.73780822753906,20.99945831298828,18.999120712280273
2014-11-14,46.978607177734375,94.46637725830078,52.11903762817383,29.765806198120117,18.89657974243164,167.7788543701172,21.008193969726562,19.023681640625
2014-11-17,46.53276062011719,94.18268585205078,52.00934600830078,29.60087776184082,18.946523666381836,167.88563537597656,20.975435256958008,19.104921340942383
2014-11-18,46.755680084228516,94.88738250732422,52.254032135009766,29.913366317749023,19.029766082763672,168.8550567626953,21.13266944885254,19.167266845703125
2014-11-19,46.28879928588867,94.45722961425781,52.13591003417969,29.765806198120117,19.07139778137207,168.58401489257812,21.093360900878906,19.146484375
2014-11-20,46.82719039916992,94.87818145751953,52.28779602050781,29.835248947143555,19.10469627380371,168.8796844482422,21.119569778442383,19.182382583618164
2014-11-21,46.8145751953125,95.06126403808594,52.54935836791992,30.0349063873291,19.229557037353516,169.7833251953125,21.215654373168945,19.29385757446289
2014-11-24,47.357177734375,95.80256652832031,52.72654724121094,30.208511352539062,19.287830352783203,170.25973510742188,21.322662353515625,19.312755584716797
2014-11-25,47.357177734375,95.948974609375,52.68437194824219,30.199838638305664,19.287830352783203,170.13653564453125,21.32921028137207,19.2730712890625
2014-11-26,47.495967864990234,96.57133483886719,52.8024787902832,30.208511352539062,19.3377685546875,170.5718994140625,21.403470993041992,19.305191040039062
2014-11-28,46.8145751953125,97.01974487304688,52.81935501098633,29.887331008911133,19.371076583862305,170.21046447753906,21.390356063842773,19.206947326660156
2014-12-01,46.18363571166992,95.92154693603516,52.55780029296875,29.435945510864258,19.25452995300293,169.0275421142578,21.193824768066406,19.180492401123047
2014-12-02,46.671546936035156,96.305908203125,52.82778549194336,29.67900276184082,19.35442543029785,170.12005615234375,21.300827026367188,19.295747756958008
2014-12-03,47.151065826416016,96.47978973388672,53.080928802490234,30.000181198120117,19.454322814941406,170.77732849121094,21.372882843017578,19.380769729614258
2014-12-04,46.932334899902344,96.43403625488281,53.07249069213867,29.93941307067871,19.41269874572754,170.5883331298828,21.381624221801758,19.33541488647461
2014-12-05,47.226776123046875,96.44318389892578,53.13154602050781,30.05225372314453,19.454322814941406,170.86764526367188,21.3881778717041,19.34296989440918
2014-12-08,46.66734313964844,95.75680541992188,52.734981536865234,29.69635772705078,19.34610366821289,169.7257537841797,21.244047164916992,19.259845733642578
2014-12-09,47.470726013183594,96.0588150024414,52.81935501098633,29.757122039794922,19.312807083129883,169.6107635498047,21.25933074951172,19.17861557006836
2014-12-10,46.40657043457031,94.54875183105469,51.933414459228516,29.1147518157959,19.029766082763672,166.8917236328125,20.91646957397461,18.917879104614258
2014-12-11,46.54537582397461,94.99718475341797,52.21186447143555,29.201560974121094,19.14632225036621,167.73780822753906,21.016931533813477,18.999120712280273
2014-12-12,45.94811248779297,93.96304321289062,51.46935272216797,28.654693603515625,18.89657974243164,165.02691650390625,20.71119499206543,18.66471290588379
2014-12-15,45.57374954223633,92.9928970336914,51.21620178222656,28.47238540649414,18.829980850219727,163.89332580566406,20.608558654785156,18.560791015625
2014-12-16,45.493831634521484,91.5011215209961,50.60869216918945,28.116493225097656,18.75506591796875,162.57887268066406,20.350866317749023,18.47388458251953
2014-12-17,46.73043441772461,93.16681671142578,51.45246505737305,28.81093978881836,19.038095474243164,165.76620483398438,20.752689361572266,18.813968658447266
2014-12-18,47.420257568359375,95.40901947021484,52.912174224853516,29.60956382751465,19.421018600463867,169.86544799804688,21.24185562133789,19.256071090698242
2014-12-19,47.39921569824219,95.8288345336914,53.13998031616211,29.94234275817871,19.492168426513672,170.58822631835938,21.390527725219727,19.404739379882812
2014-12-22,47.79880905151367,96.06768035888672,53.13998031616211,29.933629989624023,19.626075744628906,171.3729248046875,21.45631217956543,19.42185401916504
2014-12-23,48.03434753417969,95.7277603149414,53.156856536865234,29.95105743408203,19.734878540039062,171.6041717529297,21.4080753326416,19.56442642211914
2014-12-24,48.14288330078125,95.81047058105469,53.05561828613281,30.01203155517578,19.72650146484375,171.62074279785156,21.44754409790039,19.545425415039062
2014-12-26,48.446929931640625,96.49021911621094,53.18217086791992,30.099159240722656,19.751611709594727,172.17413330078125,21.519901275634766,19.566328048706055
2014-12-29,48.69187545776367,96.47183990478516,53.19905090332031,30.177547454833984,19.7767276763916,172.40542602539062,21.557178497314453,19.598648071289062
2014-12-30,48.46806335449219,95.8288345336914,52.99654769897461,29.97719383239746,19.642812728881836,171.48033142089844,21.401493072509766,19.537817001342773
2014-12-31,48.1682243347168,94.84591674804688,52.52404022216797,29.733259201049805,19.483787536621094,169.77871704101562,21.234840393066406,19.305877685546875
2015-01-02,47.81349563598633,94.56114959716797,52.51559829711914,29.663557052612305,19.45867919921875,169.6878662109375,21.180023193359375,19.277355194091797
2015-01-05,47.082908630371094,93.17407989501953,51.722469329833984,28.888221740722656,19.157386779785156,166.62335205078125,20.85548973083496,18.935165405273438
2015-01-06,46.29740524291992,91.92474365234375,51.275272369384766,28.409072875976562,19.031845092773438,165.0539093017578,20.69322967529297,18.78306770324707
2015-01-07,46.77884292602539,93.10977172851562,51.85746765136719,28.687850952148438,19.266193389892578,167.1106414794922,20.943199157714844,18.902851104736328
2015-01-08,47.59811782836914,94.891845703125,52.82778549194336,29.288963317871094,19.575855255126953,170.0760498046875,21.33352279663086,19.252649307250977
2015-01-09,47.13357162475586,94.26720428466797,52.372161865234375,29.027605056762695,19.40846824645996,168.713134765625,21.1712589263916,19.111961364746094
2015-01-12,46.973106384277344,93.2843017578125,51.94184875488281,28.609439849853516,19.27455711364746,167.39154052734375,21.015560150146484,18.90854263305664
2015-01-13,47.16735076904297,93.25672912597656,51.79841613769531,28.504905700683594,19.215972900390625,166.92066955566406,20.993629455566406,18.83060073852539
2015-01-14,46.9393196105957,92.74231719970703,51.595909118652344,28.25225257873535,19.149015426635742,165.91297912597656,20.901538848876953,18.695615768432617
2015-01-15,46.20027160644531,91.5389404296875,51.11497116088867,27.720840454101562,19.07369613647461,164.39305114746094,20.682262420654297,18.539730072021484
2015-01-16,46.94775390625,92.61371612548828,51.80685043334961,28.21741485595703,19.23271369934082,166.5489959716797,20.97170639038086,18.807788848876953
2015-01-20,46.64791488647461,93.34857177734375,52.0430908203125,28.339380264282227,19.266193389892578,166.9041748046875,21.02433204650879,18.773569107055664
2015-01-21,46.56768798828125,93.82628631591797,52.14434814453125,28.609439849853516,19.349884033203125,167.74668884277344,21.127397537231445,18.91234588623047
2015-01-22,47.538997650146484,95.56242370605469,52.97966766357422,29.053743362426758,19.642812728881836,170.24130249023438,21.445348739624023,19.163293838500977
2015-01-23,47.40807342529297,95.7737045288086,52.861541748046875,28.931781768798828,19.50889778137207,169.307861328125,21.392717361450195,19.02641487121582
2015-01-26,47.830387115478516,95.66348266601562,52.9543571472168,29.123437881469727,19.54238510131836,169.70440673828125,21.467281341552734,19.037817001342773
2015-01-27,47.57701873779297,93.18326568603516,52.068416595458984,28.766252517700195,19.349884033203125,167.46591186523438,21.087926864624023,18.878124237060547
2015-01-28,46.87175750732422,92.70559692382812,51.57904052734375,28.27839469909668,19.1071720123291,165.31826782226562,20.87084197998047,18.551128387451172
2015-01-29,47.42496871948242,93.59661865234375,52.07685470581055,28.65298843383789,19.291297912597656,166.84637451171875,21.1098575592041,18.69751739501953
2015-01-30,46.44099807739258,92.87092590332031,51.61278533935547,28.391645431518555,18.956533432006836,164.74832153320312,20.829181671142578,18.442773818969727
2015-02-02,47.002655029296875,93.6792984008789,52.07685470581055,28.731399536132812,19.149015426635742,166.78855895996094,21.028718948364258,18.733642578125
2015-02-03,47.83460235595703,94.57949829101562,52.861541748046875,29.341224670410156,19.45867919921875,169.2004852294922,21.234840393066406,19.06062889099121
2015-02-04,47.73325729370117,94.496826171875,52.48185348510742,29.106014251708984,19.349884033203125,168.5562286376953,21.17783546447754,18.9522647857666
2015-02-05,48.35826110839844,95.31441497802734,53.123104095458984,29.402212142944336,19.54238510131836,170.25778198242188,21.423423767089844,19.203218460083008
2015-02-06,48.32025909423828,94.73568725585938,52.768741607666016,29.315099716186523,19.46705436706543,169.7869415283203,21.26115608215332,19.195613861083984
2015-02-09,47.872615814208984,94.43252563476562,52.59998321533203,29.166994094848633,19.383371353149414,169.027099609375,21.166860580444336,19.14238166809082
2015-02-10,48.1175537109375,95.90229797363281,53.156856536865234,29.567731857299805,19.575855255126953,170.82778930664062,21.438772201538086,19.2602596282959
2015-02-11,48.0753173828125,96.25137329101562,53.18217086791992,29.524181365966797,19.550752639770508,170.9268341064453,21.508947372436523,19.252649307250977
2015-02-12,48.66655731201172,97.3720703125,53.62092208862305,30.07302474975586,19.642812728881836,172.57061767578125,21.708478927612305,19.4256534576416
2015-02-13,48.93259811401367,98.2080078125,53.94999694824219,30.334375381469727,19.751611709594727,173.28103637695312,21.818115234375,19.501689910888672
2015-02-17,48.97904968261719,98.29988861083984,53.98375701904297,30.430200576782227,19.734878540039062,173.55357360839844,21.844440460205078,19.54351806640625
2015-02-18,49.09730529785156,98.43769073486328,54.093441009521484,30.44761848449707,19.810197830200195,173.57012939453125,21.91678810119629,19.463672637939453
2015-02-19,49.050846099853516,98.92455291748047,54.194705963134766,30.621864318847656,19.7767276763916,173.44619750976562,21.90363311767578,19.437055587768555
2015-02-20,49.13108444213867,99.5859375,54.59125518798828,30.900632858276367,19.902257919311523,174.48703002929688,22.068092346191406,19.469377517700195
2015-02-23,49.215553283691406,99.68695068359375,54.633445739746094,30.70027732849121,19.902257919311523,174.46224975585938,22.1207275390625,19.501689910888672
2015-02-24,49.33378601074219,99.76043701171875,54.751564025878906,30.78738021850586,19.96084976196289,174.95782470703125,22.1251163482666,19.575838088989258
2015-02-25,49.32535171508789,99.5124282836914,54.8359489440918,30.865781784057617,19.969213485717773,174.8091278076172,22.114147186279297,19.54922103881836
2015-02-26,49.47737503051758,100.01766967773438,54.80220413208008,30.67412757873535,19.94410514831543,174.60260009765625,22.15142250061035,19.51310157775879
2015-02-27,49.23243713378906,99.57673645019531,54.71780014038086,30.526033401489258,19.877147674560547,174.0079345703125,22.07248878479004,19.484580993652344
2015-03-02,49.60406494140625,100.47696685791016,55.13969802856445,30.7089786529541,20.01105308532715,175.10647583007812,22.250097274780273,19.520709991455078
2015-03-03,49.31268310546875,100.00846862792969,54.827518463134766,30.58700942993164,19.91900062561035,174.38787841796875,22.129497528076172,19.461767196655273
2015-03-04,49.00862503051758,99.62265014648438,54.599700927734375,30.430200576782227,19.7934627532959,173.6527862548828,22.041780471801758,19.36100959777832
2015-03-05,49.071964263916016,99.79718017578125,54.76844787597656,30.48247718811035,19.877147674560547,173.84271240234375,22.090023040771484,19.39713478088379
2015-03-06,48.396263122558594,98.66732025146484,53.941558837890625,30.046884536743164,19.567489624023438,171.39767456054688,21.763303756713867,19.121469497680664
2015-03-09,48.71721649169922,98.95205688476562,54.24531173706055,30.02073860168457,19.709768295288086,172.10806274414062,21.861976623535156,19.231735229492188
2015-03-10,48.14288330078125,97.11486053466797,53.34248352050781,29.384794235229492,19.42520523071289,169.31614685058594,21.511123657226562,18.92184829711914
2015-03-11,48.451168060302734,96.55451202392578,53.07249069213867,29.49803924560547,19.374996185302734,168.91966247558594,21.427804946899414,18.880023956298828
2015-03-12,49.29154968261719,97.1883316040039,53.62937545776367,29.837800979614258,19.626075744628906,171.06732177734375,21.66681671142578,19.1442813873291
2015-03-13,49.118431091308594,96.76579284667969,53.26655197143555,29.611291885375977,19.51726722717285,170.0182342529297,21.56595230102539,18.99790382385254
2015-03-16,49.2873420715332,98.01509094238281,54.05124282836914,30.003318786621094,19.743236541748047,172.289794921875,21.85320472717285,19.239336013793945
2015-03-17,49.39291763305664,98.17127227783203,53.81498336791992,29.91620635986328,19.65117835998535,171.77767944335938,21.833471298217773,19.148094177246094
2015-03-18,49.84477233886719,99.13579559326172,54.473121643066406,30.42149543762207,19.86878204345703,173.84271240234375,22.043975830078125,19.406633377075195
2015-03-19,49.93769454956055,99.28278350830078,54.464691162109375,30.186269760131836,19.768346786499023,173.0497283935547,22.074682235717773,19.2469539642334
2015-03-20,50.465572357177734,99.92542266845703,54.98780822753906,30.540433883666992,19.945472717285156,174.5771942138672,22.257057189941406,19.447269439697266
2015-03-23,50.541595458984375,99.73208618164062,54.9793815612793,30.374696731567383,19.9202938079834,174.2369842529297,22.1778564453125,19.430065155029297
2015-03-24,50.56692123413086,99.37301635742188,54.599700927734375,30.278738021850586,19.853137969970703,173.2579803466797,22.10085105895996,19.2847957611084
2015-03-25,49.52015686035156,97.09882354736328,53.81648254394531,29.78150749206543,19.584508895874023,170.71910095214844,21.658658981323242,19.110841751098633
2015-03-26,49.36334991455078,96.7673568725586,53.7318115234375,29.746618270874023,19.52574348449707,170.31248474121094,21.614665985107422,19.047771453857422
2015-03-27,49.61338424682617,97.15408325195312,53.75722885131836,29.77278709411621,19.60129737854004,170.70252990722656,21.693870544433594,19.036300659179688
2015-03-30,50.21518325805664,98.26815795898438,54.37531661987305,30.156614303588867,19.83634376525879,172.78506469726562,21.89626121520996,19.34404182434082
2015-03-31,50.020225524902344,97.22774505615234,53.85881805419922,29.921077728271484,19.693639755249023,171.27496337890625,21.6894588470459,19.194957733154297
2015-04-01,49.952430725097656,96.7213134765625,53.53707504272461,29.816394805908203,19.60968589782715,170.66932678222656,21.577260971069336,19.10129737854004
2015-04-02,50.10499572753906,96.78578186035156,53.63867950439453,30.008325576782227,19.668455123901367,171.28330993652344,21.667463302612305,19.206422805786133
2015-04-06,50.261783599853516,97.57759094238281,53.935028076171875,30.339811325073242,19.794374465942383,172.4365692138672,21.788463592529297,19.340225219726562
2015-04-07,49.90581512451172,97.4118423461914,54.03662872314453,30.270017623901367,19.74400520324707,171.98028564453125,21.75766372680664,19.36507797241211
2015-04-08,50.23212432861328,98.18525695800781,54.104373931884766,30.392141342163086,19.77758026123047,172.56101989746094,21.852262496948242,19.2847957611084
2015-04-09,50.020225524902344,98.80216217041016,54.37531661987305,30.662569046020508,19.853137969970703,173.32435607910156,21.924856185913086,19.361249923706055
2015-04-10,50.249088287353516,99.20726776123047,54.510780334472656,30.680002212524414,19.90350341796875,174.27023315429688,22.017253875732422,19.550485610961914
2015-04-13,50.2406005859375,98.95869445800781,54.332977294921875,30.60150146484375,19.794374465942383,173.48202514648438,21.94685935974121,19.470205307006836
2015-04-14,50.2406005859375,98.67327117919922,54.197513580322266,30.7410831451416,19.81116485595703,173.81387329101562,21.902860641479492,19.506519317626953
2015-04-15,50.596588134765625,99.2901382446289,54.536197662353516,31.194686889648438,19.853137969970703,174.5937957763672,22.012853622436523,19.659440994262695
2015-04-16,50.465213775634766,99.15203857421875,54.400718688964844,31.133628845214844,19.83634376525879,174.54403686523438,21.997455596923828,19.609745025634766
2015-04-17,49.66848373413086,97.60523986816406,53.71489334106445,30.732343673706055,19.626480102539062,172.53610229492188,21.74005889892578,19.391836166381836
2015-04-20,50.22789001464844,99.06916809082031,54.307579040527344,30.976608276367188,19.819555282592773,174.11257934570312,21.99085807800293,19.531373977661133
2015-04-21,50.09227752685547,99.49269104003906,54.35839080810547,30.941713333129883,19.802770614624023,173.9051513671875,22.02165985107422,19.447269439697266
2015-04-22,50.18550491333008,100.0359115600586,54.68013000488281,31.12491226196289,19.869922637939453,174.759765625,22.155858993530273,19.502700805664062
2015-04-23,50.494873046875,100.41340637207031,54.942604064941406,31.26447868347168,19.90350341796875,175.19947814941406,22.23285675048828,19.6212100982666
2015-04-24,50.393184661865234,101.77605438232422,55.145809173583984,31.090009689331055,19.90350341796875,175.6060333251953,22.29445457458496,19.56386375427246
2015-04-27,50.02448272705078,101.51829528808594,54.934139251708984,30.898088455200195,19.844745635986328,174.87591552734375,22.18445587158203,19.508426666259766
2015-04-28,50.35502243041992,101.31571197509766,54.99342346191406,31.011505126953125,19.83634376525879,175.4318084716797,22.217456817626953,19.581066131591797
2015-04-29,49.80411148071289,100.68040466308594,54.68013000488281,31.081275939941406,19.727218627929688,174.7100067138672,22.0898494720459,19.531373977661133
2015-04-30,48.867515563964844,99.09677124023438,53.95195388793945,30.732343673706055,19.52574348449707,172.9592742919922,21.768657684326172,19.449176788330078
2015-05-01,49.15993118286133,100.40421295166016,54.72245407104492,31.037668228149414,19.727218627929688,174.8343963623047,22.061256408691406,19.60209846496582
2015-05-04,49.28706741333008,100.5699234008789,54.841007232666016,31.07256317138672,19.81116485595703,175.3322296142578,22.09204864501953,19.707223892211914
2015-05-05,48.77003479003906,98.93107604980469,54.273704528808594,30.697458267211914,19.60129737854004,173.32435607910156,21.806060791015625,19.519901275634766
2015-05-06,48.867515563964844,98.2497329711914,53.968894958496094,30.531723022460938,19.550928115844727,172.6107635498047,21.711462020874023,19.388010025024414
2015-05-07,49.07940673828125,98.83900451660156,54.256778717041016,30.540433883666992,19.65166473388672,173.29946899414062,21.85446548461914,19.493146896362305
2015-05-08,49.388790130615234,100.07276153564453,55.069610595703125,30.950439453125,19.844745635986328,175.5811004638672,22.155858993530273,19.716787338256836
2015-05-11,49.42268753051758,99.68606567382812,54.9002799987793,30.84576416015625,19.76919174194336,174.74317932128906,22.052457809448242,19.647968292236328
2015-05-12,49.28706741333008,99.23492431640625,54.73093032836914,30.70618438720703,19.76079750061035,174.22039794921875,21.993057250976562,19.590621948242188
2015-05-13,49.25739669799805,99.43743896484375,54.71399688720703,30.7410831451416,19.74400520324707,174.25363159179688,21.966657638549805,19.577251434326172
2015-05-14,49.81681823730469,100.89218139648438,55.374420166015625,30.88936424255371,19.937082290649414,176.0706787109375,22.27245330810547,19.701492309570312
2015-05-15,49.75325393676758,100.89218139648438,55.41676330566406,30.84576416015625,19.979049682617188,176.2615203857422,22.279050827026367,19.726343154907227
2015-05-18,50.22365188598633,101.33414459228516,55.56916427612305,31.011505126953125,20.01263427734375,176.80908203125,22.380258560180664,19.802797317504883
2015-05-19,50.202449798583984,101.2236557006836,55.61997985839844,30.697458267211914,20.021024703979492,176.75103759765625,22.347251892089844,19.76457405090332
2015-05-20,50.23636245727539,101.28810119628906,55.56068801879883,30.680002212524414,20.01263427734375,176.62657165527344,22.32745361328125,19.802797317504883
2015-05-21,50.20669937133789,101.81289672851562,55.65383529663086,30.92426872253418,20.046213150024414,177.14102172851562,22.36485481262207,19.841026306152344
2015-05-22,49.96937561035156,101.71162414550781,55.4844970703125,30.871929168701172,19.96225929260254,176.71783447265625,22.373653411865234,19.818092346191406
2015-05-26,49.388790130615234,100.54230499267578,54.80713653564453,30.365978240966797,19.785972595214844,174.81781005859375,22.109651565551758,19.54475212097168
2015-05-27,49.952430725097656,102.16278076171875,55.255897521972656,30.680002212524414,19.911893844604492,176.47720336914062,22.373653411865234,19.737810134887695
2015-05-28,49.97784423828125,101.9325942993164,55.22201919555664,30.488096237182617,19.878320693969727,176.2781219482422,22.331851959228516,19.697669982910156
2015-05-29,49.57948303222656,101.32491302490234,54.77326202392578,30.287456512451172,19.76079750061035,175.1829376220703,22.18445587158203,19.632678985595703
2015-06-01,49.77866744995117,101.66556549072266,54.91720962524414,30.278738021850586,19.819555282592773,175.53965759277344,22.23285675048828,19.678550720214844
2015-06-02,49.914283752441406,101.3433609008789,54.866397857666016,30.453201293945312,19.74400520324707,175.3654022216797,22.217456817626953,19.609745025634766
2015-06-03,50.42707443237305,101.64717102050781,54.96799850463867,30.42703628540039,19.802770614624023,175.830078125,22.230655670166016,19.695756912231445
2015-06-04,49.96514129638672,100.87378692626953,54.46845245361328,30.104270935058594,19.643272399902344,174.3448944091797,22.03706169128418,19.47976303100586
2015-06-05,50.27875518798828,100.63438415527344,54.35839080810547,30.304903030395508,19.559324264526367,174.0462188720703,22.017253875732422,19.496957778930664
2015-06-08,50.049903869628906,99.61238861083984,54.01123809814453,30.0257568359375,19.47538185119629,172.97589111328125,21.8808536529541,19.410947799682617
2015-06-09,49.918521881103516,99.44667053222656,54.00276184082031,30.017045974731445,19.47538185119629,172.9510040283203,21.819255828857422,19.42241668701172
2015-06-10,50.62625503540039,100.80931854248047,54.73941421508789,30.44448471069336,19.65166473388672,175.02525329589844,22.107454299926758,19.668994903564453
2015-06-11,50.66440200805664,100.95661926269531,54.95954132080078,30.392141342163086,19.727218627929688,175.58946228027344,22.16905403137207,19.684289932250977
2015-06-12,50.571163177490234,100.12799835205078,54.51924514770508,30.20022201538086,19.626480102539062,174.2453155517578,21.999652862548828,19.54092788696289
2015-06-15,50.44401550292969,99.63079833984375,54.231380462646484,30.0257568359375,19.54253387451172,173.49859619140625,21.89845848083496,19.470205307006836
2015-06-16,50.816959381103516,100.17401885986328,54.58699035644531,30.19149398803711,19.618085861206055,174.44444274902344,22.02385711669922,19.558130264282227
2015-06-17,50.68559646606445,100.45024871826172,54.798667907714844,30.235124588012695,19.71881675720215,174.72653198242188,22.105253219604492,19.61356544494629
2015-06-18,51.270423889160156,101.9141845703125,55.36595916748047,30.470657348632812,19.928691864013672,176.5435791015625,22.36264991760254,19.733989715576172
2015-06-19,51.27888488769531,101.41033935546875,55.18816375732422,30.283187866210938,19.8696231842041,175.7599334716797,22.250469207763672,19.647085189819336
2015-06-22,51.56283187866211,102.15780639648438,55.38288116455078,30.607318878173828,19.911815643310547,176.66033935546875,22.378543853759766,19.76051902770996
2015-06-23,51.698455810546875,102.24087524414062,55.28975296020508,30.651105880737305,19.894941329956055,176.7853546142578,22.380760192871094,19.793201446533203
2015-06-24,51.34907913208008,101.71485137939453,54.986915588378906,30.370792388916016,19.759946823120117,175.50144958496094,22.24826431274414,19.622085571289062
2015-06-25,51.28106689453125,101.51184844970703,54.78276062011719,30.15178871154785,19.70088768005371,174.9678497314453,22.2305965423584,19.54326820373535
2015-06-26,51.20454788208008,100.8381576538086,54.731719970703125,30.06418800354004,19.75150489807129,174.93447875976562,22.162141799926758,19.56441307067871
2015-06-29,50.02294921875,98.45726776123047,53.5152702331543,29.231996536254883,19.422452926635742,171.2660369873047,21.68515968322754,19.189504623413086
2015-06-30,50.103694915771484,98.80791473388672,53.76198196411133,29.380916595458984,19.430885314941406,171.6245574951172,21.77790641784668,19.22027015686035
2015-07-01,50.345970153808594,99.59233856201172,54.0341796875,29.337112426757812,19.64181900024414,173.0001678466797,21.857406616210938,19.324085235595703
2015-07-02,50.01870346069336,99.62002563476562,54.11923599243164,29.31083869934082,19.624942779541016,172.84181213378906,21.930273056030273,19.32792854309082
2015-07-06,49.937931060791016,99.38928985595703,53.889564514160156,28.96919822692871,19.574323654174805,172.34986877441406,21.855195999145508,19.156822204589844
2015-07-07,50.010196685791016,99.63851165771484,54.263851165771484,29.188194274902344,19.759946823120117,173.43377685546875,21.987686157226562,19.324085235595703
2015-07-08,49.35138702392578,97.90354919433594,53.43870544433594,28.40855598449707,19.50682258605957,170.5240020751953,21.667491912841797,19.02415657043457
2015-07-09,49.46189880371094,97.84819030761719,53.600337982177734,28.6275577545166,19.540573120117188,170.83251953125,21.69620132446289,19.12029266357422
2015-07-10,50.133445739746094,99.3431625366211,54.161766052246094,28.86406898498535,19.709320068359375,172.98355102539062,21.987686157226562,19.287551879882812
2015-07-13,50.532997131347656,101.08731079101562,54.88483428955078,29.20571517944336,19.894941329956055,174.8927764892578,22.241634368896484,19.468278884887695
2015-07-14,50.75825881958008,101.75176239013672,55.12302017211914,29.407190322875977,19.937122344970703,175.6514892578125,22.347637176513672,19.5548038482666
2015-07-15,50.405487060546875,101.86251068115234,55.088993072509766,29.10935401916504,19.8696231842041,175.5930938720703,22.321136474609375,19.524036407470703
2015-07-16,50.741249084472656,103.30213928222656,55.48031234741211,29.31083869934082,19.979318618774414,177.0021514892578,22.55299949645996,19.654775619506836
2015-07-17,50.43948745727539,104.8248062133789,55.86310577392578,29.100597381591797,19.937122344970703,177.15219116210938,22.667835235595703,19.568262100219727
2015-07-20,50.188716888427734,105.1847152709961,55.982200622558594,28.87283706665039,19.928695678710938,177.24391174316406,22.756166458129883,19.545185089111328
2015-07-21,50.052696228027344,105.12010955810547,55.820560455322266,28.80275535583496,19.827442169189453,176.5435791015625,22.689918518066406,19.43174934387207
2015-07-22,50.17594909667969,103.9296646118164,55.59089660644531,28.574993133544922,19.810571670532227,176.22679138183594,22.575082778930664,19.43174934387207
2015-07-23,49.55965042114258,103.54206848144531,55.29315948486328,28.4786319732666,19.709320068359375,175.2346649169922,22.43596649169922,19.314472198486328
2015-07-24,48.91359329223633,102.52693939208984,54.468021392822266,27.85668182373047,19.56588363647461,173.4170684814453,22.270347595214844,19.06068992614746
2015-07-27,48.603309631347656,101.6779556274414,54.11923599243164,27.427438735961914,19.456205368041992,172.40830993652344,22.120189666748047,18.941482543945312
2015-07-28,48.97311019897461,102.55463409423828,54.84231185913086,28.01435089111328,19.717756271362305,174.5259246826172,22.405052185058594,19.204885482788086
2015-07-29,49.236610412597656,102.94223022460938,55.301666259765625,28.31219482421875,19.920249938964844,175.7265167236328,22.550806045532227,19.34139060974121
2015-07-30,49.44064712524414,103.43132019042969,55.48031234741211,28.33847427368164,19.937122344970703,175.7682342529297,22.57288360595703,19.358692169189453
2015-07-31,49.68716049194336,103.31135559082031,55.3101692199707,28.172040939331055,19.953994750976562,175.50144958496094,22.546377182006836,19.302934646606445
2015-08-03,49.41939163208008,102.9883804321289,55.088993072509766,27.91800308227539,19.886499404907227,174.90945434570312,22.471298217773438,19.135665893554688
2015-08-04,49.41514205932617,102.79454803466797,55.10601043701172,28.023115158081055,19.87806510925293,174.56759643554688,22.477924346923828,19.154895782470703
2015-08-05,49.614906311035156,103.5882339477539,55.556854248046875,28.119476318359375,19.99618148803711,175.14291381835938,22.546377182006836,19.22796058654785
2015-08-06,49.19410705566406,101.9271011352539,54.88483428955078,28.023115158081055,19.87806510925293,173.70892333984375,22.314516067504883,19.160663604736328
2015-08-07,48.94335174560547,101.79791259765625,54.7657356262207,27.830392837524414,19.827442169189453,173.37539672851562,22.24605369567871,19.072227478027344
2015-08-10,49.48313903808594,102.96067810058594,55.395233154296875,28.548717498779297,20.038368225097656,175.55982971191406,22.497800827026367,19.349079132080078
2015-08-11,49.14311599731445,101.64102172851562,54.96140670776367,28.119476318359375,19.886499404907227,173.9757080078125,22.31009292602539,19.187591552734375
2015-08-12,48.97734832763672,101.99169158935547,55.03794860839844,28.215835571289062,19.8696231842041,174.1841278076172,22.29905891418457,19.15105628967285
2015-08-13,48.900840759277344,101.82560729980469,55.04646682739258,28.005599975585938,19.861196517944336,173.96739196777344,22.325550079345703,19.15874671936035
2015-08-14,49.3386344909668,101.98247528076172,55.174072265625,28.04939842224121,19.979318618774414,174.6010284423828,22.413881301879883,19.152978897094727
2015-08-17,49.70417404174805,102.83148956298828,55.463279724121094,28.215835571289062,20.029932022094727,175.57647705078125,22.566251754760742,19.310626983642578
2015-08-18,49.410888671875,102.30547332763672,55.395233154296875,28.04063606262207,20.021495819091797,175.06788635253906,22.506628036499023,19.24717903137207
2015-08-19,48.93060302734375,101.6318130493164,55.18256759643555,27.611406326293945,19.928695678710938,173.683837890625,22.41167640686035,19.102991104125977
2015-08-20,47.88924026489258,98.81715393066406,54.0341796875,26.814247131347656,19.5827579498291,170.05715942382812,21.87285804748535,18.73577117919922
2015-08-21,47.272926330566406,94.49829864501953,52.128684997558594,25.92072868347168,19.076526641845703,164.9380340576172,21.164005279541016,18.166675567626953
2015-08-24,45.436767578125,90.86231994628906,50.13813018798828,24.77317237854004,18.435302734375,157.992919921875,20.318248748779297,17.453393936157227
2015-08-25,44.92670822143555,90.52085876464844,49.55118179321289,24.37021827697754,18.561864852905273,156.13375854492188,20.073131561279297,17.14385223388672
2015-08-26,46.048828125,95.07965850830078,51.830955505371094,25.3162899017334,18.730602264404297,162.12828063964844,20.938764572143555,17.714876174926758
2015-08-27,46.792640686035156,97.48827362060547,52.87728500366211,26.45508575439453,19.110279083251953,166.1385955810547,21.406911849975586,18.139768600463867
2015-08-28,47.14116668701172,97.46980285644531,52.89427947998047,26.682846069335938,19.084962844848633,166.14691162109375,21.36937713623047,18.18206214904785
2015-08-31,47.107173919677734,96.26089477539062,52.315834045410156,26.744163513183594,18.92466163635254,164.8046112060547,21.177261352539062,18.132070541381836
2015-09-01,45.82781219482422,93.25247192382812,50.886714935302734,25.76305389404297,18.426862716674805,159.88552856445312,20.60530662536621,17.58989906311035
2015-09-02,46.46110153198242,95.88257598876953,51.77140426635742,26.192289352416992,18.764345169067383,162.92037963867188,21.011638641357422,17.862903594970703
2015-09-03,46.5418586730957,95.4118881225586,51.88199234008789,26.29741096496582,18.874042510986328,163.03707885742188,20.985137939453125,17.905200958251953
2015-09-04,46.14657974243164,94.27680969238281,51.14191436767578,25.92072868347168,18.570302963256836,160.5691375732422,20.700271606445312,17.69756507873535
2015-09-08,47.107173919677734,96.93456268310547,52.39240264892578,26.76168441772461,18.992151260375977,164.60450744628906,21.201547622680664,18.055164337158203
2015-09-09,46.66513442993164,95.84563446044922,51.541744232177734,26.34996795654297,18.781225204467773,162.4033966064453,20.901220321655273,17.79561424255371
2015-09-10,46.694889068603516,96.88843536376953,51.87350082397461,26.481369018554688,18.80653953552246,163.2871856689453,21.053590774536133,17.86098861694336
2015-09-11,46.86490249633789,97.42366027832031,52.19673538208008,26.376249313354492,18.874042510986328,164.02919006347656,21.141923904418945,17.93212127685547
2015-09-14,46.68638610839844,97.12834930419922,51.984073638916016,26.288646697998047,18.81496810913086,163.42056274414062,21.09113311767578,17.851375579833984
2015-09-15,47.200679779052734,98.27269744873047,52.65610885620117,26.682846069335938,19.04277229309082,165.46322631835938,21.37600326538086,18.099390029907227
2015-09-16,47.69371795654297,98.8263931274414,53.01338577270508,27.164642333984375,19.203088760375977,166.89723205566406,21.510705947875977,18.27050018310547
2015-09-17,47.73197937011719,98.86331176757812,52.95383071899414,26.998201370239258,19.1608943939209,166.5220184326172,21.515119552612305,18.147449493408203
2015-09-18,46.941410064697266,97.45718383789062,52.154205322265625,26.30752182006836,18.873476028442383,163.80081176757812,21.23200798034668,17.828004837036133
2015-09-21,47.124176025390625,97.76244354248047,52.383880615234375,26.351512908935547,19.000654220581055,164.6473388671875,21.302953720092773,17.942161560058594
2015-09-22,46.478111267089844,96.30081939697266,51.950050354003906,25.797210693359375,18.78020668029785,162.51023864746094,21.061307907104492,17.71578025817871
2015-09-23,46.431358337402344,96.37486267089844,51.830955505371094,25.454072952270508,18.729333877563477,162.2504425048828,21.039142608642578,17.667407989501953
2015-09-24,46.38035583496094,96.02330780029297,51.68634796142578,25.313289642333984,18.712377548217773,161.66375732421875,20.946027755737305,17.599693298339844
2015-09-25,46.33259582519531,95.20922088623047,51.73161315917969,25.269298553466797,18.746292114257812,161.6218719482422,20.87064552307129,17.684825897216797
2015-09-28,45.08740234375,92.49877166748047,50.59548568725586,24.319061279296875,18.381711959838867,157.5655975341797,20.280929565429688,17.332679748535156
2015-09-29,44.886966705322266,92.01771545410156,50.7492561340332,24.345457077026367,18.449548721313477,157.6577911376953,20.285362243652344,17.24560546875
2015-09-30,45.44559860229492,94.13614654541016,51.63764190673828,25.022939682006836,18.703901290893555,160.5994415283203,20.671117782592773,17.545513153076172
2015-10-01,45.2707633972168,94.56170654296875,51.629112243652344,25.110923767089844,18.644550323486328,161.01846313476562,20.684417724609375,17.576465606689453
2015-10-02,45.782474517822266,96.21755981445312,52.31248092651367,25.797210693359375,18.898914337158203,163.42373657226562,21.094562530517578,17.762218475341797
2015-10-05,47.0063591003418,97.595947265625,53.14107894897461,26.536283493041992,19.271968841552734,166.33189392089844,21.427108764648438,18.23046112060547
2015-10-06,46.78461837768555,97.13339233398438,52.953155517578125,26.721052169799805,19.170225143432617,165.76193237304688,21.294084548950195,18.253671646118164
2015-10-07,47.56073760986328,97.71617126464844,53.38026428222656,27.160982131958008,19.280445098876953,167.11961364746094,21.453704833984375,18.371702194213867
2015-10-08,48.08525466918945,98.1047134399414,53.901329040527344,27.58330535888672,19.51784896850586,168.62815856933594,21.626628875732422,18.578737258911133
2015-10-09,48.149234771728516,98.54879760742188,53.944053649902344,27.48651695251465,19.560243606567383,168.7287139892578,21.693140029907227,18.522621154785156
2015-10-12,48.20892333984375,98.78929138183594,53.88425827026367,27.231367111206055,19.568723678588867,168.88795471191406,21.741918563842773,18.487796783447266
2015-10-13,47.58632278442383,98.15098571777344,53.49131774902344,26.835430145263672,19.458511352539062,167.82359313964844,21.595600128173828,18.423948287963867
2015-10-14,47.0831298828125,97.9937515258789,53.16669845581055,27.090595245361328,19.314355850219727,167.01905822753906,21.493608474731445,18.31559944152832
2015-10-15,47.9829216003418,99.6033706665039,53.97822189331055,27.468923568725586,19.49241065979004,169.58355712890625,21.810644149780273,18.586477279663086
2015-10-16,47.9829216003418,100.01964569091797,54.285743713378906,27.25775909423828,19.55176544189453,170.35455322265625,21.877153396606445,18.694835662841797
2015-10-19,48.09804153442383,100.59320831298828,54.35407638549805,27.020200729370117,19.543285369873047,170.4383544921875,21.994647979736328,18.62517547607422
2015-10-20,48.18760299682617,100.07514953613281,54.371177673339844,27.099388122558594,19.55176544189453,170.2205047607422,21.92593002319336,18.66387176513672
2015-10-21,47.44559860229492,99.46459197998047,54.243011474609375,26.888221740722656,19.534812927246094,169.1645050048828,21.81285858154297,18.52649688720703
2015-10-22,47.87629699707031,101.49051666259766,55.456016540527344,27.310550689697266,19.890914916992188,172.02230834960938,22.1431941986084,18.867034912109375
2015-10-23,48.353919982910156,104.3305435180664,55.97709274291992,27.618494033813477,19.899389266967773,173.90802001953125,22.513437271118164,18.959909439086914
2015-10-26,48.13216018676758,104.39527130126953,55.92584991455078,27.284154891967773,19.88243865966797,173.48056030273438,22.513437271118164,18.870908737182617
2015-10-27,47.594852447509766,104.6080551147461,55.80625915527344,26.97620964050293,19.763723373413086,173.1453094482422,22.475740432739258,18.779956817626953
2015-10-28,48.874168395996094,105.4776382446289,56.36149597167969,27.4161376953125,19.899389266967773,175.11477661132812,22.72182273864746,19.037303924560547
2015-10-29,48.43067932128906,105.31111145019531,56.31877899169922,27.354543685913086,19.95026206970215,175.0142364501953,22.755077362060547,19.006345748901367
2015-10-30,48.20892333984375,104.8393325805664,56.105228424072266,27.618494033813477,19.865474700927734,174.260009765625,22.639795303344727,18.928955078125
2015-11-02,49.12575912475586,106.0234146118164,56.651920318603516,28.014427185058594,20.052001953125,176.3216552734375,22.910268783569336,19.20758056640625
2015-11-03,49.36882781982422,106.39346313476562,56.925270080566406,28.278379440307617,20.060487747192383,176.83285522460938,22.923574447631836,19.250141143798828
2015-11-04,49.25798416137695,106.40269470214844,56.754425048828125,28.120010375976562,20.018089294433594,176.29647827148438,22.912487030029297,19.13211441040039
2015-11-05,49.351776123046875,106.11590576171875,56.50672149658203,28.023231506347656,20.052001953125,176.12049865722656,22.85706329345703,19.10116195678711
2015-11-06,49.61616897583008,106.18994903564453,56.52379608154297,28.120010375976562,19.916343688964844,176.02830505371094,22.834888458251953,19.170806884765625
2015-11-09,48.89548873901367,105.06131744384766,55.90021896362305,27.900053024291992,19.78917121887207,174.38571166992188,22.613189697265625,19.00054168701172
2015-11-10,49.00210189819336,104.79305267333984,56.01981735229492,27.671289443969727,19.840038299560547,174.78790283203125,22.597671508789062,19.0198974609375
2015-11-11,48.57992935180664,104.66356658935547,55.88313293457031,27.363344192504883,19.797651290893555,174.10073852539062,22.562196731567383,18.961841583251953
2015-11-12,47.70145797729492,103.64598846435547,55.10578155517578,26.81783103942871,19.500896453857422,171.6703338623047,22.31389808654785,18.679351806640625
2015-11-13,47.38163757324219,101.61079406738281,54.43949890136719,26.694650650024414,19.297409057617188,169.7427978515625,21.97469711303711,18.545841217041016
2015-11-16,47.91041564941406,103.07241821289062,55.2680778503418,27.17857551574707,19.602638244628906,172.3240203857422,22.28508186340332,18.79351234436035
2015-11-17,47.791011810302734,103.13716888427734,55.28517532348633,27.108182907104492,19.628074645996094,172.19833374023438,22.316112518310547,18.762556076049805
2015-11-18,48.498897552490234,105.11682891845703,56.14794921875,27.715288162231445,19.899389266967773,174.9304656982422,22.64645004272461,19.064388275146484
2015-11-19,48.37097930908203,105.19083404541016,56.16502380371094,27.530508041381836,19.924829483032227,174.77957153320312,22.6641845703125,19.035362243652344
2015-11-20,48.7504997253418,105.90316772460938,56.43837356567383,27.433731079101562,20.07744598388672,175.41651916503906,22.792762756347656,19.046981811523438
2015-11-23,48.91682434082031,105.59784698486328,56.498165130615234,27.468923568725586,20.06896209716797,175.21539306640625,22.770597457885742,19.00248146057129
2015-11-24,49.249427795410156,105.50537109375,56.532352447509766,27.776872634887695,20.094396591186523,175.45005798339844,22.788331985473633,19.074071884155273
2015-11-25,49.58204650878906,105.59784698486328,56.57505798339844,27.759273529052734,20.1452693939209,175.4249267578125,22.806072235107422,19.046981811523438
2015-11-27,49.71851348876953,105.74589538574219,56.64338684082031,27.662490844726562,20.162227630615234,175.6260528564453,22.808290481567383,19.068267822265625
2015-11-30,49.509552001953125,105.4776382446289,56.35295486450195,27.732879638671875,20.052001953125,174.8968963623047,22.673049926757812,19.03150177001953
2015-12-01,49.87630081176758,106.5322265625,56.72880172729492,28.076019287109375,20.17070770263672,176.564697265625,22.910268783569336,19.20176887512207
2015-12-02,49.424285888671875,105.87539672851562,56.284610748291016,27.530508041381836,19.95874786376953,174.76284790039062,22.72182273864746,18.940568923950195
2015-12-03,48.648162841796875,104.08074951171875,55.438934326171875,27.0817928314209,19.729820251464844,172.31568908691406,22.369314193725586,18.702573776245117
2015-12-04,49.14282989501953,106.51371002197266,56.677547454833984,27.275360107421875,20.07744598388672,175.67630004882812,22.84375762939453,19.014095306396484
2015-12-07,48.40509033203125,106.03266906738281,56.38713073730469,26.492292404174805,20.026573181152344,174.61196899414062,22.706300735473633,18.882516860961914
2015-12-08,48.08525466918945,106.0418930053711,56.06250762939453,26.228336334228516,19.88243865966797,173.4386749267578,22.67970085144043,18.71804428100586
2015-12-09,47.5223503112793,104.43228912353516,55.558536529541016,26.1755428314209,19.763723373413086,172.0894317626953,22.42474365234375,18.61356544494629
2015-12-10,47.64177322387695,104.90408325195312,55.729366302490234,26.36910629272461,19.763723373413086,172.53358459472656,22.462440490722656,18.636783599853516
2015-12-11,46.75049591064453,102.4896011352539,54.61888122558594,25.48046112060547,19.51784896850586,169.18971252441406,22.038990020751953,18.284637451171875
2015-12-14,46.49037551879883,103.26664733886719,54.9861946105957,25.295696258544922,19.585678100585938,170.0444793701172,22.176450729370117,18.352359771728516
2015-12-15,47.1342887878418,103.8957290649414,55.490196228027344,25.902782440185547,19.721332550048828,171.82962036132812,22.322769165039062,18.63872718811035
2015-12-16,47.78675079345703,105.44065856933594,56.19062805175781,26.14034652709961,20.009614944458008,174.34378051757812,22.6774845123291,18.894123077392578
2015-12-17,47.24943542480469,103.90497589111328,55.404762268066406,25.515653610229492,19.738290786743164,171.68714904785156,22.349369049072266,18.67741584777832
2015-12-18,46.47331619262695,101.91185760498047,54.37969970703125,25.02714729309082,19.418933868408203,168.62852478027344,21.911893844604492,18.306190490722656
2015-12-21,46.844322204589844,103.04391479492188,54.858070373535156,25.266094207763672,19.56448745727539,170.01953125,22.1168212890625,18.386079788208008
2015-12-22,47.30061340332031,103.72126770019531,55.319332122802734,25.593534469604492,19.778535842895508,171.5623321533203,22.268293380737305,18.64136505126953
2015-12-23,47.83791732788086,104.49143981933594,55.960018157958984,26.40770721435547,20.00115203857422,173.68678283691406,22.462081909179688,18.918081283569336
2015-12-24,47.974571228027344,104.47284698486328,55.899967193603516,26.40770721435547,19.9754695892334,173.4002227783203,22.47544288635254,18.900541305541992
2015-12-28,47.78181076049805,104.41716766357422,55.76272201538086,25.974069595336914,19.94977378845215,173.00396728515625,22.430892944335938,18.8089599609375
2015-12-29,48.274417877197266,106.05960083007812,56.35457992553711,26.336923599243164,20.12102699279785,174.8502960205078,22.709333419799805,18.99017906188965
2015-12-30,47.79466247558594,105.10385131835938,55.977176666259766,26.009471893310547,20.00115203857422,173.61097717285156,22.564550399780273,18.83819007873535
2015-12-31,47.16499710083008,103.79549407958984,55.38530349731445,25.912128448486328,19.804229736328125,171.874267578125,22.31283950805664,18.69202995300293
2016-01-04,46.06414794921875,101.60564422607422,54.5704345703125,25.664329528808594,19.590166091918945,169.47152709960938,21.867338180541992,18.465986251831055
2016-01-05,46.20551681518555,101.42933654785156,54.71626663208008,25.58468246459961,19.667234420776367,169.75816345214844,21.945302963256836,18.508852005004883
2016-01-06,45.67863464355469,100.45500946044922,54.06435775756836,24.69085693359375,19.42748260498047,167.61676025390625,21.733686447143555,18.241884231567383
2016-01-07,44.50497817993164,97.30943298339844,52.77772521972656,23.797027587890625,19.102128982543945,163.5954132080078,21.172365188598633,17.826807022094727
2016-01-08,43.76395034790039,96.51144409179688,52.17729187011719,23.407638549804688,18.862388610839844,161.79971313476562,20.980789184570312,17.614398956298828
2016-01-11,43.76823043823242,96.80835723876953,52.25449752807617,23.00055503845215,18.845272064208984,161.95989990234375,21.04093360900879,17.598804473876953
2016-01-12,43.883872985839844,97.93112182617188,52.78630065917969,23.027103424072266,19.033632278442383,163.26666259765625,21.248098373413086,17.692340850830078
2016-01-13,42.68879699707031,94.55355072021484,51.59403991699219,22.10672378540039,18.6397705078125,159.1946563720703,20.651123046875,17.302602767944336
2016-01-14,43.27134323120117,96.56708526611328,52.36600875854492,22.60231590270996,18.836708068847656,161.8081512451172,20.971893310546875,17.602703094482422
2016-01-15,42.75733184814453,93.56997680664062,51.33669662475586,21.894325256347656,18.596961975097656,158.3347625732422,20.535301208496094,17.209068298339844
2016-01-19,42.28615188598633,93.77412414550781,51.39675521850586,21.5491886138916,18.6312198638916,158.54551696777344,20.57761573791504,17.236345291137695
2016-01-20,42.3761100769043,93.48643493652344,50.76201629638672,21.398740768432617,18.4514102935791,156.51373291015625,20.38828468322754,16.955732345581055
2016-01-21,42.28615188598633,93.5792465209961,50.985023498535156,21.743879318237305,18.537025451660156,157.39053344726562,20.459564208984375,17.04537582397461
2016-01-22,43.1856803894043,96.28874969482422,52.091529846191406,22.266019821166992,18.819576263427734,160.619384765625,20.927337646484375,17.331836700439453
2016-01-25,42.388946533203125,94.8597640991211,51.29380798339844,21.5137939453125,18.57984161376953,158.19140625,20.6689453125,17.039533615112305
2016-01-26,43.39984893798828,95.71343231201172,52.05721664428711,22.062471389770508,18.862388610839844,160.349609375,20.882781982421875,17.331836700439453
2016-01-27,42.791595458984375,93.32872772216797,51.405330657958984,21.885478973388672,18.759641647338867,158.60455322265625,20.539749145507812,17.249984741210938
2016-01-28,42.8986930847168,94.6463394165039,51.58544158935547,21.98282814025879,18.91375732421875,159.4307403564453,20.697904586791992,17.33767318725586
2016-01-29,44.260826110839844,96.62277221679688,52.82918930053711,22.72621726989746,19.40180778503418,163.31719970703125,21.161224365234375,17.73131561279297
2016-02-01,44.11090850830078,96.88259887695312,52.872093200683594,22.584609985351562,19.42748260498047,163.2582244873047,21.210229873657227,17.75275230407715
2016-02-02,43.241363525390625,94.78553009033203,51.98860168457031,21.770431518554688,19.196313858032227,160.3159637451172,20.84491539001465,17.38250160217285
2016-02-03,43.34416961669922,94.33086395263672,52.36600875854492,22.274864196777344,19.33330535888672,161.27700805664062,20.840465545654297,17.544240951538086
2016-02-04,43.5669059753418,94.32157135009766,52.46892547607422,22.46071434020996,19.393239974975586,161.52993774414062,20.822643280029297,17.67870330810547
2016-02-05,42.577423095703125,91.04608917236328,51.51683807373047,21.965131759643555,19.213438034057617,158.4527587890625,20.24349021911621,17.431215286254883
2016-02-08,42.17478561401367,89.6541976928711,50.985023498535156,21.195199966430664,19.076440811157227,156.31985473632812,19.942773818969727,17.300655364990234
2016-02-09,41.96488571166992,89.37584686279297,51.11369323730469,20.938556671142578,19.136381149291992,156.3282012939453,19.978422164916992,17.246091842651367
2016-02-10,41.83638381958008,89.71918487548828,51.173728942871094,20.894304275512695,19.067886352539062,156.19342041015625,20.036338806152344,17.172042846679688
2016-02-11,41.356632232666016,89.5892562866211,50.547576904296875,20.478370666503906,18.82813835144043,154.16160583496094,19.867050170898438,16.918704986572266
2016-02-12,42.06340408325195,90.9532699584961,51.439632415771484,21.257152557373047,19.136381149291992,157.3399200439453,20.174440383911133,17.27726936340332
2016-02-16,42.9972038269043,93.00396728515625,52.26308059692383,21.85007667541504,19.436058044433594,159.9955596923828,20.573162078857422,17.552034378051758
2016-02-17,43.51978302001953,95.11029052734375,53.035064697265625,22.52266502380371,19.667234420776367,162.60903930664062,20.936250686645508,17.819013595581055
2016-02-18,43.43840789794922,94.02464294433594,52.92355728149414,22.212921142578125,19.650115966796875,161.94305419921875,20.791461944580078,17.778087615966797
2016-02-19,43.61402130126953,94.30299377441406,52.872093200683594,22.027074813842773,19.658666610717773,161.86720275878906,20.82932472229004,17.709882736206055
2016-02-22,44.123756408691406,95.83404541015625,53.49824142456055,22.805862426757812,19.88128089904785,164.21087646484375,21.12335777282715,18.000240325927734
2016-02-23,43.858184814453125,94.25660705566406,52.91497039794922,22.124418258666992,19.7357234954834,162.1370086669922,20.882781982421875,17.791725158691406
2016-02-24,44.27794647216797,95.15669250488281,53.19804382324219,22.416465759277344,19.829910278320312,162.87881469726562,20.996387481689453,17.83264923095703
2016-02-25,44.68059158325195,96.0938720703125,53.76415252685547,22.53151512145996,20.026836395263672,164.85159301757812,21.250328063964844,18.01388168334961
2016-02-26,44.88619613647461,95.97325134277344,53.5411376953125,22.94745445251465,19.94977378845215,164.4722137451172,21.210229873657227,18.011934280395508
2016-02-29,44.74484634399414,95.11029052734375,53.14657211303711,22.761608123779297,19.79566192626953,163.18231201171875,21.000843048095703,17.877473831176758
2016-03-01,45.58440399169922,98.16307067871094,54.34743118286133,23.504989624023438,20.172399520874023,167.0182342529297,21.544361114501953,18.253570556640625
2016-03-02,45.98276138305664,98.20022583007812,54.44178009033203,24.159870147705078,20.18951988220215,167.76856994628906,21.55548858642578,18.358808517456055
2016-03-03,46.47964859008789,98.01463317871094,54.510398864746094,24.752803802490234,20.28370475769043,168.42611694335938,21.562166213989258,18.510801315307617
2016-03-04,46.740928649902344,98.05174255371094,54.63047790527344,25.239545822143555,20.360761642456055,168.9741668701172,21.613407135009766,18.633573532104492
2016-03-07,47.28064727783203,97.4486083984375,54.66478729248047,25.505037307739258,20.377887725830078,169.10902404785156,21.53321647644043,18.684234619140625
2016-03-08,46.2269287109375,96.64134216308594,54.304542541503906,24.319169998168945,20.28370475769043,167.26272583007812,21.39065933227539,18.464035034179688
2016-03-09,46.47964859008789,97.26302337646484,54.40746307373047,24.60235595703125,20.326515197753906,168.08897399902344,21.48421287536621,18.510801315307617
2016-03-10,46.14553451538086,97.11455535888672,54.45036315917969,24.56696128845215,20.326515197753906,168.2238311767578,21.47307014465332,18.516647338867188
2016-03-11,47.10930252075195,98.81262969970703,55.23090362548828,25.42539405822754,20.59194564819336,170.9384765625,21.818334579467773,18.857675552368164
2016-03-14,46.87800598144531,98.97965240478516,55.22233963012695,25.292638778686523,20.566253662109375,170.71926879882812,21.865114212036133,18.840133666992188
2016-03-15,46.28689193725586,98.94254302978516,55.28236389160156,24.894399642944336,20.540571212768555,170.44105529785156,21.847288131713867,18.7543888092041
2016-03-16,46.55674362182617,99.8240737915039,55.531131744384766,25.416536331176758,20.66044044494629,171.42742919921875,21.99431037902832,18.869373321533203
2016-03-17,47.36631774902344,99.76837158203125,55.96857452392578,25.770526885986328,20.908735275268555,172.5150146484375,22.061134338378906,19.023313522338867
2016-03-18,47.824642181396484,99.92474365234375,56.097251892089844,26.0025634765625,20.960111618041992,173.19293212890625,22.106735229492188,19.157058715820312
2016-03-21,47.67900848388672,100.31559753417969,56.21733856201172,25.97599983215332,20.985795974731445,173.43862915039062,22.16486930847168,19.145288467407227
2016-03-22,47.53765869140625,100.6227035522461,56.191612243652344,25.99370574951172,20.95155143737793,173.34547424316406,22.18499183654785,19.09626007080078
2016-03-23,46.797672271728516,99.79444122314453,55.65121841430664,25.161212921142578,20.823116302490234,172.2014617919922,22.073209762573242,18.947227478027344
2016-03-24,46.939571380615234,99.82234191894531,55.58258819580078,25.17891502380371,20.805999755859375,172.12515258789062,22.091093063354492,18.919775009155273
2016-03-28,46.99116516113281,99.6827621459961,55.6598014831543,25.09035873413086,20.857364654541016,172.22682189941406,22.08885955810547,18.937423706054688
2016-03-29,48.30257034301758,101.28348541259766,56.14871597290039,25.249771118164062,21.020051956176758,173.82000732421875,22.35043716430664,19.039390563964844
2016-03-30,48.3498649597168,101.77671813964844,56.43177032470703,25.382614135742188,21.079988479614258,174.5826873779297,22.45551300048828,19.12371253967285
2016-03-31,48.401466369628906,101.6278305053711,56.28595733642578,25.49775505065918,21.062854766845703,174.15899658203125,22.47564125061035,19.121755599975586
2016-04-01,48.52614974975586,102.7073745727539,56.71483612060547,25.356050491333008,21.242660522460938,175.3453369140625,22.6500186920166,19.13548469543457
2016-04-04,47.99729537963867,102.31651306152344,56.51755142211914,25.054927825927734,21.182735443115234,174.7775421142578,22.567296981811523,19.07861328125
2016-04-05,47.41253662109375,101.33001708984375,56.122982025146484,24.78923225402832,21.097108840942383,173.03187561035156,22.357145309448242,18.874666213989258
2016-04-06,47.82530212402344,102.99590301513672,56.6547966003418,25.22320556640625,21.302602767944336,174.921630859375,22.643314361572266,19.049198150634766
2016-04-07,47.16744613647461,101.51614379882812,56.04578399658203,24.842370986938477,21.105669021606445,172.8284912109375,22.35043716430664,18.825647354125977
2016-04-08,47.438316345214844,101.44169616699219,56.18303298950195,25.152345657348633,21.148481369018555,173.2946014404297,22.38396644592285,18.892311096191406
2016-04-11,47.31794357299805,101.06942749023438,56.03721618652344,25.347196578979492,21.07141876220703,172.8878173828125,22.276660919189453,18.89427947998047
2016-04-12,47.812416076660156,101.9163589477539,56.543277740478516,26.108848571777344,21.234094619750977,174.4978790283203,22.448802947998047,19.108034133911133
2016-04-13,48.84862518310547,103.21925354003906,57.01504898071289,26.640239715576172,21.371095657348633,176.2605438232422,22.623191833496094,19.335508346557617
2016-04-14,48.7368278503418,103.22858428955078,56.98931121826172,26.587095260620117,21.362531661987305,176.26898193359375,22.64778709411621,19.366878509521484
2016-04-15,48.85722351074219,102.96797943115234,56.99789047241211,26.392248153686523,21.422468185424805,176.07411193847656,22.625425338745117,19.288442611694336
2016-04-18,49.19259262084961,103.51707458496094,57.34956741333008,26.613664627075195,21.568021774291992,177.31137084960938,22.768508911132812,19.443359375
2016-04-19,49.373172760009766,102.88421630859375,57.47822952270508,27.01220703125,21.533777236938477,177.87060546875,22.73944664001465,19.594358444213867
2016-04-20,49.394683837890625,102.96797943115234,57.43533706665039,27.339900970458984,21.533777236938477,178.04006958007812,22.72603416442871,19.653188705444336
2016-04-21,48.99911117553711,102.977294921875,57.100833892822266,27.23361587524414,21.47384262084961,177.08250427246094,22.641077041625977,19.51787567138672
2016-04-22,49.51936721801758,101.42308807373047,57.04936218261719,27.59673500061035,21.465274810791016,177.08250427246094,22.5158748626709,19.657114028930664
2016-04-25,49.102317810058594,101.42308807373047,57.00646209716797,27.180479049682617,21.465274810791016,176.77745056152344,22.51363754272461,19.529644012451172
2016-04-26,49.74296569824219,100.92984008789062,57.09225082397461,27.59673500061035,21.499530792236328,177.04013061523438,22.464460372924805,19.672794342041016
2016-04-27,49.97944641113281,100.12017059326172,57.1265754699707,28.03069496154785,21.593711853027344,177.404541015625,22.43762969970703,19.806148529052734
2016-04-28,49.26139831542969,98.91032409667969,56.59474563598633,27.455032348632812,21.34541130065918,175.79444885253906,22.209585189819336,19.608081817626953
2016-04-29,48.98191833496094,98.38914489746094,56.06293487548828,27.17162322998047,21.148481369018555,174.84536743164062,22.1246280670166,19.506113052368164
2016-05-02,49.42049026489258,99.31980895996094,56.56901168823242,27.162761688232422,21.311159133911133,176.235107421875,22.334781646728516,19.604162216186523
2016-05-03,48.676639556884766,98.39845275878906,56.122982025146484,26.445388793945312,21.165605545043945,174.70126342773438,22.17381477355957,19.388450622558594
2016-05-04,48.43585968017578,97.76563262939453,55.771305084228516,26.0025634765625,21.062854766845703,173.72679138183594,22.08885955810547,19.264909744262695
2016-05-05,48.147769927978516,97.73765563964844,55.797035217285156,25.99370574951172,21.088542938232422,173.69288635253906,22.086618423461914,19.247262954711914
2016-05-06,48.52614974975586,98.25885772705078,55.92570114135742,25.87857437133789,21.165605545043945,174.32843017578125,22.200645446777344,19.292360305786133
2016-05-09,48.517555236816406,98.53804779052734,56.04578399658203,25.462324142456055,21.242660522460938,174.4724578857422,22.258771896362305,19.274721145629883
2016-05-10,48.93893051147461,99.88751220703125,56.68052673339844,25.9848575592041,21.465274810791016,176.64186096191406,22.55388069152832,19.50023078918457
2016-05-11,48.319766998291016,98.9847640991211,56.080108642578125,26.03799057006836,21.191295623779297,174.98939514160156,22.337020874023438,19.380617141723633
2016-05-12,48.16497802734375,98.5473403930664,56.191612243652344,25.781152725219727,21.225542068481445,175.040283203125,22.285602569580078,19.331584930419922
2016-05-13,47.77370834350586,98.1844253540039,55.69409942626953,25.4091854095459,21.028606414794922,173.51495361328125,22.18499183654785,19.174707412719727
2016-05-16,48.3111686706543,99.4128646850586,56.225914001464844,25.81658172607422,21.225542068481445,175.22669982910156,22.39514923095703,19.32177734375
2016-05-17,47.48992919921875,98.1657943725586,55.70266342163086,25.922861099243164,20.985795974731445,173.59117126464844,22.131332397460938,19.147245407104492
2016-05-18,47.72212219238281,98.51941680908203,55.616905212402344,25.83429718017578,20.908735275268555,173.64208984375,22.122392654418945,19.1982421875
2016-05-19,47.35662841796875,98.00759887695312,55.38530349731445,25.798870086669922,20.805999755859375,173.04037475585938,22.026256561279297,19.12567901611328
2016-05-20,48.10047912597656,99.08714294433594,55.64264678955078,26.108848571777344,20.900175094604492,174.13352966308594,22.151451110839844,19.255104064941406
2016-05-23,47.95859909057617,98.95683288574219,55.54827880859375,26.161989212036133,20.883054733276367,173.89625549316406,22.1246280670166,19.26295280456543
2016-05-24,48.99911117553711,100.93915557861328,56.39746856689453,26.604812622070312,21.191295623779297,176.150390625,22.482343673706055,19.46493148803711
2016-05-25,49.26139831542969,101.66504669189453,56.63763427734375,27.07419776916504,21.28547477722168,177.34521484375,22.60529899597168,19.661033630371094
2016-05-26,49.23561096191406,101.96287536621094,56.6204719543457,26.932497024536133,21.27691650390625,177.3960418701172,22.636608123779297,19.619857788085938
2016-05-27,49.674163818359375,102.49334716796875,56.81774139404297,27.047632217407227,21.35396957397461,178.15872192382812,22.7282772064209,19.63946533203125
2016-05-31,49.76876449584961,102.68875885009766,56.66337203979492,27.162761688232422,21.302602767944336,177.81973266601562,22.71932601928711,19.674762725830078
2016-06-01,50.12992858886719,102.69812774658203,56.7491340637207,27.23361587524414,21.33684730529785,178.1842041015625,22.732744216918945,19.704181671142578
2016-06-02,50.40081024169922,102.91214752197266,56.79202651977539,27.33103370666504,21.439594268798828,178.72647094726562,22.799816131591797,19.766923904418945
2016-06-03,50.117027282714844,102.42818450927734,56.68052673339844,27.07419776916504,21.422468185424805,178.192626953125,22.737211227416992,19.668874740600586
2016-06-06,50.68888854980469,102.80046081542969,57.04077911376953,27.623300552368164,21.499530792236328,179.0993194580078,22.810993194580078,19.85517120361328
2016-06-07,50.8522834777832,102.53987121582031,56.99789047241211,27.782711029052734,21.482404708862305,179.3789825439453,22.813222885131836,19.935575485229492
2016-06-08,51.31664276123047,102.7166976928711,57.169437408447266,27.791574478149414,21.559457778930664,179.9636688232422,22.869115829467773,19.95322036743164
2016-06-09,51.05006790161133,102.5491943359375,57.100833892822266,27.455032348632812,21.533777236938477,179.7179412841797,22.878063201904297,19.917919158935547
2016-06-10,50.383609771728516,101.38585662841797,56.63763427734375,26.622520446777344,21.38821792602539,178.0146942138672,22.6500186920166,19.708093643188477
2016-06-13,49.82036209106445,100.5389633178711,56.191612243652344,26.356834411621094,21.191295623779297,176.64186096191406,22.502456665039062,19.58847999572754
2016-06-14,49.74296569824219,100.5389633178711,56.11439895629883,26.161989212036133,21.182735443115234,176.29444885253906,22.4868106842041,19.496313095092773
2016-06-15,49.7386474609375,100.2504653930664,55.96000671386719,26.23284149169922,21.1313533782959,176.0486602783203,22.42868423461914,19.482576370239258
2016-06-16,49.70426559448242,100.54826354980469,56.243064880371094,26.064558029174805,21.208415985107422,176.57406616210938,22.522584915161133,19.5355281829834
2016-06-17,49.57097244262695,99.3697280883789,56.02004623413086,26.298067092895508,21.14218521118164,175.91650390625,22.374229431152344,19.56611442565918
2016-06-20,50.177223205566406,99.99491119384766,56.380306243896484,26.662090301513672,21.28841209411621,177.0493927001953,22.49094009399414,19.700302124023438
2016-06-21,50.093990325927734,100.31217956542969,56.48902130126953,26.777503967285156,21.305614471435547,177.55197143554688,22.547048568725586,19.745695114135742
2016-06-22,49.86972427368164,100.06956481933594,56.40275192260742,26.679841995239258,21.27120590209961,177.2623291015625,22.513381958007812,19.716093063354492
2016-06-23,50.88755798339844,101.49728393554688,57.11875915527344,27.398998260498047,21.494834899902344,179.5707244873047,22.749048233032227,19.905540466308594
2016-06-24,48.93382263183594,97.31685638427734,55.14321517944336,25.596662521362305,20.78952407836914,173.12252807617188,22.0039005279541,19.31155014038086
2016-06-27,47.42432403564453,95.38523864746094,54.297760009765625,24.22937774658203,20.41967010498047,170.02195739746094,21.64031219482422,18.865568161010742
2016-06-28,48.058319091796875,97.47544860839844,55.19496536254883,25.090593338012695,20.71211051940918,173.0884552001953,22.008399963378906,19.173410415649414
2016-06-29,49.03733444213867,99.20175170898438,56.10077667236328,25.78311538696289,21.021760940551758,176.03575134277344,22.38545799255371,19.530595779418945
2016-06-30,50.11986541748047,100.34949493408203,56.937591552734375,26.067230224609375,21.35721778869629,178.4378204345703,22.648038864135742,19.81476593017578
2016-07-01,50.19319152832031,100.8533935546875,57.041133880615234,26.218168258666992,21.43463134765625,178.81268310546875,22.733327865600586,19.86014747619629
2016-07-05,49.51175308227539,100.23754119873047,56.704681396484375,25.39246368408203,21.314212799072266,177.5264129638672,22.64130973815918,19.664791107177734
2016-07-06,49.84383773803711,101.05868530273438,56.937591552734375,25.578908920288086,21.38302230834961,178.59120178222656,22.778223037719727,19.749643325805664
2016-07-07,49.90422058105469,101.35730743408203,56.903099060058594,25.632183074951172,21.41742706298828,178.4804229736328,22.746797561645508,19.710166931152344
2016-07-08,51.120460510253906,102.92498016357422,57.68815994262695,26.22704315185547,21.7786865234375,181.1380615234375,23.101415634155273,20.027883529663086
2016-07-11,51.69838333129883,103.51282501220703,57.84342956542969,26.377975463867188,21.830293655395508,181.7769317626953,23.184452056884766,20.085115432739258
2016-07-12,52.39274597167969,104.03539276123047,58.15401077270508,27.28357696533203,21.93350601196289,183.09730529785156,23.292186737060547,20.298236846923828
2016-07-13,52.28923034667969,103.78345489501953,58.14537811279297,27.11488914489746,21.950714111328125,183.07171630859375,23.287694931030273,20.3199405670166
2016-07-14,52.30649185180664,104.49266052246094,58.41279983520508,27.381242752075195,22.07973289489746,184.09388732910156,23.399913787841797,20.428482055664062
2016-07-15,52.440181732177734,104.3246841430664,58.421443939208984,27.41675567626953,22.07973289489746,183.8468475341797,23.3819522857666,20.398883819580078
2016-07-18,52.466068267822266,105.01519012451172,58.52495574951172,27.585445404052734,22.13994789123535,184.3408966064453,23.444799423217773,20.44624900817871
2016-07-19,52.14261245727539,104.6325912475586,58.55946350097656,27.319101333618164,22.157146453857422,184.15347290039062,23.41337776184082,20.38704490661621
2016-07-20,52.470375061035156,105.85499572753906,58.82691192626953,27.585445404052734,22.208751678466797,184.92013549804688,23.581710815429688,20.465986251831055
2016-07-21,52.13829040527344,105.61239624023438,58.59396743774414,27.49666404724121,22.09693145751953,184.22166442871094,23.487445831298828,20.363359451293945
2016-07-22,52.52212905883789,106.05096435546875,58.878662109375,27.567689895629883,22.174348831176758,185.0479278564453,23.59068489074707,20.47190284729004
2016-07-25,52.31943893432617,106.0603256225586,58.79238510131836,27.363481521606445,22.174348831176758,184.5453643798828,23.54355812072754,20.361392974853516
2016-07-26,52.617008209228516,106.18161010742188,58.64574432373047,27.6831111907959,22.11414337158203,184.63050842285156,23.52335548400879,20.432430267333984
2016-07-27,52.759334564208984,106.91880798339844,58.6112174987793,27.541057586669922,22.0023193359375,184.4346160888672,23.54355812072754,20.351524353027344
2016-07-28,52.548011779785156,107.29205322265625,58.62848663330078,27.585445404052734,22.036725997924805,184.6475830078125,23.6378173828125,20.363359451293945
2016-07-29,52.621337890625,107.52531433105469,58.6716194152832,27.700868606567383,22.01091957092285,184.9456787109375,23.687191009521484,20.369277954101562
2016-08-01,52.66014099121094,108.09455871582031,58.6112174987793,27.1859188079834,21.985116958618164,184.7924041748047,23.71413803100586,20.231149673461914
2016-08-02,51.87950897216797,107.27339172363281,58.39554977416992,27.043865203857422,21.82169532775879,183.6083221435547,23.586198806762695,20.12853240966797
2016-08-03,52.15122604370117,107.62796020507812,58.48183822631836,27.567689895629883,21.813087463378906,184.1449737548828,23.628835678100586,20.18181037902832
2016-08-04,52.15985107421875,107.9358901977539,58.46457290649414,27.49666404724121,21.830293655395508,184.3408966064453,23.655773162841797,20.23706817626953
2016-08-05,52.88010025024414,108.97168731689453,58.95630645751953,27.993860244750977,21.993717193603516,185.84861755371094,23.812877655029297,20.418617248535156
2016-08-08,52.81110382080078,108.85038757324219,58.92180252075195,28.127038955688477,21.95931625366211,185.73788452148438,23.761259078979492,20.442298889160156
2016-08-09,52.82835388183594,109.1023178100586,58.878662109375,28.056005477905273,21.950714111328125,185.84861755371094,23.799413681030273,20.430461883544922
2016-08-10,52.5307502746582,108.82237243652344,58.77513885498047,27.745258331298828,21.950714111328125,185.3886260986328,23.7545223236084,20.37520408630371
2016-08-11,52.78522491455078,109.28895568847656,59.085689544677734,28.127038955688477,22.07113265991211,186.2489471435547,23.891427993774414,20.507423400878906
2016-08-12,52.71621322631836,109.36359405517578,59.0080680847168,28.07376480102539,22.04532814025879,186.0871124267578,23.830833435058594,20.479787826538086
2016-08-15,53.22514343261719,109.83018493652344,59.1719856262207,28.464418411254883,22.11414337158203,186.62374877929688,23.907140731811523,20.56859588623047
2016-08-16,52.85423278808594,109.2236328125,58.80965805053711,28.393383026123047,21.976518630981445,185.66123962402344,23.741052627563477,20.48769187927246
2016-08-17,52.68170928955078,109.41960906982422,58.982177734375,28.393383026123047,22.01091957092285,186.010498046875,23.8061466217041,20.523208618164062
2016-08-18,53.05693435668945,109.4476089477539,59.025325775146484,28.79292869567871,22.019521713256836,186.4278564453125,23.772480010986328,20.598194122314453
2016-08-19,53.03968048095703,109.41960906982422,59.016700744628906,28.74852752685547,22.036725997924805,186.15528869628906,23.80165672302246,20.562673568725586
2016-08-22,53.18631362915039,109.50355529785156,58.982177734375,28.58871078491211,22.028127670288086,186.1467742919922,23.78818702697754,20.507423400878906
2016-08-23,53.54859924316406,109.69952392578125,59.1115837097168,28.908344268798828,22.07973289489746,186.5215301513672,23.891427993774414,20.56859588623047
2016-08-24,53.2855110168457,108.9903564453125,58.87003707885742,28.52656364440918,22.0023193359375,185.5675048828125,23.69841194152832,20.452167510986328
2016-08-25,53.44077682495117,108.81307220458984,58.87003707885742,28.597599029541016,22.0023193359375,185.4397430419922,23.664752960205078,20.442298889160156
2016-08-26,53.26826477050781,108.97168731689453,58.6974983215332,28.70414161682129,21.93350601196289,185.0905303955078,23.673723220825195,20.400863647460938
2016-08-29,53.583106994628906,109.12100219726562,58.904544830322266,28.87282371520996,22.036725997924805,186.00193786621094,23.732080459594727,20.546878814697266
2016-08-30,53.63052749633789,108.76639556884766,58.6974983215332,28.91722297668457,21.967914581298828,185.69525146484375,23.64679527282715,20.531097412109375
2016-08-31,53.35883331298828,108.65441131591797,58.54220199584961,28.641979217529297,21.942113876342773,185.1671600341797,23.624345779418945,20.485713958740234
2016-09-01,53.38902282714844,108.93437957763672,58.49907302856445,28.53544807434082,21.95931625366211,185.17568969726562,23.64679527282715,20.410724639892578
2016-09-02,54.027339935302734,109.28895568847656,58.77513885498047,28.74852752685547,22.019521713256836,186.010498046875,23.767993927001953,20.540969848632812
2016-09-06,53.910888671875,109.97012329101562,58.84415817260742,28.846193313598633,22.028127670288086,186.57264709472656,23.8061466217041,20.578462600708008
2016-09-07,54.2386589050293,110.03546905517578,58.85276794433594,29.023761749267578,22.019521713256836,186.55560302734375,23.82634735107422,20.592275619506836
2016-09-08,54.031639099121094,109.39161682128906,58.602596282958984,29.370031356811523,21.93350601196289,186.12965393066406,23.709638595581055,20.639633178710938
2016-09-09,52.453121185302734,106.63885498046875,57.27406311035156,28.562082290649414,21.38302230834961,181.6747283935547,23.11038589477539,20.19562339782715
2016-09-12,53.03968048095703,108.55179595947266,58.033226013183594,29.032636642456055,21.67547035217285,184.28128051757812,23.449289321899414,20.418617248535156
2016-09-13,52.12966537475586,107.58130645751953,57.36033248901367,28.30460548400879,21.365819931030273,181.6321258544922,23.227094650268555,20.106822967529297
2016-09-14,51.97008514404297,108.09455871582031,57.36033248901367,28.16254425048828,21.32281494140625,181.56398010253906,23.2136287689209,20.006179809570312
2016-09-15,52.59545135498047,109.77416229248047,57.92107391357422,28.579833984375,21.512052536010742,183.37832641601562,23.496423721313477,20.227197647094727
2016-09-16,52.500579833984375,109.72179412841797,57.662269592285156,28.423307418823242,21.40930938720703,182.6695098876953,23.445510864257812,20.078279495239258
2016-09-19,52.84128189086914,109.24469757080078,57.73127746582031,28.369951248168945,21.435211181640625,182.70375061035156,23.44100570678711,20.110055923461914
2016-09-20,52.63426971435547,109.45051574707031,57.80028533935547,28.22765350341797,21.48701286315918,182.7122344970703,23.49056053161621,20.12394905090332
2016-09-21,53.44509506225586,110.52630615234375,58.41279983520508,28.734580993652344,21.67692756652832,184.76699829101562,23.697805404663086,20.324495315551758
2016-09-22,54.21277618408203,111.40567016601562,58.7233772277832,28.94803237915039,21.797792434692383,185.93124389648438,23.880271911621094,20.435686111450195
2016-09-23,53.85482406616211,110.6947021484375,58.352420806884766,28.654544830322266,21.711456298828125,184.9125213623047,23.745115280151367,20.346332550048828
2016-09-26,53.24195098876953,109.7685546875,57.96247482299805,28.316593170166016,21.512910842895508,183.41432189941406,23.528854370117188,20.169614791870117
2016-09-27,53.319801330566406,110.85372924804688,58.29176712036133,28.44109344482422,21.67692756652832,184.5529327392578,23.70005226135254,20.22322654724121
2016-09-28,53.799888610839844,111.04082489013672,58.46507263183594,29.063636779785156,21.711456298828125,185.46896362304688,23.787914276123047,20.392000198364258
2016-09-29,53.13381576538086,110.23632049560547,57.95380783081055,28.832401275634766,21.573333740234375,183.79098510742188,23.558135986328125,20.24109649658203
2016-09-30,53.69608688354492,111.05951690673828,58.48241424560547,29.23261070251465,21.737361907958984,185.17788696289062,23.704561233520508,20.43766975402832
2016-10-03,53.557682037353516,110.90052795410156,58.30042266845703,29.23261070251465,21.659666061401367,184.7327117919922,23.650495529174805,20.348325729370117
2016-10-04,53.34141540527344,110.73210906982422,57.927825927734375,29.15257453918457,21.53880500793457,183.79098510742188,23.540122985839844,20.195425033569336
2016-10-05,53.644168853759766,111.12503051757812,58.14445114135742,29.71285629272461,21.59060287475586,184.60430908203125,23.578414916992188,20.409873962402344
2016-10-06,53.58795166015625,111.06888580322266,58.19645690917969,29.650611877441406,21.642398834228516,184.7327117919922,23.60770606994629,20.382080078125
2016-10-07,53.1511116027832,110.82565307617188,58.02314758300781,29.419382095336914,21.504276275634766,184.09918212890625,23.537870407104492,20.33441925048828
2016-10-10,53.743656158447266,111.52726745605469,58.309085845947266,29.6950740814209,21.547439575195312,185.0580291748047,23.627973556518555,20.429733276367188
2016-10-11,52.86134338378906,109.93696594238281,57.66787338256836,29.02806854248047,21.322982788085938,182.72084045410156,23.33061981201172,20.185504913330078
2016-10-12,52.947837829589844,109.84342193603516,57.745849609375,28.939136505126953,21.366146087646484,182.9605712890625,23.39594841003418,20.179546356201172
2016-10-13,52.42450714111328,109.45051574707031,57.615867614746094,28.654544830322266,21.322982788085938,182.36129760742188,23.285573959350586,20.121967315673828
2016-10-14,52.28177261352539,109.58150482177734,57.6765251159668,28.645652770996094,21.357524871826172,182.45542907714844,23.335128784179688,20.12394905090332
2016-10-17,52.19527816772461,109.28214263916016,57.581199645996094,28.432209014892578,21.271194458007812,181.82191467285156,23.22925567626953,20.070341110229492
2016-10-18,52.35961151123047,110.25503540039062,57.607200622558594,28.74347496032715,21.314350128173828,182.9605712890625,23.400461196899414,20.1656436920166
2016-10-19,52.571563720703125,110.24568939208984,57.711181640625,29.15257453918457,21.340255737304688,183.44859313964844,23.431995391845703,20.25697898864746
2016-10-20,52.24284362792969,110.11470794677734,57.52921676635742,29.2059268951416,21.30571746826172,183.10606384277344,23.398195266723633,20.20536231994629
2016-10-21,52.095794677734375,110.52630615234375,57.433895111083984,29.0814208984375,21.322982788085938,183.1917266845703,23.465784072875977,20.167634963989258
2016-10-24,52.53695297241211,111.85467529296875,57.69384002685547,29.090320587158203,21.435211181640625,183.9708251953125,23.643739700317383,20.18947410583496
2016-10-25,52.0482177734375,111.49919891357422,57.433895111083984,28.876882553100586,21.322982788085938,183.35440063476562,23.50857925415039,20.20536231994629
2016-10-26,51.66327667236328,110.7414779663086,57.49456024169922,29.063636779785156,21.392047882080078,182.9862518310547,23.39370346069336,20.20932960510254
2016-10-27,51.13130187988281,110.23632049560547,57.26924514770508,29.0814208984375,21.297086715698242,182.49822998046875,23.27881622314453,20.19145965576172
2016-10-28,51.03615188598633,109.54407501220703,57.28657531738281,28.912443161010742,21.392047882080078,181.95887756347656,23.215740203857422,20.09813690185547
2016-10-31,51.325923919677734,109.44115447998047,57.28657531738281,28.725688934326172,21.383419036865234,181.96746826171875,23.197725296020508,20.110055923461914
2016-11-01,50.6252555847168,108.61795806884766,56.887969970703125,28.610076904296875,21.219390869140625,180.64901733398438,22.994985580444336,19.95318603515625
2016-11-02,50.132205963134766,107.74795532226562,56.60202407836914,28.272125244140625,21.141698837280273,179.56178283691406,22.853063583374023,19.92340660095215
2016-11-03,49.989479064941406,106.69087219238281,56.47203063964844,28.245441436767578,21.08126449584961,178.7399139404297,22.729169845581055,19.786405563354492
2016-11-04,50.227359771728516,106.3166732788086,56.37670135498047,28.209867477416992,21.03810691833496,178.54302978515625,22.684110641479492,19.830087661743164
2016-11-07,51.451351165771484,108.84246826171875,57.563865661621094,28.930240631103516,21.452478408813477,182.48117065429688,23.20222282409668,20.24109649658203
2016-11-08,51.57246398925781,109.55342864990234,57.841156005859375,28.939136505126953,21.581974029541016,183.302978515625,23.31260108947754,20.30066680908203
2016-11-09,53.1727409362793,110.05856323242188,58.525726318359375,29.979660034179688,21.72872543334961,185.24636840820312,23.431995391845703,20.664030075073242
2016-11-10,54.17616271972656,108.28115844726562,58.60372543334961,30.539949417114258,21.771892547607422,185.7086639404297,23.254037857055664,20.892370223999023
2016-11-11,55.538570404052734,108.32794189453125,58.543060302734375,30.459896087646484,21.797792434692383,185.28065490722656,23.27431297302246,20.834789276123047
2016-11-14,56.386287689208984,107.23342895507812,58.38706970214844,31.029075622558594,21.754627227783203,185.42616271972656,23.105365753173828,20.99363899230957
2016-11-15,56.54631423950195,108.72084045410156,58.63837814331055,31.509328842163086,21.840953826904297,186.87303161621094,23.299089431762695,21.120716094970703
2016-11-16,56.5722770690918,109.36634063720703,58.73369216918945,31.16248893737793,21.875486373901367,186.52200317382812,23.373428344726562,21.02541160583496
2016-11-17,56.840431213378906,110.16148376464844,59.01099395751953,31.322559356689453,21.98770523071289,187.48086547851562,23.504074096679688,21.045263290405273
2016-11-18,57.10858917236328,109.7498779296875,58.907012939453125,31.384817123413086,21.96181297302246,187.06130981445312,23.429738998413086,21.037317276000977
2016-11-21,57.33781433105469,110.89115142822266,59.28828048706055,31.9006290435791,22.09993553161621,188.4739532470703,23.639240264892578,21.210065841674805
2016-11-22,58.07740020751953,111.22791290283203,59.47026443481445,31.87394905090332,22.263961791992188,188.8420867919922,23.691043853759766,21.25971031188965
2016-11-23,58.432064056396484,110.77889251708984,59.296939849853516,32.12296676635742,22.289857864379883,188.94479370117188,23.650495529174805,21.32721710205078
2016-11-25,58.678592681884766,111.13436889648438,59.539573669433594,32.04293441772461,22.393451690673828,189.64688110351562,23.731597900390625,21.408628463745117
2016-11-28,57.97792053222656,110.88179779052734,59.34025573730469,31.598251342773438,22.333026885986328,188.7564697265625,23.634729385375977,21.265663146972656
2016-11-29,57.96062088012695,111.2653579711914,59.35759353637695,31.340347290039062,22.35028839111328,189.12464904785156,23.686548233032227,21.293460845947266
2016-11-30,57.753028869628906,109.91824340820312,59.01099395751953,32.42533493041992,22.186264038085938,188.6708526611328,23.49281883239746,21.376863479614258
2016-12-01,57.57568359375,108.01923370361328,58.81168746948242,32.434242248535156,22.09993553161621,187.9773712158203,23.23827362060547,21.452308654785156
2016-12-02,57.58434295654297,108.23438262939453,58.81168746948242,32.478702545166016,22.125837326049805,188.07159423828125,23.283321380615234,21.422523498535156
2016-12-05,58.57911682128906,109.07633972167969,59.071651458740234,32.8700065612793,22.220794677734375,189.20164489746094,23.436494827270508,21.533720016479492
2016-12-06,59.24085998535156,109.33827209472656,59.17560577392578,33.20796203613281,22.255321502685547,189.80096435546875,23.481552124023438,21.644912719726562
2016-12-07,59.85935974121094,110.7227783203125,59.955501556396484,33.634849548339844,22.626535415649414,192.28369140625,23.79242706298828,21.93877410888672
2016-12-08,60.854129791259766,110.91921997070312,60.07680892944336,33.9283332824707,22.643798828125,192.7544708251953,23.810441970825195,21.98643684387207
2016-12-09,60.979557037353516,111.78919219970703,60.397438049316406,33.9283332824707,22.756023406982422,193.9188232421875,23.98164176940918,22.117473602294922
2016-12-12,60.365394592285156,111.28404998779297,60.50141525268555,33.519222259521484,22.730127334594727,193.69622802734375,23.932079315185547,22.07777214050293
2016-12-13,60.43458938598633,112.68724822998047,60.9346809387207,33.661529541015625,22.84235954284668,194.98899841308594,24.132564544677734,22.2187442779541
2016-12-14,59.68202209472656,112.45338439941406,60.440773010253906,33.16349411010742,22.704227447509766,193.37950134277344,24.024436950683594,22.05791473388672
2016-12-15,60.23997116088867,112.63114166259766,60.60542678833008,33.35025405883789,22.773292541503906,194.17568969726562,24.0830078125,22.10755157470703
2016-12-16,59.88095474243164,112.21361541748047,60.579429626464844,33.200965881347656,22.757619857788086,193.79592895507812,23.9653263092041,22.066776275634766
2016-12-19,60.21402359008789,112.67333984375,60.700714111328125,33.200965881347656,22.844711303710938,194.2178955078125,24.10111427307129,22.07077407836914
2016-12-20,60.82817077636719,113.10492706298828,60.90003967285156,33.36187744140625,22.905672073364258,194.9670867919922,24.18259048461914,22.150732040405273
2016-12-21,60.48994827270508,113.02049255371094,60.744049072265625,33.36187744140625,22.87954330444336,194.42459106445312,24.12374496459961,22.136735916137695
2016-12-22,59.89075469970703,112.70150756835938,60.71095275878906,33.25460433959961,22.835996627807617,194.0886993408203,24.042274475097656,22.11275291442871
2016-12-23,60.155635833740234,112.77654266357422,60.7545166015625,33.35295104980469,22.844711303710938,194.37289428710938,24.0830078125,22.14474105834961
2016-12-27,60.52035140991211,113.35826110839844,60.8067626953125,33.50490951538086,22.870838165283203,194.85516357421875,24.166751861572266,22.150732040405273
2016-12-28,59.8126106262207,112.476318359375,60.371253967285156,33.004310607910156,22.705360412597656,193.24476623535156,23.949474334716797,21.956825256347656
2016-12-29,59.942867279052734,112.31681823730469,60.44095230102539,32.80764389038086,22.722768783569336,193.20169067382812,23.98795509338379,21.958829879760742
2016-12-30,59.70842742919922,111.16278076171875,60.18834686279297,32.70930099487305,22.635684967041016,192.49557495117188,23.838577270507812,21.88286590576172
2017-01-03,60.04273223876953,112.15733337402344,60.62385177612305,33.23672103881836,22.731489181518555,193.96820068359375,23.997007369995117,22.10275650024414
2017-01-04,61.04569625854492,112.76717376708984,60.96355056762695,33.62112045288086,22.91438865661621,195.12205505371094,24.13279914855957,22.228694915771484
2017-01-05,60.164310455322266,113.4051742553711,60.90258026123047,33.58537292480469,22.844711303710938,194.9670867919922,24.187114715576172,22.158727645874023
2017-01-06,59.82998275756836,114.39972686767578,61.11161422729492,33.65687942504883,22.870838165283203,195.66465759277344,24.363643646240234,22.200702667236328
2017-01-09,59.31331253051758,114.7750244140625,60.8067626953125,33.31718444824219,22.809879302978516,195.01873779296875,24.309337615966797,22.056777954101562
2017-01-10,59.84733581542969,115.02831268310547,60.71095275878906,33.45127487182617,22.809879302978516,195.01873779296875,24.320646286010742,22.07077407836914
2017-01-11,60.04273223876953,115.33795928955078,60.74577331542969,33.66581726074219,22.86212730407715,195.56988525390625,24.338754653930664,22.132741928100586
2017-01-12,59.400142669677734,115.1596908569336,60.67612075805664,33.397647857666016,22.844711303710938,195.0790252685547,24.334228515625,22.122745513916016
2017-01-13,59.83430099487305,115.55376434326172,60.67612075805664,33.50490951538086,22.853422164916992,195.52684020996094,24.381752014160156,22.10275650024414
2017-01-17,59.06148147583008,115.20658111572266,60.71095275878906,33.13839340209961,22.853422164916992,194.837890625,24.32743263244629,21.984817504882812
2017-01-18,59.29159164428711,115.441162109375,60.81546401977539,33.24566650390625,22.905672073364258,195.2685089111328,24.386281967163086,22.038785934448242
2017-01-19,58.727176666259766,115.38487243652344,60.510623931884766,33.05794143676758,22.835996627807617,194.5451202392578,24.338754653930664,21.930845260620117
2017-01-20,59.01373291015625,115.6382064819336,60.67612075805664,33.28142166137695,22.957927703857422,195.2598876953125,24.42022705078125,21.988813400268555
2017-01-23,58.81399917602539,115.7320327758789,60.58900451660156,33.10264205932617,22.905672073364258,194.75180053710938,24.393070220947266,21.892866134643555
2017-01-24,59.673683166503906,116.51077270507812,60.998382568359375,33.62112045288086,23.10599136352539,196.00047302246094,24.52433967590332,22.09676170349121
2017-01-25,60.342315673828125,117.68356323242188,61.51231002807617,34.085960388183594,23.262767791748047,197.69696044921875,24.685026168823242,22.270666122436523
2017-01-26,60.02103042602539,117.80554962158203,61.364227294921875,34.032344818115234,23.21051025390625,197.4903106689453,24.69181251525879,22.24468421936035
2017-01-27,59.769195556640625,118.03070831298828,61.277122497558594,33.880367279052734,23.19308090209961,197.18031311035156,24.716712951660156,22.162723541259766
2017-01-30,58.96161651611328,117.11122131347656,61.00710678100586,33.406578063964844,23.088577270507812,195.9574432373047,24.544706344604492,22.036788940429688
2017-01-31,59.361080169677734,116.87667846679688,60.88513946533203,33.35295104980469,22.940515518188477,195.940185546875,24.528852462768555,22.048782348632812
2017-02-01,59.30030059814453,117.68356323242188,60.798057556152344,33.46022033691406,22.853422164916992,196.01766967773438,24.592235565185547,21.9708251953125
2017-02-02,59.005043029785156,117.5803451538086,60.81546401977539,33.35295104980469,22.853422164916992,196.1468963623047,24.585447311401367,22.00480842590332
2017-02-03,59.95155334472656,117.91812133789062,61.25973129272461,33.835670471191406,23.03632354736328,197.4988555908203,24.712186813354492,22.232688903808594
2017-02-06,59.39580535888672,118.0588607788086,61.19002151489258,33.63005065917969,23.010189056396484,197.1457977294922,24.718976974487305,22.140731811523438
2017-02-07,59.196083068847656,118.4904556274414,61.28584289550781,33.3797607421875,23.053733825683594,197.1544647216797,24.74612808227539,22.110748291015625
2017-02-08,59.100547790527344,118.68745422363281,61.25973129272461,33.290367126464844,23.0972843170166,197.41275024414062,24.807239532470703,22.140731811523438
2017-02-09,60.04708480834961,119.11907196044922,61.564571380615234,33.728397369384766,23.236631393432617,198.58401489257812,24.922666549682617,22.30664825439453
2017-02-10,60.53335952758789,119.51312255859375,61.8607177734375,33.96976852416992,23.306304931640625,199.3676300048828,25.013200759887695,22.380615234375
2017-02-13,60.67229461669922,120.18865203857422,62.20041275024414,34.14854431152344,23.39339828491211,200.45269775390625,25.13767433166504,22.49855613708496
2017-02-14,60.81123352050781,120.59208679199219,62.47044372558594,34.3809700012207,23.471784591674805,201.25355529785156,25.219144821166992,22.644474029541016
2017-02-15,61.167274475097656,121.3051986694336,62.8624153137207,34.5329475402832,23.611135482788086,202.3041534423828,25.343624114990234,22.7744140625
2017-02-16,61.04569625854492,121.26766967773438,62.932098388671875,34.22005081176758,23.62856101989746,202.1320037841797,25.330049514770508,22.738428115844727
2017-02-17,60.958839416503906,121.79303741455078,63.193397521972656,34.193241119384766,23.645977020263672,202.45059204101562,25.370784759521484,22.728437423706055
2017-02-21,61.488563537597656,122.39352416992188,63.472137451171875,34.407798767089844,23.802743911743164,203.65621948242188,25.497526168823242,22.89634895324707
2017-02-22,61.27145767211914,122.4404525756836,63.463417053222656,34.09489822387695,23.820165634155273,203.4753875732422,25.50884246826172,22.88835334777832
2017-02-23,60.83726501464844,121.9806900024414,63.64633560180664,34.01445388793945,23.820165634155273,203.61314392089844,25.48168182373047,22.91234016418457
2017-02-24,60.819908142089844,122.2152099609375,63.84666442871094,33.755210876464844,23.933378219604492,203.87149047851562,25.529218673706055,22.930334091186523
2017-02-27,61.29751205444336,122.3653564453125,63.837955474853516,34.032344818115234,23.872421264648438,204.19020080566406,25.59710693359375,22.95032501220703
2017-02-28,60.316253662109375,121.99004364013672,63.74214172363281,33.7641487121582,23.802743911743164,203.63900756835938,25.52241325378418,22.89634895324707
2017-03-01,61.427764892578125,123.32239532470703,64.57833099365234,34.541873931884766,24.11628532409668,206.4894256591797,25.832487106323242,23.234180450439453
2017-03-02,60.759132385253906,122.7031478881836,64.3431625366211,33.98762893676758,24.00305938720703,205.1890869140625,25.705745697021484,23.110246658325195
2017-03-03,60.58544921875,122.92832946777344,64.31702423095703,34.041282653808594,24.00305938720703,205.31829833984375,25.732898712158203,23.098249435424805
2017-03-06,60.16864013671875,122.65624237060547,64.15153503417969,33.86247634887695,23.898544311523438,204.7068328857422,25.69669532775879,22.994298934936523
2017-03-07,59.74314498901367,122.44979858398438,63.98601531982422,33.59429931640625,23.84629249572754,204.0954132080078,25.644636154174805,22.87636375427246
2017-03-08,59.352394104003906,122.66563415527344,63.88152313232422,33.33506393432617,23.872421264648438,203.71649169921875,25.610681533813477,22.822389602661133
2017-03-09,59.01373291015625,122.75944519042969,63.88152313232422,33.34400177001953,23.820165634155273,203.974853515625,25.635581970214844,22.810392379760742
2017-03-10,59.308990478515625,123.27545166015625,64.13412475585938,33.433380126953125,23.907257080078125,204.68959045410156,25.737428665161133,22.872360229492188
2017-03-13,59.4913215637207,123.48194122314453,64.14285278320312,33.56748962402344,23.942089080810547,204.79287719726562,25.755535125732422,22.880361557006836
2017-03-14,59.21343994140625,123.18168640136719,63.94248580932617,33.27249526977539,23.83757972717285,204.0093231201172,25.698957443237305,22.824390411376953
2017-03-15,60.151283264160156,123.94163513183594,64.53475952148438,33.719459533691406,24.020477294921875,205.7747039794922,25.895851135253906,23.002302169799805
2017-03-16,60.264163970947266,123.85718536376953,64.39542388916016,33.68370819091797,24.020477294921875,205.3699188232422,25.85511589050293,22.942323684692383
2017-03-17,60.602840423583984,123.81391143798828,64.38671112060547,33.44740295410156,24.075389862060547,205.00924682617188,25.901906967163086,22.884666442871094
2017-03-20,60.27284622192383,123.92674255371094,64.29960632324219,33.3310661315918,24.01437759399414,204.78439331054688,25.87691879272461,22.76411247253418
2017-03-21,58.675071716308594,122.04637145996094,63.66374588012695,32.46287155151367,23.75287437438965,202.15504455566406,25.597572326660156,22.448673248291016
2017-03-22,58.57954406738281,122.87373352050781,63.785701751708984,32.53447341918945,23.831323623657227,202.6308135986328,25.67932891845703,22.490863800048828
2017-03-23,58.95294189453125,122.56344604492188,63.70729064941406,32.62397766113281,23.831323623657227,202.41452026367188,25.62709617614746,22.45469856262207
2017-03-24,58.94771194458008,122.81732940673828,63.62590026855469,32.632930755615234,23.813894271850586,202.26747131347656,25.60211181640625,22.436614990234375
2017-03-27,59.00870132446289,123.01476287841797,63.51212692260742,32.57028579711914,23.735443115234375,202.05990600585938,25.60211181640625,22.414512634277344
2017-03-28,59.47917556762695,123.7669448852539,63.83595275878906,33.06254577636719,23.883621215820312,203.53025817871094,25.77698516845703,22.605390548706055
2017-03-29,59.6359977722168,124.34042358398438,63.77471160888672,33.42950439453125,23.866191864013672,203.72052001953125,25.829225540161133,22.559173583984375
2017-03-30,60.14130401611328,124.54730224609375,63.84470748901367,33.68011474609375,23.89234733581543,204.36923217773438,25.83831024169922,22.695802688598633
2017-03-31,60.25457000732422,124.46263122558594,63.713436126708984,33.64431381225586,23.85747718811035,203.89356994628906,25.82468605041504,22.64958953857422
2017-04-03,59.14809799194336,124.38746643066406,63.55591583251953,33.40266036987305,23.813894271850586,203.53892517089844,25.81559944152832,22.5692195892334
2017-04-04,59.19166946411133,124.58487701416016,63.53837585449219,33.47425842285156,23.805179595947266,203.66868591308594,25.8065128326416,22.585296630859375
2017-04-05,58.54692840576172,124.07717895507812,63.363399505615234,33.19679641723633,23.735443115234375,203.06324768066406,25.75428009033203,22.474790573120117
2017-04-06,59.113243103027344,124.14303588867188,63.51212692260742,33.57270812988281,23.779024124145508,203.63406372070312,25.79970359802246,22.56520652770996
2017-04-07,59.104522705078125,124.07717895507812,63.49464416503906,33.51005935668945,23.796459197998047,203.4264373779297,25.813325881958008,22.537076950073242
2017-04-10,59.28749084472656,124.12418365478516,63.49464416503906,33.590614318847656,23.78774642944336,203.54754638671875,25.786073684692383,22.5692195892334
2017-04-11,59.845096588134766,123.58830261230469,63.50339889526367,33.57270812988281,23.796459197998047,203.30535888671875,25.738378524780273,22.52703285217285
2017-04-12,58.97385025024414,123.08998107910156,63.30207824707031,33.14309310913086,23.70057487487793,202.41452026367188,25.656625747680664,22.45469856262207
2017-04-13,58.28557205200195,122.60106658935547,62.978275299072266,32.731388092041016,23.57854461669922,201.0999298095703,25.58167266845703,22.27989959716797
2017-04-17,58.94771194458008,123.61647033691406,63.450870513916016,33.08939743041992,23.75287437438965,202.88157653808594,25.763364791870117,22.46474266052246
2017-04-18,58.99999237060547,123.428466796875,63.24959182739258,32.86563491821289,23.805179595947266,202.2761688232422,25.692955017089844,22.38035774230957
2017-04-19,59.331058502197266,123.62590026855469,63.03078842163086,32.80299377441406,23.744159698486328,201.90423583984375,25.68160629272461,22.27989959716797
2017-04-20,60.1500244140625,124.66008758544922,63.48588562011719,33.16099166870117,23.92721176147461,203.54754638671875,25.888277053833008,22.492870330810547
2017-04-21,59.99320602416992,124.63188171386719,63.37211990356445,32.93723678588867,23.840045928955078,202.89892578125,25.85647964477539,22.336158752441406
2017-04-24,60.74243927001953,126.13616180419922,63.905975341796875,33.411617279052734,24.11897850036621,205.13034057617188,26.13127326965332,22.601362228393555
2017-04-25,61.282630920410156,127.04821014404297,64.33480072021484,33.671165466308594,24.232295989990234,206.3238983154297,26.30388832092285,22.733976364135742
2017-04-26,61.68341064453125,126.8696060180664,64.22103881835938,33.64431381225586,24.197425842285156,206.1941680908203,26.260730743408203,22.75406837463379
2017-04-27,61.62242889404297,127.63108825683594,64.2735595703125,33.39371109008789,24.214862823486328,206.36712646484375,26.324323654174805,22.683748245239258
2017-04-28,60.803462982177734,127.85675048828125,64.10726165771484,33.178897857666016,24.066680908203125,205.9174346923828,26.32659339904785,22.593326568603516
2017-05-01,61.12582015991211,128.99436950683594,64.03723907470703,33.22365951538086,24.01437759399414,206.4363555908203,26.42425537109375,22.62146759033203
2017-05-02,60.87314224243164,129.2106475830078,64.15101623535156,33.169952392578125,24.049245834350586,206.51419067382812,26.465133666992188,22.573238372802734
2017-05-03,60.49851989746094,128.7969512939453,64.0634994506836,33.205745697021484,24.023090362548828,206.26336669921875,26.41290283203125,22.60940170288086
2017-05-04,60.446250915527344,128.8439483642578,64.13351440429688,32.9998893737793,24.049245834350586,206.5055389404297,26.437883377075195,22.587310791015625
2017-05-05,60.7163200378418,129.3140869140625,64.35233306884766,33.31315994262695,24.162561416625977,207.3185272216797,26.549163818359375,22.70785903930664
2017-05-08,60.49851989746094,129.59616088867188,64.32606506347656,33.29526138305664,24.127695083618164,207.2839813232422,26.576412200927734,22.67972755432129
2017-05-09,60.57691192626953,130.04742431640625,64.31730651855469,33.268402099609375,24.127695083618164,207.09368896484375,26.58777618408203,22.57927131652832
2017-05-10,60.907997131347656,130.1226043701172,64.30857849121094,33.483211517333984,24.14512825012207,207.46559143066406,26.62411117553711,22.64958953857422
2017-05-11,60.454952239990234,130.0192108154297,64.15975189208984,33.241546630859375,24.066680908203125,207.04180908203125,26.60367202758789,22.58127784729004
2017-05-12,59.975772857666016,130.3106231689453,64.07225036621094,33.0267448425293,23.98822784423828,206.6958465576172,26.578693389892578,22.51497459411621
2017-05-15,60.359100341796875,130.7243194580078,64.43984985351562,33.36686325073242,24.092823028564453,207.83755493164062,26.71040916442871,22.645572662353516
2017-05-16,60.359100341796875,131.26968383789062,64.3873062133789,33.3578987121582,24.101545333862305,207.64715576171875,26.717222213745117,22.57122802734375
2017-05-17,58.843170166015625,127.93196868896484,63.564659118652344,32.35546875,23.735443115234375,203.96273803710938,26.21303939819336,22.25980567932129
2017-05-18,58.9302978515625,129.0508575439453,63.6959342956543,32.45392608642578,23.75287437438965,204.78439331054688,26.378833770751953,22.203548431396484
2017-05-19,59.20037078857422,129.59616088867188,64.02851104736328,32.928287506103516,23.962074279785156,206.11636352539062,26.551433563232422,22.3984432220459
2017-05-22,59.67084503173828,130.68675231933594,64.43984985351562,33.06254577636719,24.092823028564453,207.1629180908203,26.70814323425293,22.472780227661133
2017-05-23,59.8712272644043,130.818359375,64.41358947753906,33.125186920166016,24.092823028564453,207.62124633789062,26.74675178527832,22.57122802734375
2017-05-24,59.845096588134766,131.4201202392578,64.59734344482422,33.10729217529297,24.171268463134766,208.1056365966797,26.85576057434082,22.547121047973633
2017-05-25,59.92350387573242,132.53890991210938,64.97370147705078,32.98199462890625,24.345611572265625,209.1002655029297,27.019283294677734,22.6254825592041
2017-05-26,59.914794921875,132.77398681640625,64.95622253417969,32.99094009399414,24.354324340820312,209.0570068359375,27.030635833740234,22.6254825592041
2017-05-30,59.57500457763672,132.88682556152344,64.92120361328125,32.78509521484375,24.37175750732422,208.8754119873047,27.062423706054688,22.585296630859375
2017-05-31,59.531429290771484,132.83978271484375,65.06123352050781,32.650821685791016,24.397912979125977,208.8235321044922,27.10785484313965,22.551143646240234
2017-06-01,60.56820297241211,133.35690307617188,65.50756072998047,33.05359649658203,24.580955505371094,210.48410034179688,27.24866485595703,22.70785903930664
2017-06-02,60.96026611328125,134.88003540039062,65.69134521484375,32.874595642089844,24.633256912231445,211.1847381591797,27.42354393005371,22.752056121826172
2017-06-05,60.559505462646484,134.85179138183594,65.6476058959961,32.80299377441406,24.633256912231445,211.02906799316406,27.40536880493164,22.729961395263672
2017-06-06,60.472381591796875,134.3158416748047,65.41127014160156,32.794029235839844,24.528656005859375,210.3544464111328,27.300901412963867,22.64356231689453
2017-06-07,60.56820297241211,134.84239196777344,65.46381378173828,32.650821685791016,24.528656005859375,210.7435760498047,27.362215042114258,22.681734085083008
2017-06-08,61.38718795776367,134.9833984375,65.53382110595703,32.93723678588867,24.5548038482666,210.84742736816406,27.33950424194336,22.752056121826172
2017-06-09,61.89249038696289,131.6081085205078,65.58633422851562,33.3310661315918,24.572246551513672,210.52734375,27.069246292114258,22.928869247436523
2017-06-12,61.761817932128906,130.90296936035156,65.55132293701172,33.42950439453125,24.5548038482666,210.48410034179688,26.942066192626953,22.969053268432617
2017-06-13,62.058021545410156,131.96543884277344,65.89263916015625,33.724876403808594,24.650693893432617,211.51336669921875,27.1510066986084,23.057456970214844
2017-06-14,61.67470169067383,131.3918914794922,65.87515258789062,33.31315994262695,24.659400939941406,211.24526977539062,27.10785484313965,23.03736114501953
2017-06-15,61.37847900390625,130.8090057373047,65.84013366699219,33.1341552734375,24.702987670898438,210.83872985839844,27.064708709716797,22.956995010375977
2017-06-16,61.047386169433594,130.241455078125,65.89263916015625,33.1647834777832,24.717866897583008,210.8848114013672,27.11737060546875,22.957399368286133
2017-06-19,61.32619857788086,132.41920471191406,66.3740234375,33.50705337524414,24.884113311767578,212.64048767089844,27.329374313354492,23.141319274902344
2017-06-20,60.594364166259766,131.3821563720703,65.9276351928711,33.146751403808594,24.691619873046875,211.2063446044922,27.185758590698242,22.951332092285156
2017-06-21,60.3155632019043,132.68316650390625,65.86637878417969,32.858524322509766,24.665372848510742,211.1542510986328,27.26326560974121,22.866451263427734
2017-06-22,60.53337860107422,132.64544677734375,65.80510711669922,32.86754608154297,24.612871170043945,211.0586395263672,27.272390365600586,22.811880111694336
2017-06-23,61.047386169433594,133.15455627441406,65.91890716552734,32.9485969543457,24.62161636352539,211.31069946289062,27.386377334594727,22.84825897216797
2017-06-26,61.16062545776367,132.53231811523438,65.9451675415039,33.02065658569336,24.6566162109375,211.44970703125,27.29518699645996,22.87049674987793
2017-06-27,60.702789306640625,130.12831115722656,65.47271728515625,32.858524322509766,24.46412467956543,209.74624633789062,27.021617889404297,22.819971084594727
2017-06-28,61.681434631347656,132.00437927246094,65.97418975830078,33.335906982421875,24.62161636352539,211.62359619140625,27.256423950195312,22.989742279052734
2017-06-29,61.296966552734375,129.71348571777344,65.20880126953125,33.335906982421875,24.350379943847656,209.7636260986328,26.898513793945312,22.957399368286133
2017-06-30,61.26201248168945,129.76063537597656,65.42874145507812,33.47102355957031,24.46412467956543,210.15472412109375,26.955503463745117,22.97357177734375
2017-07-03,61.83869171142578,128.39364624023438,65.6662368774414,33.85832977294922,24.534130096435547,210.5110626220703,26.973739624023438,23.10696029663086
2017-07-05,61.471717834472656,129.6569366455078,65.63984680175781,33.768245697021484,24.551620483398438,210.99778747558594,27.017059326171875,23.104942321777344
2017-07-06,60.6241455078125,128.4879150390625,65.10321044921875,33.38094711303711,24.324134826660156,209.0683135986328,26.75716781616211,22.872516632080078
2017-07-07,61.26201248168945,129.87374877929688,65.53427124023438,33.58810806274414,24.46412467956543,210.42417907714844,27.003374099731445,22.943252563476562
2017-07-10,60.89501953125,130.72222900390625,65.57828521728516,33.84032440185547,24.41162872314453,210.65016174316406,27.074052810668945,22.959421157836914
2017-07-11,61.034820556640625,131.0899200439453,65.38472747802734,33.84032440185547,24.41162872314453,210.49368286132812,27.062650680541992,22.91495704650879
2017-07-12,61.49791717529297,132.64544677734375,65.91261291503906,34.10153579711914,24.551620483398438,212.0755157470703,27.340776443481445,23.03218650817871
2017-07-13,61.64649200439453,132.93768310546875,65.96540832519531,34.26366424560547,24.586620330810547,212.431884765625,27.400056838989258,23.058454513549805
2017-07-14,61.80377197265625,133.9842071533203,66.37007141113281,34.407772064208984,24.717866897583008,213.42266845703125,27.55963134765625,23.173654556274414
2017-07-17,61.9610481262207,134.0501708984375,66.29967498779297,34.3807487487793,24.717866897583008,213.39659118652344,27.564193725585938,23.12110710144043
2017-07-18,61.7688102722168,134.94580078125,66.39649200439453,34.227638244628906,24.717866897583008,213.50962829589844,27.646263122558594,23.062498092651367
2017-07-19,62.476600646972656,135.73773193359375,66.59881591796875,34.61494827270508,24.86661148071289,214.66549682617188,27.801284790039062,23.151416778564453
2017-07-20,62.56398391723633,135.91680908203125,66.7747573852539,34.48884582519531,24.814115524291992,214.76109313964844,27.792165756225586,23.195886611938477
2017-07-21,62.25815963745117,135.86029052734375,66.75719451904297,34.42578125,24.761619567871094,214.56988525390625,27.79900360107422,23.127168655395508
2017-07-24,62.26689147949219,136.48243713378906,66.59003448486328,34.50686264038086,24.6566162109375,214.51779174804688,27.79900360107422,23.125146865844727
2017-07-25,62.85231399536133,136.13365173339844,66.67801666259766,34.79508972167969,24.717866897583008,215.0392303466797,27.819517135620117,23.286840438842773
2017-07-26,62.42416000366211,136.57672119140625,66.669189453125,34.59693145751953,24.779115676879883,215.04795837402344,27.85143280029297,23.220144271850586
2017-07-27,62.135807037353516,135.71884155273438,66.58123779296875,34.479820251464844,24.805356979370117,214.84800720214844,27.742013931274414,23.18376350402832
2017-07-28,62.03968048095703,135.605712890625,66.0973892211914,34.353721618652344,24.68286895751953,214.59600830078125,27.732892990112305,23.244394302368164
2017-07-31,61.873680114746094,135.03060913085938,66.0973892211914,34.3447380065918,24.700366973876953,214.4743194580078,27.659942626953125,23.2625789642334
2017-08-01,62.057167053222656,135.34173583984375,66.32611083984375,34.245643615722656,24.761619567871094,214.95233154296875,27.730607986450195,23.321199417114258
2017-08-02,61.253273010253906,135.70938110351562,66.3172836303711,34.13755798339844,24.735363006591797,215.056640625,27.755685806274414,23.323211669921875
2017-08-03,61.043556213378906,135.18142700195312,66.20293426513672,34.0114631652832,24.717866897583008,214.63941955566406,27.659942626953125,23.29895782470703
2017-08-04,61.28823471069336,135.42657470703125,66.28209686279297,34.236637115478516,24.735363006591797,215.03053283691406,27.753406524658203,23.300979614257812
2017-08-07,61.22705078125,136.2844696044922,66.47562408447266,34.19160842895508,24.822864532470703,215.4303436279297,27.83091926574707,23.327260971069336
2017-08-08,61.06104278564453,136.04881286621094,66.32611083984375,34.0474739074707,24.752857208251953,214.90020751953125,27.72149085998535,23.254493713378906
2017-08-09,60.545494079589844,135.86961364746094,66.27334594726562,33.921382904052734,24.779115676879883,214.89151000976562,27.769365310668945,23.19386863708496
2017-08-10,59.61053466796875,132.9565887451172,65.37594604492188,33.146751403808594,24.490379333496094,211.8582305908203,27.33165740966797,23.016014099121094
2017-08-11,59.59304428100586,133.9652557373047,65.35832977294922,33.1647834777832,24.534130096435547,212.17111206054688,27.434247970581055,22.902830123901367
2017-08-14,60.47559356689453,135.6905975341797,65.98297119140625,33.480018615722656,24.70911979675293,214.27439880371094,27.753406524658203,23.094831466674805
2017-08-15,59.881412506103516,135.78482055664062,65.98297119140625,33.47102355957031,24.647865295410156,214.24832153320312,27.767087936401367,23.135255813598633
2017-08-16,59.96004867553711,136.02052307128906,66.11495971679688,33.480018615722656,24.744117736816406,214.62205505371094,27.83319854736328,23.10291290283203
2017-08-17,58.797916412353516,133.23936462402344,65.08562469482422,32.66036605834961,24.367881774902344,211.2759552001953,27.374975204467773,22.757307052612305
2017-08-18,58.69303512573242,133.14511108398438,64.91842651367188,32.6873893737793,24.280376434326172,210.9456329345703,27.329374313354492,22.726993560791016
2017-08-21,58.61441421508789,132.97540283203125,65.06803894042969,32.597312927246094,24.350379943847656,211.11080932617188,27.377254486083984,22.722959518432617
2017-08-22,59.182373046875,135.0023956298828,65.6662368774414,33.011653900146484,24.586620330810547,213.3183135986328,27.694137573242188,22.910921096801758
2017-08-23,59.02508544921875,134.52154541015625,65.48152160644531,32.95760726928711,24.45537757873535,212.553466796875,27.596111297607422,22.85634422302246
2017-08-24,59.10374450683594,134.1256103515625,65.43753051757812,32.93058776855469,24.41162872314453,212.0581512451172,27.54139518737793,22.807844161987305
2017-08-25,59.39207458496094,133.8427734375,65.57828521728516,33.011653900146484,24.481624603271484,212.553466796875,27.54595375061035,22.894742965698242
2017-08-28,59.45326614379883,134.257568359375,65.63109588623047,32.921573638916016,24.490379333496094,212.56228637695312,27.596111297607422,22.842201232910156
2017-08-29,59.4357795715332,134.78549194335938,65.6135025024414,32.912567138671875,24.490379333496094,212.80557250976562,27.678178787231445,22.828054428100586
2017-08-30,59.767818450927734,136.36932373046875,66.0181655883789,33.146751403808594,24.54286766052246,213.8137969970703,27.840036392211914,22.880598068237305
2017-08-31,60.353271484375,137.83059692382812,66.40525817871094,33.3719482421875,24.639122009277344,215.10006713867188,28.052053451538086,22.959421157836914
2017-09-01,60.78141784667969,137.64208984375,66.5284423828125,33.696197509765625,24.744117736816406,215.40428161621094,28.077131271362305,23.072601318359375
2017-09-05,60.152286529541016,136.40704345703125,66.07095336914062,33.18278503417969,24.595369338989258,213.85723876953125,27.901586532592773,22.82401466369629
2017-09-06,60.335792541503906,136.82186889648438,66.22052001953125,33.41697311401367,24.691619873046875,214.58726501464844,27.976825714111328,22.91899871826172
2017-09-07,60.16102600097656,137.14244079589844,66.42288208007812,33.290870666503906,24.735363006591797,214.5611572265625,28.072574615478516,22.81593132019043
2017-09-08,60.24840545654297,135.95449829101562,66.49324035644531,33.23683166503906,24.744117736816406,214.30918884277344,27.974538803100586,22.86241340637207
2017-09-11,60.89501953125,137.51950073242188,67.13548278808594,33.68720245361328,24.96285629272461,216.5950164794922,28.25039291381836,23.141319274902344
2017-09-12,61.340641021728516,137.84950256347656,67.34664154052734,34.0474739074707,25.050355911254883,217.32504272460938,28.282306671142578,23.264604568481445
2017-09-13,61.54161071777344,138.03799438476562,67.24986267089844,34.200599670410156,25.04160499572754,217.42938232421875,28.302824020385742,23.311086654663086
2017-09-14,61.51540756225586,137.2272491455078,67.30265808105469,34.18259811401367,25.09410285949707,217.3597869873047,28.254945755004883,23.311086654663086
2017-09-15,61.84748077392578,137.69857788085938,67.57534790039062,34.28168487548828,25.164104461669922,217.6524200439453,28.27280044555664,23.346466064453125
2017-09-18,62.3367805480957,137.51817321777344,67.78652954101562,34.62074279785156,25.293560028076172,218.11532592773438,28.304840087890625,23.452213287353516
2017-09-19,62.205718994140625,137.75437927246094,67.89209747314453,34.72019577026367,25.275949478149414,218.33372497558594,28.30712127685547,23.51118278503418
2017-09-20,62.432891845703125,137.32923889160156,67.7688980102539,34.837730407714844,25.258331298828125,218.41232299804688,28.316272735595703,23.531517028808594
2017-09-21,62.46784973144531,136.48829650878906,67.57534790039062,34.85581970214844,25.20549201965332,217.8271026611328,28.201858520507812,23.513214111328125
2017-09-22,62.86980056762695,136.35606384277344,67.79529571533203,35.03665542602539,25.275949478149414,217.8708038330078,28.194997787475586,23.54168128967285
2017-09-25,63.06204605102539,134.9198760986328,67.8656997680664,35.009544372558594,25.31117820739746,217.4253387451172,28.021081924438477,23.594554901123047
2017-09-26,63.38285446166992,135.26947021484375,67.94523620605469,35.06377410888672,25.33759307861328,217.55633544921875,28.05311393737793,23.57422637939453
2017-09-27,64.68014526367188,136.48829650878906,68.17498016357422,35.542999267578125,25.31117820739746,218.403564453125,28.20644187927246,23.635223388671875
2017-09-28,64.85543823242188,136.4410400390625,68.1042709350586,35.515872955322266,25.319982528686523,218.6655731201172,28.23847770690918,23.671829223632812
2017-09-29,65.05706787109375,137.42367553710938,68.16615295410156,35.65149688720703,25.355207443237305,219.4342041015625,28.357473373413086,23.72064208984375
2017-10-02,65.9423599243164,137.54649353027344,68.55494689941406,35.87752914428711,25.504932403564453,220.38629150390625,28.428409576416016,23.865009307861328
2017-10-03,66.09135437011719,137.83937072753906,68.72283172607422,36.06740951538086,25.592998504638672,220.85792541503906,28.494768142700195,23.91991424560547
2017-10-04,65.80210876464844,137.9716796875,68.8465805053711,36.07645797729492,25.628225326538086,221.11993408203125,28.52910041809082,23.956512451171875
2017-10-05,65.9423599243164,139.32276916503906,69.27958679199219,36.230159759521484,25.71629524230957,222.43016052246094,28.719026565551758,24.07852554321289
2017-10-06,65.8283920288086,139.51174926757812,69.1469955444336,36.18495559692383,25.698686599731445,222.17686462402344,28.73733901977539,23.999223709106445
2017-10-09,65.5216293334961,139.35107421875,69.21772003173828,36.139739990234375,25.610612869262695,221.80996704101562,28.719026565551758,23.91177749633789
2017-10-10,65.67940521240234,139.45501708984375,69.50933074951172,36.203041076660156,25.689870834350586,222.39520263671875,28.748777389526367,24.015485763549805
2017-10-11,65.48654174804688,139.8707275390625,69.67723083496094,36.21208190917969,25.725107192993164,222.74461364746094,28.840316772460938,24.01955223083496
2017-10-12,65.40765380859375,139.6156768798828,69.6860580444336,36.18495559692383,25.786754608154297,222.41265869140625,28.847179412841797,23.944313049316406
2017-10-13,65.3813705444336,140.15420532226562,69.73023223876953,36.23920822143555,25.821979522705078,222.6834259033203,28.902103424072266,23.944313049316406
2017-10-16,65.27619934082031,140.63607788085938,69.71257019042969,36.44715881347656,25.795560836791992,222.9803466796875,28.961591720581055,23.978883743286133
2017-10-17,65.118408203125,140.81552124023438,69.80091857910156,36.24824142456055,25.81317138671875,223.13758850097656,29.007366180419922,23.97075080871582
2017-10-18,65.54792785644531,140.64547729492188,69.8892822265625,36.32058334350586,25.857213973999023,223.35592651367188,29.034820556640625,23.995149612426758
2017-10-19,65.40765380859375,140.1258544921875,70.00418853759766,36.23920822143555,25.901241302490234,223.41708374023438,28.989059448242188,24.03582191467285
2017-10-20,65.72322845458984,140.50381469726562,70.32225799560547,36.63703918457031,26.006925582885742,224.570068359375,29.089744567871094,24.182233810424805
2017-10-23,65.39891815185547,139.5872802734375,70.20740509033203,36.42003631591797,25.927661895751953,223.6966094970703,28.952442169189453,24.157833099365234
2017-10-24,65.58299255371094,139.8235321044922,70.23394012451172,36.6732177734375,25.936473846435547,224.08966064453125,28.961591720581055,24.20663833618164
2017-10-25,65.24113464355469,139.29440307617188,70.03951263427734,36.08549499511719,25.84839630126953,222.9803466796875,28.860912322998047,24.08462905883789
2017-10-26,65.54792785644531,138.85035705566406,70.15440368652344,36.266334533691406,25.874818801879883,223.2686004638672,28.879215240478516,24.12529754638672
2017-10-27,65.89852905273438,142.89414978027344,70.32225799560547,36.32962417602539,25.81317138671875,225.09410095214844,29.309431076049805,24.076488494873047
2017-10-30,64.96939086914062,143.21536254882812,70.0925521850586,36.19398880004883,25.663455963134766,224.25563049316406,29.2636661529541,23.987018585205078
2017-10-31,65.6180419921875,143.75390625,70.15440368652344,36.27537536621094,25.64583969116211,224.60501098632812,29.300275802612305,24.01955223083496
2017-11-01,65.15347290039062,143.70672607421875,70.18975067138672,36.29344940185547,25.681068420410156,224.90191650390625,29.309431076049805,24.08462905883789
2017-11-02,65.23235321044922,143.43272399902344,70.32225799560547,36.338661193847656,25.689870834350586,224.9893035888672,29.327747344970703,24.100894927978516
2017-11-03,64.81161499023438,144.8121337890625,70.44601440429688,36.46524429321289,25.74271583557129,225.74044799804688,29.474193572998047,24.08462905883789
2017-11-06,64.95187377929688,145.30345153808594,70.53437042236328,36.89925765991211,25.73390769958496,226.08984375,29.593191146850586,24.08462905883789
2017-11-07,64.25062561035156,145.3885040283203,70.4283218383789,36.582794189453125,25.769140243530273,225.9326629638672,29.602336883544922,24.027687072753906
2017-11-08,64.53987121582031,145.97427368164062,70.67578887939453,36.5556640625,25.83959197998047,226.31690979003906,29.675565719604492,24.01141929626465
2017-11-09,64.24187469482422,145.2089385986328,70.41065979003906,36.230159759521484,25.707490921020508,225.49591064453125,29.538270950317383,23.987018585205078
2017-11-10,64.2944564819336,145.19949340820312,70.4990234375,36.266334533691406,25.74271583557129,225.42601013183594,29.54742431640625,23.978883743286133
2017-11-13,64.4084243774414,145.37904357910156,70.56092071533203,36.25728988647461,25.725107192993164,225.6356201171875,29.584030151367188,23.987018585205078
2017-11-14,64.39088439941406,144.84994506835938,70.58740234375,36.04933166503906,25.681068420410156,225.11155700683594,29.519960403442383,23.92194938659668
2017-11-15,64.0402603149414,144.169677734375,70.17208862304688,35.9046630859375,25.53134536743164,223.98486328125,29.327747344970703,23.840606689453125
2017-11-16,65.1359634399414,146.01205444335938,70.70230102539062,36.32058334350586,25.84839630126953,225.888916015625,29.584030151367188,24.01955223083496
2017-11-17,65.41641998291016,145.45462036132812,70.71111297607422,36.4109992980957,25.857213973999023,225.22511291503906,29.48334312438965,23.987018585205078
2017-11-20,65.91606903076172,145.34121704101562,70.8436508178711,36.60991668701172,25.927661895751953,225.6094512939453,29.519960403442383,24.027687072753906
2017-11-21,66.81011962890625,146.9190673828125,71.28549194335938,36.790748596191406,26.050960540771484,227.0855255126953,29.76710319519043,24.12529754638672
2017-11-22,66.66988372802734,147.0985870361328,71.13528442382812,36.73649978637695,25.980506896972656,226.8846893310547,29.75794792175293,24.10902976989746
2017-11-24,66.7137222290039,147.63717651367188,71.25897979736328,36.75457763671875,26.033349990844727,227.40870666503906,29.858631134033203,24.11716651916504
2017-11-27,66.38938903808594,147.571044921875,71.24131774902344,36.59182357788086,26.042156219482422,227.29518127441406,29.876937866210938,24.09276008605957
2017-11-28,67.52013397216797,147.94894409179688,72.01010131835938,37.242828369140625,26.359201431274414,229.60108947753906,30.060012817382812,24.426258087158203
2017-11-29,67.93209838867188,145.3695831298828,72.14265441894531,37.32421112060547,26.403236389160156,229.46128845214844,29.8220272064209,24.637731552124023
2017-11-30,67.91460418701172,146.58840942382812,72.68167114257812,37.56834411621094,26.561765670776367,231.4702606201172,30.114933013916016,24.84108543395996
2017-12-01,67.51136779785156,145.9647979736328,72.70821380615234,37.40558624267578,26.464893341064453,230.9898681640625,30.03255844116211,24.80854606628418
2017-12-04,67.54641723632812,144.28305053710938,72.7612075805664,37.61355209350586,26.561765670776367,230.71029663085938,29.8220272064209,24.963096618652344
2017-12-05,66.8364486694336,144.37750244140625,72.57565307617188,37.36941909790039,26.473690032958984,229.88059997558594,29.75794792175293,24.824817657470703
2017-12-06,66.54715728759766,145.02944946289062,72.53145599365234,37.233795166015625,26.508930206298828,229.9242706298828,29.840330123901367,24.743478775024414
2017-12-07,66.88028717041016,145.52076721191406,72.81424713134766,37.658756256103516,26.579376220703125,230.64926147460938,29.959327697753906,24.79227638244629
2017-12-08,66.8364486694336,146.1632080078125,73.15003967285156,37.893836975097656,26.711483001708984,231.9069061279297,30.096633911132812,24.94682502746582
2017-12-11,66.65234375,147.29701232910156,73.28258514404297,37.893836975097656,26.737897872924805,232.60568237304688,30.215625762939453,25.011898040771484
2017-12-12,66.49457550048828,147.0985870361328,73.31792449951172,37.9752197265625,26.78193473815918,233.0162353515625,30.243078231811523,25.060699462890625
2017-12-13,66.82768249511719,147.38201904296875,73.35326385498047,37.79438018798828,26.8612003326416,232.99005126953125,30.288850784301758,25.020030975341797
2017-12-14,66.06505584716797,147.27816772460938,73.05281829833984,37.505043029785156,26.74671173095703,232.03793334960938,30.215625762939453,24.898021697998047
2017-12-15,67.1695327758789,148.950439453125,73.60071563720703,37.90288543701172,26.931657791137695,233.97027587890625,30.432540893554688,25.088151931762695
2017-12-18,68.1424789428711,150.1992645263672,74.04254150390625,38.45903015136719,27.048526763916016,235.45384216308594,30.65313148498535,25.252777099609375
2017-12-19,67.53120422363281,149.309326171875,73.90113830566406,38.35017013549805,26.995403289794922,234.54965209960938,30.54283905029297,25.154001235961914
2017-12-20,67.68071746826172,149.14830017089844,73.87464141845703,38.50439453125,26.968839645385742,234.42672729492188,30.48768424987793,25.154001235961914
2017-12-21,67.95339965820312,149.16722106933594,73.8284912109375,38.685855865478516,26.959985733032227,234.9095458984375,30.46930503845215,25.28570556640625
2017-12-22,67.7774658203125,148.99679565429688,73.77521514892578,38.71306610107422,26.942279815673828,234.84815979003906,30.432540893554688,25.293935775756836
2017-12-26,67.83903503417969,148.1920623779297,73.79296112060547,38.722145080566406,26.995403289794922,234.56724548339844,30.368200302124023,25.293935775756836
2017-12-27,67.7598876953125,148.2110137939453,73.87286376953125,38.685855865478516,27.01311683654785,234.681396484375,30.423357009887695,25.28570556640625
2017-12-28,68.03253936767578,148.39085388183594,73.96163177490234,38.8128662109375,27.0396728515625,235.16416931152344,30.460107803344727,25.351552963256836
2017-12-29,67.55756378173828,147.47250366210938,73.58881378173828,38.54976272583008,26.959985733032227,234.27748107910156,30.331439971923828,25.252777099609375
2018-01-02,68.06769561767578,150.05726623535156,73.92613983154297,39.05783462524414,27.092798233032227,235.95425415039062,30.58879852294922,25.409168243408203
2018-01-03,68.00617218017578,151.51531982421875,74.44986724853516,39.302799224853516,27.261016845703125,237.44676208496094,30.85533905029297,25.499710083007812
2018-01-04,68.19084930419922,151.78042602539062,74.78719329833984,39.556827545166016,27.376121520996094,238.4475555419922,30.974834442138672,25.639633178710938
2018-01-05,68.4811019897461,153.3047332763672,75.275390625,39.67477035522461,27.6063175201416,240.03662109375,31.27812957763672,25.730180740356445
2018-01-08,68.58666229248047,153.90122985839844,75.50621032714844,39.75642395019531,27.66830062866211,240.4755401611328,31.342493057250977,25.76310920715332
2018-01-09,68.51629638671875,153.9107208251953,75.73699188232422,39.81085968017578,27.730276107788086,241.0198211669922,31.42520523071289,25.80425262451172
2018-01-10,68.4019546508789,153.5509033203125,75.59496307373047,39.97417449951172,27.71256446838379,240.65103149414062,31.3241024017334,25.796030044555664
2018-01-11,69.65967559814453,154.60179138183594,75.99441528320312,40.60924530029297,27.942764282226562,242.4069061279297,31.517127990722656,26.018266677856445
2018-01-12,69.97633361816406,155.73800659179688,76.5447769165039,40.97216796875,28.137554168701172,243.98719787597656,31.746906280517578,26.174659729003906
2018-01-16,69.28150177001953,155.2930145263672,76.27848052978516,40.58203887939453,27.978179931640625,243.15306091308594,31.654987335205078,26.06765365600586
2018-01-17,69.97633361816406,156.9688262939453,77.3437271118164,40.96308517456055,28.24379539489746,245.47079467773438,32.01345443725586,26.248729705810547
2018-01-18,69.40462493896484,156.9972686767578,77.12178802490234,40.89051818847656,28.155258178710938,245.0581512451172,32.031829833984375,26.174659729003906
2018-01-19,70.41610717773438,157.4895782470703,77.6100082397461,41.17176818847656,28.314624786376953,246.17306518554688,32.160526275634766,26.26519775390625
2018-01-22,70.59201049804688,159.17486572265625,78.01832580566406,41.507442474365234,28.482851028442383,248.17471313476562,32.399478912353516,26.49566650390625
2018-01-23,70.662353515625,160.49087524414062,78.03609466552734,41.60724639892578,28.420875549316406,248.70144653320312,32.54655838012695,26.51212501525879
2018-01-24,70.24898529052734,159.4494171142578,77.83192443847656,41.443946838378906,28.35004997253418,248.60482788085938,32.45464324951172,26.577972412109375
2018-01-25,70.44248962402344,159.392578125,77.84967041015625,41.06288146972656,28.438579559326172,248.71014404296875,32.50059509277344,26.561511993408203
2018-01-26,70.679931640625,161.8353729248047,78.6574478149414,41.67075729370117,28.695337295532227,251.5897674560547,32.950965881347656,26.783748626708984
2018-01-29,70.28416442871094,161.04954528808594,77.96508026123047,41.471153259277344,28.491703033447266,249.92173767089844,32.730369567871094,26.619129180908203
2018-01-30,69.63330841064453,159.72396850585938,77.13065338134766,40.78163528442383,28.208383560180664,247.35826110839844,32.399478912353516,26.314579010009766
2018-01-31,69.25508117675781,160.38674926757812,76.9531021118164,40.817928314208984,28.226091384887695,247.48129272460938,32.50978469848633,26.289892196655273
2018-02-01,69.54533386230469,159.0233917236328,77.0152587890625,40.89958572387695,28.199527740478516,247.20028686523438,32.381107330322266,26.306350708007812
2018-02-02,68.16445922851562,155.8515625,75.42630004882812,39.80178451538086,27.694862365722656,241.81875610351562,31.72852325439453,25.70548439025879
2018-02-05,65.48186492919922,149.70692443847656,72.54133605957031,37.97817611694336,26.526147842407227,231.70523071289062,30.4509220123291,24.643686294555664
2018-02-06,66.29985046386719,153.67398071289062,73.66869354248047,38.749366760253906,27.004255294799805,236.2703399658203,31.131078720092773,24.972923278808594
2018-02-07,66.33502960205078,151.68572998046875,73.40238952636719,38.65862274169922,26.959985733032227,234.98858642578125,30.928874969482422,24.890613555908203
2018-02-08,64.51436614990234,145.285400390625,70.85475158691406,36.95296859741211,25.959501266479492,226.1744384765625,29.69723892211914,24.051048278808594
2018-02-09,65.20922088623047,147.79443359375,72.0176010131836,37.42475509643555,26.38448715209961,229.57191467285156,30.221139907836914,24.3555965423584
2018-02-12,65.84246063232422,150.41702270507812,72.878662109375,38.059837341308594,26.71208381652832,232.94313049316406,30.726669311523438,24.635454177856445
2018-02-13,65.88644409179688,151.19342041015625,73.14495849609375,38.17778396606445,26.791770935058594,233.5224609375,30.809383392333984,24.693071365356445
2018-02-14,67.10021209716797,154.02430725097656,74.10369110107422,39.09412384033203,27.145919799804688,236.67420959472656,31.25057601928711,24.981155395507812
2018-02-15,67.7774658203125,156.88365173339844,75.01795959472656,39.27558135986328,27.508928298950195,239.6941680908203,31.746906280517578,25.211626052856445
2018-02-16,68.01496124267578,156.18299865722656,75.06236267089844,39.16670227050781,27.544342041015625,239.76438903808594,31.71014404296875,25.261014938354492
2018-02-20,67.42566680908203,156.4954376220703,74.6451416015625,39.3209342956543,27.24331283569336,238.2632293701172,31.63661003112793,25.014076232910156
2018-02-21,67.5751724243164,156.05043029785156,74.15692901611328,39.07597351074219,27.0396728515625,237.07794189453125,31.54469108581543,24.857690811157227
2018-02-22,67.52240753173828,156.0315399169922,74.18354797363281,39.04876708984375,27.092798233032227,237.38523864746094,31.57225799560547,24.83300018310547
2018-02-23,68.39315032958984,159.2222137451172,75.39080810546875,39.8471565246582,27.4735107421875,241.16908264160156,32.11454772949219,25.236316680908203
2018-02-26,68.85929870605469,161.3335418701172,76.24299621582031,40.219139099121094,27.809951782226562,243.96961975097656,32.50059509277344,25.516172409057617
2018-02-27,67.85663604736328,159.33578491210938,75.39080810546875,39.72920227050781,27.500076293945312,240.92327880859375,32.12374496459961,25.178693771362305
2018-02-28,66.6164779663086,158.31329345703125,74.71617126464844,39.27558135986328,27.190189361572266,238.48263549804688,31.8204402923584,24.83300018310547
2018-03-01,66.34383392333984,155.7285614013672,73.7663345336914,38.75843048095703,26.809476852416992,235.01499938964844,31.342493057250977,24.56960105895996
2018-03-02,67.43445587158203,157.15826416015625,74.21906280517578,39.1757698059082,26.942279815673828,236.2264862060547,31.535491943359375,24.660144805908203
2018-03-05,67.92699432373047,158.90029907226562,74.93807983398438,39.75642395019531,27.225603103637695,238.95677185058594,31.884765625,24.948230743408203
2018-03-06,68.74496459960938,159.57249450683594,75.29316711425781,40.13747787475586,27.199037551879883,239.5624542236328,31.958309173583984,24.997621536254883
2018-03-07,69.246337890625,159.94178771972656,75.19551086425781,40.17376708984375,27.154775619506836,239.47476196289062,32.04103469848633,24.898845672607422
2018-03-08,69.14076232910156,160.82229614257812,75.66597747802734,40.30986785888672,27.305288314819336,240.6334991455078,32.224849700927734,24.9893856048584
2018-03-09,70.19621276855469,163.94668579101562,76.93534851074219,41.108253479003906,27.756834030151367,244.8211669921875,32.81309509277344,25.400938034057617
2018-03-12,70.4600830078125,164.81776428222656,76.9264907836914,41.11732864379883,27.65944480895996,244.5138397216797,32.82229232788086,25.34331703186035
2018-03-13,70.23139190673828,162.57383728027344,76.56255340576172,40.78163528442383,27.4735107421875,242.93360900878906,32.57412338256836,25.211626052856445
2018-03-14,69.89716339111328,162.5454559326172,76.03881072998047,40.473167419433594,27.24331283569336,241.68699645996094,32.45464324951172,25.005849838256836
2018-03-15,69.5893325805664,162.40341186523438,76.05655670166016,40.355220794677734,27.216747283935547,241.4236297607422,32.45464324951172,24.981155395507812
2018-03-16,70.1082763671875,161.92059326171875,76.24299621582031,40.55481719970703,27.340702056884766,241.6853790283203,32.45464324951172,25.038774490356445
2018-03-19,69.49259185791016,158.4657745361328,75.275390625,40.014503479003906,27.01029396057129,238.41537475585938,31.956890106201172,24.76889419555664
2018-03-20,69.47502136230469,158.9874267578125,75.58609771728516,40.16004180908203,27.143522262573242,238.82083129882812,32.06749725341797,24.752342224121094
2018-03-21,69.77404022216797,158.29510498046875,75.46182250976562,40.32377624511719,27.072467803955078,238.36241149902344,31.901607513427734,24.793731689453125
2018-03-22,68.33516693115234,154.3879852294922,73.50646209716797,39.08668518066406,26.361900329589844,232.40408325195312,31.072011947631836,24.205970764160156
2018-03-23,66.86188507080078,150.31959533691406,71.86585235595703,38.00422286987305,25.891155242919922,227.45050048828125,30.380712509155273,23.734092712402344
2018-03-26,68.37045288085938,155.90528869628906,73.89877319335938,39.19584274291992,26.52178192138672,233.67332458496094,31.320884704589844,24.263916015625
2018-03-27,67.21477508544922,150.86019897460938,72.80204772949219,38.26802062988281,26.166505813598633,229.69815063476562,30.565065383911133,24.04039764404297
2018-03-28,67.302978515625,149.12477111816406,72.67721557617188,37.91326904296875,26.166505813598633,229.0194549560547,30.380712509155273,24.048675537109375
2018-03-29,67.93816375732422,151.85597229003906,73.7471923828125,38.65916442871094,26.50401496887207,231.9457244873047,30.89689064025879,24.338424682617188
2018-04-02,66.38550567626953,147.47462463378906,71.98176574707031,37.48573684692383,25.891155242919922,226.93923950195312,30.141054153442383,23.81688690185547
2018-04-03,67.38239288330078,149.13421630859375,72.99820709228516,38.03152084350586,26.264202117919922,229.847900390625,30.491323471069336,24.131465911865234
2018-04-04,68.22929382324219,151.48611450195312,73.9076919555664,38.57730484008789,26.557308197021484,232.30703735351562,30.906105041503906,24.3963680267334
2018-04-05,68.9615249633789,152.3490753173828,74.24652099609375,38.859275817871094,26.726062774658203,234.14048767089844,31.090456008911133,24.570209503173828
2018-04-06,67.71763610839844,148.53680419921875,72.57025146484375,37.77682113647461,26.113208770751953,228.92245483398438,30.35306167602539,24.090070724487305
2018-04-09,67.54117584228516,149.5799560546875,72.7485580444336,37.84959411621094,26.113208770751953,230.05072021484375,30.491323471069336,24.148019790649414
2018-04-10,68.82037353515625,152.88015747070312,73.98794555664062,38.695552825927734,26.539539337158203,233.70860290527344,31.035144805908203,24.528823852539062
2018-04-11,68.93506622314453,151.99813842773438,73.54212951660156,38.449951171875,26.370786666870117,232.4833984375,30.860013961791992,24.3963680267334
2018-04-12,69.27912139892578,153.8284912109375,74.04144287109375,39.013912200927734,26.583955764770508,234.3960723876953,31.145763397216797,24.57849884033203
2018-04-13,69.03208923339844,153.03187561035156,73.7650375366211,38.731929779052734,26.53066062927246,233.70860290527344,31.053585052490234,24.512266159057617
2018-04-16,69.79962921142578,154.19827270507812,74.34457397460938,39.08668518066406,26.690540313720703,235.63002014160156,31.293243408203125,24.71094512939453
2018-04-17,70.46125793457031,157.51748657226562,74.9687271118164,39.42324447631836,26.921472549438477,238.15090942382812,31.809415817260742,24.826841354370117
2018-04-18,70.71710205078125,157.8399200439453,74.70126342773438,39.63245391845703,26.921472549438477,238.3272247314453,31.864717483520508,24.826841354370117
2018-04-19,70.16131591796875,156.3889923095703,73.84527587890625,39.30500030517578,26.672775268554688,237.00514221191406,31.578975677490234,24.760622024536133
2018-04-20,69.74668884277344,153.91383361816406,73.20329284667969,39.08668518066406,26.49513816833496,234.99539184570312,31.228713989257812,24.61989402770996
2018-04-23,69.7202377319336,153.52500915527344,73.12305450439453,38.99571228027344,26.459606170654297,234.96017456054688,31.19184684753418,24.669553756713867
2018-04-24,69.393798828125,150.27223205566406,72.26708984375,38.39537048339844,26.086563110351562,231.79588317871094,30.58348846435547,24.462596893310547
2018-04-25,69.27912139892578,150.4524688720703,72.39191436767578,38.39537048339844,26.139856338500977,232.3687744140625,30.638795852661133,24.561935424804688
2018-04-26,69.49966430664062,153.61985778808594,73.14087677001953,38.77740478515625,26.459606170654297,234.7310333251953,31.13653564453125,24.653003692626953
2018-04-27,69.27030181884766,153.7146759033203,73.23894500732422,38.66825866699219,26.441844940185547,234.9513702392578,31.182634353637695,24.69439125061035
2018-04-30,68.65274047851562,152.62411499023438,72.78421783447266,38.15885925292969,26.22867774963379,233.14447021484375,30.96141242980957,24.454322814941406
2018-05-01,68.95270538330078,154.36898803710938,72.81989288330078,38.21343994140625,26.21978759765625,233.5587921142578,31.164199829101562,24.379812240600586
2018-05-02,69.12032318115234,153.45858764648438,72.57913970947266,37.995140075683594,26.042150497436523,231.98983764648438,31.007495880126953,24.1728515625
2018-05-03,68.69689178466797,153.43966674804688,72.59698486328125,37.931453704833984,26.077680587768555,231.47853088378906,31.025930404663086,24.04039764404297
2018-05-04,69.54377746582031,156.35098266601562,73.48859405517578,38.55908966064453,26.370786666870117,234.47543334960938,31.46837043762207,24.321863174438477
2018-05-07,70.0819091796875,157.65020751953125,73.65804290771484,38.759220123291016,26.37966537475586,235.26866149902344,31.6342716217041,24.338424682617188
2018-05-08,70.68180847167969,157.48904418945312,73.73827362060547,38.96843719482422,26.441844940185547,235.26866149902344,31.643508911132812,24.321863174438477
2018-05-09,71.07880401611328,159.2055206298828,74.36244201660156,39.550601959228516,26.63724136352539,237.54270935058594,31.966108322143555,24.561935424804688
2018-05-10,71.45813751220703,160.85556030273438,74.95982360839844,39.91444396972656,26.841529846191406,239.763916015625,32.261070251464844,24.78545570373535
2018-05-11,71.57282257080078,160.70388793945312,75.1649169921875,39.79619216918945,26.912588119506836,240.49551391601562,32.31637954711914,24.851682662963867
2018-05-14,71.26407623291016,160.97886657714844,75.08464050292969,39.959922790527344,26.930355072021484,240.6100616455078,32.34403610229492,24.893077850341797
2018-05-15,71.29935455322266,159.19601440429688,74.59424591064453,39.92354965209961,26.83265495300293,238.95301818847656,32.02140426635742,24.78545570373535
2018-05-16,72.14628601074219,160.24868774414062,74.98655700683594,40.33287048339844,27.00140953063965,239.9578094482422,32.15046310424805,24.893077850341797
2018-05-17,72.5873794555664,159.63226318359375,75.06682586669922,40.46931076049805,27.01029396057129,239.755126953125,32.09515380859375,24.934465408325195
2018-05-18,72.73733520507812,158.80723571777344,74.92414855957031,40.25100326538086,27.00140953063965,239.15577697753906,32.07672119140625,24.81856918334961
2018-05-21,73.40780639648438,159.69857788085938,75.31646728515625,40.61486053466797,27.17905044555664,240.9539031982422,32.31637954711914,24.992414474487305
2018-05-22,72.80790710449219,159.48997497558594,75.06682586669922,40.50570297241211,27.063587188720703,240.28396606445312,32.178104400634766,24.951017379760742
2018-05-23,72.87848663330078,160.8366241455078,75.37890625,40.523895263671875,27.099119186401367,240.9449920654297,32.417762756347656,24.92618751525879
2018-05-24,72.89613342285156,160.78919982910156,75.35213470458984,40.4784049987793,27.15240478515625,240.45143127441406,32.390106201171875,24.835124969482422
2018-05-25,72.79029846191406,160.95042419433594,75.12032318115234,40.33287048339844,27.099119186401367,239.87850952148438,32.390106201171875,24.71094512939453
2018-05-29,72.83438110351562,160.2391815185547,74.3802490234375,39.723419189453125,26.779361724853516,237.11959838867188,32.10437774658203,24.338424682617188
2018-05-30,73.85774993896484,161.3866424560547,75.35213470458984,40.287391662597656,27.081348419189453,240.28396606445312,32.45464324951172,24.727506637573242
2018-05-31,73.08137512207031,161.28233337402344,74.74581909179688,39.959922790527344,26.850412368774414,238.8119659423828,32.307159423828125,24.520549774169922
2018-06-01,73.58425903320312,163.8144073486328,75.56613159179688,40.687625885009766,27.116880416870117,241.15660095214844,32.73116683959961,24.70267105102539
2018-06-04,74.4311752319336,165.2937469482422,76.02085876464844,40.6330451965332,27.30339813232422,242.30233764648438,32.9523811340332,24.74405860900879
2018-06-05,74.96929168701172,165.8058624267578,76.13680267333984,40.82407760620117,27.39221954345703,242.4786834716797,33.0445556640625,24.727506637573242
2018-06-06,75.44569396972656,166.77316284179688,76.81443786621094,41.31526184082031,27.649797439575195,244.50599670410156,33.29342269897461,24.951017379760742
2018-06-07,75.16338348388672,165.4170684814453,76.73418426513672,41.04237365722656,27.632038116455078,244.47952270507812,33.14594650268555,25.058639526367188
2018-06-08,75.34864807128906,165.42648315429688,76.96601104736328,41.14244079589844,27.74750328063965,245.20230102539062,33.228904724121094,25.149703979492188
2018-06-11,75.56036376953125,165.87225341796875,76.85900115966797,41.24250030517578,27.765262603759766,245.5283660888672,33.24733352661133,25.19108772277832
2018-06-12,75.63977813720703,166.74472045898438,76.97491455078125,41.32436752319336,27.791912078857422,245.84573364257812,33.37638473510742,25.157978057861328
2018-06-13,75.18984985351562,166.73526000976562,76.53803253173828,41.22429275512695,27.658679962158203,245.0613250732422,33.265777587890625,25.042083740234375
2018-06-14,75.44569396972656,168.4232940673828,76.63609313964844,41.34255599975586,27.676448822021484,245.67823791503906,33.46855545043945,25.025527954101562
2018-06-15,75.47216796875,167.83531188964844,76.76984405517578,41.11515426635742,27.729734420776367,245.3649444580078,33.413246154785156,25.025527954101562
2018-06-18,75.91324615478516,167.73831176757812,76.53803253173828,41.114227294921875,27.632579803466797,244.86016845703125,33.393829345703125,24.942218780517578
2018-06-19,75.84270477294922,167.26316833496094,76.24378967285156,40.784812927246094,27.400821685791016,243.92172241210938,33.19962692260742,24.86724090576172
2018-06-20,76.43375396728516,168.45114135742188,76.16353607177734,40.92207336425781,27.45430564880371,244.33787536621094,33.3290901184082,24.875572204589844
2018-06-21,75.6750717163086,166.98753356933594,75.58396911621094,40.473690032958984,27.24036979675293,242.80615234375,33.07939910888672,24.73395538330078
2018-06-22,75.65741729736328,166.61692810058594,75.6374740600586,40.446224212646484,27.222543716430664,243.24880981445312,33.051658630371094,24.86724090576172
2018-06-25,74.48407745361328,162.86300659179688,74.67447662353516,39.51285934448242,26.80360221862793,239.93740844726562,32.46905517578125,24.642309188842773
2018-06-26,74.94152069091797,163.5282745361328,74.76140594482422,39.576908111572266,26.865995407104492,240.46871948242188,32.57078170776367,24.66730499267578
2018-06-27,73.88864135742188,161.3043975830078,74.03591918945312,39.00041961669922,26.580760955810547,238.47659301757812,32.173126220703125,24.56733512878418
2018-06-28,74.08329772949219,162.6919708251953,74.56432342529297,39.238338470458984,26.714460372924805,239.84002685546875,32.450557708740234,24.658971786499023
2018-06-29,73.84441375732422,163.1291046142578,74.74347686767578,39.320701599121094,26.7501220703125,240.1853790283203,32.487548828125,24.6839656829834
2018-07-02,74.6141586303711,164.22203063964844,74.76140594482422,39.476253509521484,26.830337524414062,240.69888305664062,32.67250442504883,24.658971786499023
2018-07-03,74.7999496459961,162.32127380371094,74.64492797851562,39.119380950927734,26.714460372924805,239.84890747070312,32.422821044921875,24.6506404876709
2018-07-05,75.71127319335938,164.3360595703125,75.2540054321289,39.531166076660156,26.990793228149414,241.8056182861328,32.7557373046875,24.808931350708008
2018-07-06,76.2863998413086,166.89256286621094,75.89888000488281,39.942935943603516,27.284944534301758,243.850830078125,33.107154846191406,24.942218780517578
2018-07-09,76.8526611328125,168.3941192626953,76.50792694091797,40.5743522644043,27.463220596313477,246.0465545654297,33.41232681274414,25.183805465698242
2018-07-10,76.48990631103516,168.51763916015625,76.79454040527344,40.656700134277344,27.570188522338867,246.9320068359375,33.49556350708008,25.283777236938477
2018-07-11,75.85284423828125,167.66232299804688,76.2392349243164,40.025299072265625,27.41864585876465,245.12579345703125,33.3290901184082,25.050525665283203
2018-07-12,76.02979278564453,170.55140686035156,76.85725402832031,40.41876983642578,27.632579803466797,247.3480682373047,33.745243072509766,25.15048599243164
2018-07-13,75.95903015136719,170.6940155029297,76.94680786132812,40.37303161621094,27.677148818969727,247.54283142089844,33.80073165893555,25.175485610961914
2018-07-16,75.69358825683594,170.28526306152344,76.59749603271484,40.31812286376953,27.525611877441406,247.3214569091797,33.717506408691406,25.1921443939209
2018-07-17,76.10944366455078,171.32122802734375,77.09907531738281,40.63840103149414,27.721712112426758,248.3220977783203,33.939453125,25.217138290405273
2018-07-18,76.41912841796875,170.9980926513672,77.26029205322266,40.931217193603516,27.828683853149414,248.84432983398438,33.9764404296875,25.308773040771484
2018-07-19,77.01192474365234,170.1427459716797,77.11695861816406,40.629249572753906,27.77519416809082,247.9058837890625,33.80998992919922,25.233797073364258
2018-07-20,76.72881317138672,170.10475158691406,76.96471405029297,40.391319274902344,27.739543914794922,247.62249755859375,33.81923294067383,25.175485610961914
2018-07-23,76.75535583496094,170.64646911621094,76.95576477050781,40.51029968261719,27.739543914794922,248.08297729492188,33.88397216796875,25.217138290405273
2018-07-24,76.03868865966797,171.3496856689453,77.28714752197266,40.46452713012695,27.757369995117188,249.33131408691406,34.04118347167969,25.333763122558594
2018-07-25,76.19794464111328,173.74459838867188,78.06639862060547,40.894615173339844,28.105009078979492,251.45623779296875,34.49430465698242,25.442066192626953
2018-07-26,77.01192474365234,171.1121063232422,78.00365447998047,41.03187561035156,28.03369140625,250.86306762695312,34.161399841308594,25.583683013916016
2018-07-27,75.69358825683594,168.8027801513672,77.5200424194336,40.61094284057617,27.766286849975586,249.1631317138672,33.791500091552734,25.53369903564453
2018-07-30,75.34852600097656,166.41734313964844,77.00054168701172,40.23576736450195,27.472129821777344,247.86158752441406,33.375335693359375,25.583683013916016
2018-07-31,76.23331451416016,167.69082641601562,77.5200424194336,40.46452713012695,27.61474609375,249.08335876464844,33.60654067993164,25.666988372802734
2018-08-01,76.20677947998047,168.32754516601562,77.31403350830078,40.135108947753906,27.632579803466797,248.66726684570312,33.717506408691406,25.508708953857422
2018-08-02,76.87920379638672,170.6179656982422,77.582763671875,40.41876983642578,27.83759117126465,250.0218963623047,33.9764404296875,25.53369903564453
2018-08-03,76.63147735595703,171.14064025878906,77.94100189208984,40.50114059448242,27.935640335083008,251.09315490722656,34.10591125488281,25.708650588989258
2018-08-06,77.13582611083984,172.1480255126953,78.1828384399414,40.647544860839844,28.015867233276367,252.01406860351562,34.253875732421875,25.775297164916992
2018-08-07,77.28621673583984,172.77523803710938,78.51421356201172,40.839717864990234,28.131746292114258,252.8463134765625,34.346343994140625,25.850271224975586
2018-08-08,77.24197387695312,172.9842987060547,78.41571044921875,40.8488655090332,28.105009078979492,252.7401123046875,34.38335037231445,25.80862045288086
2018-08-09,77.33045959472656,172.87977600097656,78.23658752441406,40.67499923706055,28.0247859954834,252.39476013183594,34.3648567199707,25.733640670776367
2018-08-10,77.17120361328125,171.55877685546875,77.7350082397461,40.23576736450195,27.882164001464844,250.70375061035156,34.1336555480957,25.57535743713379
2018-08-13,76.82613372802734,171.36871337890625,77.43943786621094,40.01614761352539,27.83759117126465,249.76527404785156,34.05967712402344,25.417070388793945
2018-08-14,77.81710815429688,172.442626953125,77.96786499023438,40.3547248840332,28.08718490600586,251.35877990722656,34.272377014160156,25.59202003479004
2018-08-15,76.91459655761719,170.33277893066406,77.61857604980469,39.69587326049805,27.873247146606445,249.48184204101562,33.99494552612305,25.417070388793945
2018-08-16,77.54281616210938,170.8935546875,78.23658752441406,39.942935943603516,28.069355010986328,251.50042724609375,34.161399841308594,25.71697998046875
2018-08-17,78.02945709228516,170.9315643310547,78.57691955566406,40.05274963378906,28.113920211791992,252.3859100341797,34.244632720947266,25.841941833496094
2018-08-20,78.29487609863281,170.7794952392578,78.91727447509766,40.20832061767578,28.185232162475586,252.92596435546875,34.2816276550293,25.94190788269043
2018-08-21,79.22392272949219,171.4066925048828,79.06056213378906,40.58350372314453,28.301109313964844,253.51919555664062,34.346343994140625,26.00021743774414
2018-08-22,79.38316345214844,172.07199096679688,79.06056213378906,40.67499923706055,28.318927764892578,253.3686981201172,34.40183639526367,25.94190788269043
2018-08-23,79.14427947998047,171.8248748779297,79.08747100830078,40.48283767700195,28.33676528930664,253.03225708007812,34.374107360839844,25.86693572998047
2018-08-24,79.42740631103516,173.42149353027344,79.51736450195312,40.949527740478516,28.550689697265625,254.55511474609375,34.65154266357422,25.966903686523438
2018-08-27,79.48049926757812,175.1891632080078,80.03685760498047,41.5351676940918,28.693313598632812,256.56488037109375,34.9659423828125,26.150175094604492
2018-08-28,79.48049926757812,175.4457550048828,80.01893615722656,41.5626106262207,28.693313598632812,256.6888427734375,34.99370193481445,26.116849899291992
2018-08-29,79.64859771728516,177.4700469970703,80.48470306396484,41.78224563598633,28.898334503173828,258.0699768066406,35.29887771606445,26.183500289916992
2018-08-30,79.44512176513672,177.15640258789062,80.11747741699219,41.42536926269531,28.773534774780273,257.0252685546875,35.19715881347656,26.033546447753906
2018-08-31,79.90518188476562,177.3844757080078,80.41304779052734,41.40706253051758,28.862672805786133,257.0340270996094,35.23414611816406,26.0085506439209
2018-09-04,79.5689697265625,176.62420654296875,80.32345581054688,41.333858489990234,28.88941764831543,256.5914611816406,35.19715881347656,25.958572387695312
2018-09-05,79.48934173583984,174.3433380126953,80.32345581054688,41.07762908935547,28.728971481323242,255.90086364746094,34.88273239135742,26.083526611328125
2018-09-06,78.89653015136719,172.78477478027344,80.22493743896484,40.56519317626953,28.693313598632812,255.13058471679688,34.76250457763672,26.025211334228516
2018-09-07,78.71955871582031,172.11953735351562,79.94730377197266,40.345577239990234,28.65766143798828,254.63473510742188,34.68852615356445,25.950233459472656
2018-09-10,78.80805206298828,172.69918823242188,80.14435577392578,40.61094284057617,28.764623641967773,255.07745361328125,34.753257751464844,26.016883850097656
2018-09-11,78.83458709716797,174.02972412109375,80.33241271972656,40.66584014892578,28.773534774780273,255.9185791015625,34.94746017456055,26.033546447753906
2018-09-12,78.58686828613281,173.51654052734375,80.36824798583984,40.61094284057617,28.82701873779297,255.9805145263672,34.928977966308594,26.066875457763672
2018-09-13,78.59571838378906,175.36973571777344,80.83399200439453,40.79396438598633,29.005294799804688,257.4945068359375,35.21565246582031,26.133514404296875
2018-09-14,79.16197967529297,174.8565673828125,80.95940399169922,41.0867919921875,29.049863815307617,257.5387878417969,35.18790054321289,26.166839599609375
2018-09-17,78.2860336303711,172.33807373046875,80.57426452636719,40.69330978393555,28.862672805786133,256.17535400390625,34.84573745727539,26.158504486083984
2018-09-18,78.50720977783203,173.76365661621094,80.95044708251953,41.050174713134766,29.058774948120117,257.5653076171875,35.09542465209961,26.27513313293457
2018-09-19,78.01173400878906,173.63055419921875,80.94149780273438,41.361305236816406,29.023120880126953,257.83978271484375,35.05843734741211,26.358440399169922
2018-09-20,78.68418884277344,175.55027770996094,81.55948638916016,41.81884765625,29.219223022460938,259.9293212890625,35.38210678100586,26.533390045166016
2018-09-21,78.25064086914062,174.59046936035156,81.73863983154297,41.800540924072266,29.281618118286133,259.69183349609375,35.28963851928711,26.55838394165039
2018-09-24,77.7286148071289,175.07598876953125,81.36244201660156,41.679386138916016,29.18665885925293,258.8291320800781,35.3146858215332,26.368776321411133
2018-09-25,77.77285766601562,175.31399536132812,81.15644073486328,41.49582290649414,29.18665885925293,258.58892822265625,35.333248138427734,26.27648162841797
2018-09-26,77.11329650878906,175.43775939941406,81.01077270507812,41.220458984375,29.18665885925293,257.815185546875,35.25900650024414,26.133861541748047
2018-09-27,77.13995361328125,176.92298889160156,81.1546630859375,41.367313385009766,29.28519630432129,258.5356750488281,35.46319580078125,26.133861541748047
2018-09-28,77.44176483154297,176.88490295410156,81.2715835571289,41.25718307495117,29.383745193481445,258.5622863769531,35.49103546142578,26.108694076538086
2018-10-01,76.28777313232422,177.2467498779297,81.57733154296875,41.394859313964844,29.4822940826416,259.4606018066406,35.61167907714844,26.209369659423828
2018-10-02,75.47107696533203,176.84681701660156,81.6402816772461,41.23881912231445,29.437496185302734,259.3094177246094,35.537437438964844,26.268096923828125
2018-10-03,76.13683319091797,177.03726196289062,81.60431671142578,41.449920654296875,29.41061782836914,259.45172119140625,35.537437438964844,26.27648162841797
2018-10-04,75.23139953613281,173.63839721679688,80.87586975097656,40.94511032104492,29.088117599487305,257.4238586425781,35.06410598754883,26.259714126586914
2018-10-05,74.39698791503906,171.51524353027344,80.30030822753906,40.320980072021484,28.837282180786133,255.98316955566406,34.79494857788086,26.184202194213867
2018-10-08,74.33482360839844,170.468017578125,80.28231048583984,40.10986328125,28.72081756591797,255.98316955566406,34.61860275268555,26.335224151611328
2018-10-09,74.10405731201172,171.0201416015625,80.12940979003906,39.82532501220703,28.702903747558594,255.6095428466797,34.62789535522461,26.251323699951172
2018-10-10,72.08013153076172,163.4988555908203,77.38648223876953,38.17321014404297,27.627883911132812,247.51611328125,33.29140090942383,25.58853530883789
2018-10-11,70.51779174804688,161.470947265625,75.58786010742188,37.43893814086914,27.13517189025879,242.06423950195312,32.715980529785156,24.94252586364746
2018-10-12,70.39353942871094,165.96473693847656,76.68502044677734,38.00799560546875,27.672677993774414,245.426025390625,33.430625915527344,25.06837272644043
2018-10-15,70.72196197509766,163.955810546875,76.28932189941406,37.71429443359375,27.493511199951172,244.04757690429688,33.10578536987305,25.018037796020508
2018-10-16,72.64823150634766,168.72569274902344,77.70124053955078,38.66884994506836,28.13851547241211,249.38377380371094,33.99677658081055,25.395565032958984
2018-10-17,72.28428649902344,168.7923126220703,77.65629577636719,38.659664154052734,28.102691650390625,249.4282989501953,33.978214263916016,25.420743942260742
2018-10-18,70.90837097167969,164.87930297851562,76.64907836914062,37.71429443359375,27.66371726989746,245.82623291015625,33.34709930419922,25.20261001586914
2018-10-19,70.21595764160156,164.72703552246094,76.28932189941406,37.32878875732422,27.672677993774414,245.69288635253906,33.244998931884766,25.244558334350586
2018-10-22,70.15384674072266,165.5743865966797,76.15442657470703,37.053443908691406,27.66371726989746,244.59010314941406,33.28212356567383,24.984479904174805
2018-10-23,69.6034927368164,164.9650115966797,75.65980529785156,36.640411376953125,27.48455238342285,243.3448944091797,33.10578536987305,24.84185028076172
2018-10-24,67.1534652709961,157.4151153564453,73.32156372070312,34.85062026977539,26.552873611450195,235.9719696044922,31.917802810668945,24.229406356811523
2018-10-25,68.61814880371094,162.86093139648438,74.427734375,35.58488082885742,27.036624908447266,240.2053985595703,32.725257873535156,24.472707748413086
2018-10-26,67.97014617919922,158.67185974121094,73.41149139404297,34.77718734741211,26.669336318969727,235.9808349609375,32.0291748046875,24.137121200561523
2018-10-29,67.77484130859375,155.40626525878906,73.26761627197266,34.31825256347656,26.561830520629883,234.6733856201172,31.62079620361328,24.22101402282715
2018-10-30,69.33718872070312,157.96730041503906,74.44573211669922,35.309532165527344,26.991836547851562,238.15089416503906,32.0662956237793,24.62371826171875
2018-10-31,69.2839126586914,161.68040466308594,75.1202163696289,35.942840576171875,27.305383682250977,240.69451904296875,32.61388397216797,24.707618713378906
2018-11-01,70.62432861328125,163.81297302246094,75.98355102539062,36.98002243041992,27.690595626831055,243.25601196289062,33.012969970703125,24.917362213134766
2018-11-02,71.04153442382812,161.261474609375,75.49791717529297,36.833160400390625,27.493511199951172,241.81515502929688,32.69742202758789,24.867023468017578
2018-11-05,71.112548828125,160.86158752441406,75.94759368896484,36.943302154541016,27.574134826660156,243.1493377685547,32.725257873535156,25.15227699279785
2018-11-06,71.51200103759766,162.0802459716797,76.44223022460938,37.18193817138672,27.771223068237305,244.68789672851562,32.9572868347168,25.303285598754883
2018-11-07,72.39080047607422,167.16427612304688,78.00701141357422,37.96210861206055,28.335599899291992,249.92636108398438,33.82972717285156,25.672433853149414
2018-11-08,72.23991394042969,166.09800720214844,77.91709899902344,37.7326545715332,28.26393699645996,249.47283935546875,33.77402877807617,25.622095108032227
2018-11-09,70.9882583618164,163.29884338378906,77.20663452148438,37.06261444091797,28.013103485107422,247.0358123779297,33.39349365234375,25.454301834106445
2018-11-12,69.70112609863281,158.35763549804688,75.77671813964844,35.8602409362793,27.377050399780273,242.41995239257812,32.55819320678711,25.118709564208984
2018-11-13,69.55021667480469,158.4909210205078,75.58786010742188,35.988739013671875,27.359132766723633,241.96633911132812,32.521080017089844,25.085155487060547
2018-11-14,69.0797348022461,157.28184509277344,74.99431610107422,35.76847839355469,27.179964065551758,240.31207275390625,32.251914978027344,24.917362213134766
2018-11-15,70.00296020507812,160.03329467773438,75.8036880493164,36.3375244140625,27.520383834838867,242.82017517089844,32.69742202758789,25.110322952270508
2018-11-16,70.22486114501953,159.47158813476562,75.71376037597656,36.27326965332031,27.33225440979004,243.4517059326172,32.725257873535156,25.21099853515625
2018-11-19,69.0619888305664,154.29234313964844,74.40074920654297,35.09843063354492,26.606624603271484,239.3337860107422,31.843549728393555,25.110322952270508
2018-11-20,67.7304458618164,151.53134155273438,73.13272094726562,34.60279083251953,26.113910675048828,234.90464782714844,31.32379913330078,24.581771850585938
2018-11-21,68.43171691894531,152.68331909179688,73.10574340820312,34.99746322631836,26.212448120117188,235.70506286621094,31.4537353515625,24.64889144897461
2018-11-23,68.42284393310547,151.57891845703125,72.58413696289062,34.76801300048828,26.06015396118164,234.13087463378906,31.277402877807617,24.472707748413086
2018-11-26,69.05311584472656,155.08253479003906,73.5194091796875,35.63078308105469,26.445375442504883,237.9107208251953,31.83426284790039,24.78312873840332
2018-11-27,68.54713439941406,155.60618591308594,73.67230987548828,35.5573616027832,26.534955978393555,238.71115112304688,31.927078247070312,24.850244522094727
2018-11-28,70.20709991455078,160.6140899658203,75.43497467041016,36.55781173706055,27.188920974731445,244.2076416015625,32.88302993774414,25.244558334350586
2018-11-29,69.86090087890625,160.09042358398438,75.084228515625,36.35588836669922,27.07246208190918,243.6740264892578,32.80878448486328,25.1942195892334
2018-11-30,70.39353942871094,161.25193786621094,75.81270599365234,36.64958190917969,27.24267578125,245.15933227539062,33.10578536987305,25.370397567749023
2018-12-03,70.81962585449219,164.07008361816406,76.68502044677734,37.41139602661133,27.627883911132812,248.4055633544922,33.597686767578125,25.5633602142334
2018-12-04,67.62393951416016,157.7769012451172,74.33780670166016,35.713382720947266,26.758920669555664,240.3566131591797,32.409690856933594,24.84185028076172
2018-12-06,67.38424682617188,158.89083862304688,74.31980895996094,35.53900146484375,26.821624755859375,239.991943359375,32.49322509765625,24.67405891418457
2018-12-07,66.1148681640625,153.6448974609375,72.61109924316406,34.3641471862793,26.078073501586914,234.41549682617188,31.57440185546875,24.254573822021484
2018-12-10,65.67989349365234,155.25392150878906,72.8359146118164,34.38250732421875,26.23932647705078,234.86024475097656,31.80641746520996,24.137121200561523
2018-12-11,65.61778259277344,155.76805114746094,72.88090515136719,34.32744216918945,26.284122467041016,234.9134979248047,31.86211585998535,24.086782455444336
2018-12-12,66.2657699584961,157.13902282714844,73.25862884521484,34.65787124633789,26.427453994750977,236.09632873535156,32.103424072265625,24.145509719848633
2018-12-13,65.25383758544922,157.18661499023438,73.30358123779297,34.40085983276367,26.436412811279297,236.01638793945312,32.103424072265625,24.12872314453125
2018-12-14,64.24185180664062,153.3592987060547,71.67578887939453,33.75837707519531,25.898906707763672,231.6584014892578,31.398054122924805,23.767967224121094
2018-12-17,62.74479675292969,149.88427734375,70.11371612548828,33.04245376586914,25.361398696899414,227.11363220214844,30.71125602722168,23.340097427368164
2018-12-18,62.825035095214844,150.82679748535156,70.21317291259766,33.22601318359375,25.361398696899414,226.86460876464844,30.831905364990234,23.197471618652344
2018-12-19,61.44301223754883,147.1232147216797,69.0379867553711,32.31736373901367,24.949312210083008,223.46714782714844,30.26576042175293,22.912227630615234
2018-12-20,60.57810592651367,144.9906005859375,68.01646423339844,31.830902099609375,24.501386642456055,219.82957458496094,29.77385711669922,22.568248748779297
2018-12-21,59.178226470947266,140.49685668945312,66.59717559814453,30.977304458618164,23.990755081176758,215.32530212402344,29.003522872924805,22.249441146850586
2018-12-24,58.08150863647461,137.01280212402344,65.00614166259766,30.22085952758789,23.363874435424805,209.63580322265625,28.272703170776367,21.647964477539062
2018-12-26,60.78317642211914,145.5677032470703,68.05261993408203,32.04738998413086,24.57080078125,220.2276611328125,29.7362060546875,22.612354278564453
2018-12-27,61.148746490478516,146.1310577392578,68.8481216430664,32.42561721801758,24.85901641845703,221.9183807373047,30.043825149536133,22.815387725830078
2018-12-28,61.43408203125,146.0546875,68.67635345458984,32.32415008544922,24.786958694458008,221.63209533691406,29.987890243530273,22.798463821411133
2018-12-31,61.808570861816406,147.28634643554688,69.3905258178711,32.55476760864258,25.04815673828125,223.5733642578125,30.295515060424805,22.976116180419922
2019-01-02,62.09387969970703,147.87838745117188,69.3543472290039,32.79461669921875,25.04815673828125,223.8059539794922,30.220930099487305,23.06917381286621
2019-01-03,60.93474578857422,143.04714965820312,67.60967254638672,31.650726318359375,24.21051788330078,218.46531677246094,29.465879440307617,22.510841369628906
2019-01-04,63.137115478515625,149.16732788085938,69.99620819091797,33.24663162231445,25.066173553466797,225.78302001953125,30.556520462036133,23.229896545410156
2019-01-07,63.97526168823242,150.94322204589844,70.42107391357422,33.84624481201172,25.309368133544922,227.56321716308594,30.761594772338867,23.399093627929688
2019-01-08,64.94715118408203,152.30859375,71.18042755126953,34.178340911865234,25.516525268554688,229.7012176513672,31.125131607055664,23.5851993560791
2019-01-09,65.60693359375,153.54983520507812,71.57815551757812,34.67649841308594,25.750703811645508,230.7747344970703,31.255645751953125,23.686717987060547
2019-01-10,65.8387680053711,153.989013671875,71.90362548828125,34.990150451660156,25.849781036376953,231.5888214111328,31.36749839782715,23.79669189453125
2019-01-11,65.97254180908203,153.4257049560547,71.69569396972656,34.96247100830078,25.82275390625,231.67828369140625,31.33954429626465,23.80514907836914
2019-01-14,65.4107894897461,152.0699005126953,71.31600952148438,34.65804672241211,25.64261817932129,230.26475524902344,31.106494903564453,23.72901153564453
2019-01-15,65.85660552978516,155.039306640625,71.96691131591797,35.02704620361328,25.912824630737305,232.9038848876953,31.600547790527344,23.898204803466797
2019-01-16,66.3648452758789,155.01065063476562,72.03016662597656,35.183860778808594,25.86779022216797,233.46742248535156,31.553939819335938,24.016639709472656
2019-01-17,67.00682830810547,156.23280334472656,72.68103790283203,35.543636322021484,26.11097526550293,235.23866271972656,31.79630470275879,24.219667434692383
2019-01-18,67.68447875976562,157.77952575683594,73.65736389160156,36.26319122314453,26.507280349731445,238.36965942382812,32.17850112915039,24.566509246826172
2019-01-22,66.56100463867188,154.61917114257812,72.60874938964844,35.38680648803711,26.16501808166504,235.14923095703125,31.740379333496094,24.245044708251953
2019-01-23,66.44510650634766,154.8197021484375,72.65392303466797,35.183860778808594,26.156017303466797,235.6412811279297,31.786975860595703,24.27888298034668
2019-01-24,66.81958770751953,155.82220458984375,72.71721649169922,35.838829040527344,26.30912971496582,235.7664337158203,31.824270248413086,24.321184158325195
2019-01-25,67.55072021484375,157.68408203125,73.51274108886719,36.558372497558594,26.561325073242188,237.76138305664062,32.02935791015625,24.58342742919922
2019-01-28,67.14059448242188,155.73626708984375,73.00650787353516,36.04177474975586,26.291112899780273,235.95443725585938,31.675119400024414,24.448078155517578
2019-01-29,67.13168334960938,154.2659454345703,73.04268646240234,35.82959747314453,26.192041397094727,235.6412811279297,31.563261032104492,24.49037742614746
2019-01-30,67.82713317871094,158.1901092529297,73.96472930908203,36.530696868896484,26.606353759765625,239.37159729003906,32.17850112915039,24.80337905883789
2019-01-31,68.37996673583984,160.5579833984375,75.11278533935547,36.77055740356445,26.84053611755371,241.47396850585938,32.551353454589844,24.93872833251953
2019-02-01,68.31756591796875,159.88009643554688,75.44725799560547,36.95505142211914,26.975637435913086,241.59019470214844,32.551353454589844,24.98103141784668
2019-02-04,69.19134521484375,161.86607360839844,75.9444808959961,37.13955307006836,27.236839294433594,243.28990173339844,32.80304718017578,25.12484359741211
2019-02-05,69.24483489990234,163.29823303222656,76.44165802001953,37.26871109008789,27.362932205200195,244.30972290039062,32.989471435546875,25.192522048950195
2019-02-06,69.14678192138672,162.81129455566406,76.30606079101562,37.324066162109375,27.353931427001953,243.9876708984375,32.89625930786133,25.184059143066406
2019-02-07,68.53153228759766,160.62481689453125,75.54670715332031,36.61371994018555,27.065702438354492,241.66183471679688,32.588645935058594,24.95564842224121
2019-02-08,68.49588012695312,160.93988037109375,75.74559020996094,36.7336540222168,27.19180679321289,241.95697021484375,32.700504302978516,24.913352966308594
2019-02-11,69.0575942993164,160.78709411621094,75.8269271850586,36.86280059814453,27.200815200805664,242.09112548828125,32.73779296875,24.930269241333008
2019-02-12,69.99382019042969,163.16456604003906,76.69479370117188,37.56390380859375,27.552072525024414,245.2042999267578,33.166595458984375,25.226354598999023
2019-02-13,70.27023315429688,163.27919006347656,77.12870788574219,37.74839401245117,27.687179565429688,246.00047302246094,33.23184585571289,25.327863693237305
2019-02-14,70.43074035644531,163.47962951660156,76.98406982421875,37.72994613647461,27.732223510742188,245.45486450195312,33.213199615478516,25.234811782836914
2019-02-15,71.48287200927734,164.16712951660156,77.7705307006836,38.043601989746094,27.96639633178711,248.129638671875,33.511497497558594,25.556276321411133
2019-02-19,71.87519836425781,164.49169921875,77.7705307006836,38.191192626953125,27.957387924194336,248.5590057373047,33.55810546875,25.640867233276367
2019-02-20,72.3833999633789,164.46311950683594,78.0869369506836,38.394134521484375,28.038450241088867,249.05990600585938,33.57674026489258,25.7254695892334
2019-02-21,72.04459381103516,163.86155700683594,77.66206359863281,38.07126998901367,27.90334129333496,248.17431640625,33.49285888671875,25.581649780273438
2019-02-22,72.37452697753906,165.07418823242188,78.42141723632812,38.44027328491211,28.173553466796875,249.7130126953125,33.7911491394043,25.674715042114258
2019-02-25,72.21402740478516,165.67568969726562,78.48471069335938,38.63399887084961,28.182558059692383,250.05288696289062,33.8377571105957,25.71700668334961
2019-02-26,71.51854705810547,165.84751892089844,78.46662902832031,38.52328872680664,28.191564559936523,249.87403869628906,33.84707260131836,25.674715042114258
2019-02-27,71.6255111694336,165.74253845214844,78.5750732421875,38.48638916015625,28.209579467773438,249.76666259765625,33.87504196166992,25.61549186706543
2019-02-28,71.34912109375,165.36062622070312,78.38526153564453,38.191192626953125,28.191564559936523,249.3014678955078,33.87504196166992,25.480140686035156
2019-03-01,71.75926971435547,166.5063934326172,78.95477294921875,38.569419860839844,28.407733917236328,250.8580322265625,34.154693603515625,25.64933204650879
2019-03-04,71.01922607421875,166.5349884033203,78.7468490600586,38.32957077026367,28.299652099609375,249.94552612304688,34.04283142089844,25.53089714050293
2019-03-05,70.7249755859375,166.6591033935547,78.65645599365234,38.07126998901367,28.236602783203125,249.60562133789062,34.00555419921875,25.47168731689453
2019-03-06,69.33402252197266,165.71388244628906,78.36717987060547,37.536216735839844,28.083484649658203,248.09376525878906,33.81911087036133,25.2771053314209
2019-03-07,68.61176300048828,163.68017578125,77.73436737060547,37.084205627441406,27.867326736450195,246.01841735839844,33.539459228515625,25.099456787109375
2019-03-08,68.54045867919922,163.43190002441406,77.58972930908203,36.92738342285156,27.795259475708008,245.5263214111328,33.43691635131836,25.091005325317383
2019-03-11,69.63717651367188,166.8310089111328,78.78299713134766,37.6376953125,28.26362419128418,249.08668518066406,33.9402961730957,25.437841415405273
2019-03-12,69.53018188476562,167.74755859375,79.10845184326172,37.803741455078125,28.36269760131836,250.0260772705078,34.052146911621094,25.522438049316406
2019-03-13,69.79767608642578,169.0078582763672,79.5333251953125,38.135833740234375,28.587871551513672,251.68109130859375,34.26655960083008,25.683168411254883
2019-03-14,69.50341796875,168.7214813232422,79.5062255859375,38.01591110229492,28.56985855102539,251.51995849609375,34.22926330566406,25.70854377746582
2019-03-15,69.5212631225586,170.28738403320312,79.85877227783203,38.348018646240234,28.813045501708984,252.76272583007812,34.43434143066406,25.818523406982422
2019-03-18,70.0651626586914,170.69293212890625,79.95819091796875,38.492088317871094,28.8870906829834,253.67922973632812,34.4736213684082,25.992942810058594
2019-03-19,69.55691528320312,171.26683044433594,79.91301727294922,38.593666076660156,28.869028091430664,253.7420196533203,34.5484504699707,25.924877166748047
2019-03-20,69.03804016113281,171.94593811035156,79.75326538085938,38.42742919921875,28.74260902404785,252.9783477783203,34.58586120605469,25.712167739868164
2019-03-21,69.94160461425781,174.63380432128906,80.54290008544922,39.25860595703125,29.13993263244629,255.83563232421875,34.98801803588867,25.992942810058594
2019-03-22,67.39193725585938,170.79811096191406,79.07254028320312,37.91027069091797,28.516857147216797,250.91177368164062,34.35204315185547,25.465429306030273
2019-03-25,67.71399688720703,170.47288513183594,79.0452880859375,37.799442291259766,28.507829666137695,250.72308349609375,34.380104064941406,25.39736557006836
2019-03-26,68.34917449951172,171.26683044433594,79.7623291015625,38.14115524291992,28.778732299804688,252.5919647216797,34.6419677734375,25.559019088745117
2019-03-27,68.3312759399414,170.16676330566406,79.41743469238281,37.73480224609375,28.643281936645508,251.27113342285156,34.43620300292969,25.473934173583984
2019-03-28,68.97541046142578,170.55899047851562,79.78958129882812,37.99339294433594,28.832904815673828,252.22366333007812,34.55779266357422,25.593048095703125
2019-03-29,69.02014923095703,171.8502960205078,80.3704605102539,38.3905029296875,29.031574249267578,253.8140106201172,34.800968170166016,25.763219833374023
2019-04-01,69.87003326416016,174.12684631347656,81.20545959472656,39.25860595703125,29.36568260192871,256.823974609375,35.13764190673828,26.095041275024414
2019-04-02,69.47640228271484,174.78683471679688,81.27806854248047,39.36017990112305,29.35664939880371,256.9498291015625,35.17506790161133,26.078031539916992
2019-04-03,69.81636810302734,175.7911834716797,81.3597640991211,39.71113204956055,29.419862747192383,257.35418701171875,35.24989700317383,26.129077911376953
2019-04-04,70.37100219726562,175.72422790527344,81.55036163330078,39.71113204956055,29.41083526611328,258.03704833984375,35.259246826171875,26.26521110534668
2019-04-05,70.98833465576172,176.6330108642578,81.96786499023438,40.02511978149414,29.555309295654297,259.28594970703125,35.38081741333008,26.401344299316406
2019-04-08,70.93464660644531,177.08251953125,82.06770324707031,40.08053207397461,29.65464210510254,259.48358154296875,35.39017868041992,26.46940803527832
2019-04-09,70.04896545410156,176.46078491210938,81.61388397216797,39.5910530090332,29.474042892456055,258.15380859375,35.26858901977539,26.273712158203125
2019-04-10,71.11358642578125,177.40774536132812,81.96786499023438,40.00665283203125,29.62755584716797,259.03436279296875,35.38081741333008,26.35879898071289
2019-04-11,70.97042083740234,176.9868927001953,82.02234649658203,40.02511978149414,29.6185245513916,258.9625244140625,35.35276794433594,26.37582015991211
2019-04-12,71.29248809814453,177.7520751953125,82.73934173583984,40.606937408447266,29.81719207763672,260.71453857421875,35.58657455444336,26.537479400634766
2019-04-15,71.0151596069336,177.7808380126953,82.73934173583984,40.357574462890625,29.79912757873535,260.5439147949219,35.59593963623047,26.528961181640625
2019-04-16,71.30144500732422,178.39297485351562,82.87548828125,40.625404357910156,29.79912757873535,260.71453857421875,35.539825439453125,26.59703254699707
2019-04-17,70.9793701171875,179.01473999023438,82.62135314941406,40.3391227722168,29.699798583984375,260.07666015625,35.39952850341797,26.58852767944336
2019-04-18,70.72886657714844,179.24429321289062,82.53966522216797,40.46841049194336,29.772029876708984,260.58880615234375,35.49306106567383,26.614055633544922
2019-04-22,70.36206817626953,179.75123596191406,82.53966522216797,40.56074905395508,29.735912322998047,260.81341552734375,35.57723617553711,26.58852767944336
2019-04-23,71.39984893798828,182.037353515625,83.45638275146484,40.94863510131836,29.95263671875,263.1585998535156,35.94198226928711,26.784215927124023
2019-04-24,71.62350463867188,181.4634246826172,83.40193176269531,40.91168975830078,29.97068977355957,262.57452392578125,35.87651062011719,26.716154098510742
2019-04-25,70.88096618652344,182.199951171875,83.12055969238281,40.588462829589844,29.853302001953125,262.412841796875,36.01679992675781,26.56300163269043
2019-04-26,71.51615142822266,182.362548828125,83.40193176269531,40.68082046508789,29.925539016723633,263.6347961425781,36.15708541870117,26.699132919311523
2019-04-29,71.86504364013672,182.71646118164062,83.39282989501953,40.75469970703125,29.925539016723633,264.0481262207031,36.175804138183594,26.767196655273438
2019-04-30,71.68614196777344,181.30081176757812,83.42008209228516,40.78240966796875,30.060997009277344,264.1829833984375,36.175804138183594,26.809743881225586
2019-05-01,71.04200744628906,180.7173309326172,82.6939697265625,40.385292053222656,29.790096282958984,262.1971130371094,35.81104278564453,26.690628051757812
2019-05-02,71.26563262939453,179.93295288085938,82.5669174194336,40.26523208618164,29.71785545349121,261.6310729980469,35.75492858886719,26.639572143554688
2019-05-03,72.67021179199219,182.80259704589844,83.20223999023438,40.71775436401367,29.925539016723633,264.19189453125,36.13837814331055,26.843778610229492
2019-05-06,72.79544067382812,181.6834259033203,82.88459777832031,40.32987594604492,29.81719207763672,263.1047058105469,36.007442474365234,26.716154098510742
2019-05-07,71.46248626708984,178.144287109375,81.46868896484375,39.471012115478516,29.302471160888672,258.7108154296875,35.43693923950195,26.26521110534668
2019-05-08,70.88990783691406,177.6947021484375,81.42328643798828,39.397125244140625,29.320533752441406,258.3515319824219,35.40888595581055,26.214155197143555
2019-05-09,70.72886657714844,176.7381591796875,81.16007995605469,39.22166061401367,29.257322311401367,257.56988525390625,35.287288665771484,26.15460205078125
2019-05-10,70.96148681640625,176.95816040039062,81.53219604492188,39.230899810791016,29.36568260192871,258.8636169433594,35.45564270019531,26.256702423095703
2019-05-13,68.74283599853516,170.81724548339844,79.54450225830078,37.596282958984375,28.56200408935547,252.35838317871094,34.63261413574219,25.56752586364746
2019-05-14,69.47640228271484,172.6920623779297,80.17984008789062,38.261199951171875,28.932241439819336,254.6407012939453,34.88513946533203,25.805757522583008
2019-05-15,69.60166931152344,175.1311798095703,80.83332061767578,38.52901840209961,29.13993263244629,256.1321105957031,35.21248245239258,25.848299026489258
2019-05-16,69.87003326416016,176.8911895751953,81.4595947265625,38.79684066772461,29.41083526611328,258.50421142578125,35.642696380615234,26.018468856811523
2019-05-17,68.7338638305664,175.0833740234375,81.0148696899414,38.261199951171875,29.284408569335938,256.83294677734375,35.40888595581055,25.89084243774414
2019-05-20,68.25077056884766,172.127685546875,80.44306182861328,37.744041442871094,29.013507843017578,255.13478088378906,35.1283073425293,25.7462100982666
2019-05-21,69.16328430175781,173.92599487304688,81.15101623535156,38.362789154052734,29.27538299560547,257.4349670410156,35.39017868041992,25.984434127807617
2019-05-22,68.48338317871094,173.1511993408203,80.90596008300781,37.91027069091797,29.18507957458496,256.64434814453125,35.38081741333008,25.831281661987305
2019-05-23,66.85517120361328,170.50157165527344,79.84400939941406,37.134525299072266,28.751638412475586,253.50851440429688,34.98801803588867,25.524988174438477
2019-05-24,67.52611541748047,170.41549682617188,79.889404296875,37.254581451416016,28.778732299804688,254.08349609375,35.02542495727539,25.56752586364746
2019-05-28,67.0788345336914,169.7746124267578,79.19963073730469,36.98675537109375,28.543943405151367,251.7205047607422,34.83837127685547,25.24420738220215
2019-05-29,66.53309631347656,168.37806701660156,78.59147644042969,36.78357696533203,28.390439987182617,250.03125,34.56714630126953,25.12509536743164
2019-05-30,66.34522247314453,169.0859375,78.79114532470703,36.765113830566406,28.49880027770996,250.71401977539062,34.73549270629883,25.108074188232422
2019-05-31,65.4595718383789,166.38851928710938,77.92893981933594,36.017066955566406,28.110504150390625,247.33555603027344,34.26786804199219,24.77625274658203
2019-06-03,65.79951477050781,162.72499084472656,77.6838607788086,35.81388854980469,28.011171340942383,246.70669555664062,33.87506103515625,24.93791389465332
2019-06-04,67.58876037597656,167.3068084716797,79.51725769042969,37.09757614135742,28.70648765563965,252.06190490722656,34.55779266357422,25.524988174438477
2019-06-05,67.4366683959961,168.55027770996094,80.24337005615234,37.20840072631836,29.00447654724121,254.2452392578125,34.9132080078125,25.669628143310547
2019-06-06,67.28456115722656,169.8894500732422,80.75164794921875,37.4577522277832,29.2392578125,255.8985137939453,35.184425354003906,25.83978843688965
2019-06-07,67.72295379638672,173.1702880859375,81.71373748779297,37.86409378051758,29.65464210510254,258.4593505859375,35.652042388916016,26.001449584960938
2019-06-10,68.2060546875,175.18856811523438,82.03140258789062,38.27043151855469,29.81719207763672,259.6453552246094,35.80168533325195,26.14609146118164
2019-06-11,68.05393981933594,175.42774963378906,82.09492492675781,38.2519645690918,29.808156967163086,259.5825500488281,35.745582580566406,26.17161750793457
2019-06-12,67.91081237792969,174.41378784179688,81.95879364013672,37.86409378051758,29.690763473510742,259.1241760253906,35.7175178527832,26.103553771972656
2019-06-13,68.70703125,175.44683837890625,82.29460906982422,38.205787658691406,29.81719207763672,260.1934814453125,35.80168533325195,26.26521110534668
2019-06-14,68.03606414794922,174.70074462890625,82.02234649658203,37.81791687011719,29.62755584716797,259.906005859375,35.77363204956055,26.214155197143555
2019-06-17,68.09980010986328,175.75294494628906,82.00865173339844,37.86409378051758,29.6185245513916,260.0047302246094,35.85780334472656,26.180124282836914
2019-06-18,68.98841857910156,178.306884765625,82.82966613769531,38.67679214477539,29.95263671875,262.7272644042969,36.18514633178711,26.46940803527832
2019-06-19,69.15896606445312,178.97647094726562,83.13067626953125,38.83378982543945,30.08808135986328,263.3203430175781,36.353492736816406,26.47791862487793
2019-06-20,69.62567901611328,180.6408233642578,84.1250228881836,39.332481384277344,30.431224822998047,265.8360595703125,36.70888900756836,26.741680145263672
2019-06-21,69.06021118164062,180.37298583984375,83.8877944946289,39.129302978515625,30.295774459838867,265.44970703125,36.66212463378906,26.716154098510742
2019-06-24,68.28828430175781,180.3787384033203,83.63238525390625,39.0568962097168,30.277631759643555,265.1246337890625,36.6508674621582,26.61595344543457
2019-06-25,67.93822479248047,177.2823028564453,82.92086029052734,38.56485366821289,29.996532440185547,262.5244140625,36.19084548950195,26.46181297302246
2019-06-26,68.0100326538086,178.1067352294922,82.74755096435547,39.04761505126953,29.969331741333008,262.26251220703125,36.087581634521484,26.46181297302246
2019-06-27,69.3384780883789,178.78736877441406,83.02122497558594,39.37255096435547,29.987464904785156,263.1924743652344,36.219017028808594,26.59026527404785
2019-06-28,70.26299285888672,179.01748657226562,83.44082641601562,39.71604537963867,30.032804489135742,264.54681396484375,36.359832763671875,26.7872314453125
2019-07-01,70.40660095214844,181.43324279785156,84.13410186767578,40.161659240722656,30.295774459838867,266.9485168457031,36.67902755737305,26.992753982543945
2019-07-02,70.00267028808594,182.1522216796875,84.34393310546875,39.975990295410156,30.35017967224121,267.64373779296875,36.86677932739258,27.0098876953125
2019-07-03,70.39762115478516,183.52308654785156,85.15582275390625,40.17095184326172,30.66755485534668,269.7835693359375,37.1296501159668,27.206851959228516
2019-07-05,70.67584228515625,183.14926147460938,84.97337341308594,40.133811950683594,30.558740615844727,269.47662353515625,37.05455017089844,27.18972396850586
2019-07-08,69.93087005615234,181.86463928222656,84.47164154052734,39.78102493286133,30.38646125793457,267.99591064453125,36.88555908203125,27.03557777404785
2019-07-09,69.84109497070312,182.7753143310547,84.60846710205078,39.966705322265625,30.422727584838867,268.3298645019531,36.99821853637695,27.052703857421875
2019-07-10,70.02960205078125,184.59677124023438,84.96424102783203,40.15238952636719,30.567806243896484,269.6119689941406,37.2516975402832,27.104087829589844
2019-07-11,69.6974868774414,184.4625701904297,85.15582275390625,40.245208740234375,30.558740615844727,270.2440490722656,37.270477294921875,27.18972396850586
2019-07-12,70.3078384399414,185.52667236328125,85.45683288574219,40.59800720214844,30.658491134643555,271.45391845703125,37.38313293457031,27.4038143157959
2019-07-15,69.85905456542969,186.12106323242188,85.54804992675781,40.56086730957031,30.740108489990234,271.544189453125,37.401912689208984,27.369564056396484
2019-07-16,69.93087005615234,185.16236877441406,85.26526641845703,40.31020736694336,30.631277084350586,270.6684265136719,37.242313385009766,27.301048278808594
2019-07-17,69.4102783203125,184.25169372558594,84.68145751953125,40.03169631958008,30.468067169189453,268.8265075683594,37.073326110839844,27.086956024169922
2019-07-18,69.54491424560547,184.4625701904297,85.03720092773438,40.14310073852539,30.64035987854004,269.8106994628906,37.167213439941406,27.215412139892578
2019-07-19,69.36539459228516,183.11087036132812,84.40777587890625,40.05025863647461,30.477134704589844,268.3118896484375,36.9325065612793,27.0698299407959
2019-07-22,69.26665496826172,184.56802368164062,84.67234802246094,40.28235626220703,30.604084014892578,268.9709167480469,37.05455017089844,27.129777908325195
2019-07-23,69.91291046142578,185.77593994140625,85.26526641845703,40.727970123291016,30.76729965209961,270.8941345214844,37.2516975402832,27.352432250976562
2019-07-24,71.08876037597656,187.0796356201172,85.70315551757812,41.238582611083984,30.94866371154785,272.16717529296875,37.39251708984375,27.515148162841797
2019-07-25,70.31684112548828,185.30616760253906,85.30176544189453,40.533023834228516,30.76729965209961,270.8670654296875,37.20477294921875,27.386688232421875
2019-07-26,71.034912109375,187.21385192871094,85.83998107910156,40.71868896484375,30.839847564697266,272.681884765625,37.52395248413086,27.532272338867188
2019-07-29,70.67584228515625,186.5715789794922,85.81259155273438,40.50517654418945,30.839847564697266,272.1852111816406,37.43946075439453,27.498016357421875
2019-07-30,71.43882751464844,185.76638793945312,85.47509002685547,40.440181732177734,30.712890625,271.51715087890625,37.27986145019531,27.48945426940918
2019-07-31,71.09774017333984,183.1971893310547,84.5902328491211,39.86457824707031,30.35017967224121,268.546630859375,36.772911071777344,27.241107940673828
2019-08-01,70.01167297363281,182.2864532470703,83.81483459472656,38.98263168334961,30.150686264038086,266.2081604003906,36.61331558227539,26.88999366760254
2019-08-02,69.19483184814453,179.60226440429688,83.03945922851562,38.286338806152344,29.824249267578125,264.20379638671875,36.359832763671875,26.710159301757812
2019-08-05,67.31890106201172,173.2559814453125,80.40313720703125,36.87520217895508,28.88118553161621,256.2583312988281,35.280208587646484,25.896602630615234
2019-08-06,68.02799224853516,175.68133544921875,81.59814453125,37.33940505981445,29.316442489624023,259.8518981933594,35.76837921142578,26.222026824951172
2019-08-07,68.13569641113281,176.63040161132812,81.66199493408203,37.357967376708984,29.407123565673828,260.0053405761719,35.8340950012207,26.179208755493164
2019-08-08,69.60774993896484,180.47457885742188,83.40433502197266,38.351341247558594,29.97840118408203,265.10662841796875,36.57575225830078,26.64164924621582
2019-08-09,68.74604797363281,178.77781677246094,82.69282531738281,37.61790466308594,29.751707077026367,263.3008728027344,36.359832763671875,26.47893524169922
2019-08-12,67.97412872314453,176.7262725830078,81.77146911621094,36.9494743347168,29.443401336669922,260.0956115722656,35.93737030029297,26.144956588745117
2019-08-13,68.68321990966797,180.5992431640625,83.12157440185547,37.636474609375,29.933059692382812,264.1405029296875,36.45371627807617,26.530319213867188
2019-08-14,66.66365051269531,175.20204162597656,80.5582046508789,36.25319290161133,29.089752197265625,256.33050537109375,35.40225601196289,25.742460250854492
2019-08-15,66.41233825683594,175.00076293945312,80.8318862915039,36.234619140625,29.053476333618164,257.00775146484375,35.561859130859375,25.75958251953125
2019-08-16,67.89334106445312,177.80960083007812,82.0268783569336,36.847347259521484,29.479663848876953,260.7998962402344,36.031253814697266,26.213459014892578
2019-08-19,68.59346008300781,180.63754272460938,83.01211547851562,37.52507019042969,29.905853271484375,263.94189453125,36.47249221801758,26.504623413085938
2019-08-20,68.02799224853516,179.2379150390625,82.37355041503906,37.20014190673828,29.679153442382812,261.91937255859375,36.19084548950195,26.28197479248047
2019-08-21,68.57550811767578,180.82931518554688,83.05770874023438,37.60861587524414,29.97840118408203,264.0502624511719,36.538204193115234,26.48749542236328
2019-08-22,68.38703155517578,180.24453735351562,83.06682586669922,37.61790466308594,29.96026611328125,263.9690246582031,36.46311569213867,26.51319122314453
2019-08-23,66.295654296875,174.54063415527344,80.74066925048828,36.33674621582031,29.116954803466797,257.18829345703125,35.55247116088867,25.79384422302246
2019-08-26,66.91498565673828,177.1768798828125,81.66199493408203,36.56884765625,29.443401336669922,260.0323791503906,35.97492599487305,26.076446533203125
2019-08-27,66.07128143310547,176.802978515625,81.62551879882812,36.392452239990234,29.48873519897461,259.01214599609375,35.93737030029297,25.888036727905273
2019-08-28,66.86111450195312,177.43569946289062,82.15459442138672,36.73594284057617,29.6882266998291,260.8359375,36.1251335144043,26.144956588745117
2019-08-29,67.97412872314453,180.14865112304688,83.13980102539062,37.460079193115234,30.014667510986328,264.1675109863281,36.5475959777832,26.48749542236328
2019-08-30,67.83950805664062,179.71730041503906,83.0850830078125,37.515785217285156,29.97840118408203,264.0502624511719,36.519432067871094,26.51319122314453
2019-09-03,66.90601348876953,177.97251892089844,82.4738998413086,36.9494743347168,29.797039031982422,262.50628662109375,36.265953063964844,26.376171112060547
2019-09-04,67.58817291259766,180.54171752929688,83.40433502197266,37.62718200683594,30.168819427490234,265.48583984375,36.6508674621582,26.69303321838379
2019-09-05,68.9076156616211,183.84902954101562,84.74530029296875,38.62982940673828,30.61315155029297,268.89886474609375,37.1296501159668,27.052703857421875
2019-09-06,68.7191162109375,183.66688537597656,84.85476684570312,38.601985931396484,30.685693740844727,269.1064147949219,37.1296501159668,27.104087829589844
2019-09-09,69.769287109375,183.2834014892578,84.68145751953125,39.010475158691406,30.531539916992188,269.2419128417969,36.86677932739258,27.335302352905273
2019-09-10,70.63996124267578,182.75621032714844,84.59934997558594,39.279720306396484,30.440855026245117,269.17864990234375,36.6508674621582,27.515148162841797
2019-09-11,72.04916381835938,184.47216796875,85.05545806884766,39.76247024536133,30.658491134643555,271.09271240234375,36.88555908203125,27.754924774169922
2019-09-12,72.04916381835938,185.239013671875,85.32913208007812,39.68819046020508,30.776376724243164,272.0317687988281,37.08271026611328,27.772058486938477
2019-09-13,72.1658706665039,184.57763671875,85.19231414794922,39.82745361328125,30.721965789794922,271.8511962890625,37.01699447631836,27.772058486938477
2019-09-16,72.40821838378906,183.753173828125,84.80916595458984,40.12453079223633,30.64035987854004,271.0115661621094,36.86677932739258,27.7377986907959
2019-09-17,72.24665069580078,184.6351318359375,85.13756561279297,39.911006927490234,30.712890625,271.6977233886719,37.01699447631836,27.746360778808594
2019-09-18,71.85169219970703,184.55844116210938,85.18317413330078,39.641780853271484,30.712890625,271.8602294921875,37.01699447631836,27.780614852905273
2019-09-19,71.38496398925781,184.8651580810547,85.05545806884766,39.45609664916992,30.70383644104004,271.8421630859375,37.1296501159668,27.69498062133789
2019-09-20,71.1426010131836,182.90956115722656,84.58108520507812,39.13117599487305,30.567806243896484,270.55780029296875,36.913726806640625,27.575082778930664
2019-09-23,71.19647216796875,182.99026489257812,84.76353454589844,39.18705368041992,30.6297607421875,270.4942626953125,36.8779296875,27.613855361938477
2019-09-24,70.30014038085938,180.5600128173828,84.17467498779297,38.53501892089844,30.39289093017578,268.3717956542969,36.54816436767578,27.38984489440918
2019-09-25,71.23700714111328,182.58682250976562,84.67838287353516,38.963504791259766,30.565990447998047,269.95916748046875,36.793113708496094,27.570775985717773
2019-09-26,70.49832153320312,181.91441345214844,84.46772766113281,38.712005615234375,30.51132583618164,269.3967590332031,36.75542449951172,27.47600555419922
2019-09-27,70.07494354248047,179.6570587158203,84.09223937988281,38.26490020751953,30.34734344482422,267.9454650878906,36.435096740722656,27.39846420288086
2019-09-30,70.1199722290039,181.36691284179688,84.62342834472656,38.507083892822266,30.55687713623047,269.1881103515625,36.64236068725586,27.536319732666016
2019-10-01,68.74174499511719,179.88760375976562,83.5519027709961,37.78984832763672,30.210674285888672,265.9862060546875,36.208961486816406,27.15721321105957
2019-10-02,68.05709838867188,176.79454040527344,82.11402130126953,37.03535079956055,29.618488311767578,261.2876281738281,35.58710479736328,26.68334197998047
2019-10-03,68.15621185302734,178.73489379882812,82.84669494628906,37.50109100341797,29.91913414001465,263.42828369140625,35.94514083862305,26.821203231811523
2019-10-04,68.82279968261719,181.36691284179688,84.07394409179688,37.89230728149414,30.365554809570312,266.9930419921875,36.44450759887695,27.22614288330078
2019-10-07,68.76874542236328,180.8193359375,83.65262603759766,37.65944290161133,30.238008499145508,265.84100341796875,36.29375457763672,27.096912384033203
2019-10-08,67.60668182373047,178.11050415039062,82.27890014648438,36.69070816040039,29.718708038330078,261.7139587402344,35.7190055847168,26.674728393554688
2019-10-09,67.82289123535156,179.84912109375,83.03903198242188,37.15644073486328,30.03757095336914,264.19927978515625,36.05821990966797,26.915973663330078
2019-10-10,67.98504638671875,181.24200439453125,83.59769439697266,37.5383415222168,30.20156478881836,265.9862060546875,36.25606918334961,27.13998794555664
2019-10-11,69.22815704345703,183.5762481689453,84.83407592773438,38.45119094848633,30.565990447998047,268.7436828613281,36.576412200927734,27.47600555419922
2019-10-14,69.0479965209961,183.55699157714844,84.84321594238281,38.441871643066406,30.55687713623047,268.4443359375,36.51987838745117,27.458782196044922
2019-10-15,69.80470275878906,185.8911895751953,85.5759048461914,39.02870178222656,30.76641845703125,271.1020202636719,36.906192779541016,27.725866317749023
2019-10-16,69.98486328125,185.4301300048828,85.37439727783203,38.64680862426758,30.69353485107422,270.6666564941406,36.849666595458984,27.691402435302734
2019-10-17,70.77759552001953,185.92001342773438,85.64915466308594,38.76789093017578,30.77552032470703,271.46478271484375,36.92503356933594,27.768949508666992
2019-10-18,70.33617401123047,184.1333465576172,85.19123840332031,38.40462112426758,30.547760009765625,270.2765808105469,36.65180206298828,27.777559280395508
2019-10-21,71.01181030273438,185.76634216308594,85.7590560913086,38.92624282836914,30.80286979675293,272.1087951660156,36.85908508300781,28.00157356262207
2019-10-22,71.2099838256836,184.28704833984375,85.49349212646484,38.81446838378906,30.68442726135254,271.2199401855469,36.538734436035156,28.079118728637695
2019-10-23,71.39013671875,184.64244079589844,85.53929901123047,38.907615661621094,30.65709686279297,272.00909423828125,36.63295364379883,28.148048400878906
2019-10-24,71.26404571533203,186.438720703125,85.96056365966797,39.1777458190918,30.903074264526367,272.4535827636719,36.82139587402344,28.11357307434082
2019-10-25,71.68740844726562,187.92764282226562,86.4001693725586,39.578277587890625,31.103511810302734,273.5692443847656,36.92503356933594,28.24281883239746
2019-10-28,72.3540267944336,189.7815399169922,86.83061218261719,39.97881317138672,31.31304931640625,275.1112365722656,37.1888542175293,28.363441467285156
2019-10-29,72.64229583740234,188.31182861328125,86.6932373046875,39.85771560668945,31.276611328125,275.0296325683594,37.17942810058594,28.328981399536133
2019-10-30,72.25495147705078,189.22442626953125,86.83061218261719,39.77388381958008,31.42238426208496,275.8731689453125,37.377288818359375,28.363441467285156
2019-10-31,71.54328155517578,189.3108673095703,86.49174499511719,39.429237365722656,31.303945541381836,275.138427734375,37.28307342529297,28.277278900146484
2019-11-01,72.65128326416016,191.0302734375,87.3709487915039,40.220985412597656,31.53171157836914,277.68731689453125,37.4903564453125,28.67361068725586
2019-11-04,73.24583435058594,192.21185302734375,87.70066833496094,40.863704681396484,31.568147659301758,278.8028869628906,37.5374755859375,28.871780395507812
2019-11-05,73.36294555664062,192.3175048828125,87.61821746826172,40.89164733886719,31.486160278320312,278.4945983886719,37.43382263183594,28.897621154785156
2019-11-06,73.0296401977539,191.8852081298828,87.63652038574219,40.50974655151367,31.504383087158203,278.5580749511719,37.45266342163086,28.914857864379883
2019-11-07,73.20081329345703,192.52880859375,87.92961120605469,40.76124572753906,31.604585647583008,279.5376892089844,37.52804946899414,29.06132698059082
2019-11-08,73.30889129638672,193.2972869873047,88.11275482177734,40.91958999633789,31.732147216796875,280.2270202636719,37.61285400390625,29.121633529663086
2019-11-11,73.09270477294922,193.03790283203125,87.97541809082031,40.807823181152344,31.677490234375,279.6918640136719,37.575157165527344,29.052711486816406
2019-11-12,73.065673828125,193.5950469970703,88.14940643310547,40.88233184814453,31.704814910888672,280.2815246582031,37.659950256347656,29.0699405670166
2019-11-13,72.65128326416016,193.64305114746094,88.39669799804688,40.686729431152344,31.768579483032227,280.3721618652344,37.71649169921875,29.06132698059082
2019-11-14,72.50715637207031,193.4893798828125,88.57986450195312,40.73330307006836,31.71392250061035,280.7803039550781,37.8012809753418,29.07855796813965
2019-11-15,72.89451599121094,194.91102600097656,89.257568359375,41.16178512573242,32.005462646484375,282.81219482421875,38.06510925292969,29.302574157714844
2019-11-18,72.57022094726562,195.06472778320312,89.27588653564453,40.96615982055664,31.978126525878906,283.02081298828125,38.07452392578125,29.31979751586914
2019-11-19,72.70535278320312,195.3529052734375,89.37664031982422,40.863704681396484,32.03279495239258,282.939208984375,38.18758773803711,29.199180603027344
2019-11-20,72.31798553466797,194.1809844970703,88.9645004272461,40.565635681152344,31.88702392578125,281.8869323730469,38.083953857421875,29.095787048339844
2019-11-21,71.9306411743164,193.74871826171875,88.84544372558594,40.565635681152344,31.841474533081055,281.433349609375,37.98973846435547,29.07855796813965
2019-11-22,72.1017837524414,193.8735809326172,89.06525421142578,40.75192642211914,31.88702392578125,282.0592956542969,38.01799774169922,29.164722442626953
2019-11-25,73.90345001220703,196.16941833496094,89.84368896484375,41.48779296875,32.18767547607422,284.2453308105469,38.31949234008789,29.362884521484375
2019-11-26,73.84037017822266,196.54400634765625,90.14594268798828,41.32012176513672,32.32433319091797,284.8893127441406,38.517372131347656,29.337032318115234
2019-11-27,74.1736831665039,197.9176483154297,90.61299896240234,41.59025955200195,32.4701042175293,286.15924072265625,38.70580291748047,29.474891662597656
2019-11-29,73.69625091552734,197.01470947265625,90.34741973876953,41.282867431640625,32.351661682128906,285.0979309082031,38.564476013183594,29.371501922607422
2019-12-02,72.87646484375,194.9974822998047,89.61473846435547,40.78919219970703,32.07835006713867,282.67608642578125,38.17816925048828,29.147483825683594
2019-12-03,72.57923126220703,193.47012329101562,89.01029205322266,40.16511154174805,31.850566864013672,280.7803039550781,37.999149322509766,28.88039207458496
2019-12-04,73.14673614501953,194.44993591308594,89.6605224609375,40.668094635009766,32.06923294067383,282.5128173828125,38.21585464477539,29.095787048339844
2019-12-05,73.38996124267578,194.83416748046875,89.9169692993164,40.649471282958984,32.14212417602539,283.02081298828125,38.234703063964844,29.207792282104492
2019-12-06,74.41690826416016,196.9186248779297,90.6679458618164,41.32944107055664,32.42454528808594,285.6058654785156,38.52677917480469,29.500736236572266
2019-12-09,74.21871948242188,196.02528381347656,90.51227569580078,41.14313507080078,32.351661682128906,284.70794677734375,38.42314147949219,29.3973445892334
2019-12-10,74.20069122314453,195.8619842529297,90.39319610595703,41.13383483886719,32.351661682128906,284.3904724121094,38.34776306152344,29.3973445892334
2019-12-11,74.18267822265625,196.89942932128906,90.72291564941406,41.51572799682617,32.50654220581055,285.19781494140625,38.48908996582031,29.45765495300293
2019-12-12,74.98440551757812,198.36915588378906,91.400634765625,42.521732330322266,32.825401306152344,287.6558532714844,38.7152214050293,29.8109073638916
2019-12-13,74.50697326660156,199.02235412597656,91.31820678710938,42.27954864501953,32.8709716796875,287.8282775878906,38.800025939941406,29.759204864501953
2019-12-16,74.81570434570312,201.02035522460938,91.92535400390625,42.71733474731445,33.08961868286133,289.80560302734375,39.054412841796875,30.000452041625977
2019-12-17,75.45846557617188,201.1355438232422,91.85173797607422,42.84774398803711,33.062286376953125,289.8690490722656,39.0167350769043,30.02630043029785
2019-12-18,75.72102355957031,201.289306640625,91.94374084472656,42.98746109008789,33.00761795043945,289.88726806640625,39.04499816894531,30.017688751220703
2019-12-19,75.9564208984375,202.5476531982422,92.32088470458984,43.20170211791992,33.18982696533203,291.075439453125,39.26169967651367,30.08660888671875
2019-12-20,75.83870697021484,203.36415100097656,92.84524536132812,43.36005783081055,33.39026641845703,292.35162353515625,39.47842025756836,30.215856552124023
2019-12-23,75.9654769897461,203.90127563476562,92.85441589355469,43.76960372924805,33.46349334716797,292.7982482910156,39.5162467956543,30.243593215942383
2019-12-24,76.17367553710938,204.00718688964844,92.82684326171875,43.760250091552734,33.43602752685547,292.807373046875,39.535160064697266,30.22625732421875
2019-12-26,76.07408905029297,205.807373046875,93.16719818115234,43.89115905761719,33.555023193359375,294.3661193847656,39.84728240966797,30.28692626953125
2019-12-27,75.73007202148438,205.6340789794922,93.18561553955078,43.685455322265625,33.573333740234375,294.2931213378906,39.84728240966797,30.29560089111328
2019-12-30,75.68480682373047,204.28634643554688,92.73485565185547,43.42363357543945,33.39942169189453,292.670654296875,39.572994232177734,30.165576934814453
2019-12-31,75.9111557006836,204.6714324951172,92.90962982177734,43.61064910888672,33.4726448059082,293.3815002441406,39.639198303222656,30.26091957092285
2020-01-02,75.9654769897461,208.08883666992188,93.71910858154297,44.24647521972656,33.774696350097656,296.125244140625,40.19722366333008,30.364940643310547
2020-01-03,75.92019653320312,206.18280029296875,93.11199188232422,43.676090240478516,33.50010681152344,293.8829345703125,39.90403366088867,30.156909942626953
2020-01-06,75.8477783203125,207.5112762451172,93.33275604248047,43.76960372924805,33.564170837402344,295.0041198730469,40.09319305419922,30.200246810913086
2020-01-07,75.41323852539062,207.48239135742188,93.2040023803711,44.068809509277344,33.445194244384766,294.17474365234375,40.055355072021484,30.087562561035156
2020-01-08,75.576171875,209.0418701171875,93.58113098144531,44.15296936035156,33.62825393676758,295.74237060546875,40.310726165771484,30.165576934814453
2020-01-09,75.55806732177734,210.81321716308594,94.34466552734375,44.39607620239258,33.86623764038086,297.74786376953125,40.70796585083008,30.29560089111328
2020-01-10,75.20499420166016,210.27407836914062,94.21587371826172,44.12491989135742,33.811309814453125,296.8909912109375,40.58501052856445,30.191585540771484
2020-01-13,75.82965850830078,212.70004272460938,94.99779510498047,44.46154022216797,34.067596435546875,298.93280029296875,41.00117111206055,30.321603775024414
2020-01-14,76.11031341552734,211.8625030517578,94.85981750488281,44.56439208984375,34.076744079589844,298.47698974609375,40.849853515625,30.330272674560547
2020-01-15,76.43621063232422,211.9491424560547,95.14498901367188,44.33998107910156,34.159114837646484,299.15155029296875,40.963348388671875,30.382274627685547
2020-01-16,77.42301940917969,213.9803466796875,95.9177017211914,44.92906188964844,34.39711380004883,301.6399841308594,41.322757720947266,30.5989933013916
2020-01-17,77.28722381591797,215.03929138183594,96.18447875976562,44.975807189941406,34.4886360168457,302.5787658691406,41.55921173095703,30.6509952545166
2020-01-21,76.56295776367188,214.9430389404297,95.92689514160156,44.61114501953125,34.406253814697266,301.98638916015625,41.5213737487793,30.520973205566406
2020-01-22,76.56295776367188,215.51100158691406,95.9820785522461,44.44283676147461,34.479461669921875,302.0227966308594,41.51190948486328,30.538307189941406
2020-01-23,76.72593688964844,216.20408630371094,95.89007568359375,44.59243392944336,34.50694274902344,302.3692321777344,41.61595916748047,30.55565071105957
2020-01-24,75.5309066772461,214.38465881347656,94.89659118652344,43.93790817260742,34.259803771972656,299.6802062988281,41.247100830078125,30.25226593017578
2020-01-27,74.69801330566406,209.95645141601562,93.3235855102539,42.554039001464844,33.73808288574219,294.87646484375,40.528263092041016,29.836181640625
2020-01-28,75.23213958740234,213.18136596679688,94.16067504882812,43.16181564331055,33.95774841308594,297.96661376953125,41.105220794677734,30.00954818725586
2020-01-29,74.71611022949219,213.52786254882812,94.28948211669922,42.86260223388672,33.902835845947266,297.72052001953125,41.171424865722656,29.87085723876953
2020-01-30,74.6346435546875,214.28843688964844,94.41825866699219,42.9187126159668,33.9760627746582,298.6866149902344,41.284934997558594,29.992212295532227
2020-01-31,72.8602066040039,210.89024353027344,92.27490234375,41.834049224853516,33.14315414428711,293.2630310058594,40.566104888916016,29.46344566345215
2020-02-03,73.54825592041016,214.07662963867188,93.19479370117188,42.18001937866211,33.445194244384766,295.4416809082031,41.00117111206055,29.558792114257812
2020-02-04,74.47167205810547,218.9765625,94.56546020507812,43.34883117675781,33.9760627746582,299.9444885253906,41.73891830444336,29.896869659423828
2020-02-05,75.8930435180664,219.6985626220703,95.7153091430664,44.10621643066406,34.43370819091797,303.40826416015625,41.95646286010742,30.442955017089844
2020-02-06,75.68480682373047,221.59500122070312,96.05565643310547,44.13426971435547,34.52524948120117,304.42919921875,42.24019241333008,30.451631546020508
2020-02-07,74.54410552978516,220.64195251464844,95.42095184326172,43.367530822753906,34.259803771972656,302.8067321777344,42.01319885253906,30.27826690673828
2020-02-10,74.78854370117188,223.30857849121094,95.88090515136719,43.59193801879883,34.37879943847656,305.0672912597656,42.50502014160156,30.382274627685547
2020-02-11,75.4041519165039,223.34706115722656,96.05565643310547,44.14361572265625,34.44286346435547,305.5959777832031,42.467201232910156,30.51230812072754
2020-02-12,75.9111557006836,225.52267456054688,96.63518524169922,44.751399993896484,34.65338134765625,307.56488037109375,42.80768966674805,30.659679412841797
2020-02-13,76.16464233398438,225.23390197753906,96.40523529052734,44.59243392944336,34.49777603149414,307.2367248535156,42.760398864746094,30.60765838623047
2020-02-14,75.75724029541016,225.87884521484375,96.58920288085938,44.35867691040039,34.59846496582031,307.7289733886719,42.94010925292969,30.590312957763672
2020-02-18,75.34983825683594,225.9654998779297,96.32242584228516,44.031410217285156,34.38794708251953,306.9359436035156,42.84552764892578,30.451631546020508
2020-02-19,75.6395263671875,228.13148498535156,96.64442443847656,44.66725540161133,34.58015823364258,308.40350341796875,43.15764236450195,30.55565071105957
2020-02-20,76.03789520263672,226.01364135742188,96.35002899169922,44.61114501953125,34.479461669921875,307.1364440917969,42.864444732666016,30.529647827148438
2020-02-21,75.15971374511719,221.6720428466797,95.42095184326172,43.70414733886719,34.18657684326172,303.9735107421875,42.22127151489258,30.39095115661621
2020-02-24,72.94168853759766,213.1236114501953,92.12772369384766,41.572242736816406,33.06075668334961,293.8920593261719,40.698516845703125,29.45478057861328
2020-02-25,70.47920227050781,207.32838439941406,89.31283569335938,39.861106872558594,31.980701446533203,284.9865417480469,39.54463195800781,28.52727508544922
2020-02-26,69.58294677734375,208.39686584472656,89.1196517944336,39.29072189331055,31.934938430786133,283.93829345703125,39.572994232177734,28.267229080200195
2020-02-27,66.99372863769531,197.96170043945312,85.32965850830078,37.673095703125,30.62605094909668,271.1861267089844,37.681365966796875,27.062335968017578
2020-02-28,65.8982925415039,198.1156768798828,84.58455657958984,37.981658935546875,30.4063720703125,270.04669189453125,37.73810958862305,26.698266983032227
2020-03-02,67.58218383789062,208.3391876220703,88.32852172851562,39.122413635253906,31.834257125854492,281.7415466308594,39.4973258972168,27.877155303955078
2020-03-03,66.16081237792969,201.65829467773438,85.67922973632812,37.729190826416016,30.88233184814453,273.6745910644531,38.286685943603516,27.10567855834961
2020-03-04,68.20684814453125,210.07199096679688,89.0184555053711,38.785797119140625,32.27359390258789,285.17791748046875,39.90403366088867,28.25855255126953
2020-03-05,65.77156829833984,203.68951416015625,86.2127685546875,36.95309829711914,31.32168197631836,275.69818115234375,38.60826873779297,27.30504608154297
2020-03-06,64.59463500976562,200.25282287597656,84.9525146484375,35.52248001098633,31.01047706604004,271.1405334472656,37.91781234741211,26.80229377746582
2020-03-09,58.2755012512207,186.34239196777344,78.97318267822266,30.98749351501465,28.813751220703125,249.96595764160156,35.118194580078125,24.583209991455078
2020-03-10,60.004661560058594,196.48883056640625,83.05753326416016,33.007198333740234,30.30569076538086,262.9004211425781,37.142234802246094,25.753429412841797
2020-03-11,56.41053009033203,187.93072509765625,78.97318267822266,30.75372886657715,28.850358963012695,250.0843963623047,35.31682205200195,24.470529556274414
2020-03-12,50.00991439819336,170.6990966796875,71.57720947265625,26.95743751525879,26.205135345458984,226.1570587158203,32.1294059753418,22.000062942504883
2020-03-13,53.848472595214844,185.1582794189453,78.0625,29.69712257385254,28.795442581176758,245.49038696289062,35.12765121459961,23.950428009033203
2020-03-16,47.5112190246582,162.9785614013672,70.11454772949219,25.685773849487305,25.82986068725586,218.62791442871094,30.918771743774414,21.271940231323242
2020-03-17,49.89223098754883,175.339111328125,73.16861724853516,26.798479080200195,27.340110778808594,230.4320831298828,32.564491271972656,22.450817108154297
2020-03-18,45.26603317260742,170.00599670410156,70.02257537841797,24.48891258239746,26.351585388183594,218.76458740234375,31.202510833740234,21.22859001159668
2020-03-19,46.823184967041016,171.0264129638672,70.04096221923828,25.27434539794922,25.939695358276367,219.22950744628906,31.524091720581055,21.107236862182617
2020-03-20,45.066864013671875,164.32627868652344,66.28781127929688,24.38605308532715,24.621662139892578,209.78201293945312,30.190486907958984,20.171066284179688
2020-03-23,44.46030044555664,164.4449005126953,63.7304801940918,23.91107177734375,23.70496940612793,204.4182586669922,29.664262771606445,19.350147247314453
2020-03-24,48.32601547241211,177.17918395996094,70.33534240722656,26.671506881713867,26.146404266357422,222.9391632080078,32.314395904541016,21.2230224609375
2020-03-25,48.74626159667969,175.8671112060547,71.83361053466797,27.775676727294922,26.505712509155273,226.27664184570312,32.49485778808594,21.62560272216797
2020-03-26,52.09364318847656,185.12835693359375,75.8659896850586,29.1749324798584,28.016639709472656,239.48887634277344,34.44207000732422,23.04339027404785
2020-03-27,49.992431640625,178.76129150390625,73.50759887695312,27.709047317504883,27.104557037353516,232.3555450439453,33.226253509521484,22.395763397216797
2020-03-30,51.165836334228516,185.26341247558594,76.25443267822266,28.25161361694336,28.071916580200195,239.90145874023438,34.40409469604492,23.034635543823242
2020-03-31,51.038490295410156,183.6813201904297,74.95040130615234,27.80423355102539,27.57441520690918,236.32565307617188,33.948150634765625,22.614553451538086
2020-04-01,47.47279357910156,175.8767852783203,71.82438659667969,26.090858459472656,26.560991287231445,225.6898193359375,32.44737243652344,21.61685562133789
2020-04-02,48.136817932128906,179.4462127685547,73.516845703125,26.623905181884766,27.4638614654541,230.8977508544922,33.159767150878906,22.14195442199707
2020-04-03,46.38125991821289,176.8993682861328,72.37928009033203,26.12893295288086,27.14141273498535,227.560302734375,32.713314056396484,21.77438735961914
2020-04-06,50.165252685546875,189.54676818847656,77.22554779052734,28.670438766479492,28.919513702392578,242.84463500976562,35.09748458862305,23.17466926574707
2020-04-07,50.465423583984375,189.46957397460938,77.45673370361328,29.070228576660156,28.652334213256836,243.09225463867188,35.00250244140625,23.218425750732422
2020-04-08,52.766754150390625,193.49244689941406,80.04634094238281,30.612253189086914,29.592058181762695,251.25234985351562,35.99986267089844,24.181119918823242
2020-04-09,55.504695892333984,193.77218627929688,80.86945343017578,31.021564483642578,29.684186935424805,255.07591247558594,36.32281494140625,24.697473526000977
2020-04-13,53.594505310058594,195.86566162109375,79.57466888427734,30.450437545776367,29.42622184753418,252.74691772460938,36.1993408203125,24.259883880615234
2020-04-14,54.53141403198242,204.38401794433594,82.08101654052734,31.15482521057129,30.402799606323242,260.20123291015625,37.58613204956055,24.776235580444336
2020-04-15,52.029972076416016,202.039794921875,80.1850814819336,29.81268310546875,29.665761947631836,254.67237854003906,36.9592170715332,24.084856033325195
2020-04-16,51.61155319213867,205.7250213623047,80.35153198242188,29.52712631225586,29.785531997680664,255.90101623535156,37.33916473388672,24.058597564697266
2020-04-17,53.95834732055664,207.69300842285156,82.67294311523438,30.973970413208008,30.6423397064209,262.81427001953125,38.070556640625,24.916271209716797
2020-04-20,52.875919342041016,205.23297119140625,81.16543579101562,30.26007080078125,30.12641143798828,258.1840515136719,37.48164749145508,24.3999080657959
2020-04-21,51.74799346923828,197.66004943847656,78.76080322265625,29.184446334838867,29.195905685424805,250.34475708007812,36.2373161315918,23.761035919189453
2020-04-22,52.111839294433594,203.52545166015625,80.57351684570312,30.06968879699707,29.89608383178711,255.90101623535156,37.225181579589844,24.12860679626465
2020-04-23,52.766754150390625,203.09132385253906,80.49028015136719,30.28862190246582,29.859233856201172,255.8826904296875,37.21568298339844,24.1461124420166
2020-04-24,53.41258239746094,206.2941436767578,81.7665786743164,30.935897827148438,30.283029556274414,259.4493103027344,37.76660919189453,24.4611759185791
2020-04-27,55.68661880493164,207.95350646972656,83.17234802246094,31.878246307373047,30.762107849121094,263.1901550292969,38.1275520324707,24.96877670288086
2020-04-28,56.92369842529297,204.0367889404297,83.1816177368164,32.439849853515625,30.651546478271484,261.97991943359375,37.68111801147461,25.056291580200195
2020-04-29,60.0982551574707,211.27212524414062,85.36426544189453,34.30552291870117,31.38858985900879,268.83819580078125,38.868446350097656,25.528894424438477
2020-04-30,57.62409973144531,211.18528747558594,84.15269470214844,33.17280578613281,30.95557403564453,266.33514404296875,38.792457580566406,25.03879737854004
2020-05-01,55.25,205.23297119140625,82.13651275634766,31.49750328063965,30.20011329650879,259.2842712402344,37.785587310791016,24.35615348815918
2020-05-04,55.049888610839844,207.62550354003906,82.3954849243164,31.64980125427246,30.273818969726562,259.99945068359375,38.05155563354492,24.321144104003906
2020-05-05,55.195430755615234,209.97938537597656,83.1816177368164,31.811620712280273,30.568635940551758,262.40167236328125,38.48851013183594,24.426170349121094
2020-05-06,54.54050827026367,211.27212524414062,82.75617218017578,31.66884994506836,30.467287063598633,260.6228942871094,38.50750732421875,24.067346572875977
2020-05-07,55.31368637084961,213.9925994873047,83.69026947021484,32.306583404541016,30.826595306396484,263.767822265625,39.02042770385742,24.277385711669922
2020-05-08,57.660484313964844,216.92532348632812,85.08683776855469,33.4774055480957,31.314882278442383,268.132080078125,39.533348083496094,24.828754425048828
2020-05-11,56.60532760620117,218.86439514160156,85.22554016113281,33.07761001586914,31.39779281616211,268.1872863769531,39.74232864379883,24.636211395263672
2020-05-12,54.50413131713867,214.28199768066406,83.34808349609375,32.04958724975586,30.73447036743164,262.841796875,38.934932708740234,24.1723690032959
2020-05-13,52.412010192871094,211.60003662109375,82.05328369140625,30.935897827148438,30.33830451965332,258.1932678222656,38.41252136230469,23.594751358032227
2020-05-14,52.61212158203125,214.00225830078125,83.0428695678711,31.630754470825195,30.75288963317871,261.28314208984375,38.792457580566406,23.94482421875
2020-05-15,53.32162857055664,215.39144897460938,83.67179870605469,31.487985610961914,30.863447189331055,262.4842224121094,39.04892349243164,23.962324142456055
2020-05-18,57.123809814453125,219.40464782714844,86.26139068603516,34.44831466674805,31.6557674407959,270.4793701171875,39.998783111572266,24.933773040771484
2020-05-19,55.959503173828125,218.85475158691406,85.25328063964844,33.525001525878906,31.287248611450195,267.7013244628906,39.761322021484375,24.50493812561035
2020-05-20,57.70596694946289,223.22488403320312,86.61280822753906,34.53397750854492,31.793947219848633,272.24896240234375,40.53071212768555,24.890012741088867
2020-05-21,57.76053237915039,220.79385375976562,86.0948715209961,34.54349899291992,31.517560958862305,270.3694152832031,40.1602668762207,24.714977264404297
2020-05-22,57.99703598022461,221.55596923828125,86.26139068603516,34.400718688964844,31.572845458984375,270.88287353515625,40.302738189697266,24.741235733032227
2020-05-26,60.38932418823242,220.9578094482422,87.6486587524414,36.694725036621094,31.932140350341797,274.2202453613281,40.47372055053711,25.37135887145996
2020-05-27,62.745243072509766,222.1636962890625,88.64752197265625,38.322444915771484,32.29146194458008,278.3003845214844,40.81566619873047,25.948978424072266
2020-05-28,60.889625549316406,221.8743133544922,88.38853454589844,36.98981475830078,32.3006706237793,277.7868347167969,40.825172424316406,25.82645034790039
2020-05-29,60.16194152832031,225.12538146972656,88.87871551513672,36.20927810668945,32.56785202026367,279.0247802734375,41.081634521484375,25.835208892822266
2020-06-01,60.82595443725586,225.80067443847656,89.1746826171875,37.18970489501953,32.47571563720703,280.1524353027344,41.309600830078125,25.90522003173828
2020-06-02,61.51724624633789,227.3153076171875,89.86832427978516,38.0368766784668,32.78895950317383,282.4721374511719,41.623043060302734,26.167768478393555
2020-06-03,63.618473052978516,228.33782958984375,91.2093734741211,40.159549713134766,33.14826202392578,286.2313537597656,41.984004974365234,26.68412208557129
2020-06-04,64.4735107421875,226.73643493652344,90.69143676757812,41.235172271728516,33.037715911865234,285.47955322265625,41.642051696777344,26.79789924621582
2020-06-05,67.29331970214844,231.23204040527344,92.96659088134766,43.786197662353516,33.756324768066406,292.7962341308594,42.601417541503906,27.58555793762207
2020-06-08,68.72140502929688,233.02635192871094,93.8082275390625,46.29914093017578,33.93136978149414,296.3354797363281,42.90536880493164,28.136917114257812
2020-06-09,67.0477066040039,234.714599609375,92.87411499023438,44.29067611694336,33.682613372802734,294.1257629394531,42.94336700439453,27.576805114746094
2020-06-10,64.6099624633789,237.53160095214844,92.31919860839844,41.853885650634766,33.562835693359375,292.4845275878906,43.17133712768555,27.025442123413086
2020-06-11,59.334171295166016,225.76210021972656,86.84404754638672,37.55142593383789,31.683408737182617,275.623046875,40.891658782958984,25.257585525512695
2020-06-12,60.83503723144531,227.55645751953125,87.77815246582031,39.293357849121094,31.959787368774414,278.9238586425781,41.319095611572266,25.677671432495117
2020-06-15,62.18147277832031,230.3251953125,88.55331420898438,39.759769439697266,32.1440544128418,281.52783203125,41.69904327392578,25.86146354675293
2020-06-16,63.76061248779297,234.280517578125,90.20572662353516,40.97815704345703,32.88108825683594,286.946533203125,42.563419342041016,26.35155487060547
2020-06-17,62.37313461303711,235.02333068847656,89.80654907226562,39.82639694213867,32.69682693481445,285.7546691894531,42.55392074584961,26.053997039794922
2020-06-18,62.12669372558594,235.66004943847656,89.74154663085938,39.864471435546875,32.742897033691406,285.8645935058594,42.601417541503906,26.0627498626709
2020-06-19,61.31425857543945,235.6214599609375,89.22168731689453,39.16008758544922,32.595481872558594,284.23095703125,42.45893096923828,25.852705001831055
2020-06-22,61.85285186767578,238.4471435546875,89.82511901855469,39.09700012207031,32.790767669677734,286.0543212890625,42.92947769165039,25.818328857421875
2020-06-23,62.04452133178711,240.4765625,90.31713104248047,39.345542907714844,32.94810104370117,287.3712463378906,43.20570373535156,25.88003158569336
2020-06-24,59.89027404785156,235.51905822753906,87.88488006591797,37.13737487792969,32.11514663696289,280.0408020019531,42.205570220947266,25.1572265625
2020-06-25,60.821346282958984,237.76104736328125,88.68325805664062,37.9307746887207,32.457584381103516,283.0429382324219,42.624671936035156,25.421669006347656
2020-06-26,59.00482940673828,232.14630126953125,86.39957427978516,36.592498779296875,31.911531448364258,276.32025146484375,41.557865142822266,24.875154495239258
2020-06-29,61.51508331298828,234.67823791503906,87.68995666503906,37.63444900512695,32.26323318481445,280.3814697265625,42.08173751831055,25.298263549804688
2020-06-30,62.33665084838867,239.27825927734375,89.04529571533203,38.2462272644043,32.772247314453125,283.97308349609375,42.786590576171875,25.545074462890625
2020-07-01,61.44207000732422,242.07115173339844,89.5187759399414,37.5579719543457,32.83704376220703,285.9621887207031,43.20570373535156,25.571514129638672
2020-07-02,61.78893280029297,243.7139892578125,90.06647491455078,37.816078186035156,33.0869255065918,287.5370178222656,43.424781799316406,25.67728614807129
2020-07-06,62.37313461303711,249.7056427001953,91.36612701416016,38.46609878540039,33.549686431884766,291.975830078125,44.310604095458984,25.924110412597656
2020-07-07,61.113433837890625,247.98541259765625,90.25212097167969,37.24251937866211,33.22575759887695,288.9644470214844,43.901031494140625,25.58914566040039
2020-07-08,61.36905288696289,251.25181579589844,90.7534408569336,37.653564453125,33.438629150390625,291.17462158203125,44.40586471557617,25.633220672607422
2020-07-09,59.96330642700195,253.3682861328125,90.13143920898438,36.37263870239258,33.336814880371094,289.51690673828125,44.5106315612793,25.24537467956543
2020-07-10,61.2960205078125,255.0980682373047,91.05050659179688,37.58665084838867,33.512672424316406,292.47314453125,44.739234924316406,25.68610954284668
2020-07-13,60.70269775390625,249.85057067871094,90.27999877929688,37.452823638916016,33.25352096557617,289.940673828125,44.01532745361328,25.730188369750977
2020-07-14,61.697669982910156,251.61911010742188,91.56108856201172,37.9307746887207,33.73478698730469,293.69793701171875,44.5106315612793,26.11802864074707
2020-07-15,64.06187438964844,252.1312713623047,92.75862121582031,39.63230514526367,34.05870819091797,296.3962097167969,44.81543731689453,26.46179962158203
2020-07-16,63.61458206176758,250.41110229492188,92.31303405761719,39.383766174316406,33.9106330871582,295.4200744628906,44.558265686035156,26.47062110900879
2020-07-17,63.623695373535156,250.7010040283203,92.72150421142578,38.98228454589844,34.132755279541016,296.2765197753906,44.66303253173828,26.549957275390625
2020-07-20,63.12167739868164,257.8136901855469,93.14852905273438,38.542564392089844,34.35486602783203,298.67083740234375,45.52029037475586,26.347211837768555
2020-07-21,64.52742004394531,255.12704467773438,93.52914428710938,39.62274169921875,34.35486602783203,299.3062744140625,45.30122375488281,26.682178497314453
2020-07-22,64.58216857910156,256.02587890625,94.28107452392578,39.61318588256836,34.57699966430664,301.0099182128906,45.59649658203125,26.80557632446289
2020-07-23,65.0294418334961,249.33837890625,93.2413558959961,39.66099166870117,34.21605682373047,297.41839599609375,44.68208694458008,26.796762466430664
2020-07-24,63.9249382019043,246.9707489013672,92.2851791381836,39.259498596191406,33.77180099487305,295.5029602050781,44.43444061279297,26.61165428161621
2020-07-27,64.65520477294922,251.37747192382812,92.94429779052734,39.288177490234375,34.09573745727539,297.6578369140625,44.96784210205078,26.61165428161621
2020-07-28,64.20793151855469,248.17874145507812,92.23875427246094,38.90581512451172,33.864356994628906,295.77001953125,44.53921127319336,26.585208892822266
2020-07-29,65.8327407836914,251.0391845703125,93.21351623535156,40.03379821777344,34.1512565612793,299.4075622558594,45.09165954589844,26.884912490844727
2020-07-30,65.4219741821289,252.35354614257812,92.78646850585938,39.422000885009766,33.97542190551758,298.33935546875,45.14881896972656,26.61165428161621
2020-07-31,65.00205993652344,256.8568420410156,93.45486450195312,39.09700012207031,34.18827819824219,300.69683837890625,45.806053161621094,26.54113006591797
2020-08-03,65.74143981933594,260.3263244628906,93.77979278564453,39.24038314819336,34.55849075317383,302.7874450683594,46.26324462890625,26.60283851623535
2020-08-04,66.12484741210938,261.2926940917969,94.12327575683594,39.47935485839844,34.697322845458984,303.9569396972656,46.415653228759766,26.743873596191406
2020-08-05,67.64013671875,261.9400329589844,95.04232788085938,40.30145263671875,34.91018295288086,305.8447570800781,46.69187545776367,26.90254020690918
2020-08-06,67.26587677001953,265.409423828125,95.60858917236328,40.129390716552734,35.067508697509766,307.88922119140625,47.225284576416016,26.90254020690918
2020-08-07,68.48904418945312,262.34600830078125,95.86851501464844,40.722049713134766,34.98422622680664,308.1102294921875,46.929996490478516,27.19342613220215
2020-08-10,69.17366027832031,261.22491455078125,96.10061645507812,41.9934196472168,35.10454559326172,309.03125,46.84427261352539,27.466684341430664
2020-08-11,69.10063934326172,256.27716064453125,95.61791229248047,42.251522064208984,34.81761932373047,306.4801940917969,46.31087112426758,27.413793563842773
2020-08-12,69.3379898071289,262.7228698730469,96.81542205810547,42.29930877685547,35.428466796875,310.7532653808594,47.13956069946289,27.607715606689453
2020-08-13,68.93633270263672,263.3221435546875,96.58336639404297,41.8691520690918,35.261863708496094,310.1915283203125,47.24433517456055,27.38735008239746
2020-08-14,68.90894317626953,263.0128173828125,96.53693389892578,42.213287353515625,35.261863708496094,310.2007141113281,47.18718719482422,27.457866668701172
2020-08-17,69.01849365234375,266.06658935546875,96.83399963378906,41.91694259643555,35.51176452636719,311.1861572265625,47.472923278808594,27.37853240966797
2020-08-18,68.18782043457031,268.6274719238281,96.88041687011719,41.22868728637695,35.55802917480469,311.8583984375,47.796783447265625,27.281578063964844
2020-08-19,68.17870330810547,266.8205261230469,96.58336639404297,41.16178512573242,35.44697952270508,310.5598449707031,47.56817626953125,27.184608459472656
2020-08-20,67.6310043334961,270.5216369628906,96.80615234375,40.57867431640625,35.59505844116211,311.5268249511719,48.0063362121582,27.034767150878906
2020-08-21,67.19286346435547,272.396484375,97.09390258789062,40.35881042480469,35.844940185546875,312.63189697265625,48.282569885253906,27.017131805419922
2020-08-24,68.40691375732422,274.0972900390625,98.1614990234375,41.8309211730957,36.13185119628906,315.7999267578125,48.682613372802734,27.38735008239746
2020-08-25,68.35212707519531,276.2523498535156,98.49568176269531,41.81180191040039,36.29844284057617,316.90496826171875,48.968360900878906,27.36090850830078
2020-08-26,67.77704620361328,282.1473388671875,99.39617156982422,41.31472396850586,36.56683349609375,320.0820617675781,49.892295837402344,27.290386199951172
2020-08-27,68.01438903808594,281.2678527832031,99.479736328125,41.90739822387695,36.66864776611328,320.781982421875,49.81608963012695,27.493131637573242
2020-08-28,68.5346908569336,282.6981506347656,100.46375274658203,42.69124221801758,36.992584228515625,322.8541259765625,50.130428314208984,27.68704605102539
2020-08-31,67.5214614868164,284.9692077636719,99.86961364746094,41.80224609375,36.881507873535156,321.6845703125,50.130428314208984,27.449052810668945
2020-09-01,68.29735565185547,289.83990478515625,100.57514190673828,42.06033706665039,37.16842269897461,324.71429443359375,50.84480285644531,27.449052810668945
2020-09-02,69.08238983154297,292.5843200683594,102.26471710205078,42.71035385131836,37.78851318359375,329.4110412597656,51.48298263549805,27.925046920776367
2020-09-03,67.36630249023438,277.750244140625,98.85774230957031,42.19417190551758,36.36323547363281,318.07452392578125,49.25410842895508,27.422609329223633
2020-09-04,67.0102767944336,274.0489807128906,97.96653747558594,42.55740737915039,36.00228500366211,315.4775085449219,48.58736038208008,27.404977798461914
2020-09-08,65.38544464111328,260.8771057128906,95.62715911865234,41.26693344116211,35.021236419677734,306.85784912109375,46.949058532714844,26.92898178100586
2020-09-09,66.12484741210938,268.54058837890625,97.1589126586914,41.35295867919922,35.86345291137695,312.9173889160156,48.16826248168945,27.202241897583008
2020-09-10,65.23941802978516,263.18670654296875,95.56217193603516,40.722049713134766,35.23411560058594,307.48406982421875,47.24433517456055,26.80557632446289
2020-09-11,64.79214477539062,261.36029052734375,95.63642883300781,40.894126892089844,35.34516906738281,307.64056396484375,47.11097717285156,26.955425262451172
2020-09-14,65.9148941040039,265.9119873046875,96.88969421386719,41.9265022277832,35.90973663330078,311.692626953125,47.7205810546875,27.299198150634766
2020-09-15,65.93314361572266,269.6809387207031,97.41883087158203,41.60150146484375,36.09482955932617,313.26739501953125,48.18730926513672,27.255136489868164
2020-09-16,66.38043212890625,265.3804931640625,97.27030944824219,42.46181869506836,35.88196563720703,312.02410888671875,47.653907775878906,27.449052810668945
2020-09-17,65.85099792480469,261.2347106933594,96.4069595336914,42.29930877685547,35.68760299682617,309.27972412109375,47.12051010131836,27.308021545410156
2020-09-18,65.47674560546875,257.900634765625,95.5064697265625,41.6492919921875,35.34516906738281,305.71917724609375,46.4823112487793,27.105276107788086
2020-09-21,63.20380783081055,258.5191345214844,93.9747314453125,39.57495880126953,34.80837631225586,302.316650390625,46.277095794677734,26.495014190673828
2020-09-22,63.57808303833008,263.3221435546875,94.9773178100586,39.53671646118164,35.09528350830078,305.3955383300781,47.031192779541016,26.512752532958984
2020-09-23,61.87223815917969,255.28175354003906,93.3662109375,38.43740463256836,34.41965103149414,298.3131103515625,45.80936813354492,26.033769607543945
2020-09-24,62.11971664428711,256.4703369140625,93.49676513671875,38.446983337402344,34.521461486816406,299.1082458496094,45.97163391113281,26.0515079498291
2020-09-25,62.770538330078125,262.4330139160156,94.8113784790039,38.98228454589844,35.04901123046875,303.9439697265625,46.859371185302734,26.35309410095215
2020-09-28,64.55793762207031,267.8834533691406,96.368408203125,40.11026382446289,35.61356735229492,308.9921875,47.67074966430664,26.75224494934082
2020-09-29,64.19129943847656,266.6753234863281,96.08869171142578,39.46980667114258,35.465484619140625,307.3094177246094,47.50847625732422,26.548234939575195
2020-09-30,64.3746337890625,268.5019226074219,96.72268676757812,39.708778381347656,35.780155181884766,309.6395263671875,47.83302688598633,26.787729263305664
2020-10-01,65.2912368774414,272.763671875,97.25414276123047,39.78525161743164,35.891212463378906,311.62738037109375,48.27212905883789,26.805465698242188
2020-10-02,65.92371368408203,265.090576171875,96.48028564453125,40.36836624145508,35.409950256347656,308.6687316894531,47.48938751220703,26.876426696777344
2020-10-05,67.39948272705078,270.7440185546875,98.07462310791016,41.4007568359375,36.0855827331543,314.1423034667969,48.36758041381836,27.284454345703125
2020-10-06,67.38114166259766,265.9119873046875,96.92782592773438,40.779415130615234,35.73387908935547,309.676513671875,47.537109375,27.036090850830078
2020-10-07,68.34358215332031,270.51202392578125,98.44754791259766,41.859596252441406,36.35397720336914,315.0669250488281,48.42484664916992,27.470726013183594
2020-10-08,69.37022399902344,271.951904296875,99.35194396972656,42.77727127075195,36.55759048461914,317.8591003417969,48.73030471801758,27.80779266357422
2020-10-09,69.73689270019531,276.10736083984375,100.31224822998047,42.56698226928711,36.87226486206055,320.69775390625,49.36031723022461,27.861007690429688
2020-10-12,70.204345703125,284.6310119628906,101.58960723876953,42.6721305847168,37.381290435791016,325.8569030761719,50.44852828979492,28.056154251098633
2020-10-13,69.41606903076172,284.6213073730469,100.89967346191406,41.80224609375,37.103633880615234,323.7304382324219,50.248069763183594,27.78117561340332
2020-10-14,69.02190399169922,282.24395751953125,100.30296325683594,41.754451751708984,36.96480941772461,321.6961975097656,49.92350769042969,27.63038444519043
2020-10-15,69.9110336303711,280.3499450683594,100.17243194580078,42.127254486083984,36.835235595703125,321.29864501953125,49.723045349121094,27.710222244262695
2020-10-16,69.50772094726562,278.81329345703125,100.15377807617188,41.859596252441406,36.9000244140625,321.1045837402344,49.56077194213867,27.80779266357422
2020-10-19,68.74691772460938,274.26153564453125,98.55944061279297,41.448551177978516,36.307701110839844,316.22265625,48.768497467041016,27.399765014648438
2020-10-20,69.21440887451172,274.8510437011719,99.04425811767578,42.00297927856445,36.41875457763672,317.4892883300781,48.9785041809082,27.53281593322754
2020-10-21,68.82939910888672,274.6384582519531,99.20276641845703,41.591941833496094,36.307701110839844,316.8883361816406,48.902137756347656,27.41750717163086
2020-10-22,69.95685577392578,274.62884521484375,99.75286865234375,42.92066955566406,36.511314392089844,318.6265563964844,48.9403190612793,27.790050506591797
2020-10-23,70.28684997558594,275.1700439453125,100.26568603515625,43.17875671386719,36.50204849243164,319.7083740234375,49.15031814575195,27.84326934814453
2020-10-26,68.82939910888672,271.0435791015625,98.12124633789062,41.66840362548828,35.81718063354492,313.8002624511719,48.27212905883789,27.31993865966797
2020-10-27,67.9311294555664,273.1598815917969,97.68304443359375,40.78896713256836,35.71537399291992,312.71844482421875,48.40576171875,26.965129852294922
2020-10-28,65.85037231445312,262.51031494140625,94.03752899169922,39.288177490234375,34.475196838378906,302.02996826171875,46.582542419433594,26.166820526123047
2020-10-29,66.86783599853516,267.10076904296875,95.08174896240234,40.26321029663086,34.725074768066406,305.0997619628906,47.212562561035156,26.299877166748047
2020-10-30,66.015380859375,260.3263244628906,94.21466064453125,40.406612396240234,34.34561538696289,301.91900634765625,46.38209915161133,26.308744430541992
2020-11-02,67.40863800048828,260.906005859375,95.39875030517578,41.716209411621094,34.780616760253906,305.3031311035156,46.69709777832031,26.796598434448242
2020-11-03,69.10442352294922,265.41912841796875,97.18885040283203,42.547847747802734,35.35442352294922,310.6935119628906,47.537109375,27.293325424194336
2020-11-04,68.44442749023438,277.26715087890625,99.5477294921875,41.897830963134766,36.1873893737793,317.6372375488281,49.19804382324219,27.346546173095703
2020-11-05,70.45185852050781,284.4958190917969,101.26327514648438,43.12140655517578,36.863006591796875,323.8320617675781,50.314884185791016,27.763442993164062
2020-11-06,69.76437377929688,284.70831298828125,101.08614349365234,42.547847747802734,36.95555114746094,323.7580871582031,50.37215805053711,27.65699577331543
2020-11-09,73.12841033935547,278.8906555175781,103.463623046875,47.48994064331055,37.12213897705078,327.826416015625,50.12397384643555,28.810115814208984
2020-11-10,75.05330657958984,273.8943176269531,103.2864990234375,47.57597732543945,36.98331832885742,327.3456115722656,49.5703239440918,29.200401306152344
2020-11-11,74.55831146240234,280.02130126953125,103.60350036621094,46.849483489990234,37.279476165771484,329.7773132324219,50.29578399658203,29.102825164794922
2020-11-12,72.9634017944336,278.70697021484375,102.37278747558594,45.53032684326172,36.946292877197266,326.5781555175781,49.9044303894043,28.721410751342773
2020-11-13,74.91580963134766,281.1518859863281,103.9950942993164,47.250972747802734,37.47384262084961,331.0994873046875,50.410335540771484,29.262487411499023
2020-11-16,77.17073059082031,283.3457336425781,105.29108428955078,49.21059799194336,37.78851318359375,335.2323913574219,50.84943771362305,29.785825729370117
2020-11-17,77.60152435302734,282.4469909667969,104.8621826171875,49.46870040893555,37.5571403503418,333.4294738769531,50.60124969482422,29.626161575317383
2020-11-18,76.51991271972656,280.3594665527344,103.62214660644531,48.97161865234375,37.103633880615234,329.41668701171875,50.01897430419922,29.25361442565918
2020-11-19,76.96907806396484,282.55322265625,103.76199340820312,49.554725646972656,37.28874206542969,330.8036193847656,50.29578399658203,29.28909683227539
2020-11-20,76.88654327392578,280.6204833984375,102.98812866210938,49.172359466552734,37.02034378051758,328.5382385253906,49.913978576660156,29.164920806884766
2020-11-23,78.6739730834961,280.630126953125,103.70606231689453,51.16065979003906,37.15917205810547,330.5076904296875,49.96169662475586,29.54633331298828
2020-11-24,80.5988998413086,284.572998046875,105.3749771118164,53.45486068725586,37.56638717651367,335.83343505859375,50.57261657714844,30.184980392456055
2020-11-25,79.9664077758789,286.32220458984375,105.00203704833984,52.7666015625,37.52937316894531,335.31561279296875,50.6776237487793,29.998706817626953
2020-11-27,79.82891082763672,288.96038818359375,105.24446105957031,52.54674530029297,37.686710357666016,336.24945068359375,50.906715393066406,29.972097396850586
2020-11-30,78.04150390625,289.5499267578125,104.85285949707031,50.87389373779297,37.686710357666016,334.7608642578125,50.878074645996094,29.68825912475586
2020-12-01,78.90314483642578,293.2608337402344,106.29801940917969,51.56214904785156,38.010643005371094,338.42230224609375,51.50808334350586,29.92774772644043
2020-12-02,79.26978302001953,293.63775634765625,106.08357238769531,52.412925720214844,38.0661735534668,339.1342468261719,51.44126510620117,30.131765365600586
2020-12-03,79.79227447509766,294.0533142089844,106.19544982910156,53.45486068725586,38.029144287109375,339.0417785644531,51.364906311035156,30.184980392456055
2020-12-04,81.77218627929688,295.2515869140625,107.0718765258789,55.23286819458008,38.43637466430664,341.9635314941406,51.70853805541992,30.530912399291992
2020-12-07,81.57052612304688,296.9234313964844,106.92267608642578,54.659324645996094,38.33456039428711,341.2607421875,51.76581954956055,30.3535099029541
2020-12-08,82.17549896240234,297.9284973144531,107.3422622680664,54.89830017089844,38.44562530517578,342.2594299316406,51.86126708984375,30.486562728881836
2020-12-09,82.2213134765625,291.1830749511719,106.54973602294922,54.754913330078125,38.1216926574707,339.1896667480469,51.145355224609375,30.468822479248047
2020-12-10,82.60629272460938,292.3524169921875,106.2140884399414,55.318904876708984,38.047645568847656,339.0787353515625,51.154903411865234,30.388994216918945
2020-12-11,81.93717956542969,291.7049865722656,106.23274993896484,54.535057067871094,38.03840637207031,338.6811828613281,51.18354415893555,30.300289154052734
2020-12-14,81.75150299072266,293.8212890625,105.64136505126953,53.43574905395508,37.99211883544922,337.1648254394531,51.154903411865234,29.954357147216797
2020-12-15,83.90235137939453,296.9621276855469,106.97008514404297,54.57329177856445,38.4734001159668,341.7231140136719,51.82309341430664,30.37125587463379
2020-12-16,83.48873901367188,298.5953369140625,106.97008514404297,54.30562973022461,38.46413040161133,342.2594299316406,52.05218505859375,30.282550811767578
2020-12-17,84.24246978759766,300.5473937988281,107.77478790283203,54.391666412353516,38.78807067871094,344.17333984375,52.386287689208984,30.45108413696289
2020-12-18,83.52550506591797,299.6389465332031,107.38179779052734,53.818119049072266,38.695518493652344,342.7990417480469,52.27173614501953,30.309158325195312
2020-12-21,83.23137664794922,299.07843017578125,106.84843444824219,53.42927932739258,38.496620178222656,341.5733642578125,52.110023498535156,30.15216064453125
2020-12-22,83.75531768798828,299.8917236328125,106.61451721191406,52.78601837158203,38.45015335083008,340.9976806640625,52.2535514831543,29.911298751831055
2020-12-23,84.55496978759766,298.3814392089844,106.54900360107422,53.92852783203125,38.33861541748047,341.3040771484375,51.97605895996094,30.15216064453125
2020-12-24,84.62852478027344,299.69805908203125,107.10107421875,53.86132049560547,38.5523796081543,342.6318664550781,52.26311111450195,30.223526000976562
2020-12-28,84.95023345947266,302.7186584472656,107.89643096923828,53.90932083129883,38.74755859375,345.5754089355469,52.89464569091797,30.366254806518555
2020-12-29,83.4979248046875,302.9897155761719,107.79349517822266,53.506080627441406,38.784732818603516,344.9161071777344,52.779815673828125,30.294885635375977
2020-12-30,84.34356689453125,302.99951171875,108.04615020751953,54.360565185546875,38.905574798583984,345.40826416015625,52.722412109375,30.4376220703125
2020-12-31,84.47225189208984,303.7449035644531,108.73856353759766,54.50458526611328,39.137916564941406,347.1632385253906,52.90420913696289,30.678478240966797
2021-01-04,83.68177032470703,299.45599365234375,107.00750732421875,53.717308044433594,38.6824951171875,342.43695068359375,52.14830017089844,30.259201049804688
2021-01-05,85.46498107910156,301.9248046875,107.43792724609375,55.051841735839844,38.970619201660156,344.7953796386719,52.46405792236328,30.482219696044922
2021-01-06,89.61962890625,297.74249267578125,107.9338607788086,57.04883575439453,39.110042572021484,346.8567199707031,52.014339447021484,31.204805374145508
2021-01-07,90.56637573242188,304.9454040527344,109.1502914428711,58.02813720703125,39.68627166748047,352.0101623535156,53.11471176147461,31.40106964111328
2021-01-08,89.8218765258789,308.866455078125,109.68362426757812,57.749698638916016,39.84428787231445,354.0158996582031,53.67924880981445,31.436742782592773
2021-01-11,90.23548889160156,304.4032897949219,109.17833709716797,57.884117126464844,39.88145446777344,351.6295166015625,53.00946807861328,31.454586029052734
2021-01-12,91.78889465332031,303.9190979003906,108.94442749023438,59.257049560546875,39.70486068725586,351.7037658691406,52.80852127075195,31.579484939575195
2021-01-13,90.98001861572266,305.9715881347656,108.98186492919922,58.67138671875,39.76062774658203,352.65087890625,53.07645034790039,31.579484939575195
2021-01-14,93.14008331298828,304.33544921875,108.36426544189453,59.91951370239258,39.59332275390625,351.4159240722656,52.550174713134766,31.686532974243164
2021-01-15,91.51315307617188,301.9248046875,107.81221771240234,58.517784118652344,39.38887023925781,348.8531494140625,52.27268600463867,31.383220672607422
2021-01-19,92.38636016845703,306.3298034667969,108.66371154785156,59.09383773803711,39.723453521728516,351.59234619140625,52.885074615478516,31.49027442932129
2021-01-20,92.88273620605469,313.455322265625,109.77720642089844,59.19944381713867,40.030155181884766,356.4578857421875,54.10984420776367,31.632997512817383
2021-01-21,91.8256607055664,315.9627990722656,109.86141204833984,58.3449592590332,40.08591842651367,356.7828369140625,54.425594329833984,31.4456729888916
2021-01-22,92.98382568359375,315.052734375,109.19705200195312,58.018524169921875,39.91863250732422,355.5200500488281,54.4351692199707,31.204805374145508
2021-01-25,93.12169647216797,317.6570739746094,109.4964828491211,57.164039611816406,40.1602783203125,356.92218017578125,54.87531661987305,31.21373176574707
2021-01-26,93.13088989257812,318.12176513671875,109.27194213867188,56.24235153198242,40.15098190307617,356.3651123046875,54.90402603149414,31.079912185668945
2021-01-27,92.87353515625,309.25360107421875,106.76422882080078,54.49497985839844,39.17509460449219,347.6553955078125,53.487884521484375,30.384096145629883
2021-01-28,91.0351791381836,311.0834045410156,107.95256805419922,55.84870910644531,39.611915588378906,350.6452941894531,53.75580978393555,30.758764266967773
2021-01-29,89.68399047851562,304.5386962890625,105.66010284423828,54.15895080566406,38.905574798583984,343.6254577636719,52.66498947143555,30.20568084716797
2021-02-01,91.2741470336914,312.1484375,107.10107421875,54.994232177734375,39.453914642333984,349.3452453613281,53.81319808959961,30.464378356933594
2021-02-02,91.52234649658203,317.2408447265625,108.7198486328125,56.079139709472656,39.92793273925781,354.28509521484375,54.60740280151367,30.883657455444336
2021-02-03,91.8532485961914,315.982177734375,108.51400756835938,57.25045394897461,39.639801025390625,354.563720703125,54.48301315307617,30.999629974365234
2021-02-04,93.49855041503906,319.71923828125,109.8239974975586,58.517784118652344,40.16957473754883,358.5935363769531,55.01884460449219,31.4456729888916
2021-02-05,94.61077880859375,320.80364990234375,110.42284393310547,58.81541442871094,40.318275451660156,360.0048522949219,55.20064926147461,31.579484939575195
2021-02-08,97.23041534423828,322.9528503417969,111.1994857788086,60.40916061401367,40.662166595458984,362.60479736328125,55.449432373046875,31.891700744628906
2021-02-09,97.9289779663086,322.8851318359375,111.1246109008789,59.929115295410156,40.60639572143555,362.36346435546875,55.39201354980469,31.909542083740234
2021-02-10,97.59809875488281,322.14923095703125,111.21818542480469,60.38997268676758,40.60639572143555,362.2055358886719,55.27720260620117,31.945234298706055
2021-02-11,97.81867980957031,323.92095947265625,111.80768585205078,60.26515579223633,40.94099426269531,362.7904968261719,55.468570709228516,31.918474197387695
2021-02-12,98.01171875,325.7314453125,112.09777069091797,60.898807525634766,41.15475845336914,364.5827331542969,55.78431701660156,32.06120681762695
2021-02-16,97.78193664550781,324.8503723144531,111.78897094726562,62.214149475097656,41.06181335449219,364.266845703125,55.6025276184082,32.1414794921875
2021-02-17,97.26718139648438,323.2917785644531,111.96675872802734,62.12773895263672,40.931697845458984,364.35052490234375,55.45900344848633,32.2396125793457
2021-02-18,95.79650115966797,321.878173828125,111.7141342163086,61.08122634887695,40.7736930847168,362.7998046875,55.20064926147461,32.09687805175781
2021-02-19,97.42343139648438,320.4743957519531,111.35855102539062,62.867008209228516,40.643577575683594,362.1591491699219,54.85618591308594,32.195011138916016
2021-02-22,98.01171875,312.1677551269531,110.65678405761719,64.12471771240234,40.308982849121094,359.3735046386719,53.76537322998047,32.40911865234375
2021-02-23,97.460205078125,311.23834228515625,110.99360656738281,64.64319610595703,40.308982849121094,359.8099670410156,53.650543212890625,32.56075668334961
2021-02-24,100.15338134765625,313.8039855957031,112.2568359375,66.76498413085938,40.89452362060547,363.77484130859375,54.10026931762695,33.0335578918457
2021-02-25,97.05575561523438,302.8638916015625,109.51521301269531,64.52796936035156,39.84428787231445,355.0093688964844,52.52146530151367,32.391265869140625
2021-02-26,96.59617614746094,304.1322021484375,109.0379867553711,64.1535415649414,39.68627166748047,353.1801452636719,52.6458625793457,32.0076789855957
2021-03-01,99.58351135253906,313.28106689453125,111.54568481445312,65.75688934326172,40.56922149658203,361.7413330078125,54.01415252685547,32.67673110961914
2021-03-02,97.85546112060547,308.2564697265625,110.71292877197266,65.47847747802734,40.16957473754883,358.9186096191406,53.315650939941406,32.5786018371582
2021-03-03,98.00252532958984,299.3108215332031,109.13156127929688,65.98731231689453,39.500389099121094,354.1644592285156,52.014339447021484,32.59644317626953
2021-03-04,96.21012878417969,294.4120178222656,107.59701538085938,65.20004272460938,38.77544403076172,349.7817077636719,51.20101547241211,32.26637649536133
2021-03-05,98.39776611328125,298.8460998535156,110.14212036132812,66.79379272460938,39.63050842285156,356.2164611816406,52.02390670776367,32.926513671875
2021-03-08,100.28207397460938,290.3846435546875,109.98303985595703,67.26422119140625,39.370277404785156,354.4429931640625,50.93310546875,33.32795333862305
2021-03-09,101.26558685302734,301.83758544921875,111.33047485351562,66.66898345947266,40.03944778442383,359.50347900390625,52.48320007324219,33.25657272338867
2021-03-10,103.36132049560547,300.97601318359375,112.09777069091797,67.80189514160156,40.11381530761719,361.7413330078125,52.49276351928711,33.68477249145508
2021-03-11,104.70330810546875,307.90789794921875,113.0334701538086,68.46436309814453,40.50416946411133,365.4091491699219,53.535728454589844,33.7115364074707
2021-03-12,105.71440124511719,305.4100646972656,112.91180419921875,69.19400787353516,40.448394775390625,365.9012145996094,53.21039962768555,34.01483917236328
2021-03-15,105.5121841430664,308.67266845703125,114.04402160644531,69.70287322998047,40.75510787963867,368.0832214355469,53.62184524536133,34.1575813293457
2021-03-16,103.87604522705078,310.36688232421875,114.062744140625,67.9459228515625,40.875938415527344,367.6190185546875,53.880210876464844,33.925636291503906
2021-03-17,104.44593811035156,311.64495849609375,114.07209777832031,69.10765075683594,40.92240524291992,368.87249755859375,53.928043365478516,34.08621597290039
2021-03-18,102.13880920410156,302.0990905761719,112.40652465820312,67.53306579589844,40.318275451660156,363.5055847167969,52.67456817626953,33.87211608886719
2021-03-19,102.35942077636719,303.1640319824219,112.0135498046875,67.37943267822266,40.23463439941406,362.8330078125,52.83722686767578,33.7115364074707
2021-03-22,100.92549896240234,308.849365234375,113.0147476196289,66.55784606933594,40.703678131103516,365.7301330566406,53.59951400756836,33.72142028808594
2021-03-23,97.4326400756836,307.5019226074219,112.2568359375,64.29690551757812,40.38662338256836,362.8515930175781,53.4365119934082,33.29046630859375
2021-03-24,95.7321548461914,302.3158264160156,111.81704711914062,64.36425018310547,40.200130462646484,361.007080078125,52.85161209106445,33.29944610595703
2021-03-25,98.31795501708984,301.7923278808594,112.2964096069336,65.75929260253906,40.38662338256836,363.0379333496094,52.822837829589844,33.72142028808594
2021-03-26,100.71395111083984,306.3193054199219,114.68391418457031,67.18319702148438,41.3564338684082,368.8882141113281,53.67622756958008,34.25112533569336
2021-03-29,98.2258071899414,306.2320556640625,114.82490539550781,65.90359497070312,41.42170333862305,368.70184326171875,53.72415542602539,34.18828201293945
2021-03-30,99.64496612548828,304.6907958984375,114.16693115234375,67.010009765625,41.07667922973633,367.7237854003906,53.4365119934082,34.19724655151367
2021-03-31,100.01358032226562,309.3534851074219,114.46771240234375,66.8945541381836,41.3377799987793,369.2142639160156,54.07893371582031,34.026668548583984
2021-04-01,101.45116424560547,314.62677001953125,115.69904327392578,68.13567352294922,41.77604293823242,373.201416015625,54.90353775024414,34.25112533569336
2021-04-05,101.89349365234375,320.90826416015625,117.12779235839844,68.28958892822266,42.298255920410156,378.5580749511719,55.97745132446289,34.574317932128906
2021-04-06,101.79216003417969,320.685302734375,117.10897064208984,68.42428588867188,42.18635940551758,378.33447265625,55.881561279296875,34.538414001464844
2021-04-07,100.28083801269531,321.46075439453125,117.07137298583984,68.41466522216797,42.16770935058594,378.7723388671875,56.1116943359375,34.52045440673828
2021-04-08,100.80611419677734,324.81475830078125,117.54137420654297,68.26072692871094,42.438114166259766,380.5701599121094,56.65823745727539,34.48453903198242
2021-04-09,100.91667938232422,326.7825927734375,118.4719009399414,68.49164581298828,42.70855712890625,383.33709716796875,57.16642379760742,34.673091888427734
2021-04-12,101.0364761352539,326.3560485839844,118.321533203125,68.48201751708984,42.74586486816406,383.476806640625,57.15683364868164,34.71797561645508
2021-04-13,100.34532928466797,330.1656188964844,118.3497314453125,67.8855209350586,42.90438461303711,384.6133117675781,57.6842041015625,34.556365966796875
2021-04-14,101.45116424560547,326.20098876953125,118.0677490234375,68.75141906738281,42.755184173583984,383.29986572265625,57.089717864990234,34.70899963378906
2021-04-15,101.77369689941406,331.1446533203125,119.36488342285156,68.51087951660156,43.351985931396484,387.41741943359375,58.0006103515625,34.888553619384766
2021-04-16,102.07781219482422,331.532470703125,119.9288558959961,68.59748840332031,43.4825325012207,388.71221923828125,58.125267028808594,35.07708740234375
2021-04-19,101.04569244384766,328.4983825683594,119.40247344970703,68.1067886352539,43.24940490722656,386.8026123046875,57.741729736328125,34.97834014892578
2021-04-20,98.66815948486328,326.10406494140625,118.63172149658203,66.26920318603516,42.96034240722656,383.9705810546875,57.39655685424805,34.655113220214844
2021-04-21,100.93511199951172,328.8958740234375,119.75025939941406,67.789306640625,43.351985931396484,387.6037902832031,57.837608337402344,35.04118728637695
2021-04-22,100.34532928466797,324.9311218261719,118.8667221069336,67.06774139404297,42.96965408325195,384.0636901855469,57.243125915527344,34.789798736572266
2021-04-23,102.20682525634766,329.0218200683594,119.90066528320312,68.37618255615234,43.32400131225586,388.2278747558594,57.981449127197266,35.059139251708984
2021-04-26,102.7044448852539,331.16412353515625,119.88185119628906,69.05927276611328,43.2960319519043,389.0382995605469,58.25950241088867,35.059139251708984
2021-04-27,103.04542541503906,329.7294616699219,119.78787231445312,69.62691497802734,43.22142791748047,388.9544982910156,58.09650802612305,35.13095474243164
2021-04-28,103.23892974853516,328.6147155761719,119.73146057128906,70.37733459472656,42.941680908203125,388.84271240234375,57.97185516357422,35.17585754394531
2021-04-29,103.30343627929688,329.7973327636719,120.85001373291016,70.9546127319336,43.06290817260742,391.32073974609375,58.21156311035156,35.49008560180664
2021-04-30,101.86585998535156,327.6356201171875,119.96643829345703,70.1753158569336,42.652610778808594,388.74951171875,57.7704963684082,35.31951141357422
2021-05-03,103.01776885986328,325.8907775878906,120.53981018066406,70.98346710205078,42.86708450317383,389.5880126953125,57.655433654785156,35.55292892456055
2021-05-04,102.54778289794922,320.026123046875,119.99465942382812,70.6563720703125,42.58732604980469,387.18450927734375,56.869171142578125,35.58885192871094
2021-05-05,102.5017318725586,318.9501037597656,119.9194564819336,71.49337768554688,42.66193389892578,387.3056640625,56.754112243652344,35.714534759521484
2021-05-06,103.18365478515625,321.3541564941406,120.82181549072266,71.81087493896484,42.91370391845703,390.3984680175781,57.18560028076172,36.01081466674805
2021-05-07,103.95771789550781,323.961669921875,121.75238037109375,73.0423355102539,43.2960319519043,393.23980712890625,57.58831787109375,36.29811096191406
2021-05-10,101.81978607177734,315.7803039550781,120.65262603759766,72.47472381591797,42.86708450317383,389.3457946777344,56.456878662109375,36.30707931518555
2021-05-11,101.14706420898438,315.3440856933594,119.61868286132812,71.2817153930664,42.652610778808594,385.87109375,56.2171745300293,35.81329345703125
2021-05-12,98.03229522705078,307.18206787109375,116.97738647460938,69.6173095703125,41.70145034790039,377.6730651855469,54.817256927490234,35.18482208251953
2021-05-13,100.49276733398438,309.55694580078125,118.62232208251953,70.47354888916016,42.27028274536133,382.20989990234375,55.382965087890625,35.660667419433594
2021-05-14,102.5017318725586,316.3909912109375,120.2860336303711,72.628662109375,42.86708450317383,388.0788269042969,56.37057876586914,36.0826301574707
2021-05-17,102.7597427368164,314.4717102050781,119.75025939941406,73.23477935791016,42.7178840637207,387.09130859375,56.1116943359375,36.0826301574707
2021-05-18,101.7460708618164,312.34869384765625,118.7633056640625,72.24382019042969,42.41948318481445,383.7563171386719,55.68020248413086,35.768394470214844
2021-05-19,101.08255004882812,312.7074279785156,118.59412384033203,71.34906768798828,42.456783294677734,382.75018310546875,55.70897674560547,35.55292892456055
2021-05-20,101.29449462890625,318.7562255859375,119.9570541381836,71.31060028076172,43.05358123779297,386.8677673339844,56.58152389526367,35.7235107421875
2021-05-21,101.78291320800781,316.991943359375,119.77845764160156,71.54149627685547,43.06290817260742,386.5510559082031,56.3034553527832,35.86715316772461
2021-05-24,102.2989730834961,322.323486328125,120.91582489013672,72.5228042602539,43.47320556640625,390.49169921875,57.128074645996094,36.04671859741211
2021-05-25,101.13785552978516,322.7694091796875,120.75601959228516,72.03214263916016,43.370628356933594,389.6252136230469,57.23353958129883,35.84920883178711
2021-05-26,103.2942123413086,323.8937683105469,120.98161315917969,72.97500610351562,43.32400131225586,390.3984680175781,57.319828033447266,35.92102813720703
2021-05-27,104.29869842529297,322.6821594238281,121.03799438476562,73.99484252929688,43.26805877685547,390.6034240722656,57.128074645996094,36.06467056274414
2021-05-28,103.99457550048828,323.70001220703125,121.17899322509766,73.81202697753906,43.45454788208008,391.30218505859375,57.27189636230469,36.10957336425781
2021-06-01,105.77314758300781,322.62396240234375,120.93462371826172,75.19744873046875,43.12818908691406,390.95745849609375,57.01301574707031,36.244232177734375
2021-06-02,105.45059204101562,323.2539978027344,121.47977447509766,75.53418731689453,43.33332824707031,391.57232666015625,57.08012771606445,36.30707931518555
2021-06-03,104.55673217773438,319.8903503417969,121.13198852539062,74.8414535522461,43.36131286621094,390.1189880371094,56.66781997680664,36.316062927246094
2021-06-04,104.93453216552734,325.3187561035156,122.37273406982422,75.14934539794922,43.84621047973633,393.6869812011719,57.454078674316406,36.45072937011719
2021-06-07,105.95745086669922,326.2882080078125,122.43853759765625,75.05313873291016,43.97676086425781,393.3050231933594,57.540367126464844,36.34299087524414
2021-06-08,107.17387390136719,326.4433288574219,122.32573699951172,75.28404235839844,43.920806884765625,393.3888854980469,57.597896575927734,36.289119720458984
2021-06-09,106.38136291503906,326.52081298828125,122.09075164794922,74.31231689453125,43.94878387451172,392.8019714355469,57.6170768737793,36.17241668701172
2021-06-10,104.71248626708984,329.9233703613281,122.79588317871094,73.86975860595703,44.30313491821289,394.62786865234375,58.15404510498047,36.16343688964844
2021-06-11,105.76534271240234,330.78607177734375,123.04098510742188,74.187255859375,44.331111907958984,395.2799987792969,58.25950241088867,36.235260009765625
2021-06-14,105.2481460571289,333.9559326171875,123.29550170898438,73.5041732788086,44.48030471801758,396.1650390625,58.77728271484375,36.055702209472656
2021-06-15,105.43285369873047,331.7747497558594,122.97498321533203,73.6581039428711,44.321781158447266,395.4383544921875,58.4896240234375,36.09160614013672
2021-06-16,105.39591217041016,330.5630798339844,121.98513793945312,73.57150268554688,44.04203414916992,393.23040771484375,58.278690338134766,35.822269439697266
2021-06-17,103.5395736694336,334.76043701171875,122.19255065917969,71.58959197998047,44.27515411376953,393.10003662109375,58.882755279541016,35.38233947753906
2021-06-18,100.83357238769531,332.13348388671875,120.60884094238281,69.98289489746094,43.7716064453125,387.7969970703125,58.42251205444336,34.72695541381836
2021-06-21,103.09626770019531,334.1976623535156,122.3056869506836,72.10991668701172,44.51334762573242,393.3486328125,58.94694900512695,35.387596130371094
2021-06-22,103.66886901855469,337.3130187988281,123.06925201416016,72.17744445800781,44.76588439941406,395.45159912109375,59.504051208496094,35.43272018432617
2021-06-23,103.84435272216797,337.4779357910156,122.69219207763672,72.5248794555664,44.66299819946289,394.9749450683594,59.51365280151367,35.35149383544922
2021-06-24,105.22967529296875,339.5645446777344,123.4746322631836,73.30657196044922,45.02777862548828,397.3115539550781,59.79220199584961,35.60420227050781
2021-06-25,105.34050750732422,339.1471862792969,124.63414001464844,73.90494537353516,45.355159759521484,398.7227783203125,59.80181121826172,35.85689926147461
2021-06-28,104.25992584228516,343.27178955078125,125.19036102294922,72.58277893066406,45.345802307128906,399.526611328125,60.37812423706055,35.64029312133789
2021-06-29,104.01982879638672,344.5139465332031,125.38831329345703,72.43802642822266,45.37385559082031,399.7416076660156,60.57022476196289,35.51394271850586
2021-06-30,104.34308624267578,343.97052001953125,125.25631713867188,72.93021392822266,45.45804977416992,400.0780029296875,60.48378372192383,35.68541717529297
2021-07-01,104.99879455566406,344.1063537597656,126.01050567626953,73.68296813964844,45.69187545776367,402.2931213378906,60.7335205078125,35.93812561035156
2021-07-02,103.89051818847656,348.05633544921875,127.1323013305664,73.47063446044922,45.972496032714844,405.3680725097656,61.482723236083984,36.01032638549805
2021-07-06,102.37590026855469,349.5605163574219,126.8211898803711,71.73352813720703,45.73866653442383,404.6296691894531,61.818904876708984,35.649322509765625
2021-07-07,101.69247436523438,350.29815673828125,127.45281982421875,70.77809143066406,45.981849670410156,406.0596923828125,62.1070671081543,35.712501525878906
2021-07-08,100.50108337402344,348.1824645996094,126.40641784667969,70.01568603515625,45.51416778564453,402.7510681152344,61.694034576416016,35.387596130371094
2021-07-09,103.059326171875,350.35638427734375,127.51880645751953,71.98442840576172,46.131500244140625,407.0503845214844,62.097434997558594,35.93812561035156
2021-07-12,103.5488052368164,351.7248229980469,127.9052963256836,72.48626708984375,46.2624397277832,408.5084533691406,62.30875778198242,36.064483642578125
2021-07-13,101.60934448242188,351.7248229980469,127.66960906982422,71.25096893310547,46.16891860961914,407.1158447265625,62.279937744140625,35.820796966552734
2021-07-14,100.41796875,352.3556213378906,127.79220581054688,70.20872497558594,46.355987548828125,407.7232971191406,62.46244430541992,35.811767578125
2021-07-15,99.96540832519531,349.8808288574219,127.3114242553711,69.42701721191406,46.299861907958984,406.3306579589844,62.097434997558594,35.784706115722656
2021-07-16,98.51544189453125,347.0469665527344,126.594970703125,67.67057800292969,45.95378112792969,403.1436462402344,61.65561294555664,35.45979309082031
2021-07-19,96.62213134765625,344.2034606933594,124.98295593261719,65.64392852783203,45.233558654785156,397.1900634765625,60.98324966430664,34.75583267211914
2021-07-20,99.5313491821289,348.20184326171875,126.61380767822266,67.96009826660156,45.869606018066406,402.88189697265625,61.73245620727539,35.33344650268555
2021-07-21,101.1937484741211,350.89007568359375,127.5565185546875,70.06394958496094,46.32793045043945,406.14385986328125,62.135868072509766,35.712501525878906
2021-07-22,99.30045318603516,353.2095947265625,127.8393325805664,69.32085418701172,46.28116226196289,406.9942321777344,62.62574005126953,35.56809616088867
2021-07-23,100.11319732666016,357.33416748046875,129.6493377685547,69.31119537353516,46.6833610534668,411.1814880371094,63.49979019165039,35.76664352416992
2021-07-26,100.99980926513672,357.6155700683594,129.71531677246094,70.36312866210938,46.72077560424805,412.1907958984375,63.567047119140625,35.920074462890625
2021-07-27,100.04854583740234,353.67535400390625,129.19686889648438,69.58143615722656,46.543052673339844,410.3122253417969,62.9907341003418,35.9471549987793
2021-07-28,100.89820098876953,355.0340576171875,129.2345428466797,70.14115142822266,46.42146301269531,410.1439514160156,63.0579719543457,35.85689926147461
2021-07-29,102.15424346923828,355.6650085449219,129.83782958984375,70.82636260986328,46.767539978027344,411.8450012207031,63.182838439941406,36.1096076965332
2021-07-30,101.83100128173828,353.8112487792969,129.489013671875,70.2376708984375,46.66465377807617,409.8449401855469,62.789031982421875,35.9742317199707
2021-08-02,101.18451690673828,353.8404541015625,129.2816162109375,69.84199523925781,46.524356842041016,408.9850158691406,62.721771240234375,35.87495422363281
2021-08-03,102.11729431152344,355.9851989746094,130.2432098388672,70.72017669677734,47.00137710571289,412.3123779296875,63.173221588134766,36.199859619140625
2021-08-04,100.31636810302734,356.4995422363281,130.04525756835938,69.6007080078125,46.767539978027344,410.2841796875,63.2116584777832,35.811767578125
2021-08-05,101.72016906738281,358.76080322265625,130.89370727539062,71.0869140625,46.99202346801758,412.8824462890625,63.567047119140625,36.046424865722656
2021-08-06,102.96696472167969,357.1885986328125,130.90310668945312,71.81073760986328,47.21650695800781,413.56475830078125,63.40376281738281,36.29913330078125
2021-08-09,102.09882354736328,357.8485412597656,130.77110290527344,71.34750366210938,47.18844985961914,413.22833251953125,63.394142150878906,36.253997802734375
2021-08-10,103.08705139160156,356.0143127441406,130.808837890625,72.15814971923828,47.37551498413086,413.7423400878906,63.12519454956055,36.497684478759766
2021-08-11,103.80740356445312,355.4029541015625,130.96905517578125,72.92056274414062,47.48776626586914,414.7703857421875,63.09638214111328,36.723304748535156
2021-08-12,103.2809829711914,356.6839599609375,131.0916290283203,72.59243774414062,47.57193374633789,416.0133972167969,63.44219970703125,36.723304748535156
2021-08-13,102.52366638183594,357.9358825683594,131.61009216308594,71.86862182617188,47.62806701660156,416.77044677734375,63.69191360473633,36.705265045166016
2021-08-16,102.01571655273438,358.0911560058594,132.3925323486328,70.88424682617188,47.796424865722656,417.7518310546875,63.960853576660156,36.732337951660156
2021-08-17,100.53803253173828,354.9371337890625,131.2801513671875,69.33050537109375,47.54388427734375,415.01348876953125,63.394142150878906,36.56085968017578
2021-08-18,99.72531127929688,351.5208740234375,129.71531677246094,68.76110076904297,46.91719436645508,410.4711608886719,62.750587463378906,36.14570236206055
2021-08-19,98.83868408203125,353.21929931640625,130.271484375,67.76708221435547,46.982669830322266,411.106689453125,63.12519454956055,36.00130081176758
2021-08-20,100.33483123779297,356.8780212402344,131.55355834960938,68.42335510253906,47.27263641357422,414.3778991699219,63.77836227416992,36.18180465698242
2021-08-23,101.60934448242188,362.2156982421875,132.37368774414062,70.1025619506836,47.61870193481445,418.02301025390625,64.48914337158203,36.40743637084961
2021-08-24,102.32048797607422,363.3221130371094,132.45852661132812,71.0965805053711,47.62806701660156,418.6865234375,64.51793670654297,36.533782958984375
2021-08-25,102.69912719726562,363.73931884765625,132.67538452148438,71.74317932128906,47.74965286254883,419.5650939941406,64.54676055908203,36.66917037963867
2021-08-26,101.56318664550781,361.4296569824219,131.77980041503906,71.01937103271484,47.54388427734375,417.0882873535156,64.23939514160156,36.42549133300781
2021-08-27,104.54624938964844,364.9427795410156,133.10899353027344,72.61173248291016,47.8806037902832,420.8174743652344,64.7965087890625,36.732337951660156
2021-08-30,103.9274673461914,369.0383605957031,133.6558074951172,72.2739486694336,47.843196868896484,422.6681213378906,65.53610229492188,36.59695816040039
2021-08-31,103.77969360351562,368.7374267578125,133.15614318847656,72.14850616455078,47.57193374633789,422.0418701171875,65.39203643798828,36.578914642333984
2021-09-01,104.25992584228516,369.3488464355469,133.23158264160156,71.74317932128906,47.45970153808594,422.26617431640625,65.54570007324219,36.52476119995117
2021-09-02,104.70326232910156,369.17413330078125,133.29751586914062,72.25464630126953,47.56258773803711,423.56524658203125,65.56493377685547,36.75941467285156
2021-09-03,104.0567626953125,370.30963134765625,133.28811645507812,72.02304077148438,47.52517318725586,423.46246337890625,65.7474136352539,36.62404251098633
2021-09-07,103.10550689697266,370.8336486816406,132.24172973632812,71.89759063720703,47.25392532348633,421.9484558105469,65.7474136352539,36.35327911376953
2021-09-08,102.23733520507812,369.54290771484375,132.0437469482422,71.02901458740234,47.19779968261719,421.4344177246094,65.60334014892578,36.34425354003906
2021-09-09,101.97877502441406,368.27154541015625,131.54408264160156,71.28958892822266,47.02943420410156,419.6304931640625,65.23834228515625,36.2269287109375
2021-09-10,100.94439697265625,365.4765930175781,130.86537170410156,70.8649673461914,46.767539978027344,416.3219299316406,64.7004623413086,35.9742317199707
2021-09-13,101.7109375,365.2242431640625,130.7333984375,71.58875274658203,46.90785598754883,417.3874206542969,64.62360382080078,36.199859619140625
2021-09-14,100.40870666503906,364.18585205078125,130.1395263671875,70.87461853027344,46.580467224121094,415.13494873046875,64.48914337158203,35.883975982666016
2021-09-15,101.4892807006836,366.8935241699219,130.9596710205078,71.94583892822266,46.963958740234375,418.6024475097656,64.97901153564453,36.199859619140625
2021-09-16,101.1106185913086,367.14581298828125,130.76168823242188,72.00374603271484,46.963958740234375,417.9388427734375,64.97901153564453,36.082515716552734
2021-09-17,101.0551986694336,362.7980041503906,129.36647033691406,71.32819366455078,46.59918212890625,413.86767578125,64.22020721435547,35.847869873046875
2021-09-20,99.32817840576172,355.301513671875,127.29258728027344,69.35944366455078,45.682533264160156,406.96673583984375,63.041690826416016,35.31654357910156
2021-09-21,99.14346313476562,355.73858642578125,127.1888656616211,69.32085418701172,45.69187545776367,406.58233642578125,63.12831115722656,35.171470642089844
2021-09-22,100.75041198730469,359.0613708496094,128.02786254882812,70.98077392578125,46.10343933105469,410.54840087890625,63.67664337158203,35.55228805541992
2021-09-23,102.46823120117188,362.3744201660156,129.34765625,72.68894958496094,46.851722717285156,415.53668212890625,64.2923583984375,36.087249755859375
2021-09-24,102.33001708984375,362.7143859863281,129.3268280029297,72.97846984863281,46.982669830322266,416.2210998535156,64.40779113769531,36.15071105957031
2021-09-27,104.21334075927734,359.8192138671875,128.52313232421875,73.7215576171875,46.851722717285156,415.0303955078125,63.82094192504883,36.313926696777344
2021-09-28,102.72895050048828,349.63714599609375,125.78093719482422,72.03269958496094,45.981849670410156,406.6667175292969,62.07967758178711,35.87870788574219
2021-09-29,103.04436492919922,349.0639343261719,125.95111846923828,71.3764419555664,46.04731750488281,407.35125732421875,62.08931350708008,35.96937561035156
2021-09-30,101.30022430419922,347.781494140625,124.56109619140625,70.5464859008789,45.411285400390625,402.3724670410156,61.589046478271484,35.361873626708984
2021-10-01,103.29486846923828,349.9383239746094,125.8282241821289,72.11956024169922,45.93507766723633,407.15423583984375,62.233604431152344,35.86963653564453
2021-10-04,102.93302917480469,342.59332275390625,123.76685333251953,71.19308471679688,45.36452102661133,401.90362548828125,60.98296356201172,35.70642852783203
2021-10-05,103.21137237548828,347.2180480957031,125.22301483154297,71.887939453125,45.869606018066406,406.0853576660156,61.79107666015625,35.95124053955078
2021-10-06,102.47846221923828,349.44293212890625,125.60125732421875,71.75282287597656,45.981849670410156,407.7731018066406,62.175880432128906,35.996578216552734
2021-10-07,104.03704071044922,352.64910888671875,126.81158447265625,72.54418182373047,46.43080520629883,411.298583984375,62.75312042236328,36.28672409057617
2021-10-08,103.35980987548828,350.89044189453125,126.68865966796875,72.48626708984375,46.44017791748047,410.54840087890625,62.54145812988281,36.30485916137695
2021-10-11,102.77533721923828,348.19921875,125.93218994140625,72.0809326171875,46.10343933105469,407.57623291015625,62.14701843261719,36.01470947265625
2021-10-12,103.05364990234375,346.9848327636719,125.657958984375,72.31256103515625,45.991188049316406,406.5729675292969,61.973846435546875,35.93310546875
2021-10-13,103.01655578613281,349.7635803222656,126.59410858154297,72.2739486694336,45.944427490234375,408.03564453125,62.377899169921875,35.93310546875
2021-10-14,104.39888763427734,356.2049255371094,128.88243103027344,73.67330169677734,46.66465377807617,414.8990478515625,63.532352447509766,36.477134704589844
2021-10-15,103.90719604492188,358.4493408203125,129.60105895996094,74.02074432373047,47.14168167114258,418.0588073730469,64.0229721069336,36.740081787109375
2021-10-18,104.08343505859375,362.0537414550781,130.31968688964844,74.52257537841797,47.338111877441406,419.2965087890625,64.59058380126953,36.62220764160156
2021-10-19,104.25045013427734,364.79364013671875,131.4354705810547,74.98579406738281,47.76836013793945,422.5313415527344,65.06195831298828,36.90328598022461
2021-10-20,105.03903198242188,364.31756591796875,131.8704376220703,75.15950012207031,47.99285125732422,424.1909484863281,65.0331039428711,37.22970962524414
2021-10-21,105.15036010742188,366.54241943359375,132.5607147216797,75.18846130371094,48.01156234741211,425.2973937988281,65.46601867675781,37.15716552734375
2021-10-22,105.21530151367188,363.46258544921875,132.51339721679688,75.21741485595703,48.34828186035156,424.8565979003906,65.17740631103516,37.25690841674805
2021-10-25,106.0966567993164,367.1836242675781,133.23204040527344,75.85435485839844,48.41375732421875,427.135009765625,65.6968994140625,37.34757995605469
2021-10-26,105.11324310302734,368.33978271484375,132.87277221679688,75.6806411743164,48.38569259643555,427.51947021484375,65.8412094116211,37.3385124206543
2021-10-27,103.05364990234375,369.19482421875,131.89881896972656,74.58045959472656,47.71223831176758,425.6255187988281,66.06249237060547,36.812618255615234
2021-10-28,105.0483169555664,373.2947998046875,133.1375274658203,75.87370300292969,48.020912170410156,429.7323303222656,66.82249450683594,37.09370040893555
2021-10-29,104.89058685302734,375.1310119628906,134.16822814941406,75.84471130371094,48.16121292114258,430.6042785644531,67.18805694580078,36.98488998413086
2021-11-01,107.32128143310547,376.4134521484375,133.9034423828125,77.28266906738281,48.114444732666016,431.34503173828125,67.13994598388672,37.19343566894531
2021-11-02,107.2099380493164,377.9874267578125,134.6693572998047,77.340576171875,48.29216766357422,433.08892822265625,67.45742797851562,37.302242279052734
2021-11-03,109.54785919189453,382.0000305175781,135.31236267089844,77.87137603759766,48.591468811035156,435.7331237792969,67.96730041503906,37.48358917236328
2021-11-04,109.26953125,386.8966979980469,136.83474731445312,78.15123748779297,48.666297912597656,437.7864990234375,68.78501892089844,37.32037353515625
2021-11-05,111.6167221069336,387.26593017578125,136.91983032226562,79.57952880859375,48.9749641418457,439.3054504394531,68.78501892089844,37.61052703857422
2021-11-08,111.62601470947266,386.74114990234375,137.09002685546875,79.79183959960938,49.03108596801758,439.68048095703125,68.80426788330078,37.66493225097656
2021-11-09,111.46829223632812,384.0791320800781,137.19407653808594,79.3093032836914,48.91884231567383,438.2271423339844,68.46754455566406,37.61052703857422
2021-11-10,110.23438262939453,378.4344177246094,135.8702392578125,77.40812683105469,48.83466720581055,434.70172119140625,67.59210968017578,37.51079559326172
2021-11-11,111.08790588378906,379.48370361328125,136.07830810546875,78.08366394042969,48.844024658203125,434.84234619140625,67.74601745605469,37.465457916259766
2021-11-12,110.83741760253906,383.4768371582031,137.52500915527344,78.5179672241211,49.143333435058594,438.1239929199219,68.52528381347656,37.54705810546875
2021-11-15,110.91162872314453,383.3893737792969,137.58175659179688,78.50829315185547,49.190101623535156,438.2740783691406,68.48680114746094,37.59238815307617
2021-11-16,111.18994903564453,386.1194763183594,138.13966369628906,78.8653793334961,49.433292388916016,440.0086364746094,69.08324432373047,37.537994384765625
2021-11-17,109.98390197753906,386.3235168457031,137.03330993652344,78.04507446289062,49.115264892578125,438.93975830078125,69.03514862060547,37.36570358276367
2021-11-18,109.79834747314453,390.3263244628906,137.20350646972656,77.99681854248047,49.03108596801758,440.4306335449219,69.6797103881836,37.22063064575195
2021-11-19,108.5087890625,392.5025939941406,137.51553344726562,77.35987091064453,48.787899017333984,439.64300537109375,69.99716186523438,36.867027282714844
2021-11-22,109.2138671875,387.9460144042969,136.4659423828125,77.11859130859375,48.74113082885742,438.4053039550781,69.2852554321289,37.10275650024414
2021-11-23,109.31592559814453,386.1777648925781,136.66452026367188,77.40812683105469,49.04044723510742,438.9866943359375,69.05438995361328,37.383846282958984
2021-11-24,108.97265625,387.42138671875,137.19407653808594,77.52393341064453,49.16203689575195,440.15863037109375,69.32374572753906,37.39291000366211
2021-11-26,104.88130950927734,380.07635498046875,134.3384246826172,74.22342681884766,48.08638000488281,430.3417663574219,67.92881774902344,36.53154373168945
2021-11-29,104.63082122802734,388.3249816894531,136.01210021972656,75.7289047241211,48.43246078491211,435.6205749511719,69.19868469238281,36.63127517700195
2021-11-30,102.33928680419922,382.62176513671875,133.35504150390625,73.84701538085938,47.55323028564453,427.14447021484375,68.1885757446289,35.769901275634766
2021-12-01,100.81779479980469,376.1123352050781,131.49221801757812,72.1967544555664,47.19779968261719,422.4000549316406,67.16880798339844,35.488826751708984
2021-12-02,103.62886810302734,378.8230285644531,133.30776977539062,74.03038024902344,47.8806037902832,428.86968994140625,67.80375671386719,36.268585205078125
2021-12-03,102.41351318359375,372.23577880859375,132.0879669189453,72.68894958496094,47.5345344543457,425.1379089355469,66.86095428466797,36.20512390136719
2021-12-06,104.86275482177734,375.2184753417969,133.0997314453125,74.05933380126953,48.08638000488281,430.1729431152344,67.49591827392578,36.712886810302734
2021-12-07,106.31932830810547,386.517822265625,136.23899841308594,76.23072814941406,48.99367904663086,439.0710754394531,69.30451965332031,37.19343566894531
2021-12-08,106.7460708618164,388.2471923828125,136.4092559814453,76.6746826171875,48.99367904663086,440.23370361328125,69.71820831298828,37.175296783447266
2021-12-09,105.02046966552734,382.5343933105469,135.30291748046875,75.5069351196289,48.9001350402832,437.26141357421875,68.99665832519531,37.066497802734375
2021-12-10,105.02973937988281,386.69268798828125,136.39981079101562,75.7289047241211,49.61099624633789,441.3774719238281,69.75666809082031,37.3385124206543
2021-12-13,103.28728485107422,381.106201171875,135.3917694091797,73.81806945800781,49.2181510925293,437.4676818847656,68.95816802978516,37.148101806640625
2021-12-14,102.6989974975586,377.1617126464844,134.2918243408203,73.28729248046875,48.9001350402832,434.4579772949219,68.15006256103516,37.11183166503906
2021-12-15,104.0343246459961,385.760009765625,136.98484802246094,74.17514038085938,49.65776062011719,441.24627685546875,69.61238098144531,37.411048889160156
2021-12-16,102.26011657714844,375.84027099609375,135.2685089111328,72.8626480102539,49.46134948730469,437.355224609375,68.15006256103516,37.65585708618164
2021-12-17,102.5122299194336,373.96527099609375,133.7228546142578,72.872314453125,48.7224235534668,432.700439453125,67.6594467163086,37.148101806640625
2021-12-20,101.0928726196289,370.3375244140625,131.90219116210938,71.53578186035156,47.98292922973633,428.0993957519531,66.8720932006836,36.76945114135742
2021-12-21,104.04365539550781,378.6258850097656,134.3865966796875,74.51441955566406,48.79936981201172,435.7019958496094,68.16348266601562,37.326011657714844
2021-12-22,105.25759887695312,383.2369689941406,135.51504516601562,75.16238403320312,49.146602630615234,440.0584716796875,69.12718200683594,37.563236236572266
2021-12-23,105.82720947265625,386.126220703125,136.43484497070312,75.95539093017578,49.390602111816406,442.7965087890625,69.59939575195312,37.773094177246094
2021-12-27,107.40533447265625,392.5078125,138.7106475830078,77.1932601928711,50.07565689086914,449.06304931640625,70.81368255615234,38.15629577636719
2021-12-28,107.08783721923828,390.6886901855469,138.35980224609375,76.83544158935547,49.944278717041016,448.69610595703125,70.49568176269531,38.26578140258789
2021-12-29,107.55473327636719,390.6303405761719,138.7296600341797,76.83544158935547,50.056888580322266,449.2700500488281,70.52455139160156,38.357025146484375
2021-12-30,107.05982971191406,389.462890625,138.35980224609375,76.52596282958984,49.93489074707031,448.0279846191406,70.19691467285156,38.32052993774414
2021-12-31,106.92910766601562,387.031005859375,138.02793884277344,76.41960144042969,49.93489074707031,446.8988952636719,69.84034729003906,38.32052993774414
2022-01-03,108.10568237304688,390.7568359375,137.65811157226562,77.46405029296875,50.122589111328125,449.4864807128906,70.37999725341797,38.48476028442383
2022-01-04,108.96477508544922,385.6884460449219,137.49691772460938,78.22805786132812,50.41350555419922,449.33587646484375,69.80179595947266,38.87709045410156
2022-01-05,106.17272186279297,373.83966064453125,134.18748474121094,75.97472381591797,49.5876579284668,440.7076721191406,67.58522033691406,38.60337448120117
2022-01-06,106.86373901367188,373.5769958496094,134.31077575683594,76.63236236572266,49.73782730102539,440.2936706542969,67.36357879638672,38.65810775756836
2022-01-07,105.66846466064453,369.5301818847656,133.0496063232422,76.14879608154297,49.662742614746094,438.552978515625,66.70825958251953,38.72197723388672
2022-01-10,105.23889923095703,369.7734069824219,132.45217895507812,75.7039566040039,49.653358459472656,438.0072021484375,66.79499053955078,38.5942497253418
2022-01-11,106.004638671875,375.3281555175781,133.6849365234375,77.16426086425781,50.0662841796875,441.9967041015625,67.48887634277344,38.86796188354492
2022-01-12,105.58442687988281,376.8164367675781,133.8745880126953,77.31897735595703,50.18828201293945,443.19171142578125,67.826171875,38.90446090698242
2022-01-13,105.49105072021484,367.38995361328125,131.9591064453125,76.38092041015625,49.71905517578125,437.0851745605469,66.15895080566406,38.83146667480469
2022-01-14,105.97663879394531,369.67608642578125,131.72206115722656,76.90312957763672,49.63459014892578,437.2640380859375,66.26496887207031,38.77672576904297
2022-01-18,103.22190856933594,360.4732666015625,129.37034606933594,74.93994140625,48.57414627075195,429.5201110839844,64.71337127685547,38.29315185546875
2022-01-19,101.41034698486328,356.5140686035156,128.1850128173828,73.44096374511719,47.88908004760742,425.06024169921875,63.98095703125,37.973819732666016
2022-01-20,99.26261901855469,351.8834533691406,126.51609802246094,72.04833984375,47.30723571777344,420.3556213378906,63.15214157104492,37.60886764526367
2022-01-21,97.86193084716797,342.12615966796875,124.42997741699219,70.08514404296875,46.40633773803711,412.1037902832031,61.57166290283203,37.125282287597656
2022-01-24,100.18708801269531,343.69244384765625,125.264404296875,70.87815856933594,46.65032196044922,413.8538513183594,61.918601989746094,37.18916702270508
2022-01-25,99.07585144042969,335.72509765625,123.46271514892578,70.40428161621094,46.2937126159668,408.80108642578125,60.6561393737793,37.06142044067383
2022-01-26,97.51643371582031,335.1998596191406,123.16877746582031,70.33660125732422,46.2937126159668,407.7755126953125,60.762149810791016,36.80595397949219
2022-01-27,95.54611206054688,331.82415771484375,122.6282730102539,68.84725952148438,45.918338775634766,405.7619323730469,60.270660400390625,36.742088317871094
2022-01-28,97.13356018066406,342.23321533203125,125.93766784667969,69.8530502319336,47.222774505615234,415.8392333984375,62.323360443115234,37.31689453125
2022-01-31,99.21592712402344,353.1773376464844,128.4315948486328,71.94196319580078,47.8421516418457,423.3290100097656,63.95204162597656,37.636234283447266
2022-02-01,99.86957550048828,355.5801086425781,129.16175842285156,73.27654266357422,48.48029708862305,426.1893615722656,64.42426300048828,37.93732452392578
2022-02-02,99.41203308105469,358.46929931640625,130.92552185058594,73.44096374511719,48.90260314941406,430.329345703125,65.15670013427734,38.18366622924805
2022-02-03,98.02066040039062,343.9356384277344,126.92385864257812,71.5261001586914,48.03923034667969,420.2144470214844,62.75703430175781,37.83695602416992
2022-02-04,98.02066040039062,348.27435302734375,126.48770904541016,72.15472412109375,48.104923248291016,422.1903991699219,63.54728317260742,37.73658752441406
2022-02-07,98.12340545654297,345.47265625,125.96613311767578,72.61891174316406,48.01107406616211,420.83544921875,63.026878356933594,37.773094177246094
2022-02-08,99.85091400146484,349.3540954589844,126.51609802246094,73.5569839477539,48.414608001708984,424.29803466796875,63.63401412963867,38.037696838378906
2022-02-09,100.99015808105469,356.75726318359375,128.94363403320312,75.58790588378906,49.118446350097656,430.5081481933594,64.79046630859375,38.44826126098633
2022-02-10,99.62680053710938,348.6828918457031,126.11784362792969,74.54344177246094,48.23630142211914,422.7738037109375,63.373802185058594,37.93732452392578
2022-02-11,99.3466567993164,337.6221008300781,123.50065612792969,72.93805694580078,47.476158142089844,414.4372253417969,61.55239486694336,37.54499053955078
2022-02-14,99.14122009277344,338.0404357910156,122.8274154663086,72.15472412109375,47.10078811645508,413.0823059082031,61.56203842163086,37.30777359008789
2022-02-15,101.28895568847656,346.4454650878906,125.01786804199219,74.20496368408203,47.8421516418457,419.7439880371094,62.80522537231445,37.709228515625
2022-02-16,101.6064682006836,346.3580017089844,125.264404296875,74.76586151123047,47.917232513427734,420.2144470214844,62.86305618286133,37.79133605957031
2022-02-17,99.68281555175781,336.05584716796875,122.48603820800781,72.53189086914062,46.894325256347656,411.2380676269531,61.07052993774414,37.271270751953125
2022-02-18,99.13189697265625,332.2230224609375,121.71793365478516,71.83557891845703,46.6127815246582,408.5753173828125,60.46339416503906,37.125282287597656
2022-02-22,97.74053192138672,328.8863525390625,120.1438217163086,70.64606475830078,46.181095123291016,404.1905822753906,59.67314910888672,36.82421112060547
2022-02-23,96.31182098388672,320.4618225097656,118.19044494628906,69.0213394165039,45.317726135253906,397.02081298828125,58.285400390625,36.35887908935547
2022-02-24,97.9366226196289,331.23077392578125,120.4283218383789,71.50677490234375,45.8432502746582,402.9956359863281,60.04899597167969,36.349754333496094
2022-02-25,100.13104248046875,336.3671569824219,123.39636993408203,73.23786163330078,46.81924819946289,411.8873596191406,61.080177307128906,37.362518310546875
2022-02-28,100.57926177978516,337.3691711425781,123.1593017578125,73.0831298828125,46.59401321411133,410.8335266113281,61.137996673583984,37.125282287597656
2022-03-01,98.71165466308594,332.2035827636719,121.52828979492188,71.2746810913086,45.50541687011719,404.576416015625,60.20319366455078,36.57785415649414
2022-03-02,101.38235473632812,337.7778015136719,123.83252716064453,72.89937591552734,46.41571044921875,412.0190734863281,61.24401092529297,37.271270751953125
2022-03-03,100.6446304321289,332.9526062011719,123.3299560546875,71.49710083007812,46.171714782714844,409.9678039550781,60.55976486206055,37.326011657714844
2022-03-04,99.29064178466797,328.1275634765625,122.19206237792969,70.0271224975586,45.5429573059082,406.63702392578125,59.78879165649414,37.216529846191406
2022-03-07,97.06819152832031,316.02581787109375,118.5792236328125,66.42952728271484,43.788047790527344,394.64971923828125,57.59152603149414,36.37712478637695
2022-03-08,97.34832763671875,314.5569152832031,117.70683288574219,67.00980377197266,43.60974884033203,391.6575927734375,57.225318908691406,36.0760383605957
2022-03-09,99.4960708618164,325.88031005859375,120.85503387451172,69.59192657470703,45.0643424987793,402.158203125,59.3647575378418,36.650856018066406
2022-03-10,99.42137145996094,322.261474609375,120.06798553466797,68.95365905761719,44.77342987060547,400.34222412109375,58.92145538330078,36.59610366821289
2022-03-11,98.19810485839844,315.5783386230469,118.31371307373047,67.49333190917969,44.14466094970703,395.25189208984375,57.871002197265625,36.31325912475586
2022-03-14,97.1148910522461,309.5177917480469,117.15684509277344,65.90731811523438,44.27605056762695,392.3633117675781,57.02293395996094,36.304141998291016
2022-03-15,98.13274383544922,319.226318359375,119.68866729736328,67.89950561523438,45.02680969238281,400.9914855957031,58.747982025146484,36.78771209716797
2022-03-16,100.58860778808594,331.0653991699219,122.27740478515625,70.84915161132812,46.171714782714844,409.8831787109375,60.569400787353516,37.28951644897461
2022-03-17,101.83056640625,335.0733947753906,123.97480010986328,72.13538360595703,46.716007232666016,415.0111389160156,61.37892150878906,37.71834945678711
2022-03-18,102.34414672851562,341.9316711425781,125.84284210205078,73.518310546875,47.18523406982422,419.5567321777344,62.54502487182617,37.81871032714844
2022-03-21,101.77452087402344,340.98101806640625,125.5678482055664,73.05986785888672,47.056236267089844,419.43402099609375,62.46295928955078,37.904850006103516
2022-03-22,102.2040786743164,347.6822204589844,126.83850860595703,74.10663604736328,47.658912658691406,424.3420104980469,63.51526641845703,38.14313507080078
2022-03-23,100.38316345214844,342.68548583984375,125.02734375,72.58495330810547,46.736053466796875,418.877197265625,62.60777282714844,37.71240234375
2022-03-24,101.23332977294922,350.3022766113281,127.01685333251953,74.17448425292969,47.319908142089844,425.1913757324219,63.746971130371094,38.10647964477539
2022-03-25,101.82254791259766,350.01007080078125,127.4162826538086,73.99032592773438,47.56473922729492,427.26788330078125,63.80489730834961,38.48222351074219
2022-03-28,101.50455474853516,355.4256286621094,128.31973266601562,74.37802124023438,47.67775344848633,430.3070983886719,64.66412353515625,38.49139404296875
2022-03-29,103.91754913330078,361.5423889160156,130.65924072265625,76.24859619140625,48.41226577758789,435.6303405761719,65.65851593017578,38.876304626464844
2022-03-30,101.96282958984375,357.54888916015625,129.75575256347656,74.72693634033203,47.88492202758789,432.9403991699219,64.95375061035156,38.78466033935547
2022-03-31,100.89662170410156,353.1172180175781,128.03445434570312,73.62200927734375,46.99973678588867,426.2768859863281,63.920745849609375,38.26228713989258
2022-04-01,101.96282958984375,352.4450988769531,128.20559692382812,73.6317138671875,47.04681396484375,427.48504638671875,63.9593620300293,38.42723846435547
2022-04-04,101.55132293701172,359.70147705078125,129.3183135986328,74.94985961914062,47.30106735229492,431.14715576171875,65.0599365234375,38.399749755859375
2022-04-05,99.2599105834961,351.714599609375,127.6064682006836,72.9048080444336,46.69839096069336,425.701171875,63.911102294921875,38.15230178833008
2022-04-06,98.16566467285156,344.0784606933594,126.4272232055664,71.11175537109375,46.19929122924805,421.4443359375,62.569156646728516,38.1981201171875
2022-04-07,98.05342102050781,344.8965148925781,127.05490112304688,71.1311264038086,46.53829574584961,423.56805419921875,62.90706253051758,38.372257232666016
2022-04-08,97.49226379394531,340.0751953125,126.5318603515625,70.51083374023438,46.63246536254883,422.4354553222656,62.26020431518555,38.54637908935547
2022-04-11,96.86564636230469,332.0298767089844,124.3730697631836,69.45437622070312,45.93562316894531,415.215087890625,60.667266845703125,38.1981201171875
2022-04-12,97.43614959716797,330.6272888183594,123.84050750732422,69.24116516113281,45.681358337402344,413.6766662597656,60.377647399902344,38.124813079833984
2022-04-13,99.02608489990234,337.3479919433594,125.26702117919922,70.59806060791016,46.18987274169922,418.4146728515625,61.32375717163086,38.40890884399414
2022-04-14,98.34336853027344,329.6338806152344,123.8690414428711,69.30900573730469,45.653114318847656,413.2046203613281,60.04939270019531,38.26228713989258
2022-04-18,97.98796844482422,329.8870849609375,123.5361557006836,69.51252746582031,45.794368743896484,413.37457275390625,60.12662887573242,38.1981201171875
2022-04-19,99.88655853271484,337.26031494140625,126.07539367675781,71.31529235839844,46.41587829589844,420.04754638671875,61.2947998046875,38.68384552001953
2022-04-20,100.58800506591797,332.3415222167969,126.01829528808594,70.92758178710938,46.67013168334961,419.73602294921875,60.7541618347168,38.967952728271484
2022-04-21,98.99803161621094,325.4650573730469,123.87855529785156,68.67901611328125,45.95444869995117,413.45947265625,59.6342658996582,38.54637908935547
2022-04-22,96.55699920654297,316.94244384765625,120.58805847167969,66.7017822265625,44.69258499145508,402.114501953125,57.8675422668457,37.538272857666016
2022-04-25,96.80952453613281,321.0137939453125,121.58660125732422,67.54501342773438,44.96568298339844,404.44580078125,58.49506759643555,37.593265533447266
2022-04-26,93.99436950683594,308.8971862792969,118.50533294677734,64.96688079833984,43.807403564453125,392.7327575683594,56.313201904296875,36.83259582519531
2022-04-27,93.6296157836914,308.527099609375,118.39119720458984,65.04442596435547,44.136993408203125,393.83697509765625,56.448360443115234,36.93339920043945
2022-04-28,95.49078369140625,319.4847106933594,121.73876190185547,67.39962768554688,45.191688537597656,403.78509521484375,58.417823791503906,37.4924430847168
2022-04-29,92.98426055908203,305.1083068847656,117.43070220947266,65.17041015625,43.65672302246094,388.8629150390625,55.84979248046875,36.38353729248047
2022-05-02,93.6670150756836,310.2023620605469,118.46727752685547,66.4594955444336,43.86390686035156,391.2037658691406,56.5545654296875,36.38353729248047
2022-05-03,94.66775512695312,310.5335388183594,118.7811050415039,67.27363586425781,44.22173309326172,392.99700927734375,56.747642517089844,36.575992584228516
2022-05-04,97.0713882446289,321.0333251953125,122.53760528564453,69.6869888305664,45.58720016479492,404.96490478515625,58.659183502197266,37.593265533447266
2022-05-05,93.60154724121094,304.86474609375,117.63040924072266,66.48856353759766,43.99573516845703,390.5713806152344,55.830501556396484,36.68595886230469
2022-05-06,92.60081481933594,301.2122497558594,116.3275146484375,65.2382583618164,43.61906814575195,388.24005126953125,55.3574333190918,36.594322204589844
2022-05-09,89.99141693115234,289.4267578125,112.89437103271484,61.448612213134766,42.33835983276367,375.80963134765625,53.18523406982422,35.65036392211914
2022-05-10,89.43960571289062,292.94293212890625,113.0560531616211,61.87506866455078,42.27244567871094,376.6780090332031,53.66794204711914,35.53123474121094
2022-05-11,87.91513061523438,284.25469970703125,111.1159896850586,59.98508071899414,41.65093231201172,370.6939697265625,52.14257049560547,35.32959747314453
2022-05-12,89.03742218017578,283.58270263671875,111.60099029541016,60.26615905761719,41.66035079956055,370.3070068359375,51.96879959106445,35.40291213989258
2022-05-13,91.1511459350586,294.0921936035156,114.33039855957031,63.20289611816406,42.50786590576172,379.16033935546875,53.66794204711914,35.952796936035156
2022-05-16,90.87992858886719,290.6831970214844,113.94047546386719,62.243377685546875,42.37602615356445,377.621826171875,53.165916442871094,35.99861526489258
2022-05-17,93.59219360351562,298.2122802734375,116.06124877929688,64.34659576416016,43.30830383300781,385.3896484375,54.46923828125,36.56681823730469
2022-05-18,90.69287109375,283.57293701171875,110.71656036376953,61.5455322265625,41.73568344116211,369.85394287109375,51.91087341308594,35.384586334228516
2022-05-19,90.2345962524414,282.053466796875,109.72749328613281,61.94291305541992,41.443756103515625,367.58880615234375,51.63089370727539,35.11881637573242
2022-05-20,89.87918090820312,281.1768798828125,110.29813385009766,61.981693267822266,41.481422424316406,367.7491760253906,51.553653717041016,35.164634704589844
2022-05-23,90.82380676269531,285.8520812988281,112.10502624511719,62.34028625488281,42.6114501953125,374.6298522949219,52.586669921875,35.7969970703125
2022-05-24,89.80437469482422,279.7743225097656,111.06843566894531,60.159549713134766,42.27244567871094,371.7700500488281,51.61158752441406,35.897804260253906
2022-05-25,91.66555786132812,283.6898498535156,112.30472564697266,61.70061111450195,42.71504211425781,375.0545959472656,52.20049285888672,36.15441131591797
2022-05-26,93.59219360351562,291.5500793457031,115.16728210449219,64.28843688964844,43.6661491394043,382.5486755371094,53.523128509521484,36.66763687133789
2022-05-27,95.77137756347656,301.066162109375,118.25807189941406,66.59517669677734,44.654930114746094,391.9399108886719,55.3284797668457,37.29082489013672
2022-05-31,94.72386169433594,300.26751708984375,117.2309799194336,66.06211853027344,44.362998962402344,389.74072265625,55.11608123779297,36.97923278808594
2022-06-01,94.46199798583984,298.0467224121094,115.85201263427734,65.04442596435547,43.83564758300781,386.5882873535156,54.72025680541992,36.66763687133789
2022-06-02,96.3044662475586,306.20892333984375,118.59092712402344,67.6225357055664,44.58899688720703,393.9502868652344,56.13943862915039,37.13502502441406
2022-06-03,95.4066162109375,298.2415466308594,116.7554702758789,66.07177734375,44.01457595825195,387.4849853515625,54.77818298339844,36.795936584472656
2022-06-06,96.0145492553711,299.2349853515625,117.01224517822266,66.49822235107422,44.12757873535156,388.66473388671875,55.0291862487793,36.8600959777832
2022-06-07,97.05265808105469,301.8160705566406,118.22002410888672,67.23485565185547,44.54191589355469,392.3929138183594,55.52155303955078,37.20834732055664
2022-06-08,95.43467712402344,299.64410400390625,116.90763854980469,66.24625396728516,44.02399444580078,388.1268005371094,55.019535064697266,36.76844787597656
2022-06-09,93.66365051269531,291.6182556152344,114.15166473388672,64.3368911743164,42.84687805175781,378.89599609375,53.581058502197266,35.98029327392578
2022-06-10,91.29976654052734,281.3327331542969,110.69713592529297,61.526145935058594,41.3684196472168,367.90966796875,51.621238708496094,35.19212341308594
2022-06-13,87.26618194580078,268.2518310546875,106.21200561523438,57.49419403076172,39.7863883972168,353.9407958984375,49.40076446533203,33.99156188964844
2022-06-14,86.99415588378906,268.73876953125,105.92570495605469,57.54265213012695,39.682796478271484,352.8742370605469,49.46834182739258,33.73495864868164
2022-06-15,87.82902526855469,275.44970703125,107.36668395996094,58.889869689941406,40.1065559387207,357.9049377441406,50.58823776245117,33.98240661621094
2022-06-16,83.5140151977539,264.3362731933594,103.6067886352539,55.390987396240234,38.750526428222656,346.05975341796875,48.7249755859375,33.02927780151367
2022-06-17,84.02994537353516,267.5505065917969,103.65453338623047,56.379581451416016,38.80702209472656,346.8056945800781,49.082176208496094,32.928466796875
2022-06-21,85.34320831298828,274.3006896972656,105.86846923828125,57.35919952392578,39.744815826416016,355.5360412597656,50.38984298706055,33.6772575378418
2022-06-22,85.16497039794922,273.9004821777344,105.68714141845703,57.19414520263672,39.43254089355469,354.8914794921875,50.38015365600586,33.575828552246094
2022-06-23,85.81222534179688,277.9797058105469,107.21399688720703,58.0582275390625,39.527164459228516,358.370361328125,51.202884674072266,33.72337341308594
2022-06-24,88.42935180664062,287.5043029785156,110.75439453125,60.7669563293457,40.81414031982422,369.7643737792969,52.96449279785156,34.645530700683594
2022-06-27,89.16104125976562,285.3963928222656,110.27725982666016,60.291229248046875,40.76683044433594,368.3519287109375,52.60636901855469,34.65475082397461
2022-06-28,87.83838653564453,276.7013244628906,107.47164916992188,58.698997497558594,40.180118560791016,360.825439453125,51.04802322387695,34.25822830200195
2022-06-29,87.05043029785156,276.9549865722656,107.27127075195312,57.67959213256836,40.057098388671875,360.5316162109375,51.173851013183594,34.11066436767578
2022-06-30,86.68460845947266,273.5198974609375,106.62234497070312,56.90288162231445,39.744815826416016,357.6025695800781,50.602779388427734,33.95390701293945
2022-07-01,87.50068664550781,275.3253173828125,107.18537902832031,57.368900299072266,40.01924514770508,361.3847351074219,50.96091079711914,34.37810134887695
2022-07-05,87.56636047363281,280.038818359375,107.91062927246094,58.27181625366211,39.87729263305664,362.06732177734375,51.68684005737305,34.0645751953125
2022-07-06,86.5814208984375,281.8344421386719,108.50227355957031,57.9514274597168,40.047630310058594,363.28997802734375,52.03529357910156,34.07379913330078
2022-07-07,88.11042785644531,287.8654479980469,110.38223266601562,59.77667236328125,40.615413665771484,368.73114013671875,53.07097244262695,34.424217224121094
2022-07-08,87.93218994140625,288.2265625,110.24862670898438,59.57278823852539,40.59648895263672,368.4278869628906,53.12904357910156,34.35044860839844
2022-07-11,86.74087524414062,282.0687255859375,108.9698715209961,58.07763671875,40.23689651489258,364.2190246582031,52.20952606201172,34.14756393432617
2022-07-12,86.60956573486328,279.3362121582031,107.91062927246094,57.66987228393555,39.90568542480469,360.99609375,51.473907470703125,33.99079895019531
2022-07-13,86.38443756103516,278.7603759765625,107.4430160522461,57.543663024902344,39.76374053955078,359.1002502441406,51.309349060058594,33.78792953491211
2022-07-14,85.58708953857422,279.7558898925781,107.40486145019531,57.19414520263672,39.669105529785156,358.2281799316406,51.415828704833984,33.5389404296875
2022-07-15,87.36936950683594,284.8304138183594,109.24662780761719,58.78636932373047,40.42615509033203,365.0721740722656,52.37406921386719,34.1844596862793
2022-07-18,87.35999298095703,282.4200134277344,108.44501495361328,58.9320068359375,40.170650482177734,362.0577697753906,51.8997917175293,33.95390701293945
2022-07-19,90.44615936279297,291.1053161621094,111.59418487548828,61.40773391723633,41.30622100830078,371.8403015136719,53.48716354370117,34.756195068359375
2022-07-20,91.7594223022461,295.7212219238281,112.73931884765625,62.97083282470703,41.54280090332031,374.21002197265625,54.193763732910156,34.728515625
2022-07-21,91.96578216552734,299.9664001464844,113.66497039794922,63.66017150878906,41.807762145996094,378.0207214355469,55.10359573364258,34.89451217651367
2022-07-22,91.15907287597656,294.70635986328125,112.30033874511719,62.39802551269531,41.419776916503906,374.513427734375,54.193763732910156,34.793067932128906
2022-07-25,91.68437194824219,293.0278625488281,112.12857055664062,62.19415283203125,41.523868560791016,374.9684143066406,53.99048614501953,35.005165100097656
2022-07-26,91.19658660888672,287.2701721191406,110.59217071533203,60.80579376220703,41.12641906738281,370.53216552734375,52.96449279785156,34.829959869384766
2022-07-27,93.26028442382812,299.41009521484375,113.40731811523438,63.514530181884766,42.01594924926758,380.153564453125,55.07456588745117,35.30025863647461
2022-07-28,94.52664947509766,302.3377380371094,115.2109146118164,64.9708480834961,42.50802993774414,384.92156982421875,55.85857391357422,35.6783447265625
2022-07-29,95.29582977294922,307.8514404296875,116.44194793701172,65.8446273803711,43.047428131103516,390.5332946777344,57.05880355834961,35.94577407836914
2022-08-01,95.5866470336914,307.66607666015625,116.14610290527344,65.97083282470703,42.88655090332031,389.3768005371094,56.845848083496094,35.86277389526367
2022-08-02,94.75178527832031,306.7486877441406,115.1632080078125,66.00967407226562,42.52695846557617,386.8079528808594,56.49740219116211,35.61379623413086
2022-08-03,95.66170501708984,315.1022644042969,116.6518783569336,67.11647033691406,43.028499603271484,392.86517333984375,57.81377029418945,35.8996696472168
2022-08-04,94.83619689941406,316.5758361816406,116.92863464355469,67.38832092285156,42.95279312133789,392.5997009277344,58.04607009887695,35.715232849121094
2022-08-05,95.32398986816406,313.98974609375,116.72824096679688,67.2815170288086,43.0379524230957,391.9361877441406,57.72665786743164,35.77056884765625
2022-08-08,95.94310760498047,312.9748229980469,116.66143035888672,67.39804077148438,42.97171401977539,391.4811706542969,57.54275894165039,35.81666946411133
2022-08-09,94.6110610961914,309.4323425292969,115.53536224365234,65.81549072265625,42.754066467285156,389.9266357421875,57.05880355834961,35.81666946411133
2022-08-10,96.6466064453125,318.0689697265625,118.4364013671875,68.26211547851562,43.61520004272461,398.11663818359375,58.63650131225586,36.351524353027344
2022-08-11,97.30327606201172,316.2635192871094,118.0451431274414,68.40773010253906,43.738224029541016,398.11663818359375,58.38483810424805,36.50828552246094
2022-08-12,99.03864288330078,322.42144775390625,120.03960418701172,70.01937103271484,44.391170501708984,404.8563232421875,59.54633712768555,37.02470397949219
2022-08-15,99.46076202392578,325.0270080566406,120.48811340332031,70.12617492675781,44.457420349121094,406.52459716796875,59.875431060791016,37.12614059448242
2022-08-16,99.90164184570312,324.2657775878906,120.69805145263672,70.08734893798828,44.495269775390625,407.3208923339844,59.846397399902344,37.282901763916016
2022-08-17,98.54147338867188,320.5671691894531,119.66743469238281,68.72811889648438,44.21138000488281,404.4297790527344,59.39147186279297,37.04315185546875
2022-08-18,99.39509582519531,321.338134765625,120.24000549316406,69.08734130859375,44.55204772949219,405.6051940917969,59.50762176513672,37.1722526550293
2022-08-19,97.59404754638672,315.07305908203125,118.3696060180664,67.05821990966797,43.974796295166016,400.1546630859375,58.423553466796875,36.858707427978516
2022-08-22,95.42716979980469,306.77801513671875,115.98388671875,64.82522583007812,43.11366271972656,391.8224182128906,56.95231628417969,36.240867614746094
2022-08-23,95.36151123046875,306.5242614746094,115.62125396728516,65.1358871459961,43.15150833129883,390.87451171875,56.82648849487305,36.15787124633789
2022-08-24,95.62419128417969,307.4123229980469,115.97434997558594,65.86404418945312,43.24614334106445,392.1257629394531,56.971683502197266,36.296199798583984
2022-08-25,97.4345932006836,312.847900390625,118.00697326660156,67.53394317626953,43.88016891479492,397.6616516113281,57.900882720947266,36.71116638183594
2022-08-26,94.34841918945312,300.0248718261719,113.62678527832031,64.4757080078125,42.479644775390625,384.20111083984375,55.58755874633789,35.715232849121094
2022-08-29,93.4666519165039,297.0679626464844,112.52936553955078,63.8446159362793,42.186283111572266,381.6607360839844,55.006813049316406,35.59535217285156
2022-08-30,92.05020904541016,293.75970458984375,111.38422393798828,63.23297119140625,41.67527770996094,377.4709167480469,54.39702224731445,35.180389404296875
2022-08-31,91.1778335571289,292.0519104003906,110.45856475830078,62.601905822753906,41.419776916503906,374.5987243652344,54.000179290771484,34.931400299072266
2022-09-01,90.08969116210938,292.1788330078125,110.6875991821289,62.26210021972656,41.4576301574707,375.774169921875,54.135684967041016,35.0512809753418
2022-09-02,89.42369079589844,288.0508728027344,109.57108306884766,61.854339599609375,41.079105377197266,371.8117980957031,53.42909622192383,34.774635314941406
2022-09-06,88.2698974609375,285.9819641113281,109.46612548828125,61.54365539550781,40.95608139038086,370.408935546875,53.21615982055664,34.645530700683594
2022-09-07,89.79893493652344,291.7591552734375,111.41285705566406,63.349491119384766,41.50494384765625,377.0633239746094,54.23246383666992,35.22649002075195
2022-09-08,90.20228576660156,293.27178955078125,112.26216888427734,64.38831329345703,41.77937316894531,379.5279541015625,54.59059524536133,35.438594818115234
2022-09-09,91.93765258789062,299.6833801269531,114.21846771240234,65.77664947509766,42.50802993774414,385.4239807128906,55.66499328613281,35.88121795654297
2022-09-12,93.05391693115234,303.2452697753906,114.91508483886719,66.52423095703125,42.905479431152344,389.56640625,56.36188888549805,36.194759368896484
2022-09-13,89.48934936523438,286.6163330078125,109.69513702392578,63.126190185546875,41.135894775390625,372.6271057128906,53.42909622192383,34.92218017578125
2022-09-14,89.52687072753906,288.8901672363281,109.8191909790039,63.57277297973633,41.30622100830078,374.0489501953125,53.68075942993164,35.01439666748047
2022-09-15,88.75767517089844,284.07904052734375,108.27325439453125,63.0970573425293,40.747901916503906,369.80224609375,52.85801696777344,34.765411376953125
2022-09-16,88.1385726928711,282.3419189453125,107.45256042480469,62.32036590576172,40.473472595214844,366.9810485839844,52.45149612426758,34.48876190185547
2022-09-19,89.14226531982422,284.5406494140625,108.17784118652344,62.972537994384766,40.74637222290039,369.8269958496094,52.88232421875,34.722537994384766
2022-09-20,88.04476165771484,282.2725524902344,106.65097045898438,61.757598876953125,40.35650634765625,365.5819396972656,52.36804962158203,34.286529541015625
2022-09-21,87.02228546142578,277.2181701660156,104.95235443115234,60.41631317138672,39.71940231323242,359.2048034667969,51.44625473022461,33.73920822143555
2022-09-22,85.18372344970703,273.8061828613281,103.90263366699219,58.64736557006836,39.43413162231445,356.1875305175781,50.941688537597656,33.488746643066406
2022-09-23,83.34516143798828,269.3481750488281,102.38531494140625,57.38383865356445,38.673404693603516,350.2197265625,50.136314392089844,32.87648391723633
2022-09-26,82.06758880615234,268.233642578125,101.25367736816406,56.65487289428711,38.274017333984375,346.7550354003906,49.82581329345703,32.431209564208984
2022-09-27,82.13358306884766,268.3412170410156,101.10980987548828,57.07280349731445,38.131378173828125,345.8699035644531,49.82581329345703,32.273502349853516
2022-09-28,84.36817932128906,273.67913818359375,103.51696014404297,58.744564056396484,38.88260269165039,352.6753234863281,50.767032623291016,32.92287063598633
2022-09-29,82.68987274169922,265.7896423339844,101.38792419433594,57.014488220214844,38.274017333984375,345.3082580566406,49.466793060302734,32.40336608886719
2022-09-30,82.20902252197266,261.28265380859375,99.68087768554688,55.780120849609375,37.7890625,339.96868896484375,48.61292266845703,31.995203018188477
2022-10-03,84.2833251953125,267.4124450683594,102.45244598388672,57.4227180480957,38.9111213684082,348.9442443847656,49.76759719848633,32.85792922973633
2022-10-04,87.48909759521484,275.8200988769531,105.41582489013672,60.36771011352539,40.061737060546875,359.7568359375,51.34921646118164,33.85053253173828
2022-10-05,86.93278503417969,275.67352294921875,105.43499755859375,60.24135971069336,40.11878204345703,358.919189453125,51.32010269165039,33.73920822143555
2022-10-06,86.47079467773438,273.5031433105469,104.53350830078125,59.99836349487305,39.88105392456055,355.2167053222656,50.90287399291992,33.31248474121094
2022-10-07,84.33048248291016,263.08154296875,101.59891510009766,57.84064483642578,38.94916534423828,345.3082580566406,49.078670501708984,32.672401428222656
2022-10-10,84.33988952636719,260.4517517089844,101.00432586669922,56.538230895996094,38.5212516784668,342.6717529296875,48.56440734863281,32.49613571166992
2022-10-11,84.55677795410156,256.87353515625,100.41930389404297,55.47881317138672,38.10285568237305,340.50164794921875,48.00162887573242,32.41263961791992
2022-10-12,84.00045776367188,256.78558349609375,100.02613067626953,55.5176887512207,38.03630447387695,339.3785095214844,47.95310974121094,32.273502349853516
2022-10-13,86.15022277832031,262.8078308105469,102.12635803222656,56.421600341796875,39.15836715698242,348.33502197265625,49.1271858215332,33.16405487060547
2022-10-14,84.17018127441406,254.90853881835938,99.5657730102539,54.66238021850586,38.19794464111328,340.39697265625,47.68141555786133,32.59818649291992
2022-10-17,86.49906921386719,263.32598876953125,102.18392944335938,56.3632926940918,38.977699279785156,349.1441650390625,49.292144775390625,33.21971893310547
2022-10-18,87.5079345703125,265.4083251953125,103.35392761230469,57.276920318603516,39.3865852355957,353.2464599609375,49.77730178833008,33.65571594238281
2022-10-19,86.20679473876953,264.4404602050781,102.51000213623047,56.58683395385742,39.28199005126953,350.7431640625,49.39888381958008,33.433082580566406
2022-10-20,84.94334411621094,263.0913391113281,101.70442962646484,56.324398040771484,39.025238037109375,347.80206298828125,49.030155181884766,33.14550018310547
2022-10-21,86.97052001953125,269.26019287109375,104.28416442871094,57.97672653198242,39.92860412597656,356.2541809082031,50.27216339111328,33.915470123291016
2022-10-24,87.72480773925781,272.2224426269531,105.55967712402344,58.394657135009766,40.37552261352539,360.6134948730469,50.88345718383789,34.30508804321289
2022-10-25,89.78970336914062,277.8536071777344,107.83255767822266,60.16360855102539,40.946075439453125,366.3719787597656,51.90230178833008,34.722537994384766
2022-10-26,90.16683959960938,271.7141418457031,107.3722152709961,59.99836349487305,40.974605560302734,363.6116638183594,50.78643798828125,34.9359016418457
2022-10-27,90.45914459228516,266.7672119140625,106.44195556640625,59.64847183227539,40.613258361816406,361.6699523925781,50.01988220214844,35.028663635253906
2022-10-28,92.34487915039062,274.9305419921875,108.96421813964844,61.125831604003906,41.64023208618164,370.2744140625,51.31040573120117,35.80790710449219
2022-10-31,92.3260269165039,271.733642578125,107.94763946533203,60.63014221191406,41.31692886352539,367.5997314453125,50.80583953857422,35.64091491699219
2022-11-01,92.69373321533203,268.9571533203125,107.9092788696289,60.90228271484375,41.45005416870117,365.9911804199219,50.2624626159668,35.687313079833984
2022-11-02,89.57283782958984,259.738037109375,104.89794921875,58.84176254272461,40.48963928222656,356.80621337890625,48.58381652832031,35.06578063964844
2022-11-03,89.06367492675781,254.66407775878906,103.93892669677734,58.24886703491211,40.01418685913086,353.1322326660156,47.71052932739258,34.945167541503906
2022-11-04,90.45914459228516,258.7604064941406,105.62681579589844,59.37632751464844,40.73686981201172,358.21484375,48.40916061401367,35.41828536987305
2022-11-07,91.34542846679688,261.60528564453125,106.84477996826172,59.80398178100586,41.31692886352539,361.6413879394531,48.92341995239258,35.69657897949219
2022-11-08,91.4774398803711,263.5117492675781,107.47771453857422,60.61070251464844,41.59268569946289,363.5926208496094,49.1854133605957,35.900665283203125
2022-11-09,89.35597229003906,257.4308166503906,105.25277709960938,58.987545013427734,40.72736358642578,356.10186767578125,48.040435791015625,35.26057815551758
2022-11-10,94.61720275878906,276.4263000488281,112.04267883300781,64.22635650634766,42.838375091552734,375.67120361328125,51.591796875,36.6242561340332
2022-11-11,95.13578796386719,281.5197448730469,113.64423370361328,66.06332397460938,43.22825622558594,379.30706787109375,52.445674896240234,36.74485397338867
2022-11-14,94.20233917236328,279.0560607910156,112.7139892578125,65.07192993164062,42.9429817199707,376.08038330078125,51.91200256347656,36.51293182373047
2022-11-15,95.41864013671875,282.9178771972656,113.97989654541016,66.41323852539062,43.38990783691406,379.28802490234375,52.484493255615234,36.72629928588867
2022-11-16,93.84405517578125,279.0560607910156,112.3687515258789,64.58595275878906,42.87641525268555,376.3945617675781,51.97023010253906,36.540771484375
2022-11-17,93.4668960571289,278.440185546875,112.16736602783203,64.0222396850586,42.9239616394043,375.24285888671875,51.747047424316406,36.438720703125
2022-11-18,94.1080551147461,278.4499816894531,112.58932495117188,64.0222396850586,43.08561706542969,376.9466247558594,51.80527114868164,36.735572814941406
2022-11-21,93.80634307861328,275.5855407714844,111.97554016113281,63.29328536987305,42.971500396728516,375.5759582519531,51.30070495605469,36.809783935546875
2022-11-22,94.94720458984375,279.5546875,113.8072738647461,64.43045806884766,43.64665222167969,380.6300048828125,52.047847747802734,37.26433181762695
2022-11-23,95.06036376953125,282.3604736328125,114.5361328125,65.09138488769531,43.817813873291016,383.0287170410156,52.56211853027344,37.38493728637695
2022-11-25,95.26778411865234,280.5030517578125,114.32514953613281,64.94561767578125,43.78928756713867,382.94293212890625,52.36804962158203,37.48698425292969
2022-11-28,93.42916870117188,276.38714599609375,112.77152252197266,63.61402893066406,43.00002670288086,376.8324279785156,51.47536087036133,36.948936462402344
2022-11-29,93.76861572265625,274.2950744628906,112.70439910888672,63.72093200683594,42.971500396728516,376.1851806640625,51.126041412353516,37.05097579956055
2022-11-30,96.0220718383789,286.79901123046875,116.27197265625,66.36463928222656,44.25522994995117,388.0351867675781,53.348079681396484,37.76527786254883
2022-12-01,95.90892791748047,287.15093994140625,116.2431869506836,66.53958129882812,44.19816589355469,387.74969482421875,53.435401916503906,37.718902587890625
2022-12-02,96.2955093383789,286.007080078125,116.20481872558594,66.23828125,44.11259460449219,387.3022155761719,53.2801513671875,37.728179931640625
2022-12-05,93.60832977294922,281.2069396972656,114.29637145996094,64.62486267089844,43.304325103759766,380.33502197265625,52.24190902709961,37.10663986206055
2022-12-06,92.71261596679688,275.38018798828125,112.43585968017578,63.34186935424805,42.58162307739258,374.8525085449219,51.24248504638672,36.735572814941406
2022-12-07,92.3260269165039,274.255859375,112.2920150756836,63.059993743896484,42.52457809448242,374.2148742675781,51.029014587402344,36.6984748840332
2022-12-08,92.75973510742188,277.5016784667969,113.24146270751953,63.9736442565918,42.838375091552734,377.1464538574219,51.611202239990234,36.88399887084961
2022-12-09,91.76972961425781,275.7321472167969,112.1865234375,63.468223571777344,42.562618255615234,374.3291320800781,51.2521858215332,36.6242561340332
2022-12-12,92.75973510742188,279.19293212890625,114.0566177368164,64.51792907714844,43.18071365356445,379.72589111328125,51.92170715332031,37.15302276611328
2022-12-13,93.0740966796875,282.1943664550781,115.04939270019531,65.4412841796875,43.52302932739258,382.60040283203125,52.55241775512695,37.30145263671875
2022-12-14,92.36396789550781,280.1021728515625,114.58720397949219,64.86783599853516,43.27579116821289,380.1541442871094,52.19340133666992,37.10663986206055
2022-12-15,90.13888549804688,270.69732666015625,111.62142181396484,62.778141021728516,42.25832748413086,370.8550109863281,50.57296371459961,36.410888671875
2022-12-16,89.31513977050781,268.11639404296875,110.32147216796875,61.91311264038086,41.94452667236328,366.4765625,49.86463165283203,36.04908752441406
2022-12-19,88.68077850341797,264.3484191894531,109.1370620727539,60.8148193359375,41.633819580078125,363.3690185546875,49.446258544921875,35.73921203613281
2022-12-20,88.97428894042969,264.1426086425781,109.31039428710938,60.75640106201172,41.7772216796875,363.8662109375,49.42679977416992,35.832550048828125
2022-12-21,90.3566665649414,267.9743347167969,111.2651138305664,62.070838928222656,42.36994934082031,369.3069763183594,50.156524658203125,36.38324737548828
2022-12-22,89.23939514160156,261.41827392578125,109.55113983154297,60.454566955566406,41.7485466003418,364.0383605957031,49.28084945678711,35.981895446777344
2022-12-23,89.8264389038086,262.00616455078125,110.19629669189453,60.581146240234375,42.04490280151367,366.1324157714844,49.52408981323242,36.20590591430664
2022-12-27,89.77909088134766,258.3019714355469,109.84963989257812,59.88983154296875,42.03535079956055,364.6885681152344,49.15436553955078,36.20590591430664
2022-12-28,88.07479858398438,254.8916015625,108.3860092163086,58.89670944213867,41.49998092651367,360.15625,48.54139709472656,35.80454635620117
2022-12-29,90.01580810546875,261.10467529296875,110.282958984375,60.83428955078125,42.14051055908203,366.63916015625,49.37814712524414,36.429908752441406
2022-12-30,89.60867309570312,260.9478454589844,109.73410034179688,60.6882438659668,42.06402587890625,365.6734313964844,49.30031967163086,36.29924774169922
2023-01-03,89.47611236572266,259.18389892578125,109.42594146728516,60.52272415161133,41.7198600769043,364.13397216796875,48.7067985534668,36.485923767089844
2023-01-04,90.55548858642578,260.4186706542969,110.31182861328125,62.23636245727539,42.016231536865234,366.9452209472656,48.83328628540039,36.93395233154297
2023-01-05,89.7696304321289,256.3419494628906,109.03117370605469,61.36006164550781,41.75811004638672,362.757080078125,48.26896286010742,36.541927337646484
2023-01-06,91.8810806274414,263.4173889160156,111.83323669433594,63.034767150878906,42.90531539916992,371.0758361816406,49.329498291015625,37.3819694519043
2023-01-09,91.8716049194336,265.1225280761719,111.74657440185547,63.89158630371094,42.819271087646484,370.865478515625,49.329498291015625,37.3819694519043
2023-01-10,93.0551528930664,267.36663818359375,112.55543518066406,64.77760314941406,43.077388763427734,373.46630859375,49.640846252441406,37.671321868896484
2023-01-11,94.10614013671875,271.99212646484375,114.17314147949219,65.86813354492188,43.45022201538086,378.1898498535156,50.321929931640625,38.091339111328125
2023-01-12,95.43173217773438,273.4621276855469,114.7123794555664,66.49126434326172,43.61274719238281,379.5667724609375,50.48733901977539,38.25000762939453
2023-01-13,96.01876068115234,275.3437194824219,114.96273040771484,66.7930908203125,43.698787689208984,381.0393371582031,50.701393127441406,38.39002227783203
2023-01-17,95.67790985107422,275.90228271484375,114.72200775146484,67.12413787841797,43.62230682373047,380.34124755859375,50.75003433227539,38.194007873535156
2023-01-18,94.17242431640625,272.3155822753906,113.12356567382812,66.37442016601562,42.981788635253906,374.33642578125,50.04949188232422,37.5219841003418
2023-01-19,93.36760711669922,269.6402282714844,112.15100860595703,65.0794448852539,42.72365951538086,371.6114196777344,49.79652786254883,37.157958984375
2023-01-20,94.7689208984375,277.0194091796875,114.40425109863281,67.20201110839844,43.40243148803711,378.5340576171875,50.75003433227539,37.792659759521484
2023-01-23,95.81046295166016,283.1737060546875,115.9256591796875,69.17855834960938,43.82306671142578,383.075927734375,51.40192413330078,38.24067306518555
2023-01-24,95.47907257080078,282.59552001953125,115.84862518310547,68.79884338378906,43.81350326538086,382.6648254394531,51.36301040649414,38.212677001953125
2023-01-25,95.71576690673828,281.96832275390625,115.71379089355469,68.9156723022461,43.75614929199219,382.8081970214844,51.28517150878906,38.25935363769531
2023-01-26,96.39750671386719,287.4660339355469,116.9559555053711,70.01589965820312,44.253265380859375,387.0154113769531,51.966243743896484,38.595359802246094
2023-01-27,96.78568267822266,290.3275451660156,117.23521423339844,70.40538024902344,44.08119201660156,387.9046630859375,52.14137268066406,38.651363372802734
2023-01-30,95.71576690673828,284.45751953125,115.6560287475586,68.90594482421875,43.564945220947266,383.0377197265625,51.33381652832031,38.287349700927734
2023-01-31,98.13021850585938,288.7203674316406,117.58187866210938,70.49301147460938,44.09074020385742,388.6696472167969,52.06354522705078,38.82870864868164
2023-02-01,99.65461730957031,294.8942565917969,118.99736785888672,72.60584259033203,44.4157829284668,392.8003845214844,52.65705108642578,39.220733642578125
2023-02-02,101.95543670654297,305.4779052734375,121.52018737792969,74.84527587890625,44.96071243286133,398.5182800292969,53.27975082397461,39.92076873779297
2023-02-03,101.68084716796875,300.04888916015625,120.12395477294922,73.36530303955078,44.721702575683594,394.2824401855469,52.91975021362305,39.351402282714844
2023-02-06,99.99546813964844,297.5107727050781,119.06475830078125,72.36243438720703,44.48270797729492,391.8728332519531,52.627864837646484,39.10873031616211
2023-02-07,100.69612884521484,303.6747741699219,120.51876068115234,73.81318664550781,45.132789611816406,396.9979553222656,53.48408126831055,39.463417053222656
2023-02-08,99.1717300415039,298.27508544921875,118.84326934814453,72.66426086425781,44.530513763427734,392.65692138671875,52.83218765258789,39.090057373046875
2023-02-09,97.89349365234375,295.63897705078125,117.64928436279297,72.21638488769531,44.27239227294922,389.25286865234375,52.4819221496582,38.67003631591797
2023-02-10,98.12073516845703,293.69866943359375,117.83222961425781,71.33035278320312,44.492271423339844,390.1612548828125,52.6083984375,38.75404357910156
2023-02-13,99.38949584960938,298.4024963378906,119.54621124267578,72.55716705322266,44.99894714355469,394.7414245605469,53.13380432128906,39.23940658569336
2023-02-14,99.06756591796875,300.607421875,119.38252258300781,73.22898864746094,44.94158172607422,394.55975341796875,53.231101989746094,39.16473388671875
2023-02-15,100.00495147705078,302.9104309082031,119.44029235839844,73.93976593017578,44.88422775268555,395.841064453125,53.35758972167969,39.29540252685547
2023-02-16,99.3421630859375,297.2265930175781,117.79371643066406,72.21638488769531,44.358428955078125,390.3907775878906,52.550025939941406,38.82870864868164
2023-02-17,99.51258850097656,295.12939453125,117.3218765258789,71.34982299804688,44.062068939208984,389.4154968261719,52.32624816894531,38.7913818359375
2023-02-21,96.53950500488281,288.14227294921875,114.79904174804688,69.02277374267578,43.4406623840332,381.60345458984375,51.353271484375,37.970001220703125
2023-02-22,96.90877532958984,288.3576965332031,114.5390396118164,69.17855834960938,43.2877082824707,381.07757568359375,51.314361572265625,37.885990142822266
2023-02-23,97.50530242919922,290.87628173828125,115.6560287475586,69.80171203613281,43.53626251220703,383.1046447753906,51.703548431396484,37.99799728393555
2023-02-24,96.75728607177734,286.00579833984375,114.30795288085938,68.43858337402344,43.18254089355469,379.01220703125,51.041927337646484,37.671321868896484
2023-02-27,96.97505950927734,288.053955078125,114.49090576171875,68.74039459228516,43.29726791381836,380.30303955078125,51.304630279541016,37.736656188964844
2023-02-28,96.94664764404297,287.6816101074219,114.34645080566406,68.85723876953125,43.192100524902344,378.8974609375,51.051658630371094,37.671321868896484
2023-03-01,97.17389678955078,285.36883544921875,114.00944519042969,68.63330078125,43.278141021728516,377.4440002441406,50.876529693603516,37.50330352783203
2023-03-02,97.4674072265625,287.7305908203125,115.11680603027344,69.20777130126953,43.593624114990234,380.3796081542969,51.23652267456055,37.792659759521484
2023-03-03,98.6036148071289,293.67901611328125,116.9078369140625,70.6390609741211,44.27239227294922,386.4800109863281,52.073272705078125,38.399356842041016
2023-03-06,96.36908721923828,294.01220703125,117.02338409423828,70.04511260986328,44.34886932373047,386.74774169921875,52.277591705322266,38.315345764160156
2023-03-07,95.41277313232422,290.40594482421875,115.38643646240234,69.06170654296875,43.68922424316406,380.8193359375,51.538143157958984,37.671321868896484
2023-03-08,95.57373809814453,291.8563232421875,115.78121185302734,69.58750915527344,43.72747039794922,381.44085693359375,51.62571334838867,37.72732162475586
2023-03-09,93.3960189819336,286.79962158203125,113.87464904785156,67.24097442626953,43.163429260253906,374.40338134765625,50.798675537109375,36.92462158203125
2023-03-10,91.05733489990234,282.77191162109375,111.99694061279297,65.26445007324219,42.60894012451172,369.0008850097656,50.08842086791992,36.37391662597656
2023-03-13,88.8511962890625,284.8690490722656,111.95842742919922,64.21288299560547,42.60894012451172,368.47503662109375,50.253822326660156,36.10324478149414
2023-03-14,90.65966033935547,291.4153137207031,113.95166778564453,65.32286834716797,43.345069885253906,374.5658874511719,51.11975860595703,36.700592041015625
2023-03-15,89.21099853515625,292.9440612792969,113.40280151367188,64.33946228027344,42.92441940307617,372.2232360839844,50.91544723510742,36.401920318603516
2023-03-16,90.63125610351562,300.666259765625,115.39604949951172,65.72207641601562,43.564945220947266,378.7540588378906,51.85921859741211,36.980613708496094
2023-03-17,88.05585479736328,299.24530029296875,114.56793212890625,64.57315063476562,43.192100524902344,374.3253173828125,51.46029281616211,36.38324737548828
2023-03-20,89.34354400634766,300.3072509765625,115.55974578857422,64.96725463867188,43.66263198852539,377.9247131347656,51.94746398925781,36.70861053466797
2023-03-21,90.83956146240234,304.5964050292969,116.84041595458984,66.35243225097656,44.10434341430664,382.8870544433594,52.699188232421875,37.1586799621582
2023-03-22,88.40620422363281,300.4544677734375,114.90495300292969,64.9087142944336,43.50898361206055,376.3601989746094,51.966983795166016,36.417945861816406
2023-03-23,87.67359161376953,304.0173645019531,115.68247985839844,65.38670349121094,43.768253326416016,377.3776550292969,52.2501106262207,36.408565521240234
2023-03-24,88.60477447509766,305.13629150390625,116.17508697509766,65.1720962524414,43.98911666870117,379.8540344238281,52.48442077636719,36.69923400878906
2023-03-27,89.55494689941406,303.045654296875,116.13642120361328,65.04527282714844,44.00831604003906,380.56427001953125,52.40631866455078,36.88676834106445
2023-03-28,89.62146759033203,301.4360046386719,115.81771087646484,64.86970520019531,44.046722412109375,379.7099914550781,52.2501106262207,36.89613342285156
2023-03-29,90.22958374023438,306.9323425292969,117.3824234008789,66.44998931884766,44.670902252197266,385.22900390625,52.933502197265625,37.468101501464844
2023-03-30,90.20108795166016,309.8375549316406,118.07785034179688,67.06453704833984,44.949363708496094,387.48468017578125,53.25566864013672,37.665000915527344
2023-03-31,91.8829116821289,314.9903869628906,119.83572387695312,68.24488067626953,45.439090728759766,392.9460754394531,54.046443939208984,38.18070983886719
2023-04-03,91.96843719482422,314.22479248046875,120.37660217285156,67.80591583251953,45.83279800415039,394.4433898925781,54.40766906738281,38.199459075927734
2023-04-04,90.14408874511719,313.1648254394531,119.28518676757812,66.92796325683594,45.477500915527344,392.255126953125,54.124549865722656,37.96504592895508
2023-04-05,89.45044708251953,310.0731201171875,119.15962219238281,65.66959381103516,45.467899322509766,391.22802734375,53.96834945678711,37.87128829956055
2023-04-06,89.47894287109375,312.1636657714844,119.4397201538086,65.71836853027344,45.42949295043945,392.754150390625,54.22217559814453,38.0025520324707
2023-04-10,90.61917877197266,311.9870300292969,119.86470794677734,66.4987564086914,45.48710632324219,393.15728759765625,54.18313217163086,38.10569381713867
2023-04-11,91.24629211425781,309.9847412109375,120.08686065673828,66.7816390991211,45.53511428833008,393.2628479003906,54.114784240722656,38.18070983886719
2023-04-12,90.49564361572266,307.2464294433594,119.47834777832031,65.73786926269531,45.39107894897461,391.659912109375,53.90000534057617,38.02130889892578
2023-04-13,91.26530456542969,313.2630920410156,120.87887573242188,66.65483093261719,45.99604034423828,396.86224365234375,54.749366760253906,38.3963623046875
2023-04-14,90.53365325927734,312.6740417480469,120.73400115966797,66.3329086303711,45.89040756225586,395.892822265625,54.60292434692383,38.34010314941406
2023-04-17,91.0847396850586,312.9390869140625,120.898193359375,66.6743392944336,45.861602783203125,397.3133850097656,54.583404541015625,38.64015197753906
2023-04-18,90.60015869140625,312.9587097167969,121.09137725830078,66.84992980957031,45.90961837768555,397.572509765625,54.63221740722656,38.668277740478516
2023-04-19,90.8757095336914,312.81146240234375,120.79193115234375,66.77189636230469,45.861602783203125,397.5053405761719,54.62245559692383,38.68702697753906
2023-04-20,90.4671401977539,310.42645263671875,120.78228759765625,66.09882354736328,45.79438400268555,395.33612060546875,54.339324951171875,38.41511154174805
2023-04-21,90.28659057617188,310.7503662109375,120.5987777709961,66.0207748413086,45.8135871887207,395.6432189941406,54.35885238647461,38.49012756347656
2023-04-24,90.33409118652344,310.1026306152344,120.78228759765625,66.04025268554688,45.90961837768555,396.0559997558594,54.42719268798828,38.499507904052734
2023-04-25,87.95865631103516,304.2528991699219,118.71531677246094,63.95273971557617,45.170223236083984,389.7690124511719,53.62665557861328,37.87128829956055
2023-04-26,87.1415023803711,306.0981140136719,117.81706237792969,63.474761962890625,44.93976593017578,388.11810302734375,53.46068572998047,37.665000915527344
2023-04-27,88.500244140625,314.4211120605469,120.5987777709961,64.49901580810547,45.727169036865234,395.84478759765625,54.378379821777344,38.508880615234375
2023-04-28,89.31741333007812,316.5902404785156,121.88338470458984,65.5818099975586,46.19769287109375,399.22344970703125,54.81769943237305,38.846431732177734
2023-05-01,89.2889175415039,316.2270812988281,122.1248550415039,65.53302764892578,46.24570846557617,398.8203125,54.84699249267578,38.76203918457031
2023-05-02,87.62608337402344,313.4691162109375,120.44422912597656,64.4697494506836,45.58313751220703,394.3379211425781,54.251468658447266,38.3026008605957
2023-05-03,87.65457916259766,311.417724609375,119.66187286376953,64.06979370117188,45.32386779785156,391.63116455078125,53.93906021118164,38.0025520324707
2023-05-04,86.59988403320312,310.3185119628906,118.29999542236328,63.289398193359375,44.96857452392578,388.85723876953125,53.577842712402344,37.693138122558594
2023-05-05,88.6902847290039,316.9140625,120.28968811035156,64.48925018310547,45.746368408203125,396.0559997558594,54.7005500793457,38.27446746826172
2023-05-08,88.30071258544922,317.69927978515625,120.29935455322266,64.66484069824219,45.65034866333008,396.1615295410156,54.75912857055664,38.27446746826172
2023-05-09,87.77810668945312,315.687255859375,119.81642150878906,64.11857604980469,45.45830154418945,394.42425537109375,54.50529861450195,38.11506652832031
2023-05-10,88.0916748046875,319.12249755859375,120.39593505859375,64.32343292236328,45.58313751220703,396.26715087890625,54.86652755737305,38.199459075927734
2023-05-11,87.49307250976562,320.162841796875,120.27037048339844,63.981998443603516,45.44868850708008,395.5760192871094,54.895809173583984,38.049434661865234
2023-05-12,87.23651123046875,319.0144958496094,120.37660217285156,63.68935775756836,45.477500915527344,395.0577697753906,54.84699249267578,37.9556770324707
2023-05-15,88.20569610595703,320.74188232421875,120.898193359375,64.81116485595703,45.77517318725586,396.420654296875,54.92509841918945,38.171329498291016
2023-05-16,87.0369644165039,321.1050720214844,119.90333557128906,64.12834167480469,45.362274169921875,393.7715759277344,54.749366760253906,37.786895751953125
2023-05-17,89.12737274169922,324.9918212890625,121.41010284423828,65.59156036376953,45.82320022583008,398.551513671875,55.31559753417969,38.31197738647461
2023-05-18,89.9350357055664,331.0279846191406,122.69470977783203,67.03526306152344,46.236106872558594,402.39093017578125,55.89160919189453,38.64015197753906
2023-05-19,89.26039123535156,330.2821044921875,122.3952865600586,66.52801513671875,46.236106872558594,401.8053894042969,55.901371002197266,38.537010192871094
2023-05-22,89.94454193115234,331.39117431640625,122.5498275756836,67.14257049560547,46.01523971557617,401.9685363769531,55.89160919189453,38.537010192871094
2023-05-23,89.83052825927734,327.1903991699219,121.0720443725586,66.34268951416016,45.54471969604492,397.4573669433594,55.276554107666016,38.133827209472656
2023-05-24,88.7282943725586,325.51202392578125,120.21241760253906,65.38670349121094,45.27584457397461,394.57781982421875,54.93485641479492,37.80564498901367
2023-05-25,88.42424774169922,333.4326171875,122.21178436279297,66.34268951416016,45.58313751220703,397.9948425292969,55.79397201538086,37.815025329589844
2023-05-26,89.40293884277344,341.95196533203125,123.90206146240234,68.0009994506836,46.284114837646484,403.1491394042969,56.496891021728516,38.31197738647461
2023-05-30,88.98484802246094,343.5027160644531,123.92137145996094,68.19609832763672,46.13047409057617,403.3027038574219,56.54570388793945,38.3026008605957
2023-05-31,87.82560729980469,341.5495910644531,122.76232147216797,67.17182922363281,45.82320022583008,401.06634521484375,56.223533630371094,38.11506652832031
2023-06-01,88.57626342773438,345.4952087402344,123.85375213623047,68.19609832763672,46.25530242919922,404.8768310546875,56.819061279296875,38.40574264526367
2023-06-02,92.22498321533203,348.0863342285156,125.64061737060547,69.76660919189453,46.96589279174805,410.7318115234375,57.5122184753418,39.07146453857422
2023-06-05,90.3246078491211,348.3316650390625,125.0321044921875,69.50325012207031,46.754634857177734,409.94476318359375,57.453636169433594,38.98707580566406
2023-06-06,92.89959716796875,348.2728271484375,125.3218765258789,70.61529541015625,46.79304504394531,410.8373718261719,57.42435073852539,39.193359375
2023-06-07,95.1796875,342.3642272949219,124.58079528808594,70.74211120605469,46.725833892822266,409.4168395996094,56.95573806762695,39.258995056152344
2023-06-08,94.57891845703125,346.6141357421875,125.11360168457031,70.96648406982422,46.84105682373047,411.8932800292969,57.453636169433594,39.380882263183594
2023-06-09,93.79696655273438,347.93914794921875,125.28797912597656,71.01524353027344,46.860260009765625,412.6322937011719,57.59031677246094,39.399635314941406
2023-06-12,94.03536224365234,353.8182067871094,126.7314224243164,72.36140441894531,47.32118606567383,416.3756103515625,58.20536804199219,39.67155838012695
2023-06-13,94.78870391845703,356.5370178222656,127.52578735351562,73.58077239990234,47.51323699951172,419.1208190917969,58.576358795166016,39.97160339355469
2023-06-14,93.64437866210938,359.12811279296875,128.1264190673828,73.53199005126953,47.580448150634766,419.619873046875,58.65445327758789,40.00910186767578
2023-06-15,94.50262451171875,363.4074401855469,129.6376190185547,74.15630340576172,48.22382736206055,424.8222351074219,59.308563232421875,40.57169723510742
2023-06-16,94.06396484375,361.1205749511719,129.32766723632812,73.55150604248047,48.118194580078125,423.3751525878906,59.06448745727539,40.449790954589844
2023-06-20,93.70160675048828,360.6036071777344,128.75608825683594,73.13520050048828,47.77214813232422,421.1785888671875,58.93326950073242,40.13418197631836
2023-06-21,93.587158203125,355.68939208984375,128.38795471191406,72.30457305908203,47.6468391418457,419.0205993652344,58.580718994140625,39.9646110534668
2023-06-22,92.59539794921875,359.8860778808594,128.7366943359375,72.04072570800781,47.810699462890625,420.5331115722656,59.03119659423828,39.9080810546875
2023-06-23,91.10777282714844,356.3184509277344,127.92298889160156,71.39575958251953,47.47332763671875,417.3538818359375,58.551353454589844,39.644287109375
2023-06-26,91.6894760131836,351.5417785644531,127.23515319824219,71.30781555175781,47.3191032409668,415.6487121582031,58.051910400390625,39.672550201416016
2023-06-27,93.2820053100586,357.58624267578125,128.95950317382812,73.10588073730469,47.78178024291992,420.2055969238281,58.688453674316406,40.11534881591797
2023-06-28,93.39643859863281,358.28411865234375,128.6591796875,73.46746826171875,47.78178024291992,420.41754150390625,58.75700378417969,40.08707809448242
2023-06-29,94.94127655029297,357.5665588378906,129.2307891845703,73.67268371582031,48.070960998535156,422.07452392578125,58.962646484375,40.30376434326172
2023-06-30,95.027099609375,363.08038330078125,130.65480041503906,74.64990234375,48.630035400390625,427.05535888671875,59.746070861816406,40.699459075927734
2023-07-03,95.62788391113281,363.9353942871094,130.48045349121094,75.1580581665039,48.57219696044922,427.546630859375,59.78523635864258,40.8125114440918
2023-07-05,94.20700073242188,363.925537109375,130.36419677734375,74.4642333984375,48.45653533935547,426.9108581542969,59.67752456665039,40.718299865722656
2023-07-06,92.91010284423828,361.1539306640625,129.3373260498047,73.51631164550781,48.02275848388672,423.5678405761719,59.217262268066406,40.369712829589844
2023-07-07,93.8255615234375,359.9549560546875,128.7366943359375,74.01470947265625,47.83961868286133,422.4984130859375,58.99202346801758,40.36029052734375
2023-07-10,95.05570983886719,360.07281494140625,129.56983947753906,75.373046875,48.167354583740234,423.5678405761719,58.962646484375,40.56756591796875
2023-07-11,95.93304443359375,361.85174560546875,130.44171142578125,76.16459655761719,48.524009704589844,426.265380859375,59.168296813964844,40.991512298583984
2023-07-12,96.98199462890625,366.4219970703125,131.64292907714844,76.92681884765625,48.81317901611328,429.6950378417969,59.63835525512695,41.30241394042969
2023-07-13,97.52555847167969,372.6434020996094,132.89260864257812,77.84539794921875,49.189109802246094,433.10546875,60.245506286621094,41.55678176879883
2023-07-14,96.70545196533203,372.5647277832031,132.96043395996094,76.8193359375,49.112003326416016,432.8357849121094,60.38260269165039,41.36836242675781
2023-07-17,97.47789001464844,376.04400634765625,133.70639038085938,77.64019012451172,49.35298156738281,434.33856201171875,60.754737854003906,41.39662170410156
2023-07-18,98.82246398925781,379.1202392578125,134.442626953125,78.38288116455078,49.651798248291016,437.5659484863281,61.146453857421875,41.71693801879883
2023-07-19,99.36602020263672,379.0318298339844,134.47169494628906,78.50015258789062,49.68071746826172,438.5390319824219,61.1562385559082,41.905372619628906
2023-07-20,98.62222290039062,370.29437255859375,133.49325561523438,76.77047729492188,49.56504440307617,435.6296081542969,60.5882568359375,41.80173873901367
2023-07-21,98.25984191894531,369.18377685546875,133.60952758789062,76.78024291992188,49.67107391357422,435.6296081542969,60.63722229003906,41.79231643676758
2023-07-24,98.82246398925781,369.7735595703125,134.20042419433594,76.91706085205078,49.92169952392578,437.57562255859375,60.91141891479492,41.93362808227539
2023-07-25,98.79386901855469,372.2797546386719,135.0335693359375,77.0440902709961,50.20124053955078,438.770263671875,61.215003967285156,41.961883544921875
2023-07-26,99.51860809326172,371.04132080078125,134.985107421875,77.21023559570312,50.20124053955078,438.83770751953125,61.16603469848633,41.9713134765625
2023-07-27,98.46009826660156,370.15679931640625,134.384521484375,77.17113494873047,49.85422134399414,435.9282531738281,60.784122467041016,41.68868637084961
2023-07-28,99.4041748046875,376.8990478515625,135.5566864013672,78.24606323242188,50.31690979003906,440.19610595703125,61.45981979370117,42.009002685546875
2023-07-31,100.28148651123047,377.0956115722656,135.59544372558594,78.7737808227539,50.47114181518555,441.03424072265625,61.587127685546875,42.10321044921875
2023-08-01,99.78561401367188,376.22088623046875,135.59544372558594,78.24606323242188,50.355464935302734,439.7722473144531,61.38147735595703,41.99958038330078
2023-08-02,98.95596313476562,367.965087890625,133.4835662841797,75.85189056396484,49.69035720825195,433.6546325683594,60.45116424560547,41.509681701660156
2023-08-03,98.58405303955078,367.3753662109375,133.231689453125,75.20691680908203,49.642154693603516,432.411865234375,60.38260269165039,41.321250915527344
2023-08-04,98.57453155517578,365.65545654296875,132.4857940673828,74.92353057861328,49.37226486206055,430.45611572265625,59.85379409790039,41.292999267578125
2023-08-07,99.13717651367188,368.7513427734375,133.9679412841797,75.734619140625,49.90242004394531,434.2133483886719,60.27488708496094,41.7546272277832
2023-08-08,98.46009826660156,365.6160583496094,133.4351806640625,75.31440734863281,49.584327697753906,432.3250732421875,60.098609924316406,41.509681701660156
2023-08-09,97.75443267822266,361.5962219238281,132.60203552246094,74.35671997070312,49.333709716796875,429.4349060058594,59.67752456665039,41.20820236206055
2023-08-10,97.38253784179688,362.2645568847656,132.44700622558594,74.30787658691406,49.36262130737305,429.58905029296875,59.71669006347656,41.22704315185547
2023-08-11,97.29669952392578,359.9549560546875,131.92388916015625,73.57495880126953,49.324066162109375,429.338623046875,59.65793991088867,41.21761703491211
2023-08-14,96.86756896972656,363.9943542480469,133.34793090820312,74.18083953857422,49.75782775878906,431.70849609375,60.16716766357422,41.30241394042969
2023-08-15,95.76139831542969,360.1318359375,132.16604614257812,72.94953918457031,49.246952056884766,426.6795959472656,59.589385986328125,40.77482604980469
2023-08-16,94.64566802978516,356.3184509277344,131.37171936035156,71.83551025390625,48.909576416015625,423.548583984375,59.13892364501953,40.463932037353516
2023-08-17,93.65392303466797,352.4263610839844,130.5095672607422,71.08303833007812,48.6878776550293,420.3211975097656,58.76679229736328,40.07765579223633
2023-08-18,94.1307144165039,351.984130859375,130.64512634277344,71.11234283447266,48.77462387084961,420.5234680175781,58.7374153137207,40.1247673034668
2023-08-21,93.6825180053711,357.6550598144531,131.90452575683594,71.63028717041016,49.246952056884766,423.25958251953125,59.41312026977539,40.162452697753906
2023-08-22,93.50132751464844,357.14404296875,131.3232879638672,71.13190460205078,49.06380844116211,422.113037109375,59.305389404296875,40.030548095703125
2023-08-23,94.49309539794922,362.77569580078125,132.71826171875,72.26545715332031,49.593971252441406,426.81451416015625,60.0202751159668,40.40740966796875
2023-08-24,93.54900360107422,355.02105712890625,130.9261016845703,70.97554016113281,48.96741485595703,420.8992614746094,59.11933135986328,39.94576644897461
2023-08-25,93.77787780761719,357.7730407714844,131.7107696533203,71.385986328125,49.304786682128906,423.8664855957031,59.56980514526367,40.20013427734375
2023-08-28,94.540771484375,360.4659423828125,132.58262634277344,72.17752838134766,49.68071746826172,426.55438232421875,59.91255187988281,40.463932037353516
2023-08-29,95.8090591430664,368.3385314941406,134.5782470703125,73.72154235839844,50.355464935302734,432.72015380859375,60.940799713134766,40.91614532470703
2023-08-30,96.22865295410156,370.3927001953125,134.97543334960938,74.02448272705078,50.586795806884766,434.5024108886719,61.303138732910156,40.991512298583984
2023-08-31,96.10468292236328,371.50323486328125,135.0045166015625,74.298095703125,50.57716751098633,433.86663818359375,61.20520782470703,40.953819274902344
2023-09-01,97.08690643310547,371.11016845703125,135.3145294189453,74.69876861572266,50.65427780151367,434.67584228515625,61.27375793457031,41.03861999511719
2023-09-05,94.2833023071289,371.5819091796875,134.5491943359375,73.99516296386719,50.43257522583008,432.7972106933594,61.20520782470703,40.72772216796875
2023-09-06,93.9686050415039,368.30902099609375,133.657958984375,73.65312194824219,50.16268539428711,429.8876953125,60.5882568359375,40.633506774902344
2023-09-07,93.30107879638672,365.6750793457031,133.1444854736328,72.41206359863281,49.92169952392578,428.56787109375,60.31406021118164,40.56756591796875
2023-09-08,92.93870544433594,366.1860656738281,133.13482666015625,72.3241195678711,50.01809310913086,429.2132873535156,60.40219497680664,40.624088287353516
2023-09-11,92.91963195800781,370.5007629394531,133.5803985595703,72.4413833618164,50.124122619628906,432.0361022949219,60.8134880065918,40.897300720214844
2023-09-12,92.91963195800781,366.39251708984375,132.7570343017578,72.0798110961914,49.931331634521484,429.6661071777344,60.36302185058594,40.765411376953125
2023-09-13,92.37608337402344,367.78814697265625,132.989501953125,71.59120178222656,49.998809814453125,430.1670837402344,60.50992202758789,40.7559814453125
2023-09-14,93.9686050415039,370.7955627441406,133.85171508789062,72.53910827636719,50.31690979003906,433.8761901855469,60.93101119995117,41.151668548583984
2023-09-15,93.08174133300781,364.44647216796875,131.8173370361328,71.6107406616211,49.69035720825195,428.64874267578125,60.14757537841797,40.7088737487793
2023-09-18,92.50004577636719,364.82635498046875,132.18545532226562,71.23362731933594,49.896400451660156,428.9000549316406,60.264461517333984,40.681427001953125
2023-09-19,92.309326171875,364.0488586425781,132.020751953125,71.02789306640625,49.799659729003906,428.0106201171875,60.136775970458984,40.5867805480957
2023-09-20,91.56551361083984,358.8027648925781,130.751708984375,70.205078125,49.26762008666992,424.07574462890625,59.488555908203125,40.27442169189453
2023-09-21,90.22093200683594,352.2278747558594,128.2716827392578,68.70635223388672,48.52275085449219,417.0664978027344,58.4965934753418,39.6591911315918
2023-09-22,89.91575622558594,352.2770690917969,128.44610595703125,68.30473327636719,48.55177307128906,416.1287536621094,58.447486877441406,39.49827575683594
2023-09-25,90.33535766601562,353.9503173828125,128.872314453125,68.49085235595703,48.803287506103516,417.8785705566406,58.73230743408203,39.60239791870117
2023-09-26,89.02159118652344,348.63531494140625,127.17049407958984,67.39373779296875,48.16482162475586,411.7394104003906,57.91712951660156,39.00608825683594
2023-09-27,89.90316772460938,349.4522705078125,127.47196960449219,67.63862609863281,48.377647399902344,411.90380859375,58.015342712402344,38.949302673339844
2023-09-28,91.01476287841797,352.3754577636719,128.38607788085938,68.54962158203125,48.66786193847656,414.2917785644531,58.36891174316406,39.16699981689453
2023-09-29,90.39188385009766,352.63140869140625,128.1623992919922,68.66716766357422,48.40666580200195,413.2863464355469,58.22158432006836,39.05341339111328
2023-10-02,89.07909393310547,355.5743713378906,128.4736328125,68.20677947998047,48.455039978027344,413.1219177246094,58.4965934753418,38.83571243286133
2023-10-03,87.69920349121094,349.3341369628906,126.85932922363281,66.66886901855469,47.903648376464844,407.5918884277344,57.73051834106445,38.296199798583984
2023-10-04,87.87167358398438,354.08807373046875,127.8512191772461,67.31537628173828,48.08744430541992,410.5599670410156,58.21176528930664,38.542301177978516
2023-10-05,87.75669860839844,353.0447998046875,127.90958404541016,67.04110717773438,48.02940368652344,410.4052429199219,58.241233825683594,38.46657180786133
2023-10-06,88.30290222167969,358.9602355957031,129.71839904785156,67.9324951171875,48.60014724731445,415.2779541015625,58.948387145996094,38.89250564575195
2023-10-09,89.05033874511719,360.7908935546875,130.72003173828125,68.05985260009766,48.929046630859375,417.93658447265625,59.36088180541992,39.11020278930664
2023-10-10,90.01815795898438,362.7889709472656,131.23544311523438,68.8141098022461,49.1321907043457,420.1119079589844,59.567134857177734,39.403629302978516
2023-10-11,90.1331558227539,365.3775634765625,132.16905212402344,69.23530578613281,49.19989776611328,421.8327941894531,59.85195541381836,39.53614807128906
2023-10-12,88.43706512451172,364.10791015625,131.77029418945312,68.2459487915039,49.14186096191406,419.2611083984375,59.655521392822266,39.16699981689453
2023-10-13,87.4117202758789,359.53106689453125,131.05067443847656,67.15863800048828,48.967735290527344,417.1728820800781,59.36088180541992,38.96822738647461
2023-10-16,88.97367858886719,363.5960693359375,132.4996795654297,68.20677947998047,49.41272735595703,421.56207275390625,59.94034194946289,39.42255783081055
2023-10-17,90.00858306884766,362.4051208496094,132.2857208251953,68.63777923583984,49.393375396728516,421.542724609375,59.81267166137695,39.507747650146484
2023-10-18,88.29330444335938,357.6511535644531,130.59359741210938,67.01171112060547,48.967735290527344,415.9256286621094,59.06623458862305,38.93037414550781
2023-10-19,86.92302703857422,354.3046569824219,129.27102661132812,65.84602355957031,48.58079528808594,412.27117919921875,58.48677062988281,38.674808502197266
2023-10-20,85.90728759765625,349.0191345214844,127.8512191772461,64.54322052001953,48.097110748291016,407.2052001953125,57.701053619384766,38.22994613647461
2023-10-23,85.13109588623047,350.07232666015625,127.78315734863281,64.36688995361328,48.00037384033203,406.4993591308594,57.68141555786133,38.11635971069336
2023-10-24,85.63895416259766,353.4778137207031,128.71673583984375,64.6607666015625,48.28091049194336,409.56414794921875,58.064449310302734,38.41924285888672
2023-10-25,84.60404968261719,344.826171875,126.68425750732422,62.97592544555664,47.526371002197266,403.6860046386719,57.092124938964844,37.993309020996094
2023-10-26,84.82444763183594,338.2513427734375,124.59344482421875,62.525325775146484,46.76215744018555,398.85198974609375,56.19837951660156,37.71882247924805
2023-10-27,83.95243072509766,339.87542724609375,124.14611053466797,62.15309524536133,46.365535736083984,397.04412841796875,56.00194549560547,37.510589599609375
2023-10-30,84.48905181884766,343.7041015625,125.70206451416016,62.60368728637695,46.84922790527344,401.7910461425781,56.57158279418945,38.03117752075195
2023-10-31,85.17900085449219,345.34783935546875,126.26608276367188,62.92694091796875,47.08138656616211,404.3144836425781,56.80729675292969,38.37192153930664
2023-11-01,85.5527114868164,351.342041015625,127.5691909790039,62.93674087524414,47.39094543457031,408.6263427734375,57.50462341308594,38.71266555786133
2023-11-02,87.83336639404297,357.7200927734375,130.15602111816406,64.8272933959961,48.26156234741211,416.4574279785156,58.59480667114258,39.413089752197266
2023-11-03,90.28646850585938,361.92279052734375,131.27435302734375,66.65907287597656,48.5904655456543,420.2569274902344,58.99748229980469,39.93367004394531
2023-11-06,89.37612915039062,363.39923095703125,131.73141479492188,66.04193878173828,48.706546783447266,421.2237243652344,59.27248764038086,39.87689208984375
2023-11-07,88.72453308105469,366.8343505859375,132.3148956298828,66.3652114868164,48.793609619140625,422.42254638671875,59.54749298095703,39.91474533081055
2023-11-08,87.89086151123047,367.070556640625,132.72332763671875,66.3064193725586,48.793609619140625,422.73187255859375,59.68498992919922,39.886356353759766
2023-11-09,86.7026138305664,364.24566650390625,131.86758422851562,65.4248275756836,48.4647102355957,419.4351806640625,59.16444778442383,39.61185836791992
2023-11-10,87.61296844482422,372.43475341796875,134.0070037841797,66.7276382446289,49.2966423034668,425.9803161621094,60.17605972290039,40.16084671020508
2023-11-13,87.61296844482422,371.2732238769531,133.7833251953125,66.35540008544922,49.26762008666992,425.5743103027344,60.18588638305664,40.05672836303711
2023-11-14,92.37548065185547,379.26544189453125,136.15618896484375,69.27447509765625,50.02215576171875,433.8307189941406,61.128746032714844,41.02217483520508
2023-11-15,92.50962829589844,379.5509033203125,136.02976989746094,70.16587829589844,49.983463287353516,434.7491455078125,61.14838409423828,41.173622131347656
2023-11-16,91.14891052246094,379.87579345703125,135.9519500732422,69.84264373779297,49.954437255859375,435.28094482421875,61.27606201171875,41.19254684448242
2023-11-17,92.1646499633789,379.96435546875,136.02976989746094,70.3617935180664,50.080204010009766,435.8223571777344,61.27606201171875,41.287200927734375
2023-11-20,92.51922607421875,384.5903625488281,137.13836669921875,71.01811981201172,50.4768180847168,439.1771240234375,61.806427001953125,41.561702728271484
2023-11-21,91.41722106933594,382.3560791015625,136.88552856445312,70.2344741821289,50.38975524902344,438.219970703125,61.75731658935547,41.42918395996094
2023-11-22,91.90592956542969,383.9210510253906,137.2842559814453,70.52832794189453,50.505836486816406,439.9118957519531,61.92428207397461,41.646881103515625
2023-11-24,92.34672546386719,383.3797607421875,137.2842559814453,70.6948471069336,50.51551818847656,440.1825866699219,61.845706939697266,41.76046371459961
2023-11-27,92.10716247558594,383.04510498046875,136.87576293945312,70.5675048828125,50.31236267089844,439.38983154296875,61.76713180541992,41.6752815246582
2023-11-28,91.62803649902344,384.0491027832031,136.77854919433594,70.73403930664062,50.263999938964844,439.8248596191406,61.786773681640625,41.722599029541016
2023-11-29,91.9155044555664,383.67498779296875,136.71051025390625,71.57646179199219,50.09954833984375,439.5155029296875,61.65910339355469,41.75099563598633
2023-11-30,92.22215270996094,382.7104187011719,137.18699645996094,71.70379638671875,50.244651794433594,441.2460632324219,61.76713180541992,42.02548599243164
2023-12-01,94.91483306884766,383.802978515625,138.0038604736328,73.6825180053711,50.486488342285156,443.8564453125,61.9930305480957,42.40409851074219
2023-12-04,96.15097045898438,380.239990234375,137.30369567871094,73.65312194824219,50.17693328857422,441.5263977050781,61.55106735229492,42.2905158996582
2023-12-05,94.6944351196289,381.1946716308594,137.23562622070312,72.8694839477539,50.118896484375,441.4394226074219,61.75731658935547,42.09174728393555
2023-12-06,94.49320983886719,378.9898986816406,136.8369140625,72.84988403320312,49.86738204956055,439.66058349609375,61.403751373291016,42.006561279296875
2023-12-07,95.55686950683594,384.2852478027344,137.87742614746094,73.70211029052734,50.244651794433594,443.0152893066406,61.9930305480957,42.262123107910156
2023-12-08,96.16056060791016,385.9979248046875,138.5873565673828,74.38780212402344,50.4768180847168,444.9198913574219,62.23857116699219,42.46088790893555
2023-12-11,96.67802429199219,389.29522705078125,139.7835235595703,75.22042846679688,51.01853561401367,446.6504821777344,62.30731964111328,42.74484634399414
2023-12-12,96.54386138916016,392.39556884765625,140.87266540527344,75.230224609375,51.386138916015625,448.6903991699219,62.63142395019531,42.94361114501953
2023-12-13,99.78275299072266,397.3857727050781,142.49671936035156,77.46360778808594,51.94720458984375,454.8779296875,63.37785339355469,43.606178283691406
2023-12-14,102.60960388183594,397.0412902832031,142.3994598388672,80.17699432373047,52.03426742553711,456.33782958984375,63.338558197021484,43.91853332519531
2023-12-15,101.73758697509766,398.9605712890625,142.2730255126953,79.77537536621094,51.937530517578125,455.5863952636719,63.338558197021484,43.814414978027344
2023-12-18,101.59384155273438,401.4734802246094,143.2649688720703,79.75477600097656,52.37152862548828,458.1491394042969,63.865684509277344,43.90097427368164
2023-12-19,103.65408325195312,403.5248718261719,143.91653442382812,80.7952651977539,52.64339828491211,460.9350280761719,64.1711196899414,44.22441101074219
2023-12-20,101.85074615478516,397.528564453125,142.04270935058594,78.91059112548828,51.88606643676758,454.5477294921875,63.343502044677734,43.510955810546875
2023-12-21,103.54167175292969,402.1540222167969,143.301025390625,80.64801788330078,52.37152862548828,458.8577880859375,64.00361633300781,43.90097427368164
2023-12-22,104.08930969238281,402.7555847167969,143.09619140625,80.7952651977539,52.420082092285156,459.7799377441406,64.04305267333984,44.08171463012695
2023-12-26,105.2806625366211,405.2211608886719,143.73995971679688,81.4136734008789,52.64339828491211,461.7213439941406,64.23025512695312,44.31953430175781
2023-12-27,105.78987121582031,406.04608154296875,144.01309204101562,81.56089782714844,52.63368225097656,462.5561828613281,64.338623046875,44.39563751220703
2023-12-28,105.44400024414062,405.8487243652344,143.97109985351562,81.6786880493164,52.57542419433594,462.73095703125,64.31893157958984,44.45270538330078
2023-12-29,104.00284576416016,404.09228515625,143.61972045898438,80.88359069824219,52.50746154785156,461.39129638671875,64.10215759277344,44.357582092285156
2024-01-02,103.50326538085938,397.2541809082031,142.5753631591797,79.61734008789062,52.13851547241211,458.8092041015625,63.07746887207031,44.64296340942383
2024-01-03,100.74586486816406,393.0506591796875,141.65782165527344,77.32039642333984,51.79868698120117,455.0622863769531,62.54541778564453,44.29099655151367
2024-01-04,100.53448486328125,391.02783203125,141.16001892089844,77.2026138305664,51.62392044067383,453.5964660644531,62.19071960449219,44.27197265625
2024-01-05,100.29429626464844,391.4915771484375,141.28689575195312,77.63451385498047,51.662757873535156,454.2177734375,62.249839782714844,44.36709213256836
2024-01-08,101.9179916381836,399.5829162597656,143.37570190429688,79.27379608154297,52.38124465942383,460.7021484375,63.55040740966797,44.6524772644043
2024-01-09,100.77468872070312,400.37225341796875,143.26834106445312,78.99893951416016,52.390953063964844,460.00323486328125,63.727752685546875,44.37661361694336
2024-01-10,101.13976287841797,403.0858459472656,144.12730407714844,79.16580963134766,52.653106689453125,462.60467529296875,64.3484878540039,44.41465759277344
2024-01-11,100.47683715820312,403.92462158203125,144.4786834716797,78.86150360107422,52.77932357788086,462.40087890625,64.54554748535156,44.243431091308594
2024-01-12,100.26548767089844,404.1318054199219,144.830078125,78.07624053955078,52.91524887084961,462.72125244140625,64.6243667602539,44.23391342163086
2024-01-16,99.27589416503906,404.09228515625,144.20538330078125,77.67377471923828,52.76961135864258,461.0224609375,64.57510375976562,43.92951583862305
2024-01-17,98.3343276977539,401.81292724609375,143.6295166015625,76.78052520751953,52.50746154785156,458.4597473144531,64.25980377197266,43.644134521484375
2024-01-18,99.25666809082031,407.516357421875,145.09359741210938,77.65414428710938,53.04146957397461,462.5367126464844,65.17610168457031,43.777320861816406
2024-01-19,100.24624633789062,415.5977783203125,147.20191955566406,78.97930908203125,53.84733581542969,468.3028564453125,66.2008056640625,44.110260009765625
2024-01-22,102.25426483154297,416.1404724121094,147.71926879882812,79.68605041503906,53.99296951293945,469.29296875,66.34859466552734,44.243431091308594
2024-01-23,101.73545837402344,417.8673095703125,147.38739013671875,79.7056884765625,54.138614654541016,470.6615905761719,66.56533813476562,44.329044342041016
2024-01-24,100.94761657714844,420.1861877441406,147.6509246826172,79.61734008789062,54.216285705566406,471.1761474609375,66.9496078491211,44.1292839050293
2024-01-25,101.69701385498047,420.6992492675781,148.0803985595703,80.24556732177734,54.575523376464844,473.7388000488281,67.11711120605469,44.528812408447266
2024-01-26,101.84113311767578,418.1929931640625,147.72901916503906,79.8431167602539,54.4007568359375,473.13702392578125,66.9496078491211,44.55735397338867
2024-01-29,103.0420913696289,422.4754638671875,149.07598876953125,81.05046844482422,54.82796859741211,476.88397216796875,67.65901184082031,44.757118225097656
2024-01-30,102.52326202392578,419.6631774902344,149.07598876953125,80.44188690185547,54.94447708129883,476.51507568359375,67.35357666015625,44.89979934692383
2024-01-31,99.91960906982422,411.4436340332031,146.89935302734375,78.90076446533203,54.060935974121094,468.7396545410156,65.94464111328125,44.48125076293945
2024-02-01,101.02448272705078,416.28851318359375,148.65628051757812,79.81366729736328,54.61436080932617,474.87457275390625,66.97917175292969,44.89029312133789
2024-02-02,100.58252716064453,423.3240661621094,150.60842895507812,80.31427764892578,54.92505645751953,479.873779296875,68.35855865478516,44.804683685302734
2024-02-05,98.99726867675781,422.771484375,150.52059936523438,79.96089935302734,54.993019104003906,478.1264343261719,68.44723510742188,44.41465759277344
2024-02-06,99.55451202392578,421.9228820800781,150.7841033935547,80.09831237792969,55.09011459350586,479.5146179199219,68.36842346191406,44.70954895019531
2024-02-07,99.26628112792969,426.2645263671875,152.55081176757812,80.62837982177734,55.54644775390625,483.513916015625,69.28472137451172,44.795166015625
2024-02-08,100.62096405029297,427.05389404296875,152.9119873046875,81.23696899414062,55.61440658569336,483.7275390625,69.37339782714844,44.795166015625
2024-02-09,101.84113311767578,431.2574462890625,153.86851501464844,81.66887664794922,55.90569305419922,486.5231628417969,70.13206481933594,44.78565979003906
2024-02-12,103.6569595336914,429.57012939453125,153.85877990722656,82.50324249267578,55.925106048583984,486.3096618652344,69.69854736328125,45.09006118774414
2024-02-13,99.92920684814453,422.8701171875,151.94564819335938,80.11796569824219,55.361976623535156,479.6116943359375,68.73296356201172,44.47173309326172
2024-02-14,101.80270385742188,427.47821044921875,153.4878387451172,81.50200653076172,55.72121047973633,483.9702453613281,69.55075073242188,44.74760818481445
2024-02-15,104.33912658691406,428.7511901855469,154.37606811523438,82.54251098632812,55.983360290527344,487.3094482421875,69.64928436279297,45.30885314941406
2024-02-16,103.16697692871094,424.8633728027344,153.2047882080078,81.60999298095703,55.59498977661133,484.8826904296875,69.18619537353516,45.20420837402344
2024-02-20,102.14857482910156,421.6564636230469,152.0627899169922,80.7952651977539,55.18720626831055,482.21319580078125,68.48664855957031,45.21372604370117
2024-02-21,101.84113311767578,419.9690856933594,152.30679321289062,80.57929992675781,55.39109802246094,482.6500244140625,68.35855865478516,45.40398025512695
2024-02-22,102.09092712402344,432.26397705078125,156.23062133789062,81.727783203125,56.760101318359375,492.6387023925781,70.58528900146484,45.717899322509766
2024-02-23,102.39836883544922,430.9909973144531,156.42584228515625,81.4136734008789,56.79893493652344,492.9784240722656,70.43749237060547,45.87009811401367
2024-02-26,102.42720031738281,430.76409912109375,156.27944946289062,81.10936737060547,56.70184326171875,491.1728820800781,70.2699966430664,45.622764587402344
2024-02-27,103.29187774658203,431.8001708984375,156.26968383789062,82.03206634521484,56.66300582885742,492.0853271484375,70.37838745117188,45.73692321777344
2024-02-28,102.61935424804688,429.5009765625,155.92803955078125,81.64923858642578,56.614463806152344,491.43499755859375,70.15176391601562,45.755950927734375
2024-02-29,103.13815307617188,433.1816711425781,156.44534301757812,82.7780990600586,56.75039291381836,493.2016906738281,70.6838150024414,45.77497482299805
2024-03-01,103.66658782958984,439.7039794921875,158.4951171875,83.83821105957031,57.49799728393555,497.83197021484375,71.57056427001953,45.96522903442383
2024-03-04,103.13815307617188,438.1351013183594,158.37799072265625,83.56336212158203,57.459163665771484,497.298095703125,71.27498626708984,46.09840393066406
2024-03-05,102.68659973144531,430.2707214355469,156.66009521484375,82.7093734741211,56.92515563964844,492.3280029296875,70.12220001220703,45.9937629699707
2024-03-06,103.05168914794922,432.97442626953125,157.8021240234375,83.25906372070312,57.332950592041016,494.82275390625,70.44734191894531,46.250606536865234
2024-03-07,103.85872650146484,439.5461120605469,159.6468963623047,84.4369888305664,58.0999755859375,499.7346496582031,71.50159454345703,46.44085693359375
2024-03-08,103.77227783203125,433.2013854980469,157.7435302734375,84.0836181640625,57.43975067138672,496.7351379394531,70.72322082519531,46.450374603271484
2024-03-11,103.30147552490234,431.59295654296875,157.3043212890625,83.94617462158203,57.48829650878906,496.3080139160156,70.31925964355469,46.640628814697266
2024-03-12,103.02286529541016,437.7799072265625,159.59808349609375,84.21121215820312,58.167938232421875,501.64697265625,71.66909790039062,46.72623825073242
2024-03-13,103.10932922363281,434.4150695800781,159.36383056640625,83.95600128173828,58.0999755859375,500.8606872558594,71.3636703491211,46.79283142089844
2024-03-14,101.53369140625,433.31976318359375,159.1100311279297,82.49342346191406,58.070858001708984,499.87054443359375,71.4621810913086,46.4979362487793
2024-03-15,101.90838623046875,428.1689758300781,157.6166534423828,81.9437255859375,57.43975067138672,496.4381408691406,70.6148452758789,46.412322998046875
2024-03-18,101.58172607421875,432.25262451171875,158.50489807128906,82.37307739257812,57.766136169433594,499.3885192871094,71.28187561035156,46.52325439453125
2024-03-19,102.28306579589844,433.32958984375,159.4321746826172,82.60940551757812,58.116886138916016,502.1636962890625,71.69631958007812,46.77188491821289
2024-03-20,103.97402954101562,438.4674072265625,160.99386596679688,84.42131805419922,58.57480239868164,506.8083801269531,72.5251693725586,47.08746337890625
2024-03-21,105.18440246582031,440.5423278808594,161.84986877441406,85.51437377929688,58.9255485534668,508.4831237792969,72.59424591064453,47.355220794677734
2024-03-22,103.85453033447266,441.0462341308594,161.00856018066406,84.72659301757812,58.85734558105469,507.5192565917969,72.75212860107422,47.08746337890625
2024-03-25,103.63289642333984,439.4455871582031,160.3824462890625,84.51979064941406,58.711204528808594,506.1170349121094,72.4659652709961,46.99182891845703
2024-03-26,103.47869110107422,438.0227966308594,159.76611328125,84.25391387939453,58.47737121582031,505.1822814941406,72.16007995605469,46.99182891845703
2024-03-27,105.96495819091797,439.5147399902344,160.59767150878906,86.0362777709961,58.750179290771484,509.4276123046875,72.38702392578125,47.71860885620117
2024-03-28,106.5046157836914,438.7046203613281,160.78355407714844,86.40062713623047,58.86709213256836,509.3303527832031,72.17981719970703,47.90986633300781
2024-04-01,105.41566467285156,439.63330078125,160.31396484375,85.8393325805664,58.837867736816406,508.4442443847656,72.29822540283203,47.61341857910156
2024-04-02,103.5750732421875,435.8392333984375,159.31610107421875,84.29330444335938,58.51634979248047,505.2115173339844,71.79498291015625,47.30740737915039
2024-04-03,104.23998260498047,436.8173522949219,159.364990234375,84.65765380859375,58.55531692504883,505.7664489746094,72.06139373779297,47.221336364746094
2024-04-04,103.3630599975586,430.1381530761719,157.1149444580078,83.3676528930664,57.71742248535156,499.5930480957031,70.96612548828125,46.81013488769531
2024-04-05,103.70999145507812,435.20684814453125,159.0128173828125,83.84033203125,58.389686584472656,504.812255859375,72.06139373779297,47.0778923034668
2024-04-08,104.46163940429688,435.3353271484375,158.9149932861328,84.77582550048828,58.36045455932617,505.0946044921875,72.03179931640625,47.12570571899414
2024-04-09,104.9434814453125,436.94586181640625,158.9345703125,85.5635986328125,58.467628479003906,505.6788635253906,72.03179931640625,47.24046325683594
2024-04-10,101.82119750976562,433.1319274902344,157.38885498046875,83.14116668701172,58.116886138916016,500.61541748046875,71.55816650390625,46.599754333496094
2024-04-11,102.25484466552734,440.0483093261719,158.78778076171875,83.67292785644531,58.70146179199219,504.3935546875,72.68305206298828,46.4849967956543
2024-04-12,100.71296691894531,433.0331115722656,156.67465209960938,81.6640625,57.92202377319336,497.43133544921875,71.66670227050781,45.80603790283203
2024-04-15,99.77821350097656,425.9093017578125,154.73765563964844,80.53160858154297,57.23027038574219,491.1994934082031,70.38395690917969,45.557403564453125
2024-04-16,99.23855590820312,425.9488220214844,154.88441467285156,79.97030639648438,57.24001693725586,490.3036193847656,70.40369415283203,45.33745574951172
2024-04-17,98.41944122314453,420.75164794921875,153.79849243164062,79.46809387207031,56.69440460205078,487.4018859863281,69.72283935546875,45.29920196533203
2024-04-18,98.6218032836914,418.3506774902344,153.46585083007812,79.10375213623047,56.50929641723633,486.39898681640625,69.36761474609375,45.38526916503906
2024-04-19,99.46984100341797,409.6953125,151.20599365234375,78.7197036743164,55.856510162353516,482.1534729003906,67.79869842529297,45.748661041259766
2024-04-22,100.32750701904297,413.8155212402344,152.49734497070312,79.60597229003906,56.43135452270508,486.5937194824219,68.46968841552734,46.10248947143555
2024-04-23,102.11029815673828,419.9908752441406,154.24850463867188,80.92550659179688,57.13284683227539,492.3679504394531,69.56494903564453,46.437191009521484
2024-04-24,101.8693618774414,421.4136962890625,154.14088439941406,81.33910369873047,57.06463623046875,492.13421630859375,69.54522705078125,46.418060302734375
2024-04-25,101.05026245117188,419.3782958984375,153.6713104248047,81.1618423461914,57.0451545715332,490.2646484375,69.23932647705078,46.30330276489258
2024-04-26,101.8115463256836,425.85003662109375,155.5985565185547,81.88069915771484,57.85382080078125,494.9093933105469,70.57142639160156,46.1981086730957
2024-04-29,102.5439453125,427.5790710449219,155.52029418945312,82.4616928100586,57.84407043457031,496.6620788574219,70.71943664550781,46.40849685668945
2024-04-30,100.59733581542969,419.51666259765625,153.5539093017578,80.72856903076172,56.830810546875,488.79437255859375,69.38733673095703,45.86341094970703
2024-05-01,100.93460083007812,416.4833068847656,152.80062866210938,79.82260131835938,56.304691314697266,487.2071838378906,69.11105346679688,45.76778793334961
2024-05-02,102.46684265136719,421.79901123046875,153.95501708984375,80.63008880615234,56.78208923339844,491.76422119140625,69.94979095458984,46.016422271728516
2024-05-03,103.2377700805664,430.2764892578125,155.7355194091797,81.40803527832031,57.44462203979492,497.85986328125,71.29174041748047,46.255489349365234
2024-05-06,104.32671356201172,434.9894714355469,157.83888244628906,82.54047393798828,58.09739685058594,503.0010986328125,72.25875091552734,46.50412368774414
2024-05-07,104.67364501953125,435.0586242675781,158.34756469726562,81.87086486816406,58.20457458496094,503.55615234375,72.22913360595703,46.66669464111328
2024-05-08,104.32671356201172,434.8017883300781,158.34756469726562,81.77238464355469,58.233802795410156,503.604736328125,72.17981719970703,46.71450424194336
2024-05-09,105.5794906616211,435.7502136230469,158.86607360839844,82.03826141357422,58.340972900390625,506.5065002441406,72.37715911865234,47.12570571899414
2024-05-10,105.02057647705078,436.7779235839844,159.40414428710938,82.07765197753906,58.57480239868164,507.158935546875,72.43636322021484,47.25958251953125
2024-05-13,105.33856964111328,437.78564453125,159.3063201904297,82.3238296508789,58.6624870300293,507.22705078125,72.43636322021484,47.24046325683594
2024-05-14,106.38897705078125,440.60162353515625,160.01065063476562,83.21011352539062,58.89632034301758,509.55426025390625,72.91000366210938,47.364784240722656
2024-05-15,106.8515396118164,447.48834228515625,162.60316467285156,84.27360534667969,59.743961334228516,515.8641357421875,74.10395050048828,47.70904541015625
2024-05-16,106.39860534667969,446.57928466796875,161.97706604003906,83.64339447021484,59.62704849243164,514.802734375,73.74871826171875,47.766422271728516
2024-05-17,106.37934112548828,446.3619384765625,161.94769287109375,83.59414672851562,59.6172981262207,515.5427856445312,73.75859069824219,47.90030288696289
2024-05-20,106.21550750732422,449.4742736816406,162.49557495117188,84.12590789794922,59.831642150878906,516.1367797851562,74.22235870361328,47.63254165649414
2024-05-21,106.1576919555664,450.35369873046875,162.6422882080078,83.91912078857422,59.87062072753906,517.402587890625,74.48877716064453,47.68992233276367
2024-05-22,105.41566467285156,450.26470947265625,162.14337158203125,83.78123474121094,59.86087417602539,515.912841796875,74.28155517578125,47.546478271484375
2024-05-23,103.89308166503906,448.2392272949219,161.75205993652344,82.30415344238281,59.78293228149414,512.1444091796875,74.13356018066406,46.86750793457031
2024-05-24,104.86637878417969,452.4779968261719,162.9064483642578,83.24948120117188,60.14342498779297,515.5330810546875,74.86373138427734,47.058773040771484
2024-05-28,104.48090362548828,454.1872863769531,163.30755615234375,83.14116668701172,60.377262115478516,515.8932495117188,75.33737182617188,46.68581771850586
2024-05-29,103.20886993408203,450.9860534667969,162.0063934326172,81.82160949707031,59.919334411621094,512.2807006835938,75.03148651123047,46.18855285644531
2024-05-30,104.47126770019531,446.1544189453125,161.11618041992188,81.52619934082031,59.49064636230469,508.8824462890625,73.86713409423828,46.47543716430664
2024-05-31,105.66622924804688,445.32452392578125,162.14337158203125,81.91023254394531,59.8803596496582,513.5174560546875,74.01515197753906,47.221336364746094
2024-06-03,105.29039001464844,447.715576171875,162.29014587402344,81.65421295166016,59.938819885253906,513.9361572265625,74.4295654296875,47.0205192565918
2024-06-04,103.70999145507812,448.9407653808594,162.6814727783203,81.17169189453125,60.14342498779297,514.510498046875,74.64665222167969,46.9631462097168
2024-06-05,104.85673522949219,457.99127197265625,164.7456512451172,82.74726867675781,61.059261322021484,520.6255493164062,76.09715270996094,47.10658264160156
2024-06-06,104.12435913085938,457.8332214355469,164.67715454101562,82.52078247070312,61.03977584838867,520.615966796875,76.0774154663086,47.097015380859375
2024-06-07,103.0450439453125,457.4281311035156,164.50106811523438,81.94963836669922,61.00080490112305,519.9829711914062,76.05769348144531,47.0205192565918
2024-06-10,102.58248138427734,459.2757568359375,165.16635131835938,82.53062438964844,61.224891662597656,521.589599609375,76.35370635986328,47.08746337890625
2024-06-11,102.18207550048828,462.4276428222656,165.92604064941406,82.19581604003906,61.410003662109375,522.8457641601562,77.07403564453125,46.800575256347656
2024-06-12,103.78758239746094,468.4844055175781,167.04360961914062,83.78123474121094,61.809471130371094,527.139892578125,78.19891357421875,46.75276184082031
2024-06-13,102.77205657958984,471.023681640625,167.49456787109375,83.55476379394531,62.38430404663086,528.2012939453125,78.61334228515625,46.65713119506836
2024-06-14,101.24391174316406,473.46417236328125,167.75921630859375,82.70787811279297,62.774024963378906,528.522705078125,78.8797607421875,46.4849967956543
2024-06-17,102.201416015625,479.2640380859375,169.0924530029297,83.37748718261719,63.378089904785156,532.729248046875,79.66915130615234,46.7336311340332
2024-06-18,102.23042297363281,479.4123229980469,169.7786407470703,83.73200988769531,63.6606330871582,534.0825805664062,79.87635803222656,46.88663864135742
2024-06-20,101.8338851928711,475.7169494628906,169.02383422851562,83.05254364013672,63.25143814086914,532.6318969726562,79.28430938720703,47.08746337890625
2024-06-21,101.97896575927734,474.44232177734375,168.66110229492188,83.1313247680664,62.910430908203125,531.9176635742188,79.01789855957031,47.058773040771484
2024-06-24,102.67534637451172,469.04095458984375,168.05331420898438,82.70402526855469,62.592872619628906,530.188720703125,78.18182373046875,47.451229095458984
2024-06-25,101.79519653320312,474.4047546386719,168.81796264648438,82.9013900756836,62.475616455078125,532.2303466796875,79.14044952392578,47.056846618652344
2024-06-26,101.84356689453125,475.3844299316406,168.45523071289062,82.74349975585938,62.348602294921875,532.8945922851562,79.57527923583984,46.92218017578125
2024-06-27,102.32716369628906,476.611572265625,168.35720825195312,83.1480941772461,62.348602294921875,533.734619140625,79.77293395996094,46.874080657958984
2024-06-28,103.1589126586914,474.1375732421875,167.3965301513672,83.33558654785156,62.08478546142578,531.6343383789062,79.18985748291016,46.88370132446289
2024-07-01,102.35617065429688,476.9184265136719,167.07302856445312,82.65469360351562,62.04570007324219,532.7285766601562,79.76304626464844,46.66246032714844
2024-07-02,102.89778137207031,481.9258728027344,168.0827178955078,83.54280853271484,62.49516296386719,536.3135375976562,80.45484924316406,46.845218658447266
2024-07-03,102.84942626953125,485.9437561035156,168.81796264648438,84.12503051757812,62.81760787963867,538.7069091796875,81.1466293334961,46.78750991821289
2024-07-05,102.0660171508789,491.0106201171875,169.99432373046875,84.05596160888672,63.11073303222656,541.8134155273438,81.97676849365234,46.79712677001953
2024-07-08,102.73336791992188,492.1783447265625,169.81784057617188,84.69737243652344,63.09119415283203,542.4386596679688,82.14478302001953,46.82598876953125
2024-07-09,102.07568359375,492.6038818359375,169.87664794921875,84.60855865478516,62.954402923583984,542.9661254882812,82.23371887207031,46.845218658447266
2024-07-10,103.16858673095703,497.7400207519531,171.21969604492188,85.81246185302734,63.24753952026367,548.3389892578125,83.11328125,47.24922561645508
2024-07-11,106.61173248291016,486.82452392578125,169.64138793945312,86.11837768554688,62.75898361206055,543.6107788085938,81.3739242553711,47.67246627807617
2024-07-12,107.63694763183594,489.68450927734375,170.8863983154297,87.2531967163086,63.19867706298828,547.0396728515625,81.89772033691406,47.9610481262207
2024-07-15,109.1070556640625,491.00067138671875,171.53338623046875,87.42095184326172,63.49180221557617,548.5441284179688,82.16455841064453,48.08609390258789
2024-07-16,112.9950942993164,491.1887512207031,172.61170959472656,89.13799285888672,64.0096664428711,551.7970581054688,82.1744384765625,48.788299560546875
2024-07-17,112.47282409667969,476.76995849609375,169.8080596923828,86.36507415771484,63.276851654052734,544.0602416992188,79.83223724365234,49.06724548339844
2024-07-18,110.74158477783203,474.51361083984375,168.68072509765625,85.69404602050781,62.895774841308594,539.879150390625,79.3282241821289,48.567047119140625
2024-07-19,109.9775161743164,470.3077392578125,167.4161376953125,85.07235717773438,62.28020095825195,536.2940063476562,78.7945556640625,48.27847671508789
2024-07-22,111.58301544189453,477.31427001953125,169.6806182861328,86.69070434570312,62.983707427978516,541.8231811523438,80.01012420654297,48.44200897216797
2024-07-23,112.45347595214844,475.6318664550781,169.0924530029297,86.29598999023438,62.79805374145508,540.9734497070312,80.00023651123047,48.24000549316406
2024-07-24,110.38372802734375,458.5708312988281,165.15162658691406,83.4638671875,61.5376091003418,528.713623046875,77.00578308105469,48.08609390258789
2024-07-25,111.78612518310547,453.5138244628906,163.90660095214844,82.76323699951172,61.518062591552734,525.958740234375,76.19540405273438,48.18229293823242
2024-07-26,113.8752212524414,458.1650695800781,166.02407836914062,84.22370147705078,62.397457122802734,531.8493041992188,76.91685485839844,48.836387634277344
2024-07-29,113.14984130859375,459.08538818359375,166.0044708251953,84.3322525024414,62.37791442871094,532.161865234375,77.04532623291016,48.79790496826172
2024-07-30,113.7881851196289,452.78155517578125,165.32806396484375,83.74018096923828,62.12386703491211,529.4658203125,76.05705261230469,49.028770446777344
2024-07-31,114.45552825927734,466.1810302734375,168.39642333984375,85.792724609375,63.12051010131836,538.072021484375,78.11265563964844,49.096107482910156
2024-08-01,111.2445068359375,454.889404296875,166.51425170898438,82.45732116699219,62.192264556884766,530.4524536132812,76.60060119628906,48.807533264160156
2024-08-02,107.45317840576172,444.0926818847656,164.22032165527344,79.08245086669922,61.49852752685547,520.5762939453125,75.01937866210938,48.13419723510742
2024-08-05,104.1357650756836,430.85150146484375,159.4364471435547,77.12859344482422,60.062191009521484,505.4151306152344,72.51905059814453,46.96065139770508
2024-08-06,105.33507537841797,434.9683532714844,161.15199279785156,78.10552215576172,60.48235321044922,510.0748596191406,73.35910034179688,47.33580017089844
2024-08-07,104.31953430175781,430.2576904296875,159.82858276367188,76.61544036865234,60.140357971191406,506.6654968261719,72.60799407958984,47.13379669189453
2024-08-08,106.6697769165039,443.4197692871094,163.94586181640625,79.3488998413086,61.49852752685547,518.3782348632812,74.79205322265625,47.81675720214844
2024-08-09,106.46665954589844,445.7354431152344,164.9457550048828,79.57586669921875,61.81119918823242,520.6640014648438,75.34550476074219,47.89371871948242
2024-08-12,105.17063903808594,446.6953430175781,165.22023010253906,79.27981567382812,61.674400329589844,520.937744140625,75.65187072753906,47.69171142578125
2024-08-13,106.96959686279297,457.779052734375,167.6807861328125,81.24356079101562,62.44631576538086,529.5047607421875,77.3912124633789,48.12457275390625
2024-08-14,106.45699310302734,457.9275207519531,168.092529296875,81.0264663696289,62.641727447509766,531.1752319335938,77.5394515991211,48.33619689941406
2024-08-15,108.96197509765625,469.4962158203125,171.09225463867188,83.6612319946289,63.814247131347656,540.27978515625,79.20962524414062,48.836387634277344
2024-08-16,109.28113555908203,470.0998840332031,171.1903076171875,83.58228302001953,63.78492736816406,541.4910278320312,79.27880096435547,49.0191535949707
2024-08-19,110.19995880126953,476.2751159667969,172.44508361816406,84.71710968017578,64.14645385742188,546.66845703125,80.29671478271484,49.30772018432617
2024-08-20,108.9329605102539,475.275634765625,172.40585327148438,83.98686218261719,64.20508575439453,545.7794799804688,80.2176513671875,49.1634407043457
2024-08-21,110.1902847290039,477.49237060546875,173.65084838867188,85.09210205078125,64.52752685546875,547.6551513671875,80.5141372680664,49.365440368652344
2024-08-22,109.35851287841797,469.9217834472656,172.3078155517578,83.73031616210938,64.12691497802734,543.3568115234375,79.39739990234375,49.3558235168457
2024-08-23,112.62757873535156,475.018310546875,173.88612365722656,85.69404602050781,64.46891021728516,549.1301879882812,80.30659484863281,49.84640121459961
2024-08-26,112.58888244628906,470.4067077636719,173.6312255859375,84.50988006591797,64.34188079833984,547.8211669921875,79.77293395996094,49.96182632446289
2024-08-27,111.89251708984375,471.8119201660156,174.25863647460938,84.70724487304688,64.57637786865234,548.5734252929688,79.98046875,50.0195426940918
2024-08-28,111.54434204101562,466.45806884765625,172.92539978027344,83.33558654785156,64.11715698242188,545.3887939453125,79.18985748291016,49.96182632446289
2024-08-29,112.1246337890625,465.77532958984375,172.94503784179688,83.70069885253906,64.4493637084961,545.4375,78.97244262695312,50.15420913696289
2024-08-30,112.6759262084961,471.3270263671875,174.27825927734375,84.6282958984375,65.1137924194336,550.6444091796875,79.80258178710938,50.56783676147461
2024-09-03,109.45523071289062,457.01708984375,170.52366638183594,81.05606842041016,64.0096664428711,539.3126220703125,77.3319091796875,50.15420913696289
2024-09-04,109.18443298339844,455.82952880859375,170.29820251464844,80.97712707519531,64.11715698242188,538.208740234375,77.1342544555664,50.1253547668457
2024-09-05,108.72018432617188,456.2551574707031,169.30812072753906,80.67121887207031,63.75562286376953,536.8997192382812,77.20345306396484,49.73097229003906
2024-09-06,106.85354614257812,444.0332336425781,167.29849243164062,78.7568130493164,62.8762321472168,527.8637084960938,75.51349639892578,49.26925277709961
2024-09-09,106.5923843383789,449.7433776855469,169.16107177734375,79.93109893798828,63.687225341796875,533.7738037109375,76.36341094970703,49.80792236328125
2024-09-10,106.23453521728516,453.8997802734375,169.58261108398438,80.37516021728516,64.0096664428711,536.0986328125,77.05520629882812,49.70210647583008
2024-09-11,106.427978515625,463.75640869140625,171.34713745117188,82.25010681152344,64.34188079833984,541.5985107421875,78.60678100585938,49.57706832885742
2024-09-12,107.79169464111328,468.3086853027344,172.5921173095703,82.78297424316406,64.78157806396484,546.1605224609375,79.51598358154297,49.769447326660156
2024-09-13,110.59650421142578,470.4067077636719,173.33717346191406,84.22370147705078,65.20172882080078,549.012939453125,79.91130065917969,50.086875915527344
2024-09-16,111.05107116699219,468.3284912109375,173.67044067382812,84.45066833496094,65.25057220458984,549.8238525390625,79.66423797607422,50.490882873535156
2024-09-17,111.91184997558594,468.57586669921875,173.65084838867188,85.03289031982422,65.27012634277344,550.0484619140625,79.7037582397461,50.46202087402344
2024-09-18,112.05693817138672,466.54718017578125,172.89602661132812,84.70724487304688,64.8988265991211,548.4171752929688,79.41714477539062,50.31774139404297
2024-09-19,114.24276733398438,478.3434143066406,175.45460510253906,86.91769409179688,65.76844787597656,557.775634765625,81.3838119506836,50.683265686035156
2024-09-20,113.11114501953125,477.43304443359375,174.8860321044922,86.74005889892578,65.66095733642578,556.811279296875,81.22570037841797,50.587074279785156
2024-09-23,113.10148620605469,478.69854736328125,175.50360107421875,87.1661148071289,65.84516143798828,558.2027587890625,81.3642578125,50.82494354248047
2024-09-24,113.1304931640625,481.0075988769531,175.56243896484375,87.61091613769531,65.75698852539062,559.7999877929688,81.76020812988281,50.78627014160156
2024-09-25,111.66844940185547,481.4535217285156,175.29989624023438,87.15621185302734,65.47282409667969,558.5652465820312,81.87899017333984,50.49618148803711
2024-09-26,112.38734436035156,485.07073974609375,176.0963592529297,88.67851257324219,65.99214172363281,560.77978515625,82.08684539794922,50.77660369873047
2024-09-27,113.23249053955078,482.37518310546875,175.70303344726562,88.54012298583984,65.79618072509766,559.966552734375,81.65130615234375,50.95065689086914
2024-09-30,113.62107849121094,483.6833190917969,176.3028564453125,88.19413757324219,65.91375732421875,562.2103881835938,82.09674835205078,51.11504364013672
2024-10-01,112.1541976928711,476.94439697265625,175.16224670410156,86.83988952636719,65.42384338378906,557.1738891601562,80.908935546875,50.969993591308594
2024-10-02,111.63931274414062,477.6182861328125,175.4571990966797,87.18586730957031,65.44342803955078,557.4090576171875,81.02772521972656,50.911983489990234
2024-10-03,110.80386352539062,477.2615661621094,175.37855529785156,87.03760528564453,65.21807861328125,556.3900756835938,81.08712005615234,50.660560607910156
2024-10-04,112.47477722167969,482.9400329589844,176.21435546875,88.14471435546875,65.58061218261719,561.4461669921875,81.99776458740234,50.9990119934082
2024-10-07,111.40616607666016,477.7669372558594,174.62142944335938,87.947021484375,64.78694915771484,556.3704223632812,81.13661193847656,50.61221694946289
2024-10-08,111.2798843383789,484.9022216796875,176.38153076171875,88.4214859008789,65.3846435546875,561.6323852539062,82.36400604248047,50.71858596801758
2024-10-09,111.59075164794922,488.7176818847656,177.5319366455078,89.38034057617188,66.05094146728516,565.5223999023438,82.93810272216797,51.07637023925781
2024-10-10,110.83300018310547,488.1626892089844,177.2467803955078,88.90586853027344,65.92355346679688,564.53271484375,82.86882781982422,50.882972717285156
2024-10-11,112.88277435302734,488.92572021484375,178.39723205566406,89.7164306640625,66.16851806640625,567.9132690429688,83.04698181152344,51.472835540771484
2024-10-14,113.65022277832031,493.028564453125,180.1278076171875,90.6456298828125,66.73681640625,572.5579223632812,83.84873962402344,51.78226852416992
2024-10-15,113.79593658447266,486.4383239746094,177.91543579101562,88.97505950927734,66.1881103515625,568.1092529296875,82.87871551513672,51.63722229003906
2024-10-16,115.3308334350586,486.4977722167969,178.86920166015625,89.57805633544922,66.30570220947266,570.5784912109375,83.03707885742188,52.05303192138672
2024-10-17,115.13655090332031,486.8347473144531,178.57423400878906,89.42977142333984,66.28610229492188,570.6275024414062,83.16575622558594,51.95632553100586
2024-10-18,114.7771224975586,490.0257568359375,179.3706817626953,89.8053970336914,66.69762420654297,572.822509765625,83.62108612060547,52.072364807128906
2024-10-21,112.75648498535156,490.9672546386719,178.92822265625,89.18265533447266,66.42327880859375,571.8817138671875,83.95762634277344,51.58887481689453
2024-10-22,112.09590911865234,491.5024108886719,178.3480987548828,88.53023529052734,65.96275329589844,571.5779418945312,83.97742462158203,51.50183868408203
2024-10-23,111.38674926757812,483.9706726074219,176.84364318847656,87.47254180908203,65.52182006835938,566.3552856445312,82.71044921875,51.4534912109375
2024-10-24,111.6976089477539,487.8951416015625,176.71583557128906,88.02610778808594,65.3846435546875,567.5802001953125,83.19547271728516,51.28910827636719
2024-10-25,111.20216369628906,490.8681640625,176.75515747070312,88.3819580078125,65.31607055664062,567.3840942382812,83.62108612060547,50.911983489990234
2024-10-28,112.88277435302734,490.9473876953125,177.0796356201172,88.90586853027344,65.3846435546875,569.1381225585938,83.73987579345703,51.182735443115234
2024-10-29,112.36790466308594,495.6646423339844,177.5319366455078,89.56816864013672,65.5022201538086,570.0592041015625,84.36346435546875,50.83462142944336
2024-10-30,112.50390625,491.91864013671875,176.6175079345703,87.8778305053711,65.32585906982422,568.334716796875,83.99722290039062,50.78627014160156
2024-10-31,110.66786193847656,479.501220703125,173.4709930419922,85.6042709350586,64.34600830078125,557.1934814453125,81.53255462646484,50.49618148803711
2024-11-01,111.02731323242188,483.0489807128906,174.12977600097656,85.99967193603516,64.56158447265625,559.545166015625,82.11653137207031,50.51551818847656
2024-11-04,111.71703338623047,481.641845703125,173.93313598632812,85.95023345947266,64.5517807006836,558.3399047851562,81.85917663574219,50.428489685058594
2024-11-05,114.01937866210938,487.78607177734375,175.70303344726562,87.39346313476562,65.25726318359375,565.0911865234375,82.98758697509766,50.92164993286133
2024-11-06,120.84867858886719,501.0359191894531,179.21337890625,89.8548355102539,66.56045532226562,579.1426391601562,85.14543151855469,52.169071197509766
2024-11-07,120.0035171508789,508.9243469238281,180.90463256835938,91.03114318847656,66.92300415039062,583.6206665039062,86.46189880371094,52.024017333984375
2024-11-08,120.70296478271484,509.51898193359375,181.33724975585938,91.09046173095703,67.18755340576172,586.1486206054688,86.69945526123047,52.35279846191406
2024-11-11,122.65559387207031,509.22174072265625,181.1701202392578,91.36723327636719,67.14835357666016,586.7072143554688,86.59059143066406,52.53652572631836
2024-11-12,120.77096557617188,508.3000183105469,180.9931182861328,90.07231140136719,66.99159240722656,584.8846435546875,86.61038970947266,52.140052795410156
2024-11-13,119.75094604492188,507.6460266113281,180.5506134033203,89.69668579101562,66.97198486328125,585.1687622070312,86.59059143066406,52.25609588623047
2024-11-14,118.20633697509766,504.11798095703125,179.49851989746094,88.92564392089844,66.59963989257812,581.4061279296875,86.0263900756836,51.92731857299805
2024-11-15,117.08915710449219,492.1069030761719,176.55848693847656,87.21553039550781,65.68840789794922,573.9591064453125,84.29418182373047,51.753257751464844
2024-11-18,117.14744567871094,495.5259704589844,176.9714813232422,87.97669219970703,66.00193786621094,576.3108520507812,84.59112548828125,51.98533630371094
2024-11-19,117.40974426269531,498.9349670410156,177.3844451904297,88.8465576171875,65.84516143798828,578.41748046875,85.43247985839844,51.7629280090332
2024-11-20,117.565185546875,498.6475830078125,177.86627197265625,88.64887237548828,65.81578063964844,578.6134033203125,85.3631820678711,51.87896728515625
2024-11-21,119.46923065185547,500.44134521484375,179.036376953125,90.55667114257812,66.58004760742188,581.7196044921875,85.42259216308594,52.46883010864258
2024-11-22,121.48013305664062,501.24407958984375,179.6951446533203,91.65390014648438,66.96218872070312,583.5225830078125,85.42259216308594,52.86529541015625
2024-11-25,123.74361419677734,502.036865234375,180.67845153808594,93.31459045410156,67.37371826171875,585.5020141601562,85.49187469482422,53.22308349609375
2024-11-26,122.54871368408203,504.73236083984375,181.465087890625,92.44470977783203,67.55989074707031,588.5592041015625,86.26393127441406,53.242427825927734
2024-11-27,122.61672973632812,500.7584228515625,181.1701202392578,91.5550537109375,67.31492614746094,586.7757568359375,85.69973754882812,53.30044174194336
2024-11-29,122.91788482666016,505.1585693359375,182.19268798828125,92.01964569091797,67.6774673461914,590.4209594726562,86.47180938720703,53.44549560546875
2024-12-02,123.20932006835938,510.65863037109375,182.87118530273438,93.71985626220703,68.02041625976562,591.4791259765625,87.1448974609375,53.087703704833984
2024-12-03,122.29615020751953,512.2245483398438,182.91053771972656,93.24539947509766,67.77544403076172,591.7534790039062,87.56061553955078,52.797611236572266
2024-12-04,122.72359466552734,518.5570678710938,183.7266387939453,93.91757202148438,67.86363983154297,595.427978515625,88.69893646240234,52.642887115478516
2024-12-05,120.95555114746094,517.1199951171875,182.94984436035156,92.76102447509766,67.60888671875,594.4480590820312,88.63954162597656,52.507511138916016
2024-12-06,120.96526336669922,521.748046875,183.34317016601562,93.87804412841797,67.88323211669922,595.5750122070312,89.17404174804688,52.362464904785156
2024-12-09,120.81953430175781,517.6849975585938,182.46804809570312,93.7099838256836,67.6774673461914,592.5079956054688,88.65933990478516,52.06269073486328
2024-12-10,120.39210510253906,515.9209594726562,182.05503845214844,91.989990234375,67.33452606201172,590.6659545898438,88.44157409667969,51.8983039855957
2024-12-11,121.1109848022461,525.1571655273438,183.00885009765625,93.02792358398438,67.70686340332031,595.2321166992188,89.89662170410156,51.69523620605469
2024-12-12,120.1395263671875,521.7678833007812,181.65191650390625,92.38538360595703,67.24633026123047,592.1650390625,89.30272674560547,51.511512756347656
2024-12-13,119.32351684570312,525.76171875,180.8849639892578,92.30630493164062,67.92243194580078,592.0475463867188,89.48090362548828,51.36646270751953
2024-12-16,119.75094604492188,533.3330078125,180.83578491210938,92.66216278076172,68.38294982910156,594.5755615234375,90.450927734375,51.08604431152344
2024-12-17,118.0625228881836,530.9843139648438,180.17303466796875,91.89114379882812,68.06940460205078,592.1258544921875,90.1242904663086,50.805606842041016
2024-12-18,113.258056640625,511.8280944824219,175.46875,88.14471435546875,66.15872192382812,574.4784545898438,87.1250991821289,49.59687423706055
2024-12-19,112.84622955322266,509.5487365722656,175.2616729736328,87.33414459228516,65.8941650390625,574.302001953125,87.27356719970703,49.403480529785156
2024-12-20,113.57181549072266,513.998291015625,176.9579620361328,88.87621307373047,66.53105163574219,581.1998901367188,88.23370361328125,50.03202438354492
2024-12-23,113.37570190429688,519.006103515625,178.29920959472656,89.74226379394531,66.74919891357422,584.6803588867188,89.18675231933594,50.10892868041992
2024-12-24,114.3267822265625,526.0437622070312,179.63063049316406,90.7419204711914,67.28964233398438,591.1791381835938,90.36693572998047,50.51781463623047
2024-12-26,115.10139465332031,525.6864013671875,179.73910522460938,90.65283966064453,67.32893371582031,591.2184448242188,90.24793243408203,50.61518096923828
2024-12-27,113.54239654541016,518.6983032226562,178.03292846679688,89.49480438232422,66.76884460449219,584.9949951171875,88.9090805053711,50.30363845825195
2024-12-30,112.72857666015625,511.7996520996094,176.11968994140625,88.12893676757812,66.01223754882812,578.3192138671875,87.93717193603516,49.74871063232422
2024-12-31,112.97370910644531,507.45208740234375,175.62655639648438,87.742919921875,65.86483764648438,576.21533203125,87.17353820800781,49.787654876708984
2025-01-02,112.72857666015625,506.4595031738281,175.1630401611328,87.72312927246094,65.69779968261719,574.7994995117188,87.13387298583984,49.5345344543457
2025-01-03,113.9640121459961,514.747802734375,176.8297576904297,89.75215148925781,66.19893646240234,581.9864501953125,88.63140869140625,49.93368911743164
2025-01-06,113.95420837402344,520.6637573242188,177.5200958251953,91.0982437133789,66.38562774658203,585.3391723632812,89.61322021484375,49.943424224853516
2025-01-07,113.1109619140625,511.3728942871094,176.17881774902344,90.02928924560547,65.99259185791016,578.722412109375,87.91734313964844,49.82659912109375
2025-01-08,113.14038848876953,511.4622497558594,176.52401733398438,89.33646392822266,66.07119750976562,579.56787109375,88.02644348144531,49.875274658203125
2025-01-10,110.87542724609375,503.44195556640625,173.92041015625,88.09925079345703,64.99031066894531,570.7193603515625,86.80660247802734,49.086692810058594
2025-01-13,111.32646179199219,501.82403564453125,174.21624755859375,87.7132339477539,65.18683624267578,571.604248046875,86.51900482177734,49.40796661376953
2025-01-14,112.84622955322266,501.3475646972656,174.20639038085938,88.44566345214844,65.37353515625,572.3907470703125,86.31072998046875,49.63188934326172
2025-01-15,114.74840545654297,512.8817138671875,176.97767639160156,89.93030548095703,66.20875549316406,582.802490234375,88.37355041503906,50.27443313598633
2025-01-16,115.08177947998047,509.2884826660156,176.9973907470703,90.36581420898438,66.46424102783203,581.6817016601562,87.99668884277344,50.30363845825195
2025-01-17,115.68968963623047,517.8843994140625,178.20059204101562,91.50403594970703,66.92607116699219,587.5217895507812,89.1470947265625,50.63465118408203
2025-01-21,117.62128448486328,520.9218139648438,179.63063049316406,92.9194107055664,67.55494689941406,592.8995971679688,90.05949401855469,50.994869232177734
2025-01-22,116.6015625,527.5822143554688,181.1888427734375,93.83988952636719,68.01677703857422,596.2326049804688,91.16030883789062,50.93645477294922
2025-01-23,116.99376678466797,528.7039184570312,182.06658935546875,94.23580932617188,68.45895385742188,599.4868774414062,91.60661315917969,51.257728576660156
2025-01-24,116.74864196777344,525.7161865234375,181.5636444091797,93.53306579589844,68.20347595214844,597.7367553710938,91.25949096679688,51.17010498046875
2025-01-27,116.4544906616211,510.4101257324219,180.03497314453125,89.62348937988281,68.19364929199219,589.2816162109375,87.94709777832031,51.695823669433594
2025-01-28,116.38584899902344,517.953857421875,181.1790008544922,90.09857940673828,68.32138061523438,594.3448486328125,89.71238708496094,51.5108528137207
2025-01-29,116.01325988769531,516.9811401367188,180.62669372558594,89.93030548095703,68.33121490478516,591.6805419921875,89.0975112915039,51.42323303222656
2025-01-30,117.11143493652344,519.1846923828125,182.31314086914062,91.24671173095703,69.18609619140625,594.856201171875,89.90081787109375,51.49137878417969
2025-01-31,116.13092803955078,518.4302978515625,180.83380126953125,90.37571716308594,68.5473861694336,591.6903686523438,89.45452117919922,51.20904541015625
2025-02-03,114.5915298461914,514.2813110351562,179.94619750976562,88.96034240722656,68.46878814697266,587.70849609375,88.71073913574219,50.92672348022461
2025-02-04,115.87599182128906,520.59423828125,180.7943572998047,89.98970794677734,68.44913482666016,591.6510620117188,89.68262481689453,51.05327606201172
2025-02-05,116.91532897949219,522.9566650390625,181.58334350585938,90.54397583007812,69.058349609375,594.0499877929688,90.05949401855469,51.247989654541016
2025-02-06,116.49370574951172,525.6864013671875,181.8200225830078,90.90028381347656,69.0780029296875,596.1146240234375,90.78345489501953,51.189579010009766
2025-02-07,114.86607360839844,519.0556640625,180.3900146484375,90.38560485839844,68.71443176269531,590.6580810546875,89.94049072265625,50.73200988769531
2025-02-10,114.99354553222656,525.3389282226562,181.71156311035156,91.66240692138672,69.15660095214844,594.6693725585938,90.69419860839844,50.907249450683594
2025-02-11,114.78762817382812,524.0882568359375,181.8791961669922,90.57366943359375,69.33348846435547,595.12158203125,90.4165267944336,51.17984390258789
2025-02-12,113.34628295898438,524.3958129882812,181.3170623779297,90.46479034423828,69.18609619140625,593.2045288085938,90.208251953125,51.004600524902344
2025-02-13,114.89549255371094,531.9397583007812,183.2401885986328,91.61292266845703,69.88375091552734,599.4672241210938,91.35865783691406,51.40376281738281
2025-02-14,114.80723571777344,534.1731567382812,182.5596923828125,92.4542236328125,69.58895111083984,599.4376831054688,91.56694030761719,51.31613540649414
2025-02-18,115.52300262451172,535.3841552734375,183.0232391357422,94.15663146972656,69.7363510131836,601.1975708007812,91.59668731689453,51.55952453613281
2025-02-19,115.08177947998047,535.5330200195312,183.64456176757812,94.146728515625,69.98200988769531,602.61328125,91.62643432617188,51.783443450927734
2025-02-20,113.77770233154297,533.2599487304688,183.14157104492188,93.12725830078125,69.71670532226562,600.1063232421875,90.9520492553711,51.783443450927734
2025-02-21,110.75775909423828,522.1923217773438,180.08428955078125,89.96991729736328,68.91095733642578,589.8421020507812,88.84956359863281,51.2674674987793
2025-02-24,110.34595489501953,516.0283203125,179.5122833251953,88.47535705566406,68.77338409423828,587.1578979492188,87.90743255615234,51.296669006347656
2025-02-25,110.45380401611328,509.52667236328125,179.32489013671875,87.05008697509766,68.86181640625,584.2379150390625,86.96527862548828,51.3453483581543
2025-02-26,110.22828674316406,510.75750732421875,179.0388641357422,88.46546173095703,68.89130401611328,584.5328979492188,87.58015441894531,51.014339447021484
2025-02-27,108.67908477783203,496.5730895996094,176.47471618652344,85.24871826171875,68.07573699951172,575.20263671875,85.3189926147461,50.78068161010742
2025-02-28,109.6105728149414,504.4147033691406,179.06846618652344,85.98114776611328,69.06817626953125,584.178955078125,86.86610412597656,51.44270706176758
2025-03-03,107.06124877929688,493.37689208984375,176.63250732421875,82.91285705566406,68.36070251464844,573.9441528320312,84.71403503417969,50.94619369506836
2025-03-04,105.4336166381836,491.8879699707031,174.81784057617188,82.00227355957031,67.52546691894531,567.1505126953125,83.90082550048828,50.18681716918945
2025-03-05,106.53179931640625,498.3002624511719,176.6818084716797,83.5265121459961,68.19364929199219,573.2460327148438,85.0611343383789,50.556766510009766
2025-03-06,105.16888427734375,484.5923156738281,173.79217529296875,80.63639831542969,67.0145034790039,563.0703125,82.62146759033203,50.24523162841797
2025-03-07,105.70816802978516,488.1557922363281,174.39376831054688,81.50737762451172,67.19137573242188,566.2261962890625,82.93882751464844,50.65412521362305
2025-03-10,103.22748565673828,469.23663330078125,170.49819946289062,78.34013366699219,65.92379760742188,551.14453125,79.82479095458984,49.85580825805664
2025-03-11,102.6587905883789,468.114990234375,168.3975372314453,78.17188262939453,65.1966552734375,546.5629272460938,79.676025390625,49.125640869140625
2025-03-12,102.20774841308594,473.3956604003906,168.7525634765625,79.42887878417969,65.24579620361328,549.4632568359375,80.90577697753906,48.872520446777344
2025-03-13,100.49187469482422,464.87908935546875,165.84323120117188,77.85514831542969,64.13542175292969,542.1386108398438,79.388427734375,48.46361541748047
2025-03-14,102.95294952392578,476.11541748046875,169.01885986328125,80.52750396728516,65.23596954345703,553.3369750976562,81.431396484375,49.27167510986328
2025-03-17,104.05111694335938,479.202392578125,170.7151641845703,81.87360382080078,65.9827651977539,557.6038818359375,81.67933654785156,49.79739761352539
2025-03-18,103.40494537353516,471.03326416015625,168.9863739013672,80.5968017578125,65.26544189453125,551.5770874023438,80.29090118408203,49.641624450683594
2025-03-19,104.801513671875,477.3363342285156,170.587646484375,81.87360382080078,65.75675201416016,557.584228515625,81.54048919677734,49.904483795166016
2025-03-20,104.2999267578125,475.7183837890625,169.9451446533203,81.3391342163086,65.51110076904297,555.9718627929688,81.33222198486328,49.81686782836914
2025-03-21,103.63115692138672,477.2867126464844,169.6189727783203,81.27974700927734,65.2752685546875,556.1552124023438,81.58016967773438,49.680564880371094
2025-03-24,106.22759246826172,487.76043701171875,172.55467224121094,83.63079833984375,66.29142761230469,566.1151733398438,83.55353546142578,50.24722671508789
2025-03-25,105.58831024169922,490.5438232421875,172.82156372070312,83.4721450805664,66.37027740478516,567.4760131835938,83.92100524902344,50.227684020996094
2025-03-26,105.02772521972656,481.5175476074219,171.35865783691406,81.38981628417969,65.98588562011719,560.7013549804688,82.11348724365234,50.20814895629883
2025-03-27,104.5556411743164,478.7738342285156,171.07199096679688,80.23955535888672,66.01546478271484,559.2122802734375,81.5970458984375,50.20814895629883
2025-03-28,102.29360961914062,466.16876220703125,167.65194702148438,77.88948822021484,64.77360534667969,547.9507446289062,79.5710220336914,49.46562957763672
2025-03-31,102.8443603515625,466.1488952636719,168.91717529296875,77.60193634033203,65.3846664428711,551.62890625,79.8193130493164,49.895503997802734
2025-04-01,103.07056427001953,469.90655517578125,169.31253051757812,78.05806732177734,65.2368392944336,553.1870727539062,80.39533233642578,49.87596893310547
2025-04-02,104.59498596191406,473.3361511230469,170.27134704589844,79.49585723876953,65.48323822021484,556.687744140625,81.06074523925781,50.100677490234375
2025-04-03,97.26792907714844,447.99676513671875,162.7096710205078,72.30683135986328,63.1177978515625,529.2537231445312,76.66109466552734,48.00989532470703
2025-04-04,93.06837463378906,420.1722106933594,153.69496154785156,67.53728485107422,59.39222717285156,498.2696838378906,71.95356750488281,45.2645149230957
2025-04-07,91.78984069824219,421.1861877441406,152.80532836914062,68.58836364746094,59.106407165527344,497.3822021484375,72.34090423583984,44.82486343383789
2025-04-08,89.06554412841797,413.6012268066406,150.66038513183594,66.71426391601562,58.386924743652344,489.591796875,71.33781433105469,44.07257843017578
2025-04-09,96.93353271484375,463.2461242675781,163.73765563964844,76.144287109375,63.20649719238281,541.0083618164062,79.44190979003906,47.36507034301758
2025-04-10,92.6651611328125,443.5432434082031,158.8448028564453,71.54330444335938,61.42256546020508,517.3019409179688,76.35321807861328,45.99726867675781
2025-04-11,93.83552551269531,451.7146911621094,161.5630340576172,72.52498626708984,62.378597259521484,526.5320434570312,77.75354766845703,46.75933074951172
2025-04-14,94.86819458007812,454.7764892578125,162.9468994140625,73.46699523925781,62.96995544433594,531.64013671875,78.22034454345703,47.29668426513672
2025-04-15,94.6419906616211,455.2834777832031,162.5416259765625,73.63556671142578,62.881256103515625,530.1510620117188,78.26007080078125,47.06219482421875
2025-04-16,93.70765686035156,441.5550537109375,159.15122985839844,71.8903579711914,61.76752471923828,518.366943359375,76.0254898071289,46.34898376464844
2025-04-17,94.71083068847656,441.4755554199219,159.56639099121094,72.0192642211914,62.0927734375,519.1065063476562,76.0552749633789,46.44668960571289
2025-04-21,92.822509765625,430.5505065917969,156.03758239746094,70.12533569335938,60.81148910522461,506.7503662109375,73.91007995605469,45.54784393310547
2025-04-22,95.06489562988281,441.85333251953125,159.90243530273438,72.17791748046875,62.42787551879883,519.9348754882812,75.91622924804688,46.61277770996094
2025-04-23,96.27458953857422,451.8737487792969,161.780517578125,74.19084930419922,62.98967361450195,527.991455078125,77.71382904052734,47.03288650512695
2025-04-24,98.23175811767578,464.58819580078125,164.89414978027344,77.6812515258789,64.00483703613281,539.1051025390625,79.80937194824219,47.677711486816406
2025-04-25,98.1924057006836,469.767333984375,165.79364013671875,78.18696594238281,64.28080749511719,543.0003662109375,80.98129272460938,47.677711486816406
2025-04-28,98.53662872314453,469.6182556152344,165.94192504882812,78.35552978515625,64.39907836914062,543.2073364257812,80.8819808959961,47.814491271972656
2025-04-29,99.1759033203125,472.7198486328125,166.94024658203125,78.5042724609375,64.87216186523438,546.6293334960938,81.42821502685547,48.05874252319336
2025-04-30,98.47762298583984,472.6601867675781,167.4147186279297,78.5042724609375,65.1974105834961,546.8462524414062,81.43814086914062,48.09782409667969
2025-05-01,99.08739471435547,478.8334655761719,167.45423889160156,79.15872955322266,65.28611755371094,550.7216186523438,82.4014892578125,48.205291748046875
2025-05-02,101.32977294921875,485.94122314453125,170.29112243652344,81.35013580322266,66.24214172363281,558.8966674804688,83.8912124633789,48.68402862548828
2025-05-05,100.60198974609375,483.058349609375,169.71780395507812,80.99317169189453,66.02531433105469,555.6917724609375,83.48402404785156,48.38115692138672
2025-05-06,99.97254943847656,478.5650939941406,168.0670928955078,80.26930236816406,65.65079498291016,551.047119140625,82.74908447265625,48.05874252319336
2025-05-07,100.11023712158203,480.44384765625,168.99624633789062,81.072509765625,66.28157043457031,553.3645629882812,83.00730895996094,48.322532653808594
2025-05-08,101.93953704833984,485.4044494628906,169.490478515625,82.39130401611328,66.46884155273438,557.2202758789062,83.62306213378906,48.57655715942383
2025-05-09,101.9100341796875,485.0863037109375,168.9468231201172,82.50038146972656,66.2618637084961,556.51025390625,83.47409057617188,48.56678771972656
2025-05-12,105.74567413330078,504.8487854003906,174.30426025390625,86.99230194091797,68.06549835205078,574.9015502929688,86.70182800292969,49.8661994934082
2025-05-13,106.23741912841797,512.5431518554688,174.6106719970703,89.05480194091797,68.2823486328125,578.6981811523438,88.1816177368164,49.66102600097656
2025-05-14,105.15557861328125,515.6148071289062,174.6798553466797,89.27295684814453,68.18378448486328,579.437744140625,88.81723022460938,49.3874626159668
2025-05-15,105.88336944580078,516.1815185546875,175.8759002685547,88.93582153320312,68.92298126220703,582.267822265625,88.8470230102539,49.846656799316406
2025-05-16,106.69966888427734,518.4280395507812,177.07191467285156,89.8282470703125,69.43548583984375,585.9559936523438,89.4131088256836,50.23745346069336
2025-05-19,106.01122283935547,518.9251708984375,177.59580993652344,89.5704345703125,69.71146392822266,586.596923828125,89.43297576904297,50.30584716796875
2025-05-20,105.83419036865234,517.1954956054688,176.89401245117188,89.0052261352539,69.56362915039062,584.6246948242188,89.00592803955078,50.19838333129883
2025-05-21,102.91320037841797,510.0081481933594,174.0867919921875,86.64524841308594,68.58787536621094,574.7732543945312,87.64530944824219,49.279998779296875
2025-05-22,102.81484985351562,510.9625244140625,173.79025268554688,86.69482421875,68.48931121826172,575.0001831054688,87.91346740722656,49.133445739746094
2025-05-23,102.27392578125,506.2305908203125,172.0011444091797,86.07012939453125,67.99650573730469,571.0753784179688,87.22819519042969,48.86965560913086
2025-05-27,104.870361328125,518.1398315429688,175.52993774414062,88.58875274658203,69.32706451416016,582.9483032226562,89.2740707397461,49.68056869506836
2025-05-28,103.61148834228516,515.8434448242188,174.3536834716797,87.89464569091797,69.0018310546875,579.5757446289062,88.94633483886719,49.31907653808594
2025-05-29,104.0933837890625,516.8574829101562,174.84788513183594,87.92439270019531,69.11024475097656,581.8635864257812,89.28400421142578,49.543785095214844
2025-05-30,103.63115692138672,516.042236328125,175.0159149169922,87.16087341308594,69.28765106201172,581.2128295898438,89.075439453125,49.51447677612305
2025-06-02,103.277099609375,520.1181030273438,175.7968292236328,88.01363372802734,69.49463653564453,584.4867553710938,89.77064514160156,49.69034194946289
2025-06-03,104.93920135498047,524.183837890625,176.89401245117188,89.71917724609375,69.90858459472656,587.8197631835938,90.37647247314453,49.93458938598633
2025-06-04,104.66382598876953,525.6452026367188,177.55625915527344,89.86790466308594,70.0564193725586,587.6619262695312,90.55524444580078,49.79780960083008
2025-06-05,104.63431549072266,521.688720703125,177.09169006347656,89.27295684814453,69.81002807617188,584.8219604492188,89.8699722290039,49.69034194946289
2025-06-06,105.8931884765625,526.7883911132812,178.3173828125,90.7206802368164,70.3619613647461,590.8274536132812,90.80352020263672,50.20814895629883
2025-06-09,107.02422332763672,527.5638427734375,177.66500854492188,91.51395416259766,69.9578628540039,591.3599243164062,90.85318756103516,50.256996154785156
2025-06-10,107.67333984375,531.0531005859375,179.0587158203125,92.33698272705078,70.13526916503906,594.7128295898438,91.31995391845703,50.55986785888672
2025-06-11,107.02422332763672,529.2637329101562,178.48541259765625,92.00975036621094,69.91844177246094,593.0166625976562,91.16105651855469,50.393775939941406
2025-06-12,106.61115264892578,530.5062866210938,179.09825134277344,91.90067291259766,70.07612609863281,595.37353515625,91.5384521484375,50.55986785888672
2025-06-13,104.54581451416016,523.845947265625,176.2218475341797,90.16539764404297,68.8539810180664,588.7171630859375,90.38640594482422,50.05182647705078
2025-06-16,105.60003662109375,531.132568359375,177.82464599609375,92.43612670898438,69.45520782470703,594.318359375,91.49872589111328,50.384010314941406
2025-06-17,104.48461151123047,525.953369140625,176.12081909179688,91.48420715332031,68.88355255126953,589.2398681640625,90.74393463134766,49.94435501098633
2025-06-18,104.91893768310547,525.8638305664062,174.9221649169922,91.8411865234375,68.29219818115234,589.1510620117188,90.64462280273438,49.983436584472656
2025-06-20,104.77086639404297,523.7167358398438,173.99098205566406,91.8114242553711,68.22320556640625,587.7673950195312,90.06859588623047,50.06159591674805
2025-06-23,106.17254638671875,529.1017456054688,175.93260192871094,92.43328857421875,69.081787109375,593.5730590820312,91.18755340576172,50.44746780395508
2025-06-24,107.23861694335938,537.1927490234375,177.92372131347656,94.54916381835938,69.6844711303711,600.13037109375,92.5302963256836,50.83038330078125
2025-06-25,106.17254638671875,538.5661010742188,177.68597412109375,94.68824005126953,69.12129974365234,600.4666748046875,92.86847686767578,50.70274353027344
2025-06-26,107.75192260742188,543.601806640625,178.67657470703125,96.09882354736328,69.42757415771484,605.1646118164062,93.7337875366211,50.98748016357422
2025-06-27,108.0776596069336,545.4630126953125,179.8851318359375,96.47630310058594,69.96110534667969,608.1712646484375,94.28085327148438,51.164215087890625
2025-06-30,107.88024139404297,548.9959106445312,181.1035919189453,96.88358306884766,70.40572357177734,611.0789794921875,94.80799865722656,51.390045166015625
2025-07-01,109.5286865234375,544.3682861328125,181.7078399658203,97.00279998779297,70.84043884277344,610.8812866210938,93.82331848144531,51.91041946411133
2025-07-02,111.01921844482422,548.159912109375,182.21307373046875,98.60211944580078,70.87007904052734,613.650634765625,94.5394515991211,51.98897171020508
2025-07-03,111.62134552001953,553.553955078125,183.2333984375,99.65510559082031,71.24552917480469,618.487060546875,95.55397033691406,52.24424362182617
2025-07-07,109.72611999511719,549.3840942382812,181.8762664794922,98.37364196777344,70.90960693359375,613.8779907226562,94.83782958984375,51.87114715576172
2025-07-08,110.57501220703125,549.6925048828125,182.08428955078125,99.38689422607422,70.77127838134766,613.5418090820312,94.62896728515625,51.92023849487305
2025-07-09,111.4930191040039,553.5838012695312,183.2036895751953,99.96304321289062,70.93925476074219,617.2210083007812,95.48434448242188,52.05769729614258
2025-07-10,112.59857940673828,552.7876586914062,183.19375610351562,101.3041000366211,70.94912719726562,618.9617309570312,95.57386016845703,52.332618713378906
2025-07-11,111.36470031738281,551.5436401367188,182.1338348388672,100.61866760253906,70.33655548095703,616.785888671875,95.3251953125,52.09697341918945
2025-07-14,111.66082763671875,553.5440673828125,182.17343139648438,100.51933288574219,70.57367706298828,617.9627685546875,95.67332458496094,52.03805923461914
2025-07-15,109.3905029296875,554.051513671875,180.9054412841797,99.8041000366211,69.92159271240234,615.322021484375,95.73300170898438,51.52750015258789
2025-07-16,110.12095642089844,554.6187744140625,181.6583251953125,99.95310974121094,70.14883422851562,617.3792114257812,96.0114974975586,51.75332260131836
2025-07-17,111.4140625,559.1072998046875,182.7480010986328,101.32396697998047,70.70211791992188,621.1573486328125,96.69779968261719,52.00860595703125
2025-07-18,110.42695617675781,558.56982421875,182.30223083496094,101.79084777832031,70.514404296875,620.7024536132812,96.74751281738281,51.91041946411133
2025-07-21,110.1703109741211,561.4658813476562,182.6885528564453,101.47296905517578,70.58355712890625,621.87939453125,97.03596496582031,51.92023849487305
2025-07-22,111.37458038330078,558.559814453125,183.09471130371094,101.49283599853516,70.84043884277344,621.9684448242188,96.44912719726562,52.34243392944336
2025-07-23,112.67755126953125,561.1075439453125,184.5013885498047,102.72462463378906,71.61109924316406,627.259765625,97.354248046875,52.695899963378906
2025-07-24,110.87115478515625,562.3018798828125,184.40232849121094,102.16832733154297,71.61109924316406,627.4674682617188,97.54322814941406,52.62717056274414
2025-07-25,111.45353698730469,563.6553344726562,185.1353759765625,103.0126953125,72.04580688476562,630.1181030273438,98.03059387207031,52.78426742553711
2025-07-28,111.34495544433594,565.4168701171875,185.02639770507812,103.6981201171875,71.8185806274414,629.9598999023438,98.37871551513672,52.568260192871094
2025-07-29,110.9007568359375,564.541015625,184.28346252441406,103.00276184082031,71.61109924316406,628.29833984375,97.94107818603516,52.51917266845703
2025-07-30,110.12095642089844,565.2974853515625,183.5404815673828,103.54911041259766,71.13684844970703,627.5070190429688,98.2195816040039,52.24424362182617
2025-07-31,108.85746765136719,562.3018798828125,182.39137268066406,102.11865997314453,70.52428436279297,625.1531372070312,98.03059387207031,51.87114715576172
2025-08-01,107.0609359741211,551.2252197265625,180.61819458007812,100.21138000488281,69.96110534667969,614.9065551757812,96.24026489257812,51.17403030395508
2025-08-04,108.86734008789062,561.3961181640625,183.70889282226562,101.61204528808594,70.87007904052734,624.2531127929688,98.07037353515625,51.7042350769043
2025-08-05,109.3905029296875,557.5845947265625,182.1536407470703,100.91667938232422,70.15872192382812,621.088134765625,97.3741455078125,51.596229553222656
2025-08-06,109.38063049316406,564.6007690429688,183.6494598388672,100.26105499267578,70.71200561523438,625.8455200195312,98.47817993164062,51.77295684814453
2025-08-07,109.16346740722656,566.5115356445312,182.39137268066406,100.2411880493164,70.49462890625,625.3212890625,98.13005065917969,51.91041946411133
2025-08-08,109.4595947265625,571.7960815429688,183.90701293945312,100.67826843261719,71.10720825195312,630.1972045898438,98.79646301269531,52.34243392944336
2025-08-11,109.3905029296875,570.104248046875,183.56028747558594,100.45973205566406,70.89973449707031,628.9510498046875,98.64726257324219,52.195159912109375
2025-08-12,112.90457916259766,577.2697143554688,185.47218322753906,103.44977569580078,71.52217102050781,635.6468505859375,99.75131225585938,52.7449951171875
2025-08-13,115.29336547851562,577.558349609375,186.92837524414062,104.15506744384766,72.0754623413086,637.8228149414062,99.5921630859375,53.21628189086914
2025-08-14,113.66464233398438,577.110595703125,186.83920288085938,103.49945831298828,71.66049194335938,637.882080078125,99.7214584350586,53.17700958251953
2025-08-15,112.96380615234375,574.57275390625,186.3439178466797,102.40673065185547,71.19612884521484,636.3886108398438,99.43302154541016,53.07882308959961
2025-08-18,113.1316146850586,574.34375,186.3340301513672,103.2014389038086,71.24552917480469,636.2501831054688,99.52253723144531,53.01009750366211
2025-08-19,113.26980590820312,566.5514526367188,185.78916931152344,102.01931762695312,71.4925308227539,632.79833984375,98.2892074584961,53.11809539794922
2025-08-20,112.73676300048828,563.1876220703125,185.39292907714844,101.23455810546875,71.54193115234375,631.1170043945312,97.8515625,53.06900405883789
2025-08-21,112.64793395996094,560.5802001953125,184.80845642089844,100.80741119384766,71.23564910888672,628.5851440429688,97.4338150024414,52.91190719604492
2025-08-22,116.971435546875,569.2284545898438,187.59207153320312,104.1650161743164,71.83833312988281,638.2381591796875,99.00533294677734,53.6777458190918
2025-08-25,115.86587524414062,567.5863647460938,186.64109802246094,103.68817901611328,71.24552917480469,635.4292602539062,98.83625030517578,53.294830322265625
2025-08-26,116.2607192993164,569.8654174804688,187.28500366210938,104.353759765625,71.4925308227539,638.0897827148438,99.40318298339844,53.41265106201172
2025-08-27,117.22808837890625,570.7412109375,187.57228088378906,104.84049987792969,71.66049194335938,639.543701171875,99.55237579345703,53.58938980102539
2025-08-28,117.00104522705078,574.3140258789062,187.90908813476562,105.68487548828125,71.7494125366211,641.8085327148438,100.07952117919922,53.63847732543945
2025-08-29,116.51736450195312,567.6660766601562,187.176025390625,104.17494201660156,71.52217102050781,637.9810180664062,98.95559692382812,53.64829635620117
2025-09-02,115.63883972167969,562.9088745117188,185.84861755371094,103.1517562866211,70.94912719726562,633.25341796875,98.10021209716797,53.38319396972656
2025-09-03,115.50064849853516,567.3375854492188,186.89865112304688,102.95309448242188,71.04793548583984,636.6853637695312,99.06500244140625,53.334102630615234
2025-09-04,117.22808837890625,572.4728393554688,188.54307556152344,104.21467590332031,71.51228332519531,642.0064086914062,99.9900131225586,53.71702194213867
2025-09-05,117.59330749511719,573.298828125,187.44349670410156,104.56236267089844,71.42337036132812,640.14697265625,99.91043853759766,53.45192337036133
2025-09-08,117.41563415527344,576.0953979492188,187.9289093017578,104.82062530517578,71.52217102050781,641.7196044921875,100.42765808105469,53.4224739074707
2025-09-09,116.38904571533203,577.7275390625,188.2161865234375,104.69149017333984,71.3443374633789,643.203125,100.8951187133789,53.41265106201172
2025-09-10,116.10279083251953,577.9166870117188,187.79022216796875,105.52593231201172,71.1862564086914,645.0625,101.85991668701172,53.147552490234375
2025-09-11,118.55078125,581.2804565429688,189.7714385986328,107.19479370117188,72.04580688476562,650.4231567382812,102.33734130859375,53.805389404296875
2025-09-12,116.93194580078125,583.8480224609375,189.01856994628906,106.7577133178711,71.6209716796875,650.2054443359375,102.48652648925781,53.667930603027344
2025-09-15,117.04053497314453,588.843994140625,189.6426544189453,107.73120880126953,71.67037200927734,653.6671752929688,103.50104522705078,53.667930603027344
2025-09-16,116.8958740234375,588.3463745117188,189.46290588378906,107.55239868164062,71.69013214111328,652.7671508789062,103.24244689941406,53.63847732543945
2025-09-17,116.86614227294922,587.1720581054688,189.9594268798828,107.64180755615234,71.98654174804688,651.9561157226562,102.7252426147461,53.82502746582031
2025-09-18,119.5215072631836,592.4666137695312,190.68435668945312,110.00603485107422,72.2335433959961,655.0023193359375,103.45133209228516,53.94285202026367
2025-09-19,118.16411590576172,596.4772338867188,191.36956787109375,109.86695861816406,72.50030517578125,658.2465209960938,104.15750885009766,54.090126037597656
2025-09-22,118.47126007080078,600.0083618164062,192.43212890625,110.61033630371094,72.92543029785156,661.3606567382812,104.88355255126953,54.15523147583008
2025-09-23,118.23346710205078,596.0228881835938,191.5284423828125,110.02320098876953,72.61823272705078,657.7606201171875,103.84776306152344,54.20455551147461
2025-09-24,117.2525634765625,593.9305419921875,190.86309814453125,109.28678894042969,72.31102752685547,655.6677856445312,103.39958190917969,54.096046447753906
2025-09-25,116.23202514648438,591.3699340820312,189.96937561035156,108.02295684814453,71.74617767333984,652.6429443359375,102.80201721191406,53.908626556396484
2025-09-26,117.3813705444336,593.8009643554688,191.2603302001953,108.898681640625,72.07319641113281,656.3819580078125,103.2601547241211,54.2933349609375
2025-09-29,117.4903564453125,596.5509643554688,192.01504516601562,109.12757110595703,72.2713851928711,658.2266845703125,103.63861083984375,54.4018440246582
2025-09-30,117.7380599975586,598.1849975585938,193.14710998535156,109.26689147949219,72.62814331054688,660.7061157226562,104.08679962158203,54.579402923583984
2025-10-01,118.0848388671875,601.0545043945312,194.477783203125,110.74964904785156,73.0740737915039,662.95751953125,104.52500915527344,54.73723220825195
2025-10-02,118.44153594970703,603.5255126953125,194.99417114257812,111.61543273925781,73.30199432373047,663.7210693359375,104.71424102783203,54.72736740112305
2025-10-03,118.97657775878906,600.9848022460938,195.10340881347656,111.42635345458984,73.28217315673828,663.7112426757812,104.4054946899414,54.94438171386719
2025-10-06,118.66941833496094,605.498291015625,195.4410400390625,112.5608139038086,73.33172607421875,666.0914916992188,104.89351654052734,55.05289077758789
2025-10-07,117.15348052978516,602.3099975585938,194.447998046875,110.98848724365234,73.01461791992188,663.6219482421875,104.32581329345703,54.973976135253906
2025-10-08,118.22356414794922,609.2147216796875,195.32188415527344,112.8394546508789,73.1929931640625,667.5791625976562,105.19229888916016,55.11207580566406
2025-10-09,116.86614227294922,608.4774169921875,194.40829467773438,112.3120346069336,72.85606384277344,665.6452026367188,105.25204467773438,54.72736740112305
2025-10-10,113.21996307373047,587.3545532226562,189.68138122558594,106.9382553100586,71.55789947509766,647.6542358398438,101.98533630371094,53.53377914428711
2025-10-13,115.50872802734375,599.8190307617188,191.5383758544922,110.18241882324219,72.33084106445312,657.5919189453125,104.13658905029297,53.98754119873047
2025-10-14,117.2624740600586,595.8236694335938,191.68734741210938,110.18241882324219,72.84616088867188,656.78857421875,103.3099594116211,54.36238098144531
2025-10-15,118.25328063964844,600.0282592773438,192.3626251220703,111.6651840209961,72.82633209228516,659.7044067382812,103.80792236328125,54.549808502197266
2025-10-16,116.7076187133789,597.806396484375,190.9524688720703,110.68000030517578,72.3704833984375,655.2117309570312,103.29003143310547,54.096046447753906
2025-10-17,116.50944519042969,601.7320556640625,192.11436462402344,110.55062103271484,72.83624267578125,658.9308471679688,103.81788635253906,54.48075866699219
2025-10-20,118.35236358642578,609.3143310546875,194.2493896484375,112.06324005126953,73.55965423583984,665.7840576171875,104.72419738769531,55.09234619140625
2025-10-21,118.68923950195312,609.1549072265625,194.76577758789062,112.5608139038086,74.03531646728516,665.7741088867188,104.51505279541016,55.23044967651367
2025-10-22,117.81732940673828,603.286376953125,193.4946746826172,110.9984359741211,73.21280670166016,662.3128051757812,103.91748046875,54.964111328125
2025-10-23,118.98648071289062,608.35791015625,194.72604370117188,112.86930847167969,73.83712768554688,666.2402954101562,104.69432067871094,55.18112564086914
2025-10-24,120.0268325805664,614.8540649414062,195.49069213867188,114.03363037109375,73.87677001953125,671.6851806640625,105.7998275756836,55.48691940307617
2025-10-27,120.0367431640625,625.80419921875,197.7945556640625,115.16809844970703,74.32270050048828,679.6094970703125,107.46306610107422,55.881492614746094
2025-10-28,119.34317016601562,630.6165161132812,197.7449188232422,114.41178894042969,73.906494140625,681.41455078125,108.26978302001953,55.674339294433594
2025-10-29,117.7975082397461,633.4561767578125,196.9405517578125,115.15814971923828,73.4803695678711,681.7418823242188,108.94702911376953,55.338951110839844
2025-10-30,116.51935577392578,623.7715454101562,195.33180236816406,113.84455871582031,73.4605484008789,674.2439575195312,107.26387023925781,55.0726203918457
2025-10-31,116.717529296875,626.7805786132812,194.93458557128906,114.54115295410156,73.39118194580078,676.4556274414062,107.62242126464844,55.2205810546875
2025-11-03,116.955322265625,629.7796630859375,194.6565399169922,114.60086822509766,73.12361907958984,677.7251586914062,108.16022491455078,55.12194061279297
2025-11-04,115.5285415649414,616.996337890625,193.16697692871094,111.10790252685547,72.5984115600586,669.6917114257812,106.19820404052734,54.8556022644043
2025-11-05,117.46063232421875,621.0116577148438,193.93161010742188,112.96882629394531,73.05426025390625,672.0125122070312,106.58661651611328,55.05289077758789
2025-11-06,115.86542510986328,609.44384765625,191.92567443847656,111.4760971069336,72.51913452148438,664.8021850585938,105.01303100585938,54.69777297973633
2025-11-07,116.86614227294922,607.5209350585938,191.86610412597656,111.9438247680664,72.78668975830078,665.4567260742188,104.80387115478516,54.964111328125
2025-11-10,118.01548767089844,620.9617919921875,194.5472869873047,113.75499725341797,73.16326141357422,675.8407592773438,107.22404479980469,55.338951110839844
2025-11-11,118.49107360839844,619.307861328125,195.15306091308594,112.70014190673828,73.55965423583984,677.3878784179688,106.8655014038086,55.842037200927734
2025-11-12,118.40190124511719,618.8196411132812,195.6396484375,113.46639251708984,73.72811889648438,677.7647705078125,106.61650085449219,56.098506927490234
2025-11-13,115.87532806396484,606.1858520507812,193.55426025390625,110.20232391357422,72.9749755859375,666.5179443359375,104.28598022460938,55.5263786315918
2025-11-14,115.77626037597656,606.64404296875,193.0279541015625,109.97344207763672,72.78668975830078,666.408935546875,104.38556671142578,55.40800476074219
2025-11-17,113.24969482421875,601.4630126953125,190.98228454589844,107.57513427734375,71.94436645507812,660.2002563476562,103.58882141113281,54.80628204345703
2025-11-18,113.16050720214844,594.1397705078125,189.74098205566406,106.8984375,71.6074447631836,654.65625,102.69246673583984,54.59912872314453
2025-11-19,113.0317153930664,597.6868286132812,190.41624450683594,107.63484954833984,71.95427703857422,657.185302734375,103.33983612060547,54.411705017089844
2025-11-20,111.0203628540039,583.5385131835938,188.04286193847656,104.01251220703125,70.99303436279297,647.1683349609375,101.52720642089844,53.7310676574707
2025-11-21,114.51792907714844,587.9224853515625,190.64463806152344,105.87345123291016,72.17228698730469,653.6148681640625,102.18452453613281,54.490623474121094
2025-11-24,116.01404571533203,602.9575805664062,192.3328094482422,107.99310302734375,72.3704833984375,663.2351684570312,105.64047241210938,55.29949951171875
2025-11-25,119.00630187988281,606.674072265625,194.62673950195312,109.65499114990234,73.34164428710938,669.4734497070312,105.4711685180664,55.3290901184082
2025-11-26,119.67013549804688,612.034423828125,195.9673614501953,111.50596618652344,73.70829772949219,674.09521484375,106.19820404052734,55.713802337646484
2025-11-28,119.75932312011719,616.996337890625,196.70220947265625,112.64042663574219,74.04522705078125,677.7747192382812,106.6065444946289,56.108375549316406
2025-12-01,119.11528778076172,614.923828125,196.29505920410156,112.39164733886719,73.61910247802734,674.6803588867188,106.07869720458984,55.86176681518555
2025-12-02,119.16483306884766,619.7362670898438,197.0497589111328,113.51615142822266,73.84703063964844,675.9300537109375,106.38744354248047,55.891357421875
2025-12-03,120.8194808959961,621.2507934570312,197.73497009277344,115.69552612304688,74.22360229492188,678.2706298828125,106.59658813476562,56.18729019165039
2025-12-04,120.72039794921875,620.6728515625,197.89385986328125,116.02391815185547,74.07495880126953,678.7665405273438,107.03480529785156,56.03932571411133
2025-12-05,120.51232147216797,623.2036743164062,198.37051391601562,116.87974548339844,74.25332641601562,680.0557861328125,107.38339233398438,56.03932571411133
2025-12-08,120.01692199707031,622.0079956054688,197.1689453125,117.11858367919922,73.81730651855469,678.0127563476562,107.02484130859375,55.881492614746094
2025-12-09,120.57178497314453,622.7752075195312,197.0299072265625,117.59624481201172,73.77766418457031,677.4275512695312,106.98500061035156,55.802581787109375
2025-12-10,122.94972229003906,625.3258666992188,197.95346069335938,119.9845962524414,74.71908569335938,681.92041015625,107.42322540283203,56.354984283447266
2025-12-11,124.30713653564453,623.3033447265625,199.61183166503906,120.41250610351562,75.57131958007812,683.5072021484375,107.31367492675781,56.71010208129883
2025-12-12,122.97945404052734,611.3867797851562,198.1222686767578,117.61614990234375,75.25421142578125,676.1580810546875,105.56079864501953,56.47335433959961
2025-12-15,122.5831298828125,608.3179931640625,198.30101013183594,117.22804260253906,75.19474792480469,675.1365356445312,105.27196502685547,56.483219146728516
2025-12-16,121.67928314208984,609.5235595703125,197.4154815673828,117.23799133300781,74.85781860351562,673.2918701171875,105.4213638305664,56.059051513671875
2025-12-17,121.3209457397461,598.2247924804688,195.59263610839844,114.8595962524414,74.15423583984375,665.8832397460938,103.4095458984375,55.96040725708008
2025-12-18,121.56979370117188,606.8931884765625,196.99713134765625,116.3324203491211,74.60016632080078,670.9114990234375,104.66443634033203,56.108375549316406
2025-12-19,121.81864929199219,614.8042602539062,198.0629425048828,118.26298522949219,74.98664855957031,676.9923095703125,106.00897979736328,56.32538604736328
2025-12-22,122.73443603515625,617.7513427734375,199.0889129638672,119.61956787109375,75.45976257324219,681.2098388671875,106.79796600341797,56.626922607421875
2025-12-23,122.17699432373047,620.6444702148438,199.37779235839844,119.1211929321289,75.51940155029297,684.3233032226562,107.6557846069336,56.646759033203125
2025-12-24,122.57516479492188,622.460205078125,200.20455932617188,119.48998260498047,75.87721252441406,686.7305297851562,107.93506622314453,56.9046516418457
2025-12-26,122.5652084350586,622.4203491210938,200.244384765625,119.22087097167969,75.86727905273438,686.660888671875,107.91512298583984,56.9046516418457
2025-12-29,121.96796417236328,619.4074096679688,199.71646118164062,118.3636703491211,75.569091796875,684.2138671875,107.36651611328125,56.7955436706543
2025-12-30,121.13182067871094,617.9707641601562,199.31802368164062,117.8553237915039,75.28085327148438,683.3782958984375,107.2069320678711,56.73603057861328
2025-12-31,119.62873840332031,612.8628540039062,197.8437957763672,116.5894546508789,74.59503936767578,678.3152465820312,106.42890167236328,56.34919357299805
2026-01-02,120.81328582763672,611.6756591796875,198.4115753173828,118.64274597167969,74.9528579711914,679.55859375,106.4787826538086,56.49797439575195
2026-01-05,122.32630920410156,616.5341796875,200.39378356933594,120.59637451171875,75.78775787353516,684.0845947265625,106.88774108886719,57.063350677490234
2026-01-06,124.14791870117188,621.951416015625,202.11703491210938,123.3972396850586,76.79164123535156,688.1529541015625,107.46626281738281,57.46010971069336
2026-01-07,123.15250396728516,622.550048828125,201.14085388183594,121.44361114501953,75.96666717529297,685.9347534179688,107.73558044433594,56.89473342895508
2026-01-08,124.89447021484375,619.0083618164062,201.61898803710938,120.9053726196289,76.00643157958984,685.8651123046875,106.82788848876953,57.420433044433594
2026-01-09,125.84011840820312,625.173828125,203.2725067138672,122.60980987548828,76.88109588623047,690.4010009765625,107.64580535888672,57.74775695800781
2026-01-12,125.9595718383789,625.6925659179688,203.43186950683594,122.55996704101562,77.15939331054688,691.4852294921875,108.01486206054688,57.69816207885742
2026-01-13,125.93965911865234,624.7647705078125,202.734619140625,122.68954467773438,76.82145690917969,690.1026000976562,107.82534790039062,57.569217681884766
2026-01-14,126.6563491821289,618.0905151367188,201.81820678710938,122.00179290771484,76.68231201171875,686.7105712890625,106.55857849121094,57.73783874511719
2026-01-15,128.468017578125,620.3153076171875,202.6947784423828,122.95866394042969,77.09976196289062,688.5806884765625,106.91766357421875,57.846946716308594
2026-01-16,128.030029296875,619.7965087890625,202.51548767089844,122.40049743652344,77.0202407836914,688.0037231445312,107.00743103027344,57.70808029174805
2026-01-20,126.23828125,606.6276245117188,198.750244140625,119.48002624511719,75.95672607421875,673.9981689453125,104.4140396118164,56.77570724487305
2026-01-21,129.52313232421875,614.8282470703125,201.1807098388672,122.42041778564453,76.76182556152344,681.77685546875,105.40151977539062,57.549381256103516
2026-01-22,129.8317108154297,619.2976684570312,201.83815002441406,122.81912231445312,76.53321838378906,685.3379516601562,106.23939514160156,57.70808029174805
2026-01-23,127.50244903564453,621.2530517578125,201.887939453125,121.67286682128906,76.36424255371094,685.5865478515625,106.67826843261719,57.46010971069336
2026-01-26,127.55223083496094,623.9866333007812,202.933837890625,121.63299560546875,76.8313980102539,689.068115234375,107.36651611328125,57.6882438659668
2026-01-27,127.07443237304688,629.6432495117188,203.3422393798828,122.24101257324219,77.328369140625,691.8134765625,108.3839340209961,57.569217681884766
2026-01-28,126.47718048095703,631.728271484375,203.4717254638672,123.12811279296875,77.30848693847656,691.7438354492188,108.51359558105469,57.46010971069336
2026-01-29,127.27351379394531,627.9472045898438,203.9398956298828,123.49691009521484,77.99430847167969,690.3711547851562,107.90514373779297,57.59897232055664
2026-01-30,126.44731903076172,620.405029296875,201.6289520263672,120.755859375,76.92085266113281,688.3121337890625,106.97750854492188,57.69816207885742
2026-02-02,127.76127624511719,624.6650390625,202.933837890625,122.19116973876953,78.16327667236328,691.73388671875,107.35653686523438,58.19410705566406
2026-02-03,127.65177154541016,615.0676879882812,200.5830535888672,121.08478546142578,77.94461059570312,685.885009765625,105.5910415649414,58.18418884277344
2026-02-04,128.74671936035156,604.322998046875,200.8320770263672,119.91858673095703,77.66629791259766,682.5626831054688,103.72578430175781,58.70988845825195
2026-02-05,127.84088897705078,595.6235961914062,198.4613800048828,117.48653411865234,77.43769836425781,674.0379638671875,102.11988067626953,58.16434860229492
2026-02-06,131.3646697998047,608.2138671875,202.84417724609375,122.59983825683594,79.3758773803711,686.96923828125,104.69332885742188,58.96778106689453
2026-02-09,131.38458251953125,612.8728637695312,203.232666015625,123.83580017089844,79.2963638305664,690.2816162109375,105.82044982910156,58.85866928100586
2026-02-10,131.46420288085938,610.029541015625,202.82424926757812,124.10492706298828,79.04788208007812,688.4613037109375,105.26187896728516,58.8487548828125
2026-02-11,131.21534729003906,611.6657104492188,202.9936065673828,124.42388916015625,79.78338623046875,688.3021850585938,105.03246307373047,58.96778106689453
2026-02-12,128.8064422607422,599.22509765625,199.95553588867188,120.99507141113281,78.25273132324219,677.668701171875,103.18716430664062,58.18418884277344
2026-02-13,130.34933471679688,600.5020141601562,200.96157836914062,122.24101257324219,78.90872192382812,678.1461181640625,102.74828338623047,58.511512756347656
2026-02-17,130.20997619628906,599.8834838867188,201.4496612548828,122.54003143310547,79.18702697753906,679.2402954101562,103.08741760253906,58.501590728759766
2026-02-18,130.57827758789062,604.3629760742188,202.6947784423828,123.8856430053711,79.47527313232422,682.662109375,103.7557144165039,58.719810485839844
2026-02-19,130.3294219970703,602.04833984375,202.236572265625,122.89886474609375,79.26654815673828,680.8616943359375,103.6061019897461,58.501590728759766
2026-02-20,131.02622985839844,607.3757934570312,203.5912628173828,123.97534942626953,79.92254638671875,685.7855834960938,104.6235122680664,58.779319763183594
2026-02-23,128.39833068847656,599.9932250976562,201.46957397460938,120.36712646484375,78.94847869873047,678.7827758789062,103.34675598144531,58.28337478637695
2026-02-24,129.58285522460938,606.4380493164062,203.1728973388672,122.61976623535156,79.76351165771484,683.7164916992188,104.08487701416016,58.7297248840332
2026-02-25,130.06068420410156,615.227294921875,204.64710998535156,124.55345916748047,80.19090270996094,689.4859008789062,105.5511474609375,58.85866928100586
2026-02-26,130.7873077392578,607.8048095703125,203.99964904785156,124.51358795166016,80.1511459350586,685.6561889648438,104.24447631835938,58.96778106689453
2026-02-27,129.10507202148438,605.8594360351562,204.05941772460938,122.69950866699219,80.44933319091797,682.3637084960938,103.30685424804688,59.01737594604492
2026-03-02,129.9810333251953,606.6575317382812,203.67095947265625,122.33071899414062,80.1511459350586,682.7516479492188,103.46646118164062,58.94794464111328
2026-03-03,128.60736083984375,600.162841796875,201.49945068359375,119.68933868408203,78.79939270019531,676.7337036132812,102.45901489257812,58.45199966430664
2026-03-04,129.31411743164062,609.3112182617188,202.64495849609375,121.89215087890625,79.2069091796875,681.50830078125,103.6061019897461,58.64045333862305
2026-03-05,127.07443237304688,607.4755859375,200.89183044433594,121.47351837158203,78.08375549316406,677.7084350585938,103.50634765625,58.055240631103516
2026-03-06,124.21759796142578,598.337158203125,197.88365173339844,117.89519500732422,76.89103698730469,668.8256225585938,101.86054229736328,57.44027328491211
2026-03-09,124.79493713378906,606.3283081054688,199.92564392089844,119.98835754394531,77.57685089111328,674.6845092773438,103.48639678955078,57.50970458984375
2026-03-10,124.21759796142578,606.3383178710938,199.497314453125,119.1112289428711,77.5172119140625,673.6002807617188,103.5362777709961,57.2220573425293
2026-03-11,123.9488296508789,606.2584228515625,198.74029541015625,119.1112289428711,77.05999755859375,672.7548217773438,103.6061019897461,57.073272705078125
2026-03-12,121.63947296142578,595.85302734375,195.45318603515625,115.96150207519531,75.67842864990234,662.5390625,101.83061218261719,56.30952072143555
2026-03-13,121.49016571044922,592.3213500976562,194.38735961914062,116.01134490966797,75.49951934814453,658.7890014648438,100.8331527709961,56.250003814697266
2026-03-16,122.38603210449219,598.9656982421875,196.210205078125,117.64600372314453,76.21514892578125,665.493408203125,102.10990905761719,56.676517486572266
2026-03-17,123.45679473876953,601.8887939453125,196.52964782714844,119.200927734375,76.64254760742188,667.2440185546875,102.30940246582031,56.8649787902832
2026-03-18,121.86161804199219,593.4986572265625,193.734619140625,117.92509460449219,75.47964477539062,657.9335327148438,101.0226821899414,56.00202941894531
2026-03-19,122.39998626708984,591.623046875,193.86439514160156,118.47330474853516,75.52933502197266,656.3121337890625,100.60374450683594,55.93259811401367
2026-03-20,120.04710388183594,580.6888427734375,191.54852294921875,115.24385070800781,74.78388214111328,646.9034423828125,98.65870666503906,55.387062072753906
2026-03-23,122.5196304321289,587.3545532226562,193.6048583984375,117.5949478149414,75.62696075439453,653.6959228515625,99.89616394042969,55.922691345214844
2026-03-24,123.39697265625,583.3389282226562,192.9560089111328,118.0843505859375,76.06594848632812,651.5015869140625,98.98728942871094,56.06208038330078
2026-03-25,124.7030258178711,587.1747436523438,193.77455139160156,119.03317260742188,76.30540466308594,655.1322021484375,99.5865478515625,56.340843200683594
2026-03-26,123.29727172851562,573.1600952148438,189.81161499023438,115.79716491699219,74.77889251708984,643.432373046875,96.73008728027344,56.04216766357422
2026-03-27,121.38306427001953,561.9624633789062,186.96669006347656,113.35018157958984,73.94081115722656,632.4606323242188,94.69261169433594,55.34524917602539
2026-03-30,120.50572204589844,557.6671752929688,186.15814208984375,111.22280883789062,73.29229736328125,630.3460693359375,93.95352935791016,55.39502716064453
2026-03-31,123.93534851074219,576.54638671875,191.46865844726562,115.8071517944336,75.01834869384766,648.6688842773438,97.78878021240234,56.33089065551758
2026-04-01,124.54351043701172,583.6685791015625,192.4269561767578,117.03563690185547,75.68682098388672,653.5562744140625,99.07717895507812,56.40058135986328
2026-04-02,125.05197143554688,584.3378295898438,192.81626892089844,116.7459945678711,75.58705139160156,654.144775390625,99.1371078491211,56.470272064208984
2026-04-06,125.72992706298828,587.85400390625,193.68470764160156,117.45511627197266,76.20562744140625,657.23681640625,99.56657409667969,56.7291259765625
2026-04-07,126.13868713378906,587.9439086914062,193.0458526611328,117.66485595703125,75.86640930175781,657.5260009765625,100.03599548339844,56.530006408691406
2026-04-08,129.438720703125,605.4246826171875,198.6558380126953,122.12935638427734,78.45049285888672,674.27294921875,103.06224060058594,57.67494583129883
2026-04-09,130.35594177246094,609.5202026367188,199.89364624023438,121.96955108642578,78.99923706054688,678.162841796875,103.8712387084961,57.9039306640625
2026-04-10,129.79762268066406,610.3992309570312,199.1150360107422,122.0993881225586,78.5802001953125,677.7140502929688,104.34065246582031,57.45591354370117
2026-04-13,131.41273498535156,616.7122802734375,200.89186096191406,124.95587158203125,79.04912567138672,684.3369750976562,105.61907196044922,57.9039306640625
2026-04-14,132.03086853027344,627.909912109375,202.9082794189453,126.9134521484375,79.42826080322266,692.675537109375,107.81634521484375,58.02340316772461
2026-04-15,131.86138916015625,636.7003173828125,204.0063018798828,128.14193725585938,79.22871398925781,698.1414184570312,109.23458862304688,58.15283203125
2026-04-16,132.29010009765625,639.7669067382812,203.95640563964844,129.39039611816406,78.94934844970703,699.8569946289062,109.45431518554688,58.30217361450195
2026-04-17,134.98194885253906,648.1376953125,206.55177307128906,131.74749755859375,80.31622314453125,708.3152465820312,110.9724349975586,58.90948486328125
2026-04-20,135.73965454101562,646.0799560546875,206.22235107421875,132.60643005371094,80.28629302978516,706.8988037109375,110.42311096191406,58.96921920776367
2026-04-21,134.6728973388672,643.6226806640625,205.09437561035156,132.16697692871094,79.4781494140625,702.2708129882812,109.67404174804688,58.62076187133789
2026-04-22,135.2112579345703,654.390869140625,206.80133056640625,133.705078125,79.94706726074219,709.3825073242188,111.6316146850586,58.710365295410156
2026-04-23,135.1614227294922,650.7048950195312,205.5236053466797,132.4066925048828,80.0667953491211,706.6295776367188,110.45307159423828,58.89952850341797
2026-04-24,135.88922119140625,663.1512451171875,207.03091430664062,134.54405212402344,80.54570007324219,712.10546875,112.2009048461914,58.84975051879883
2026-04-27,136.14842224121094,663.5008544921875,206.8212890625,134.08460998535156,80.08674621582031,713.332275390625,112.8001708984375,58.68049621582031
2026-04-28,135.3807373046875,656.8281860351562,205.5435791015625,131.35797119140625,79.51805114746094,709.8612060546875,111.68155670166016,58.72032165527344
2026-04-29,134.32394409179688,660.84375,205.39382934570312,131.43788146972656,79.82734680175781,709.7515258789062,111.38191986083984,58.88957595825195
2026-04-30,136.6868133544922,667.0069580078125,206.8811798095703,134.39422607421875,80.89490509033203,716.8132934570312,112.25084686279297,59.61635971069336
2026-05-01,137.02577209472656,673.4099731445312,206.79135131835938,135.14329528808594,80.61553955078125,718.7982177734375,112.88006591796875,59.61635971069336
2026-05-04,135.7595977783203,672.141357421875,205.73324584960938,135.25315856933594,80.37608337402344,716.1649780273438,112.74024200439453,59.238033294677734
2026-05-05,137.69375610351562,680.8617553710938,207.1307373046875,137.5403594970703,81.48355102539062,721.9102172851562,113.60916900634766,59.705963134765625
2026-05-06,138.5112762451172,695.0062255859375,209.6662139892578,140.68646240234375,82.48126983642578,731.9443359375,116.13603210449219,59.97477722167969
2026-05-07,137.2251739501953,694.1771240234375,209.08726501464844,138.61900329589844,81.74295806884766,729.7001342773438,115.97623443603516,59.63627243041992
2026-05-08,137.93304443359375,710.44921875,210.05552673339844,141.49546813964844,82.25180053710938,735.724609375,117.41444396972656,59.83538818359375
2026-05-11,136.93605041503906,712.5069580078125,210.19528198242188,142.13467407226562,82.800537109375,737.4002685546875,117.7640151977539,59.89512634277344
2026-05-12,135.3807373046875,706.463623046875,210.01559448242188,140.0872039794922,82.40145111083984,736.2831420898438,117.38448333740234,59.954864501953125
2026-05-13,134.87228393554688,713.9254760742188,210.59457397460938,139.9773406982422,82.20191192626953,740.4025268554688,118.68287658691406,59.9150390625
2026-05-14,135.7296905517578,718.9998168945312,211.9920654296875,141.03604125976562,83.00008392333984,746.2474975585938,120.1310806274414,60.04446792602539
2026-05-15,133.52635192871094,708.1517944335938,210.0754852294922,137.9897918701172,82.3914794921875,737.2706298828125,118.22344970703125,59.61635971069336
2026-05-18,133.99493408203125,705.1051025390625,210.54464721679688,135.44293212890625,82.44136047363281,736.751953125,117.4244384765625,59.97477722167969
2026-05-19,132.75868225097656,700.7599487304688,209.18707275390625,133.58522033691406,81.88263702392578,731.8446044921875,116.24589538574219,59.8453483581543
2026-05-20,135.45054626464844,712.3671875,211.85232543945312,137.50039672851562,83.03999328613281,739.3452758789062,117.89385223388672,60.22367477416992
2026-05-21,135.85931396484375,713.7256469726562,212.36141967773438,139.82752990722656,83.50891876220703,740.8114624023438,118.13355255126953,60.32323455810547
2026-05-22,136.9858856201172,716.7523193359375,213.99850463867188,141.80508422851562,84.44676971435547,743.7239990234375,118.13355255126953,60.81107711791992
2026-05-26,139.16929626464844,729.4783935546875,215.40597534179688,145.7602081298828,85.4245376586914,748.6613159179688,119.61172485351562,60.79116439819336
2026-05-27,139.19920349121094,728.6492919921875,214.8569793701172,146.10977172851562,85.31478881835938,748.5316162109375,119.57177734375,60.8210334777832
2026-05-28,139.2989044189453,734.79248046875,215.49583435058594,147.727783203125,85.24494934082031,752.6609497070312,120.6604232788086,60.90067672729492
2026-05-29,138.24209594726562,737.49951171875,215.1065216064453,149.8551483154297,85.16513061523438,754.5361328125,121.34957122802734,60.78120803833008
2026-06-01,138.04270935058594,741.9246826171875,215.58566284179688,150.31459045410156,84.83588409423828,756.5908203125,122.44820404052734,60.48252868652344
2026-06-02,139.2689971923828,745.3408813476562,215.39601135253906,153.00128173828125,85.9034423828125,757.6182250976562,122.2584457397461,60.7712516784668
2026-06-03,138.03273010253906,743.39306640625,215.24627685546875,151.98252868652344,86.14289093017578,752.3018798828125,121.05992889404297,60.55221939086914
2026-06-04,139.83726501464844,739.7969970703125,216.94325256347656,151.65293884277344,86.65172576904297,755.1445922851562,121.03995513916016,61.10975646972656
2026-06-05,137.26504516601562,704.2860107421875,212.76071166992188,143.0535430908203,84.75606536865234,735.65478515625,116.40570068359375,60.42279052734375
2026-06-08,138.16233825683594,715.283935546875,213.44947814941406,145.70028686523438,85.24494934082031,737.3204345703125,117.17474365234375,60.283409118652344
2026-06-09,139.46839904785156,707.052978515625,213.73895263671875,144.741455078125,85.36466979980469,735.1560668945312,116.41567993164062,60.412837982177734
2026-06-10,138.4813690185547,692.9285278320312,211.9521484375,139.52789306640625,84.00777435302734,723.56591796875,113.7789535522461,59.94490432739258
2026-06-11,141.8611602783203,716.332763671875,215.5157928466797,146.35946655273438,86.24266815185547,735.8642578125,116.2758560180664,60.582088470458984
2026-06-12,143.23699951171875,720.5481567382812,216.5240020751953,148.54676818847656,87.12065887451172,739.843994140625,116.75526428222656,61.000240325927734
2026-06-15,143.38999938964844,743.1832885742188,219.1999969482422,154.04998779296875,88.49750518798828,752.890380859375,120.10111999511719,61.24913787841797
2026-06-16,142.6199951171875,729.0587768554688,217.75999450683594,151.71286010742188,88.46757507324219,748.4019775390625,118.76277923583984,61.31883239746094
2026-06-17,140.6699981689453,721.7168579101562,214.4499969482422,150.69412231445312,88.0684814453125,739.0560302734375,117.44440460205078,60.47257614135742
2026-06-18,143.2100067138672,739.8070068359375,215.88999938964844,154.84898376464844,89.15599822998047,746.739990234375,119.39199829101562,60.60200119018555
2026-06-22,143.25999450683594,737.9500122070312,215.8300018310547,156.75999450683594,89.55000305175781,744.3900146484375,118.54000091552734,60.72999954223633
2026-06-23,142.77000427246094,713.6500244140625,213.00999450683594,150.4600067138672,86.93000030517578,733.5800170898438,115.69000244140625,60.560001373291016
2026-06-24,144.4199981689453,710.6199951171875,213.19000244140625,151.0,87.01000213623047,733.239990234375,115.45999908447266,60.599998474121094
2026-06-25,146.27000427246094,716.3800048828125,213.25,154.35000610351562,88.5199966430664,734.2999877929688,115.52999877929688,60.54999923706055
2026-06-26,147.41000366210938,706.52001953125,213.66000366210938,150.49000549316406,86.8499984741211,728.989990234375,114.70999908447266,60.61000061035156
2026-06-29,147.36000061035156,724.0800170898438,217.2899932861328,153.1699981689453,88.80000305175781,741.0,117.41000366210938,60.79999923706055
2026-06-30,148.30999755859375,736.4000244140625,219.42999267578125,155.58999633789062,90.0999984741211,746.77001953125,118.98999786376953,60.790000915527344
2026-07-01,147.5399932861328,725.1699829101562,218.8699951171875,152.3000030517578,88.9800033569336,745.760009765625,118.44000244140625,61.0
2026-07-02,146.47999572753906,712.5999755859375,218.42999267578125,147.85000610351562,87.87000274658203,744.780029296875,117.19999694824219,61.63999938964844
